tracker_id,frame_idx,timestamp,centroid_x,centroid_y,area,class,speed_px_per_sec,confidence,track_length,frames_lost,bbox_x1,bbox_y1,bbox_x2,bbox_y2,kalman_area,velocity_x,velocity_y,displacement,trajectory_angle,source_video
0,0,0.0,798,726,29374.15,0,0.0,0.946404755115509,1,0,713.3262,639.4192,882.87585,812.66724,29374.15,0.0,0.0,0.0,0.0,1.avi
0,1,0.0410004100041,815,720,33596.387,0,466.5743885693066,0.9117871522903442,3,0,725.1609,628.0789,906.24023,813.613,33596.387,61.250046,-18.08756,17.947038125063656,19.67745654952921,1.avi
0,2,0.0820008200082,832,721,34921.305,0,417.6991755809841,0.9256953597068788,5,0,739.21027,627.79504,925.04645,815.7095,34921.305,302.9729,10.53561,13.817204848541415,356.2834874426325,1.avi
0,3,0.1230012300123001,842,719,31077.998,0,113.1184082102284,0.9519016146659852,7,0,754.3872,630.9363,929.621,808.28796,31077.998,268.85376,-23.930088,4.079639849992654,128.6926068345415,1.avi
0,4,0.1640016400164001,847,719,29519.594,0,196.83709643620048,0.9468244314193726,9,0,761.70825,633.2064,932.8793,805.6631,29519.594,206.643,-15.208846,6.0385077519035,183.50357883202,1.avi
0,5,0.2050020500205002,849,721,29102.426,0,226.30669729592088,0.9570885300636292,11,0,765.0086,635.3715,934.8503,806.72186,29102.426,149.57462,6.6489153,7.111467747206879,197.926130840225,1.avi
0,6,0.2460024600246002,848,718,30892.588,0,293.301841370334,0.9273664355278016,13,0,761.1152,630.4734,936.284,806.8323,30892.588,80.025955,-18.539013,8.718635384428381,157.62230845651754,1.avi
0,7,0.2870028700287003,857,724,34192.254,0,319.9891791923459,0.9309157133102416,15,0,764.57947,632.285,950.91516,815.78314,34192.254,134.18369,39.137848,7.905249312978388,309.4154326918846,1.avi
0,8,0.3280032800328003,862,719,33190.406,0,216.43833815102388,0.9428472518920898,17,0,770.5066,630.00433,954.9264,809.9764,33190.406,129.17863,-13.961319,6.755185362175821,100.6541594989996,1.avi
0,9,0.3690036900369003,871,720,30832.271,0,151.7082770721206,0.9466726183891296,19,0,782.2737,634.5515,961.29675,806.7766,30832.271,164.6796,-2.2339354,3.043308524332573,348.9731164071482,1.avi
0,10,0.4100041000410004,880,720,30853.035,0,56.35140981548425,0.951189398765564,21,0,791.2071,633.7135,968.8183,807.42456,30853.035,178.5704,-2.2658606,1.5708494383414715,21.37188418767749,1.avi
0,11,0.4510045100451004,884,720,32362.336,0,116.70432910016793,0.8923227787017822,23,0,792.94006,631.7494,975.62415,808.89856,32362.336,149.83759,-3.6981163,3.3679931068557285,171.87283446018898,1.avi
0,12,0.4920049200492005,896,721,32406.244,0,238.2536396650328,0.9388846158981324,25,0,805.4027,632.93756,987.397,810.99945,32406.244,206.07877,13.210564,5.635567323453646,351.5550251917336,1.avi
0,13,0.5330053300533005,900,734,31396.432,0,498.5612075904379,0.9509549736976624,27,0,810.1201,647.725,990.50574,821.77673,31396.432,163.37631,128.43918,12.471232406897112,247.11831758741516,1.avi
0,14,0.5740057400574006,905,748,28691.238,0,338.8319842114546,0.9442987442016602,29,0,820.2446,665.0831,991.5637,832.55554,28691.238,152.95326,211.30075,8.232591487001573,255.8581560798408,1.avi
0,15,0.6150061500615006,928,769,26806.348,0,792.2996082487513,0.9504721760749816,31,0,845.80286,689.1515,1011.7716,850.6659,26806.348,309.32855,328.2718,19.57214676042716,323.95275114971537,1.avi
0,16,0.6560065600656007,931,778,29713.605,0,439.1807585710449,0.9259886741638184,33,0,844.5974,692.6379,1017.40295,864.5861,29713.605,210.77315,283.50183,11.765753267388192,152.85539756979347,1.avi
0,17,0.6970069700697007,939,776,31623.36,0,524.5710805925418,0.9253976941108704,35,0,851.3956,686.8549,1027.7749,866.14667,31623.36,210.23965,154.2088,14.250185372376622,92.58203636222272,1.avi
0,18,0.7380073800738007,937,776,29020.54,0,493.0305311453451,0.930877149105072,37,0,852.8878,690.1249,1021.2046,862.54114,29020.54,105.19534,93.11183,13.119285199497607,148.6606055199005,1.avi
0,19,0.7790077900779008,922,777,27041.465,0,725.9633914776872,0.8989608287811279,39,0,840.1302,695.60724,1004.898,859.72577,27041.465,-72.202545,69.727554,19.61395353879424,170.75640005382775,1.avi
0,20,0.8200082000820008,905,782,29147.96,0,533.5169501906523,0.8801289200782776,41,0,819.2591,697.6757,992.0684,866.347,29147.96,-202.95554,83.715485,14.628286004891772,185.78554753031503,1.avi
0,21,0.8610086100861009,886,793,28583.127,0,518.0823597691342,0.9013968110084534,43,0,799.77,710.919,972.98206,875.9372,28583.127,-306.18765,158.87598,13.628971688601922,213.6712799018825,1.avi
1,21,0.8610086100861009,1152,826,4850.468,0,0.0,0.6801074147224426,1,0,1118.7585,791.06177,1186.4934,862.6714,4850.468,0.0,0.0,0.0,0.0,1.avi
0,22,0.9020090200902008,872,803,28627.012,0,164.6193680770613,0.9205902218818665,45,0,785.1567,721.54626,958.99725,886.2202,28627.012,-322.6163,195.97592,3.5596795848928897,239.2094427561068,1.avi
1,22,0.9020090200902008,1175,788,5224.325,0,1142.7147241233642,0.6628332138061523,3,0,1141.1144,749.7172,1209.3234,826.3101,5224.325,78.627884,-135.21616,44.84649087740582,60.0725878804613,1.avi
0,23,0.9430094300943008,850,804,27789.805,0,440.0404860618708,0.9276047348976136,47,0,764.6155,723.1544,935.54834,885.7318,27789.805,-405.14996,125.608086,11.874954078767477,138.17868658536707,1.avi
1,23,0.9430094300943008,1193,756,5305.358,0,878.2949931559248,0.8587884902954102,5,0,1157.5625,719.4568,1228.4797,794.26733,5305.358,331.8495,-580.0078,30.20866654321903,61.19082919624327,1.avi
0,24,0.984009840098401,841,795,27741.627,0,600.8377496737816,0.8966040015220642,49,0,755.50494,714.8505,926.7502,876.8499,27741.627,-333.07156,-3.7594376,16.421025944423736,62.70815621058927,1.avi
1,24,0.984009840098401,1211,728,5308.956,0,207.24107417003333,0.8802104592323303,7,0,1175.9463,691.77686,1247.5315,765.9396,5308.956,400.3469,-636.599,6.7040234179849705,49.28599928101909,1.avi
0,25,1.025010250102501,835,794,27522.182,0,313.1864351232496,0.93873929977417,51,0,749.8672,713.83356,921.1854,874.4831,27522.182,-257.24805,-18.234997,7.717197621665784,12.69626588665335,1.avi
1,25,1.025010250102501,1235,710,5616.745,0,360.7720449582617,0.8907033801078796,9,0,1197.9882,672.9448,1272.245,748.5841,5616.745,475.90152,-549.7187,9.966568672495049,313.39030697400955,1.avi
0,26,1.066010660106601,834,787,29259.215,0,442.4147328662587,0.937472939491272,53,0,746.6233,704.2741,922.94714,870.2143,29259.215,-164.93793,-76.2829,11.066865698227517,35.399229132923665,1.avi
1,26,1.066010660106601,1250,694,5040.754,0,273.8794707276979,0.8320828080177307,11,0,1215.263,658.40875,1285.2759,730.40607,5040.754,433.2786,-489.2784,7.400499045825444,231.2833666007037,1.avi
0,27,1.107011070110701,829,784,29487.586,0,53.44891946571796,0.9419764280319214,55,0,741.341,700.56604,917.4869,867.97034,29487.586,-151.8416,-74.8556,0.9842233465329306,6.802415335073476,1.avi
1,27,1.107011070110701,1256,671,4433.5645,0,429.8910618179997,0.821254551410675,13,0,1224.4393,637.547,1289.276,705.9275,4433.5645,327.70184,-513.9291,12.490781590432414,164.4581749539633,1.avi
0,28,1.1480114801148011,833,776,30074.809,0,436.45350966235264,0.9486685991287231,57,0,745.1835,691.28613,921.9116,861.4617,30074.809,-54.326035,-120.277565,11.104008008629805,27.91868660985853,1.avi
1,28,1.1480114801148011,1257,655,4303.4956,0,535.696571307257,0.8468623161315918,15,0,1225.7401,621.2855,1288.4298,689.933,4303.4956,203.65205,-467.50418,13.98224570470694,198.0572876963788,1.avi
0,29,1.189011890118901,831,769,31303.566,0,55.379881218334354,0.9348583221435548,59,0,741.3374,683.0433,921.3478,856.94196,31303.566,-54.114323,-133.92574,2.4633340776672603,97.46715180362116,1.avi
1,29,1.189011890118901,1257,627,4057.0698,0,463.55065744517714,0.8778926134109497,17,0,1227.3861,593.4564,1286.7264,661.8259,4057.0698,124.88755,-550.2334,12.660420484177669,131.77713633099086,1.avi
0,30,1.2300123001230012,832,772,33549.277,0,331.0685241668781,0.9550334811210632,61,0,739.5679,681.9998,924.62866,863.2878,33549.277,-26.115349,-57.279236,8.031073536771075,290.9848644199837,1.avi
1,30,1.2300123001230012,1258,605,3596.1775,0,122.73259248346648,0.8548380732536316,19,0,1232.1323,571.49695,1285.7949,638.5116,3596.1775,94.649345,-550.9587,4.177550149505441,178.88406569480173,1.avi
0,31,1.2710127101271012,827,775,33497.07,0,238.97567095358096,0.9363646507263184,63,0,736.0262,684.0916,919.1855,866.9765,33497.07,-58.325413,-7.9646606,6.193118153556846,229.43404479841683,1.avi
1,31,1.2710127101271012,1264,582,2729.6873,0,55.87285558696626,0.7686660885810852,21,0,1242.193,551.9547,1286.2081,613.97156,2729.6873,107.41799,-545.79596,1.227920741465342,19.740032321837475,1.avi
0,32,1.3120131201312013,827,777,33302.547,0,115.89688148042843,0.952820599079132,65,0,735.54535,686.6483,919.5992,867.5875,33302.547,-36.13068,10.018614,2.530034918605379,314.8885791915865,1.avi
0,33,1.3530135301353012,826,771,31328.682,0,219.57786639051412,0.93922621011734,67,0,737.4778,683.43335,914.7842,860.12573,31328.682,-35.753124,-44.100723,6.52931904111495,90.79752356634918,1.avi
0,34,1.3940139401394014,829,769,31745.73,0,172.0397089778875,0.9360823035240172,69,0,739.6095,680.34607,918.5415,857.7639,31745.73,5.7637596,-52.72728,4.442400883008724,12.63032910148462,1.avi
0,35,1.435014350143501,830,766,32554.307,0,62.47625032563374,0.9463285207748412,71,0,739.43634,676.9004,922.00116,855.2168,32554.307,19.00795,-60.583313,1.1275001038098764,52.38507649961497,1.avi
0,36,1.4760147601476017,810,770,31453.16,0,861.5268762475724,0.9443033933639526,73,0,720.41986,683.39624,899.9661,858.5775,31453.16,-181.54672,9.191223,22.43777657862376,196.6403521790101,1.avi
0,37,1.5170151701517014,780,781,30802.076,0,936.2013985335936,0.953388512134552,75,0,691.09503,695.5932,869.95135,867.8101,30802.076,-390.77307,106.50719,24.706242073407267,202.95665802135852,1.avi
0,38,1.5580155801558015,769,779,30672.24,0,319.2845140480282,0.9057046175003052,77,0,678.20624,695.2262,860.6149,863.3773,30672.24,-344.5604,42.809147,8.37862439692997,57.52573460879012,1.avi
0,39,1.5990159901599017,753,773,31650.086,0,308.3296883486823,0.9034959077835084,79,0,657.19604,690.8222,849.1482,855.70746,31650.086,-364.4355,-30.541714,8.374276509144948,105.82344611291222,1.avi
0,40,1.6400164001640016,747,762,32309.355,0,508.7839644890845,0.954163670539856,81,0,652.6467,677.6116,842.6959,847.6168,32309.355,-275.56116,-119.013535,13.310294761844943,48.78542914663274,1.avi
0,41,1.6810168101681016,725,764,34717.39,0,492.529193506718,0.9414753913879396,83,0,628.7846,675.2539,822.4804,854.4906,34717.39,-376.66846,-51.82392,12.984812570909748,208.849860499928,1.avi
0,42,1.7220172201722015,709,766,33030.207,0,145.846867093355,0.947526216506958,85,0,616.7231,677.92163,803.0549,855.18713,33030.207,-379.49225,-15.987259,3.463063177122502,249.92026609375603,1.avi
0,43,1.7630176301763016,693,774,30881.309,0,327.03769859846795,0.9491473436355592,87,0,604.1394,688.4967,783.7716,860.41077,30881.309,-383.01428,64.54267,8.209468616023335,260.6789993401245,1.avi
0,44,1.8040180401804016,669,789,29775.998,0,586.9916297896594,0.93304705619812,89,0,580.9234,705.7196,758.1077,873.7706,29775.998,-465.2522,183.57639,15.073300133468024,232.13628916540668,1.avi
0,45,1.8450184501845015,643,800,30236.957,0,292.4600701365969,0.9327391386032104,91,0,555.23517,714.48834,731.53094,886.0009,30236.957,-531.68304,211.56032,7.924477507112304,200.1371596985361,1.avi
0,46,1.8860188601886017,606,810,30659.64,0,596.3953959070321,0.8834084272384644,93,0,516.16614,724.73114,695.8517,895.36053,30659.64,-678.2967,222.17079,15.621330656738705,183.9691522488725,1.avi
0,47,1.9270192701927016,565,806,30124.389,0,676.5759577482854,0.9418932795524596,95,0,476.8575,721.8254,655.03644,890.8936,30124.389,-793.62604,101.72189,18.634688768347296,135.09474667136794,1.avi
0,48,1.968019680196802,535,797,28470.705,0,493.5415858962506,0.9330562949180604,97,0,449.47226,714.74615,621.0003,880.72894,28470.705,-776.41547,-18.700584,13.623494067765364,83.28908346795095,1.avi
0,49,2.009020090200902,507,790,29089.633,0,310.55941828668006,0.9099313616752625,99,0,421.32074,706.1676,594.44086,874.1991,29089.633,-734.26324,-82.59419,7.844192925104492,62.70541812913251,1.avi
0,50,2.050020500205002,482,768,32781.74,0,711.5216963057823,0.9032317996025084,101,0,389.55573,680.7352,575.6672,856.8756,32781.74,-688.7422,-251.95627,19.26576108741341,77.33414226941022,1.avi
0,51,2.091020910209102,436,755,30846.838,0,701.0591486557521,0.9392923712730408,103,0,347.52554,668.1835,525.1695,841.82764,30846.838,-858.42163,-284.6169,18.69850104331055,169.28936523579182,1.avi
0,52,2.132021320213202,394,741,29334.182,0,257.40157774450614,0.9435462951660156,105,0,308.2936,656.4453,481.1686,826.12964,29334.182,-918.8629,-303.90164,7.523728871323379,161.9106122537239,1.avi
0,53,2.173021730217302,370,730,28914.62,0,520.0446661460353,0.9433117508888244,107,0,285.919,644.6704,455.32562,815.3522,28914.62,-791.1698,-292.75732,12.995668146339524,354.8231243672703,1.avi
0,54,2.214022140221402,363,708,29009.78,0,1013.2795670550668,0.9418892860412598,109,0,278.57758,622.8844,447.5133,794.6052,29009.78,-557.13806,-379.9567,26.758087251046195,21.96388944208496,1.avi
0,55,2.2550225502255024,358,700,28142.826,0,739.9420453715338,0.9460606575012208,111,0,273.5465,617.38306,442.64246,783.8142,28142.826,-388.71326,-309.99393,19.06428340121231,338.9950778087455,1.avi
0,56,2.2960229602296023,359,692,29162.176,0,688.8004602648704,0.9569199085235596,113,0,273.41766,607.77686,445.85248,776.89685,29162.176,-224.18512,-268.12186,17.337435628743172,346.2826482813775,1.avi
0,57,2.337023370233702,352,670,30073.738,0,430.1410532080858,0.93764728307724,115,0,264.5361,584.5816,440.08646,755.89276,30073.738,-206.60196,-372.67303,11.450052361846558,82.18656643988982,1.avi
0,58,2.378023780237802,338,637,28903.9,0,694.119659522372,0.9532928466796876,117,0,253.22702,553.08716,424.46854,721.87744,28903.9,-253.60092,-537.17456,18.88337715296632,108.01668844167824,1.avi
0,59,2.4190241902419025,335,626,29669.09,0,496.7256385931714,0.9430504441261292,119,0,249.45148,540.12354,421.1966,712.87427,29669.09,-188.89294,-433.2409,12.41115733760392,301.8533885345838,1.avi
0,60,2.4600246002460024,329,621,31209.129,0,488.20153379923977,0.9526036977767944,121,0,241.39423,533.00635,418.05426,709.66846,31209.129,-168.70212,-314.61703,12.3461687567188,276.60757219464205,1.avi
0,61,2.5010250102501024,321,609,33977.945,0,55.446616866148986,0.9146588444709778,123,0,230.53714,516.1466,412.81723,702.55176,33977.945,-179.3412,-306.03928,1.892737304166257,197.2733437953692,1.avi
2,61,2.5010250102501024,322,535,2308.1243,0,0.0,0.7731385231018066,1,0,300.92242,508.6009,344.62726,561.41254,2308.1243,0.0,0.0,0.0,0.0,1.avi
0,62,2.5420254202542023,304,609,33624.223,0,635.2545291893402,0.9275770783424376,125,0,212.26959,518.52057,396.0866,701.4428,33624.223,-274.85028,-181.96782,15.98099371627233,229.75740306188652,1.avi
0,63,2.5830258302583027,292,618,31134.23,0,602.4650104954562,0.9435251951217652,127,0,204.5299,530.0284,380.89594,706.56024,31134.23,-276.69714,-33.48619,15.505739201479928,266.63875737702136,1.avi
0,64,2.6240262402624026,284,613,29750.426,0,181.1402497705568,0.9600052833557128,129,0,197.10112,527.5801,371.13043,698.53076,29750.426,-250.83325,-69.87836,4.722659519232288,56.133105619464686,1.avi
0,65,2.6650266502665025,265,599,32772.414,0,526.4903563357349,0.9055087566375732,131,0,174.07452,509.53952,356.40924,689.27716,32772.414,-331.6914,-171.37459,14.25552393812874,128.2807337266358,1.avi
0,66,2.7060270602706025,244,600,34304.086,0,400.5666304567423,0.9015865921974182,133,0,151.09769,508.38702,338.0524,691.8758,34304.086,-398.21954,-98.42513,10.790815324607314,224.90879541097203,1.avi
0,67,2.747027470274703,212,606,33897.76,0,708.1292995070145,0.956824004650116,135,0,119.201996,515.30927,305.99966,696.77704,33897.76,-545.5121,-4.7874985,19.028500557958104,211.3648027332368,1.avi
0,68,2.7880278802788028,172,603,32578.639,0,684.18553050952,0.9527165293693542,137,0,81.01697,514.39435,263.94836,692.4865,32578.639,-712.6189,-27.44051,18.45549800166487,171.1263774767491,1.avi
0,69,2.8290282902829027,135,600,31653.066,0,303.5103642458459,0.9013720154762268,139,0,45.731567,512.6456,225.18057,689.036,31653.066,-786.1278,-41.3213,8.583189786270903,164.3502402066797,1.avi
0,70,2.870028700287002,106,594,32733.201,0,216.27529332748705,0.8991211652755737,141,0,15.352707,504.50525,197.35925,684.35156,32733.201,-756.64984,-85.73572,5.847302277382309,61.66259646659341,1.avi
0,71,2.911029110291103,78,596,31804.203,0,255.7797747498286,0.9460282921791076,143,0,-9.018883,506.00272,166.1735,687.54144,31804.203,-726.11,-30.583145,5.743537125331332,297.667774279869,1.avi
0,72,2.952029520295203,58,616,28111.256,0,864.6608474362423,0.9349837899208068,145,0,-21.682373,528.02185,137.72,704.376,28111.256,-639.3903,164.09354,22.450503896608392,294.1734937605921,1.avi
3,72,2.952029520295203,997,903,232.51236,0,0.0,0.5609867572784424,1,0,990.18365,895.4791,1005.59393,910.56726,232.51236,0.0,0.0,0.0,0.0,1.avi
0,73,2.993029930299303,38,616,22641.77,0,370.5379413156703,0.9032431840896606,147,0,-28.295467,532.07916,106.10112,700.549,22641.77,-572.56165,101.845184,9.293912148562404,48.18548453830766,1.avi
3,73,2.993029930299303,999,907,177.79195,0,115.99057745351752,0.6603083610534668,3,0,993.2101,900.3761,1006.2374,914.0238,177.79195,6.38605,14.535906,4.12913670794432,285.6115163265588,1.avi
0,74,3.034030340303403,22,591,15908.627,0,1152.4830575421886,0.8513625264167786,149,0,-29.6612,514.87744,74.62648,667.423,15908.627,-506.14908,-174.34146,30.213334907615632,77.43575446992105,1.avi
3,74,3.034030340303403,1001,909,176.69872,0,68.79488179850318,0.6645383238792419,5,0,994.5611,903.044,1007.56903,916.628,176.69872,25.1362,49.970688,1.5743981926452657,310.11414203736086,1.avi
0,75,3.075030750307503,8,574,9748.445,0,427.4092333908633,0.5798487067222595,151,0,-28.155054,507.3759,44.19503,642.11584,9748.445,-446.94168,-261.47516,11.804728576552936,57.91911163907781,1.avi
4,0,0.0,1137,56,760.74005,0,0.0,0.6815062165260315,1,0,1122.9675,43.014076,1151.7625,69.43332,760.74005,0.0,0.0,0.0,0.0,2.avi
4,1,0.2,1136,60,595.7123,0,22.893256076794327,0.5590081214904785,3,0,1125.8027,46.663616,1147.0806,74.66057,595.7123,-3.6857514,17.718138,4.01542745984203,250.1269965005108,2.avi
5,2,0.4,24,63,5997.824,0,0.0,0.7287921905517578,1,0,0.043052673,3.3914604,49.581657,124.465195,5997.824,0.0,0.0,0.0,0.0,2.avi
5,3,0.6,21,74,6260.659,0,56.57632545827107,0.8074732422828674,3,0,0.05842018,2.8917313,43.63205,146.57175,6260.659,-11.844793,43.127384,10.769057445858534,249.26721245709663,2.avi
5,4,0.8,24,80,6937.5845,0,29.34338709037945,0.8330157995223999,5,0,0.6326046,6.654503,47.747017,153.90424,6937.5845,9.739077,29.03355,5.633375762093481,36.5803593580805,2.avi
5,5,1.0,36,88,11810.077,0,58.81788907498412,0.8775846362113953,7,0,3.6822662,-1.6606827,69.08529,178.91318,11810.077,49.031113,38.77463,10.046372128235737,349.0175046461661,2.avi
5,6,1.2,44,88,13952.448,0,45.43494159731521,0.7165356278419495,9,0,5.913971,-2.2438965,82.74229,179.36165,13952.448,41.88449,8.749435,8.662579621204898,104.64396327198524,2.avi
5,7,1.4,54,93,19118.254,0,21.60486239054735,0.9115394949913024,11,0,7.255104,-6.964897,102.424835,193.92096,19118.254,50.096684,20.940268,2.9865908861593278,295.6960189859966,2.avi
5,8,1.6,60,96,21090.24,0,27.586874152574367,0.9232311844825744,13,0,6.8195915,-2.5761642,113.611725,194.91254,21090.24,32.237007,15.179232,5.13699526417066,161.07489101178294,2.avi
5,9,1.8,67,96,23375.043,0,13.011404266085854,0.9347436428070068,15,0,7.437874,-1.0480347,126.71287,194.92802,23375.043,33.822727,6.471884,3.221692789555344,83.99681060034823,2.avi
5,10,2.0,83,95,29051.748,0,57.05536924849364,0.9300630688667296,17,0,12.519875,-7.455284,154.28406,197.47482,29051.748,70.597885,-5.9297867,9.714332012132376,19.44785254324745,2.avi
5,11,2.2,93,101,33645.484,0,50.93801460324592,0.8955848217010498,19,0,13.248756,-2.992569,173.67914,206.7276,33645.484,54.992573,25.005919,8.481855621790519,237.78602470265804,2.avi
6,11,2.2,919,891,228.64871,0,0.0,0.652126133441925,1,0,911.4996,884.1726,926.8592,899.05896,228.64871,0.0,0.0,0.0,0.0,2.avi
5,12,2.4,99,107,33295.4,0,26.54775468337064,0.9444106817245485,21,0,16.019073,8.640488,183.74307,207.15352,33295.4,37.372776,28.960732,5.464041210455193,181.3769602913612,2.avi
6,12,2.4,914,890,251.27486,0,23.132528993611096,0.3842478096485138,3,0,906.4202,882.64716,923.29987,897.5334,251.27486,-17.242794,-6.0897646,5.425565242243801,162.67392904256417,2.avi
5,13,2.6,118,112,29967.484,0,62.54846864014182,0.9421062469482422,23,0,37.348175,19.813828,199.31897,204.83165,29967.484,79.593445,23.705578,10.777562594411076,9.01703976335324,2.avi
6,13,2.6,912,889,254.65742,0,7.8100849531563,0.3788478672504425,5,0,904.1737,882.1771,921.20874,897.1261,254.65742,-11.382795,-2.5211656,0.6021934890845168,347.7584183478445,2.avi
5,14,2.8,127,126,27022.672,0,66.85320045946249,0.9534165859222412,25,0,49.638824,39.16088,204.45021,213.7131,27022.672,51.872795,59.754242,11.508687315652132,230.93843165175505,2.avi
6,14,2.8,911,888,277.10587,0,8.634221713881338,0.2825479805469513,7,0,902.9089,880.73663,920.7419,896.2756,277.10587,-5.973062,-4.9804983,1.2880739134833925,62.97234778775493,2.avi
5,15,3.0,123,131,26677.387,0,88.07925566588065,0.9573711156845092,27,0,45.408455,46.126633,201.2992,217.25539,26677.387,-2.2215538,33.998497,16.201550568530212,152.8709406097687,2.avi
6,15,3.0,909,887,288.0747,0,4.566770152805957,0.2136323601007461,9,0,900.795,879.77905,918.9111,895.68066,288.0747,-8.958271,-4.1365547,1.7086293096901737,162.6330331803273,2.avi
5,16,3.2,105,136,25233.182,0,99.59107931740525,0.9506977200508118,29,0,28.87233,53.82039,182.01634,218.58806,25233.182,-69.3918,25.204765,18.08187189534164,172.0825561133538,2.avi
6,16,3.2,907,886,285.50638,0,2.386011434813485,0.2481680810451507,11,0,898.6826,879.03644,916.6172,894.95575,285.50638,-10.541214,-3.7767382,1.3932435491003732,139.6249448077995,2.avi
5,17,3.4,82,142,26137.549,0,49.70393183058602,0.9584864377975464,31,0,5.1640625,58.905594,160.70984,226.94325,26137.549,-102.57863,31.66306,9.595713116737471,184.5116843137043,2.avi
6,17,3.4,905,886,291.12613,0,1.8034306439031595,0.3791395425796509,13,0,896.6306,878.4981,914.81165,894.5108,291.12613,-9.85117,-2.762431,0.5927665779181928,156.03990706015134,2.avi
5,18,3.6,67,149,23790.17,0,29.24119581780668,0.9531267881393432,33,0,-5.5469284,67.76059,140.7269,230.40192,23790.17,-82.699814,30.987005,4.585986078964048,3.212984467735282,2.avi
6,18,3.6,900,887,306.7119,0,17.660941164317894,0.2896153628826141,15,0,891.60614,879.0051,910.21136,895.49036,306.7119,-20.78199,2.2210696,3.894578790900604,195.6107723322613,2.avi
5,19,3.8,61,167,21231.51,0,91.1635778365029,0.9247803092002868,35,0,-6.326668,89.28662,129.2326,245.9082,21231.51,-42.690586,78.36439,15.375041099939065,310.3271463869199,2.avi
6,19,3.8,896,886,301.13092,0,5.712394407517737,0.4953165650367737,17,0,887.38153,878.5394,905.85284,894.84204,301.13092,-21.30199,-1.6296396,1.851699182237834,113.97380251168649,2.avi
5,20,4.0,53,178,17992.266,0,28.703060666323168,0.927954375743866,37,0,-6.732807,103.721146,113.984055,252.76631,17992.266,-39.95697,59.032425,5.270982038547431,89.07435774868452,2.avi
6,20,4.0,892,886,276.40936,0,3.741908097339005,0.3170226514339447,19,0,884.1015,878.8206,901.84015,894.4029,276.40936,-18.940498,-0.67993623,0.5102927635765678,134.36518311915643,2.avi
5,21,4.2,47,196,14798.258,0,35.278417029132726,0.9099066853523254,39,0,-5.4726906,126.09519,100.33453,265.95575,14798.258,-33.04697,82.012955,6.104526601490553,282.9282347987733,2.avi
6,21,4.2,890,886,265.30768,0,5.466637041413674,0.4360317289829254,21,0,881.38416,878.9466,898.9136,894.0816,265.30768,-15.224927,-0.5325506,0.9456591896493493,30.205861330037067,2.avi
5,22,4.4,47,211,14070.986,0,38.00990656798477,0.9153197407722472,41,0,-2.6929207,141.18422,97.60153,281.48096,14070.986,-7.5376053,77.79985,6.341359447090117,13.014459827542453,2.avi
6,22,4.4,888,886,308.78183,0,8.895215515575927,0.3478316068649292,23,0,879.0261,878.7931,898.2052,894.89307,308.78183,-9.410667,1.1422484,0.9844590559902524,24.458066172166923,2.avi
7,22,4.4,1223,976,10493.451,0,0.0,0.8410404324531555,1,0,1168.2678,929.1839,1279.512,1023.512,10493.451,0.0,0.0,0.0,0.0,2.avi
5,23,4.6,44,216,13096.027,0,57.0706480240319,0.9140250086784364,43,0,-2.7602768,147.08028,90.92743,286.86414,13096.027,-14.703415,39.646587,11.06516595112874,100.13325802375692,2.avi
6,23,4.6,892,888,334.17538,0,31.997785747975843,0.3996080160140991,25,0,882.2227,880.24524,902.11725,897.0426,334.17538,11.497753,7.1896276,5.347696404483974,350.0016421139989,2.avi
7,23,4.6,1203,950,21534.906,0,165.92444626831087,0.8981630206108093,3,0,1129.1976,878.15186,1278.08,1022.7958,21534.906,-80.84287,-103.29006,33.62443580523038,128.40902158827055,2.avi
5,24,4.8,34,219,10758.215,0,48.45945458327167,0.8987582921981812,45,0,-5.6821594,152.68857,75.2422,285.63016,10758.215,-39.174744,17.562506,9.26546712236688,140.4361957969295,2.avi
6,24,4.8,897,891,350.81815,0,19.949131948641885,0.4061331152915954,27,0,887.75323,882.3705,907.97455,899.71936,350.81815,24.552177,10.893575,2.691879110501448,340.0571831302745,2.avi
7,24,4.8,1182,940,28290.404,0,60.33055987837724,0.8660793304443359,5,0,1095.531,859.4954,1270.2644,1021.40155,28290.404,-101.78101,-54.601513,11.56033146666069,241.7585371438006,2.avi
5,25,5.0,24,219,7776.862,0,22.131180227591404,0.8539345264434814,47,0,-7.4481926,159.15227,57.119793,279.5968,7776.862,-47.28691,4.8811636,4.707004569106207,128.73201450302918,2.avi
6,25,5.0,904,892,308.18936,0,8.207152223898314,0.1939733922481537,29,0,894.7938,884.60394,913.5447,901.04,308.18936,29.916807,9.348724,1.731902930711791,44.95288294505923,2.avi
7,25,5.0,1151,924,26233.498,0,68.56109209452168,0.9262173771858216,7,0,1067.6692,846.2893,1234.6641,1003.3811,26233.498,-145.40166,-72.59818,12.797159381007528,154.40631454762422,2.avi
5,26,5.2,22,220,6343.7285,0,41.02699426428702,0.8478750586509705,49,0,-4.9144135,163.17174,50.16022,278.35596,6343.7285,-19.424955,6.469815,6.630866272070195,3.032329425660805,2.avi
6,26,5.2,904,893,266.9599,0,35.45854892584157,0.3024908900260925,31,0,895.57336,885.18896,912.65125,900.8209,266.9599,6.6861324,2.861473,6.38092668034857,164.62591531931002,2.avi
7,26,5.2,1130,918,22929.953,0,66.10400014232847,0.9309968948364258,9,0,1054.0488,843.4408,1207.4241,992.943,22929.953,-112.19908,-42.36568,11.030744931435054,315.84202322284744,2.avi
5,27,5.4,26,225,6916.545,0,48.6718332421696,0.8912168741226196,51,0,-1.0857658,163.09187,54.54974,287.41077,6916.545,11.319889,18.751968,7.835460726631757,337.9449053686774,2.avi
6,27,5.4,901,893,289.27332,0,24.31634521859717,0.2278887778520584,33,0,892.2167,885.1521,910.10803,901.32043,289.27332,-9.802168,1.5501561,4.486806653002098,172.608646452838,2.avi
7,27,5.4,1116,907,24416.186,0,51.4275171832292,0.9471254944801332,11,0,1039.0444,828.76685,1194.9526,985.3729,24416.186,-78.72681,-52.554733,8.169057331126618,19.439464926006565,2.avi
5,28,5.6,29,226,7869.215,0,11.419784090738553,0.9064231514930724,53,0,0.07469368,159.27429,58.182632,294.69836,7869.215,11.830237,11.0008335,3.001726956418405,89.92296336156795,2.avi
6,28,5.6,902,893,292.3052,0,20.07733915188208,0.2171743959188461,35,0,893.765,885.39233,911.7406,901.65356,292.3052,3.8544636,1.4602716,2.850931657616641,11.047958224101194,2.avi
7,28,5.6,1096,893,22497.504,0,33.01211583001729,0.9266173243522644,13,0,1022.1623,817.60406,1170.4358,969.3338,22497.504,-97.78067,-64.43911,6.345236896448683,145.88284818098975,2.avi
5,29,5.8,35,225,10071.546,0,29.70003638857085,0.9069328904151917,55,0,2.2736626,149.32391,68.32475,301.80508,10071.546,26.462158,-2.9291878,5.4602003496970095,50.06104082437719,2.avi
6,29,5.8,913,892,273.808,0,59.1360306947348,0.2956105470657348,37,0,905.27686,884.8438,922.58105,900.66705,273.808,43.87278,-2.614838,9.64856691486038,10.842570063843198,2.avi
7,29,5.8,1068,885,22828.64,0,54.160221990035744,0.9283159971237184,15,0,993.3067,809.6796,1143.7817,961.3902,22828.64,-129.31247,-45.38714,9.7961822674384,206.8131434314733,2.avi
5,30,6.0,37,222,11572.8545,0,20.516093249530176,0.9113340973854064,57,0,1.9624634,141.8302,73.439316,303.7407,11572.8545,15.34448,-11.364214,4.666081675616714,140.3299110615319,2.avi
7,30,6.0,1040,873,22070.426,0,22.39286514253001,0.9390403628349304,17,0,967.5183,797.573,1113.6033,948.65234,22070.426,-137.46933,-58.251,4.37552461927267,127.79752618323784,2.avi
5,31,6.2,40,228,13161.614,0,47.15028190354591,0.9098554849624634,59,0,1.9368515,143.83765,79.34607,313.86407,13161.614,14.850945,20.704355,7.526863505417058,264.12998678570165,2.avi
7,31,6.2,1010,865,23556.184,0,27.96964381896874,0.9450703859329224,19,0,936.0761,787.1804,1085.6932,944.62354,23556.184,-145.86221,-41.176888,4.681880755785066,229.07609638959008,2.avi
5,32,6.4,49,236,15814.114,0,37.11662855691176,0.9172124862670898,61,0,5.213192,146.62073,93.67549,325.38742,15814.114,37.283222,32.289696,6.171225261232419,330.8257526316068,2.avi
7,32,6.4,979,852,24547.016,0,30.956894433534494,0.9549803733825684,21,0,903.12787,772.0602,1055.0018,933.68774,24547.016,-156.04366,-59.609226,6.282259398875203,115.5771920728984,2.avi
5,33,6.6,53,250,17253.004,0,48.40406872679087,0.9189572930336,63,0,5.079838,160.35944,101.160904,339.92657,17253.004,22.743149,61.83045,8.487583795003387,242.63797091228665,2.avi
7,33,6.6,948,840,22617.918,0,4.064296407762436,0.9410274028778076,23,0,875.84863,762.106,1020.4735,918.4963,22617.918,-154.871,-62.112705,0.9629037577602068,81.40404680741972,2.avi
5,34,6.8,54,266,17730.371,0,29.719575073763774,0.9160781502723694,65,0,3.9576454,178.9701,105.0166,354.4159,17730.371,10.505793,77.92154,5.064382946796905,223.57513865082703,2.avi
7,34,6.8,920,840,22301.688,0,71.20561813443541,0.9390208721160888,25,0,848.90845,762.21606,992.2532,917.7969,22301.688,-141.81802,-15.4695015,12.44354860029883,283.0657933113695,2.avi
5,35,7.0,54,278,17942.41,0,25.83955758668623,0.9302855134010316,67,0,2.71064,191.6135,106.312996,364.79886,17942.41,2.5197997,62.2641,4.999463962528401,121.17896693088215,2.avi
7,35,7.0,883,840,19905.145,0,52.94673296557644,0.9317668080329896,27,0,815.2466,767.80585,951.97107,913.39166,19905.145,-174.92561,-1.2926626,9.720559332192025,198.5187941919505,2.avi
5,36,7.2,56,293,18079.477,0,21.602709366528384,0.935695469379425,69,0,3.325966,209.67102,110.58448,378.23083,18079.477,9.97881,74.92473,2.539486318025708,292.80322776516164,2.avi
7,36,7.2,858,825,22871.156,0,101.59517806263425,0.9468878507614136,29,0,786.19617,747.0564,931.7175,904.2234,22871.156,-135.18484,-57.829376,17.978784744283264,58.56578716880739,2.avi
5,37,7.4,60,308,19854.703,0,8.50619987169377,0.9412874579429626,71,0,3.3514748,221.90994,117.55307,395.76657,19854.703,15.752682,74.54931,1.4058096398191688,41.73796652260325,2.avi
7,37,7.4,831,818,21703.172,0,24.52783128354411,0.9420721530914308,31,0,760.7332,741.74,902.30023,895.04675,21703.172,-136.7353,-41.217354,4.032287202703846,256.81336052289345,2.avi
5,38,7.6,63,311,21066.621,0,69.1766883365942,0.9156758189201356,73,0,3.269909,223.73798,123.26694,399.2975,21066.621,14.466664,27.511806,12.762352074469153,92.70726743047794,2.avi
7,38,7.6,810,808,23040.217,0,35.94583904396405,0.9400031566619872,33,0,736.86676,729.41296,883.4438,886.60144,23040.217,-113.71492,-49.45808,6.21407578073396,20.241201669939077,2.avi
5,39,7.8,69,321,23106.553,0,30.97423733447536,0.9319607019424438,75,0,4.677223,232.01694,133.63214,411.2001,23106.553,25.97733,45.15875,4.888289470576722,305.49420435257593,2.avi
7,39,7.8,783,801,20929.79,0,26.667276418509957,0.9362583756446838,35,0,713.5248,726.86237,854.229,875.6126,20929.79,-127.31197,-37.45134,5.271440496965243,213.17340769507757,2.avi
5,40,8.0,69,327,22918.309,0,33.20734656998894,0.9498694539070128,77,0,3.559578,240.43167,135.53894,414.08237,22918.309,7.5133057,32.14698,6.471129638704791,145.76847389810905,2.avi
7,40,8.0,742,794,21590.564,0,87.64300481429586,0.9339795112609864,37,0,671.38226,718.7763,814.45953,869.6777,21590.564,-186.89958,-35.606113,16.416436437787734,180.8823706728869,2.avi
5,41,8.2,71,337,23469.3,0,22.11625636558986,0.947500228881836,79,0,3.292839,251.46997,139.56851,423.68927,23469.3,8.970011,47.120117,3.3140053381359604,269.102353382887,2.avi
7,41,8.2,685,792,19265.66,0,118.63219542762084,0.9439719915390016,39,0,617.2367,721.453,753.1909,863.16003,19265.66,-265.07687,-15.604223,21.115971782695336,193.4017960051372,2.avi
5,42,8.4,70,345,23025.277,0,16.680978484551794,0.9413573145866394,81,0,2.2718353,261.30914,139.57433,429.0066,23025.277,0.118180275,40.021423,3.796463778195146,148.14559304550937,2.avi
7,42,8.4,627,795,18924.127,0,45.60719633506108,0.9333414435386658,41,0,560.0451,725.0221,694.30597,865.97253,18924.127,-284.39456,8.669983,7.799363508651247,228.20102221570704,2.avi
5,43,8.6,67,346,21612.232,0,43.0881575156787,0.9453392624855042,83,0,0.2729721,265.8551,134.31097,427.09467,21612.232,-13.93779,14.302526,8.177580171504212,118.85707913285842,2.avi
7,43,8.6,576,793,19055.588,0,39.43103961748077,0.9431496858596802,43,0,508.61554,723.33777,644.01324,864.0757,19055.588,-261.25046,-4.8853436,7.10158545214445,36.571678718814326,2.avi
5,44,8.8,67,352,21134.156,0,23.868257643048903,0.944742739200592,85,0,0.48458862,273.3265,133.60239,432.08932,21134.156,-4.172633,27.273087,3.650765474329774,313.12386908398275,2.avi
7,44,8.8,536,789,17913.25,0,71.46767966550352,0.9445879459381104,45,0,470.5285,720.99133,601.8669,857.3815,17913.25,-214.58609,-18.512497,12.504825906948035,17.353057027310967,2.avi
5,45,9.0,74,361,23076.605,0,50.141475923032935,0.9463448524475098,87,0,3.9505005,279.82657,144.5712,443.93192,23076.605,26.794544,41.567314,8.291644026294728,339.9885714516261,2.avi
7,45,9.0,509,782,19586.535,0,92.32542769236412,0.9461557269096376,47,0,440.6774,711.02515,577.9429,853.71606,19586.535,-152.93686,-30.486025,16.100948845416436,12.496368091743534,2.avi
5,46,9.2,83,370,25735.883,0,19.57853262321845,0.962008774280548,89,0,7.78347,284.7764,158.38135,455.66782,25735.883,40.111717,41.680344,3.385723072870848,3.263092738212322,2.avi
7,46,9.2,470,765,20253.37,0,76.65905232287655,0.9345525503158568,49,0,400.75537,692.93585,540.5313,837.83466,20253.37,-184.0099,-72.36119,14.253977639361118,127.73092279784026,2.avi
8,46,9.2,1186,1003,2663.745,0,0.0,0.7396456599235535,1,0,1153.6039,983.68164,1220.0167,1023.7905,2663.745,0.0,0.0,0.0,0.0,2.avi
5,47,9.4,88,376,26392.846,0,18.79912766939402,0.9499314427375792,91,0,11.015083,291.3403,165.94577,461.6929,26392.846,30.018656,33.828632,4.022896752112005,140.51311300909833,2.avi
7,47,9.4,432,756,23473.42,0,30.97865334834878,0.9573999047279358,51,0,357.27252,677.96106,507.33698,834.3833,23473.42,-189.91965,-52.134693,5.409986853443653,250.10089275923963,2.avi
8,47,9.4,1204,1003,2557.5312,0,90.34790781251552,0.711023211479187,3,0,1172.425,983.93365,1236.9775,1023.55304,2557.5312,71.421265,0.028949482,17.20545005851021,2.451977802417332,2.avi
5,48,9.6,87,368,25460.564,0,91.47464805381358,0.9419907927513124,93,0,11.0021515,285.70657,164.72348,451.33463,25460.564,4.553299,-22.94421,17.0165156331229,116.09220894427337,2.avi
7,48,9.6,401,763,23422.75,0,108.51190253125156,0.9393882155418396,53,0,326.34302,685.61383,476.60236,841.4959,23422.75,-162.41396,16.360394,18.502379922832876,291.1609897398479,2.avi
8,48,9.6,1213,1006,2311.4546,0,34.373647359764625,0.5725687742233276,5,0,1180.272,989.24756,1246.0305,1024.3982,2311.4546,44.705162,14.103884,6.394818360694001,200.6085292239489,2.avi
5,49,9.8,84,362,25466.86,0,22.223059541856085,0.9428422451019288,95,0,7.574402,280.69556,162.35364,445.23224,25466.86,-10.0976925,-26.666632,5.14954142261639,157.96746944112533,2.avi
7,49,9.8,376,790,24045.635,0,142.51104780152767,0.9137973189353944,55,0,299.57535,712.53906,452.8599,869.4083,24045.635,-134.6165,109.22769,24.21014366369075,286.8311511628135,2.avi
8,49,9.8,1221,1008,2075.3745,0,9.523309390909551,0.7265092134475708,7,0,1188.8505,992.1744,1253.2594,1024.3962,2075.3745,40.727047,8.894736,1.9735146684879488,123.60553589222872,2.avi
5,50,10.0,74,351,24027.998,0,57.8468663100109,0.9384357929229736,97,0,-0.34677124,271.53763,149.68799,431.68716,24027.998,-41.918644,-49.8123,11.13410327343744,143.450266750791,2.avi
7,50,10.0,361,815,26813.553,0,72.02735485914897,0.8793961405754089,57,0,279.64105,733.6039,443.98376,896.76013,26813.553,-86.47246,118.31495,11.907097499701402,349.44670155959096,2.avi
8,50,10.0,1228,1008,1881.106,0,9.987607108927566,0.7456680536270142,9,0,1197.3042,993.38464,1259.1052,1023.82275,1881.106,36.905563,3.2887616,2.3878275797587056,120.17758333039284,2.avi
5,51,10.2,65,342,21881.016,0,7.064296730374746,0.9456941485404968,99,0,-5.0011673,264.56476,135.56839,420.22443,21881.016,-45.777164,-46.94835,1.3336447822655382,195.21780437864825,2.avi
7,51,10.2,337,823,22695.572,0,92.86945063396496,0.9176903963088988,59,0,262.22885,748.84296,413.61508,898.7613,22695.572,-111.84012,60.4609,17.53801940822191,115.38279056761333,2.avi
8,51,10.2,1232,1010,1568.6317,0,17.78012235131747,0.6946734189987183,11,0,1204.0742,996.27484,1261.009,1023.82623,1568.6317,25.195854,6.324051,3.661077989934489,191.6377615404408,2.avi
5,52,10.4,56,344,18557.014,0,66.90968851636363,0.9283591508865356,101,0,-6.8398285,271.23676,119.22341,418.44073,18557.014,-45.532524,-1.4359779,10.995833818548984,269.33207221964585,2.avi
7,52,10.4,296,831,23983.867,0,108.16583594266744,0.9143121242523192,61,0,218.5611,754.9836,375.31537,907.9865,23983.867,-183.4354,43.50325,20.15716263530968,165.94776712222142,2.avi
8,52,10.4,1239,1012,1370.6127,0,11.024585678443572,0.6849509477615356,13,0,1211.3817,999.93805,1267.2511,1024.4705,1370.6127,31.870852,9.742512,1.575696286108097,334.2468684093548,2.avi
5,53,10.6,52,359,16711.594,0,91.31306099112678,0.9242733716964722,103,0,-5.582733,287.7641,110.41899,431.82745,16711.594,-25.02266,57.192677,15.261464444958484,288.78599460901125,2.avi
7,53,10.6,261,831,21204.049,0,50.65413413142075,0.9212157130241394,63,0,188.13597,759.5917,335.79517,903.1929,21204.049,-176.84186,9.684269,9.21614213300528,85.33940107689511,2.avi
8,53,10.6,1250,1012,1247.414,0,31.95797657801163,0.5889825820922852,15,0,1224.055,1000.57697,1277.9044,1023.7419,1247.414,52.21255,2.076386,4.817209184581096,26.54362394216696,2.avi
5,54,10.8,58,370,18005.662,0,63.917422955062655,0.934215009212494,105,0,-0.65374374,295.11084,118.08246,446.75513,18005.662,18.439545,56.033726,10.65811696211545,6.650332943686465,2.avi
7,54,10.8,228,821,21924.59,0,65.73277006863252,0.9232125878334044,65,0,154.39676,748.2895,303.27725,895.55255,21924.59,-168.22769,-34.190575,12.408650104874424,83.50881839957032,2.avi
8,54,10.8,1258,1011,1023.48505,0,14.708547137256428,0.526797890663147,17,0,1235.4387,1000.7964,1282.5332,1022.52905,1023.48505,42.84256,-1.4311845,3.7671523914101424,155.29099161157865,2.avi
5,55,11.0,67,362,20816.074,0,113.09294759147927,0.9417279958724976,107,0,3.1975632,281.55298,131.38849,443.93634,20816.074,37.249184,-18.55888,20.657887270914944,77.14022848803938,2.avi
7,55,11.0,205,810,21930.178,0,61.69619397523135,0.9310755729675292,67,0,131.02487,736.348,279.07895,884.4708,21930.178,-130.30484,-52.164566,11.047309241905609,27.39367009251316,2.avi
8,55,11.0,1263,1012,777.6244,0,26.16843041661759,0.4835965037345886,19,0,1243.3597,1002.5119,1282.7177,1022.2697,777.6244,25.475132,2.4699688,4.5969283662936,187.7957276384804,2.avi
5,56,11.2,72,353,22282.824,0,35.053900244545446,0.9377521276474,109,0,5.0255585,271.12466,140.96245,435.045,22282.824,30.523157,-41.43479,6.627151163066965,114.4489333460889,2.avi
7,56,11.2,174,790,20164.12,0,57.84126646353717,0.910163164138794,69,0,104.7417,718.6801,244.82596,862.62286,20164.12,-146.48518,-88.02806,11.155268998192344,116.57738848258174,2.avi
5,57,11.4,69,340,23044.76,0,58.2491274245856,0.9434366822242736,111,0,0.6586609,257.12363,138.7601,423.99197,23044.76,-5.5874653,-57.741974,11.180431885040775,154.58750712593178,2.avi
7,57,11.4,144,766,20443.389,0,37.95131443930014,0.9274288415908812,71,0,73.45367,694.11786,214.70587,838.8476,20443.389,-151.89651,-113.269615,7.20105666345702,101.91543260792434,2.avi
5,58,11.6,67,329,23288.309,0,5.50175132308274,0.9225153923034668,113,0,-1.2172241,245.60677,137.15579,413.9077,23288.309,-7.981963,-54.86588,1.5919161772340085,179.6616970839118,2.avi
7,58,11.6,115,752,18538.895,0,48.43663666348964,0.9073439240455629,73,0,48.381165,683.061,182.39769,821.39386,18538.895,-145.40086,-80.96891,8.273895502527505,279.0365134851311,2.avi
5,59,11.8,74,346,26242.91,0,161.42775572201293,0.8748044371604919,115,0,1.0890121,256.7711,147.88281,435.54507,26242.91,23.22031,50.413364,28.264469946209477,285.6552116993875,2.avi
7,59,11.8,88,755,27427.527,0,110.68070579214088,0.6924175024032593,75,0,8.63459,669.76886,168.65408,841.17,27427.527,-136.42023,-6.219673,19.04158115481953,275.0941459066678,2.avi
5,60,12.0,67,348,24155.078,0,78.18319058499705,0.91170334815979,117,0,-2.3699036,262.26715,137.84865,434.5345,24155.078,-20.58743,20.26127,14.664456722742967,145.80894768187693,2.avi
7,60,12.0,82,750,25204.514,0,120.77542901350068,0.7308943271636963,77,0,5.1773987,669.34564,159.73842,832.4173,25204.514,-55.27977,-19.080627,21.0677914616518,11.5700069403091,2.avi
5,61,12.2,56,364,20038.04,0,79.22610340844382,0.9133488535881042,119,0,-6.4612617,284.16467,118.62262,444.36145,20038.04,-49.59056,65.68199,13.835638633496345,236.5720456100809,2.avi
7,61,12.2,79,744,26514.68,0,47.80477960918355,0.8931540250778198,79,0,0.8543167,660.4093,158.1727,828.9508,26514.68,-24.083109,-28.254448,8.193100392348546,21.971185182440195,2.avi
5,62,12.4,52,390,18057.22,0,81.7859426609578,0.8946032524108887,121,0,-5.067539,312.1952,110.558304,468.36462,18057.22,-24.273367,115.21954,13.887002924500967,294.8568282089691,2.avi
7,62,12.4,80,759,23166.695,0,122.9699682159622,0.7807101011276245,81,0,6.3627396,682.2422,155.62341,837.4518,23166.695,0.13172722,51.809998,20.662935334659466,284.8713013704013,2.avi
5,63,12.6,48,411,14353.587,0,11.896551568112328,0.3742201328277588,123,0,-2.4473877,340.8454,99.410355,481.76337,14353.587,-22.00128,107.45284,2.326390622181336,87.30732104340791,2.avi
7,63,12.6,82,777,24657.426,0,40.79541815614009,0.5167251825332642,83,0,5.570717,697.4507,160.20682,856.90515,24657.426,7.321188,78.61218,6.86144566496777,278.2163886303843,2.avi
5,64,12.8,39,433,13264.655,0,27.80807627263059,0.8265902400016785,125,0,-6.8761597,361.4641,85.28418,505.3943,13264.655,-40.75883,109.89218,5.085361907458588,182.3108578020056,2.avi
7,64,12.8,83,792,26874.793,0,3.43497810408419,0.3258014023303985,85,0,2.8524704,709.5967,164.96268,875.3777,26874.793,5.608037,77.02332,1.6251877037433424,146.35916832983344,2.avi
5,65,13.0,22,450,7755.033,0,53.8296953142082,0.6504611372947693,127,0,-10.1634865,391.84317,55.601925,509.7628,7755.033,-72.80727,92.18297,10.544450929500517,149.14676864672606,2.avi
7,65,13.0,82,804,27192.213,0,21.298365291817564,0.5195372104644775,87,0,0.84606934,721.91974,164.85167,887.7203,27192.213,-2.7773247,65.20922,4.931770774710244,127.89500918090324,2.avi
5,66,13.2,13,486,2972.2422,0,102.14155718109444,0.238163411617279,129,0,-5.4858503,448.05988,33.312626,524.66705,2972.2422,-50.67141,158.04068,17.44590192831943,286.11446429837025,2.avi
7,66,13.2,79,840,28666.033,0,128.09633089233685,0.7466808557510376,89,0,-2.2047272,753.1913,162.15102,927.60583,28666.033,-11.700928,151.88422,22.381755468677984,261.53838472608504,2.avi
7,67,13.4,76,854,27860.445,0,94.38600482145074,0.4883612096309662,91,0,-3.4947891,766.8985,156.19571,941.3637,27860.445,-16.633339,87.87111,16.85468052992108,95.55976862587409,2.avi
9,3,0.6,627,87,31237.0,0,0.0,0.8077139854431152,1,0,536.33545,1.9868774,718.49524,173.46819,31237.0,0.0,0.0,0.0,0.0,3.avi
10,4,0.8,675,213,24471.885,0,0.0,0.9181798696517944,1,0,595.07544,137.04791,755.99927,289.11914,24471.885,0.0,0.0,0.0,0.0,3.avi
11,5,1.0,753,343,3837.9678,0,0.0,0.5779547095298767,1,0,720.72064,314.08722,786.83246,372.1399,3837.9678,0.0,0.0,0.0,0.0,3.avi
11,6,1.2,778,309,672.7793,0,209.1463792207668,0.3559391796588897,3,0,766.2171,296.37375,790.97784,323.54495,672.7793,99.08563,-132.35208,41.839099086992455,54.62209371604985,3.avi
12,6,1.2,960,405,31785.86,0,0.0,0.9151765704154968,1,0,865.82556,322.12646,1056.0153,489.2536,31785.86,0.0,0.0,0.0,0.0,3.avi
10,7,1.4,717,223,557.19727,0,217.15209175380227,0.3633334636688232,5,0,707.4736,210.09898,727.7143,237.62758,557.19727,35.455723,9.087856,42.63200086738238,346.5494338169613,3.avi
13,7,1.4,950,537,20606.791,0,0.0,0.8696367144584656,1,0,877.754,466.4779,1022.4252,608.91675,20606.791,0.0,0.0,0.0,0.0,3.avi
14,8,1.6,998,638,42340.39,0,0.0,0.842578113079071,1,0,885.7977,544.40857,1110.4696,732.8629,42340.39,0.0,0.0,0.0,0.0,3.avi
9,9,1.8,650,71,685.18555,0,140.0260404078876,0.1600484102964401,8,0,635.80804,60.281105,665.2513,83.5525,685.18555,5.7021894,-3.9004245,28.104750198513905,36.525835878454245,3.avi
14,9,1.8,961,704,42917.62,0,379.7718698842386,0.8774577975273132,3,0,848.47125,608.99146,1073.9642,799.31946,42917.62,-147.36902,261.55566,75.1757635389601,240.3989393419712,3.avi
14,10,2.0,1016,802,34888.355,0,500.4762812002972,0.3999131321907043,5,0,921.52704,710.0661,1110.7458,894.4472,34888.355,239.07504,471.23413,95.77254429766788,331.6124820829506,3.avi
14,11,2.2,1059,934,31834.707,0,215.88248507540055,0.6709102988243103,7,0,963.37756,852.2195,1155.6722,1017.7711,31834.707,222.1002,618.8428,37.82202542659881,262.47761333743654,3.avi
15,11,2.2,732,137,1081.6805,0,0.0,0.5306106209754944,1,0,712.9928,123.76271,751.1825,152.0866,1081.6805,0.0,0.0,0.0,0.0,3.avi
16,11,2.2,881,504,1089.0337,0,0.0,0.8154938220977783,1,0,861.88635,490.94824,901.66016,518.3289,1089.0337,0.0,0.0,0.0,0.0,3.avi
13,12,2.4,925,528,420.04492,0,132.85715667368447,0.5957943797111511,7,0,914.7782,518.21924,935.7434,538.25464,420.04492,-8.524918,-3.2482054,26.898441458800683,158.86809268695526,3.avi
17,13,2.6,977,531,1171.2362,0,0.0,0.6410772204399109,1,0,958.3812,516.3635,996.78625,546.8605,1171.2362,0.0,0.0,0.0,0.0,3.avi
18,13,2.6,703,250,486.06104,0,0.0,0.6247802376747131,1,0,692.69946,239.21848,714.45996,261.55533,486.06104,0.0,0.0,0.0,0.0,3.avi
19,13,2.6,783,190,677.4642,0,0.0,0.5568388104438782,1,0,770.0554,177.342,796.75464,202.71593,677.4642,0.0,0.0,0.0,0.0,3.avi
20,1,0.0410004100041,488,39,14213.586,0,0.0,0.8082905411720276,1,0,396.25653,0.49586487,580.525,77.63106,14213.586,0.0,0.0,0.0,0.0,4.avi
21,2,0.0820008200082,419,99,29825.418,0,0.0,0.9236642718315125,1,0,331.05792,15.485611,508.33734,183.7252,29825.418,0.0,0.0,0.0,0.0,4.avi
21,3,0.1230012300123001,400,139,37404.188,0,1131.787994236572,0.9406696557998656,3,0,299.64117,47.719597,502.32062,232.2681,37404.188,-65.13812,140.56004,44.04464327540673,243.43455823637643,4.avi
21,4,0.1640016400164001,391,187,31441.734,0,1256.4556067123438,0.9305835962295532,5,0,299.17584,102.59039,484.5158,272.23398,31441.734,-177.4213,864.09125,41.88597918306845,259.94889848709124,4.avi
21,5,0.2050020500205002,391,268,26593.803,0,1429.3156540418222,0.8978970050811768,7,0,306.03638,189.96625,476.2188,346.23267,26593.803,-89.57085,1470.5542,45.614957387498094,278.1016799835959,4.avi
21,6,0.2460024600246002,373,311,25913.162,0,738.7092076277166,0.90089350938797,9,0,289.7528,234.40607,457.71448,388.68628,25913.162,-238.4548,1287.7611,22.615487015105604,129.72995077910758,4.avi
21,7,0.2870028700287003,357,300,27940.375,0,2310.143451168589,0.9094181656837464,11,0,270.64737,220.12817,443.58493,381.69153,27940.375,-305.3394,667.534,64.71990409073146,96.17079360903848,4.avi
21,8,0.3280032800328003,368,342,29211.975,0,1046.0602822364258,0.9223596453666688,13,0,279.9385,260.10953,457.45895,424.66507,29211.975,-77.66664,800.80597,27.128594419998976,329.6171562060162,4.avi
21,9,0.3690036900369003,369,334,30186.178,0,1543.0298745463658,0.9180645942687988,15,0,281.3874,249.66022,458.57172,420.02618,30186.178,-35.731846,421.59955,41.36778263768453,85.16655883424369,4.avi
21,10,0.4100041000410004,349,328,30292.535,0,1157.5305520509835,0.8901212811470032,17,0,264.29114,239.61899,434.81097,417.26718,30292.535,-214.00294,198.93419,31.032624793655412,128.96452176747073,4.avi
21,11,0.4510045100451004,324,355,27170.639,0,961.4449375340567,0.8898913264274597,19,0,240.28693,274.72818,408.25122,436.49252,27170.639,-369.35483,377.84247,24.900660030384376,227.64273301232515,4.avi
21,12,0.4920049200492005,339,403,23623.879,0,1705.853990651615,0.912472128868103,21,0,261.31467,328.31082,417.57254,479.496,23623.879,-83.93469,686.6389,43.70323681825579,313.1239896649265,4.avi
21,13,0.5330053300533005,359,443,26588.781,0,981.040026764132,0.9316706657409668,23,0,276.5904,362.81,441.4671,524.0746,26588.781,132.84343,793.83405,25.468999518977885,334.55124485424085,4.avi
20,14,0.5740057400574006,491,3,193.36035,0,869.4845531897691,0.1562996953725814,15,0,478.47635,0.0111095905,505.45377,7.178603,193.36035,1.0223942,-10.145529,36.157727843437705,85.86181172159138,4.avi
21,14,0.5740057400574006,347,462,28725.268,0,834.3224045057394,0.9202860593795776,25,0,261.64545,378.56006,433.62494,545.5874,28725.268,-25.687363,662.8303,22.38533763499561,141.32118601477487,4.avi
20,15,0.6150061500615006,490,4,132.6537,0,80.11215375040744,0.3880127072334289,17,0,480.73135,1.1463668,500.14957,7.9777775,132.6537,-10.684042,0.19088554,2.1684630568707943,202.2508279458881,4.avi
21,15,0.6150061500615006,308,521,26034.133,0,1923.891576228004,0.9160491228103638,27,0,226.30826,442.33426,390.03195,601.3469,26034.133,-387.28003,969.62317,49.96628267930191,219.45168204129303,4.avi
20,16,0.6560065600656007,486,6,80.99057,0,155.48986955691845,0.3507269322872162,19,0,479.5415,3.2681012,492.98907,9.290791,80.99057,-50.016617,18.183535,4.250233278391735,199.66231635759496,4.avi
21,16,0.6560065600656007,342,535,26636.168,0,2144.635910830998,0.8776224851608276,29,0,258.53632,455.7951,425.53717,615.2923,26636.168,80.995056,724.38513,56.37605256647901,28.14808802021622,4.avi
20,17,0.6970069700697007,480,8,54.774612,0,153.72776819872726,0.359663188457489,21,0,475.19986,5.4289846,485.22824,10.890927,54.774612,-91.093285,29.837189,4.325912218745821,193.02586709599967,4.avi
21,17,0.6970069700697007,365,584,29360.129,0,1040.522714530424,0.8894771337509155,31,0,277.46976,500.2585,452.70462,667.8058,29360.129,266.7187,901.2483,27.159176703491276,316.3220908397917,4.avi
22,17,0.6970069700697007,343,651,2818.3506,0,0.0,0.6197805404663086,1,0,317.7669,623.7014,368.4312,679.32935,2818.3506,0.0,0.0,0.0,0.0,4.avi
20,18,0.7380073800738007,473,9,48.31154,0,119.95023743306598,0.412300556898117,23,0,468.90982,6.589715,477.61044,12.142354,48.31154,-122.4721,29.668953,3.5002365495451517,173.71322235768935,4.avi
21,18,0.7380073800738007,398,628,31766.125,0,916.3039021933492,0.8794285655021667,33,0,307.68103,541.291,489.99017,715.5342,31766.125,481.46603,971.1795,23.070050374843603,342.2941645867732,4.avi
23,18,0.7380073800738007,346,344,244.18137,0,0.0,0.5135771632194519,1,0,339.19403,336.13165,354.25372,352.3459,244.18137,0.0,0.0,0.0,0.0,4.avi
20,19,0.7790077900779008,467,10,75.70807,0,45.70508766187921,0.6745529174804688,25,0,461.95477,6.427412,472.31897,13.732174,75.70807,-132.93112,24.897526,1.3688498891843666,154.81638315409805,4.avi
21,19,0.7790077900779008,410,666,34268.06,0,318.132143553896,0.8876124024391174,35,0,316.3399,575.58234,504.4483,757.7542,34268.06,404.4471,956.4651,8.861438306857487,165.41545234754017,4.avi
23,19,0.7790077900779008,342,350,243.84789,0,183.97236985662224,0.3081373870372772,3,0,335.03,342.24054,350.29544,358.21436,243.84789,-14.13367,20.841875,7.450287912713097,230.650221879733,4.avi
24,19,0.7790077900779008,457,588,779.80365,0,0.0,0.5521305799484253,1,0,445.62888,572.04895,469.09006,605.287,779.80365,0.0,0.0,0.0,0.0,4.avi
20,20,0.8200082000820008,461,10,118.43352,0,23.814102329736773,0.5957889556884766,27,0,455.29926,5.740562,467.75366,15.249933,118.43352,-134.43947,19.197754,1.2972305677492717,121.9592832373985,4.avi
21,20,0.8200082000820008,406,755,33957.723,0,2039.3587718825736,0.8989344239234924,37,0,314.5436,662.8352,498.3951,847.5371,33957.723,211.40338,1420.5706,53.40811649391512,246.87359565284464,4.avi
23,20,0.8200082000820008,338,354,257.28488,0,148.2331101506165,0.3209384083747864,5,0,330.72464,346.38147,346.39407,362.80103,257.28488,-75.34145,81.79635,5.018724451368945,215.5510835533165,4.avi
25,20,0.8200082000820008,490,705,497.46783,0,0.0,0.51997971534729,1,0,480.09775,693.2723,500.63608,717.4937,497.46783,0.0,0.0,0.0,0.0,4.avi
20,21,0.8610086100861009,456,10,169.49274,0,48.38243689362759,0.3541157841682434,29,0,449.6527,4.629626,464.25793,16.234552,169.49274,-125.589035,11.200106,1.2824444455861546,90.64219088471896,4.avi
21,21,0.8610086100861009,367,828,29804.285,0,1906.274975995727,0.8711065649986267,39,0,279.1159,744.1135,455.92615,912.68005,29804.285,-236.82693,1561.4585,50.293654576828935,196.83977435862445,4.avi
23,21,0.8610086100861009,332,358,249.27396,0,80.4999061845461,0.1712981015443802,7,0,325.08304,350.42035,340.77475,366.3061,249.27396,-109.39613,87.40128,3.4707735748954907,180.90886873067836,4.avi
21,22,0.9020090200902008,393,875,26379.014,0,1522.2294324614118,0.9255605340003968,41,0,311.6659,795.2147,476.07556,955.6616,26379.014,102.61911,1401.6271,39.263511917356944,26.3337081913586,4.avi
23,22,0.9020090200902008,327,359,234.31764,0,71.10349267147946,0.4812328219413757,9,0,320.19687,352.22202,335.3148,367.72134,234.31764,-116.85886,65.97136,3.281330235385832,116.10034640975904,4.avi
20,23,0.9430094300943008,454,7,206.55415,0,372.4076425619758,0.3168849945068359,32,0,445.5511,1.1984763,462.6322,13.291012,206.55415,-44.039116,-18.383091,13.386201736095234,21.057455881968792,4.avi
23,23,0.9430094300943008,324,359,208.31258,0,141.49358519931357,0.3747617304325104,11,0,317.61023,351.80118,331.75256,366.53085,208.31258,-100.07279,31.647713,3.819567297831508,74.27110447385053,4.avi
26,23,0.9430094300943008,317,519,408.73862,0,0.0,0.6423658132553101,1,0,307.0021,509.48724,327.8016,529.1386,408.73862,0.0,0.0,0.0,0.0,4.avi
27,23,0.9430094300943008,485,867,22126.686,0,0.0,0.8937989473342896,1,0,414.61548,789.3556,556.5881,945.2074,22126.686,0.0,0.0,0.0,0.0,4.avi
23,24,0.984009840098401,323,351,315.53015,0,340.761141934996,0.1646835654973983,13,0,315.0744,342.46515,331.89722,361.22125,315.53015,-72.60807,-49.78366,9.768514706936818,75.64662301799257,4.avi
26,24,0.984009840098401,316,518,402.86392,0,33.185137903120044,0.572487473487854,3,0,305.54437,509.3137,326.91418,528.1657,402.86392,-4.080837,-1.9950804,1.9206709007010023,136.87616878348314,4.avi
27,24,0.984009840098401,473,929,30997.52,0,1618.1220108842429,0.8579049110412598,3,0,378.79663,847.4187,567.2348,1011.91565,30997.52,-43.80211,217.11491,62.99189413701655,258.4598871382692,4.avi
26,25,1.025010250102501,306,514,372.73615,0,308.6952147729516,0.6875213384628296,5,0,296.4232,505.53918,316.43753,524.1626,372.73615,-171.37653,-68.121155,11.087779979076467,155.15954548034108,4.avi
27,25,1.025010250102501,510,959,25398.658,0,1338.845302685185,0.8361383080482483,5,0,420.0725,889.8186,601.5313,1029.7878,25398.658,643.71826,585.94305,43.83297280643447,332.2178529766421,4.avi
23,26,1.066010660106601,325,341,333.17722,0,319.45954520044245,0.2273496687412262,16,0,316.26257,332.05106,334.1352,350.69284,333.17722,-3.795868,-77.89184,11.461917811909329,24.31652832259817,4.avi
26,26,1.066010660106601,300,514,330.8566,0,95.85942278408768,0.6405372023582458,7,0,291.54782,505.89883,310.29367,523.54846,330.8566,-151.05049,-32.401337,2.0315199610698205,287.06495086991714,4.avi
28,1,0.0410004100041,1264,555,998.9743,0,0.0,0.7517415285110474,1,0,1250.447,538.50714,1279.1494,573.3117,998.9743,0.0,0.0,0.0,0.0,5.avi
29,1,0.0410004100041,551,584,256.4979,0,0.0,0.653550386428833,1,0,543.96906,576.0192,559.8132,592.20807,256.4979,0.0,0.0,0.0,0.0,5.avi
30,1,0.0410004100041,1016,971,223.02171,0,0.0,0.5650423765182495,1,0,1009.1198,963.73096,1023.9018,978.81836,223.02171,0.0,0.0,0.0,0.0,5.avi
31,1,0.0410004100041,1253,523,2087.8733,0,0.0,0.5421721339225769,1,0,1230.8835,500.67816,1276.9646,545.9869,2087.8733,0.0,0.0,0.0,0.0,5.avi
29,2,0.0820008200082,542,585,230.90488,0,254.89894019391176,0.6325123906135559,3,0,534.656,577.9753,549.36865,593.6696,230.90488,-34.38014,5.946933,9.93074734176752,185.1206547398507,5.avi
30,2,0.0820008200082,1012,970,245.55302,0,97.0181316503849,0.6468523144721985,3,0,1005.1142,962.73047,1020.3359,978.8623,245.55302,-13.175151,-1.6645707,4.687440586110918,164.2208230133988,5.avi
32,2,0.0820008200082,1179,557,731.10376,0,0.0,0.8286178112030029,1,0,1165.676,544.2826,1192.3274,571.7147,731.10376,0.0,0.0,0.0,0.0,5.avi
33,2,0.0820008200082,1219,573,1642.8479,0,0.0,0.5409020781517029,1,0,1198.4109,553.70734,1240.3049,592.9217,1642.8479,0.0,0.0,0.0,0.0,5.avi
29,3,0.1230012300123001,527,590,280.9575,0,413.1493404220978,0.6836256384849548,5,0,519.3075,582.2019,535.7887,599.249,280.9575,-261.13168,86.87429,14.160090767149953,196.129125074289,5.avi
30,3,0.1230012300123001,1006,973,313.79477,0,201.31991757353168,0.5475175976753235,5,0,997.4668,964.99225,1015.0132,982.87604,313.79477,-116.43457,54.022007,6.588929343251967,200.1694740078985,5.avi
33,3,0.1230012300123001,1179,574,7759.001,0,1017.0944588049766,0.8685964941978455,3,0,1131.2582,533.82355,1227.4679,614.4703,7759.001,-139.19022,2.896952,40.3637312821371,180.97308480805108,5.avi
29,4,0.1640016400164001,513,594,331.66336,0,105.56123557368304,0.4030215740203857,7,0,504.44434,584.8982,522.4961,603.2711,331.66336,-306.30753,84.15798,3.852345830425164,175.722229950474,5.avi
30,4,0.1640016400164001,1002,975,390.63702,0,53.087469924579416,0.156526431441307,7,0,993.18695,965.2739,1012.68024,985.3135,390.63702,-96.770706,42.560673,1.267017347727856,65.07931666658556,5.avi
34,4,0.1640016400164001,1128,589,1835.8801,0,0.0,0.6704924702644348,1,0,1108.7991,566.2358,1148.2864,612.7287,1835.8801,0.0,0.0,0.0,0.0,5.avi
35,4,0.1640016400164001,1138,538,2621.1155,0,0.0,0.8099187612533569,1,0,1111.461,514.41016,1165.0309,563.3391,2621.1155,0.0,0.0,0.0,0.0,5.avi
29,5,0.2050020500205002,498,599,323.06845,0,112.60872156948002,0.5532593727111816,9,0,488.90753,590.26825,507.11877,608.00836,323.06845,-337.75543,101.552956,3.259204822119206,206.7082867285781,5.avi
30,5,0.2050020500205002,999,976,401.57367,0,44.24082626949091,0.4655173718929291,9,0,989.92114,965.8903,1009.6926,986.2011,401.57367,-87.64611,31.786089,1.0392544934714976,88.12201228518649,5.avi
32,5,0.2050020500205002,1175,570,879.32336,0,323.25784617648,0.1724908947944641,5,0,1158.7642,557.52515,1192.1826,583.83765,879.32336,-12.566486,45.17112,12.650924992314518,251.5596315163249,5.avi
33,5,0.2050020500205002,1187,534,2950.329,0,1199.4453577039733,0.7786663770675659,6,0,1159.6149,508.11014,1215.9232,560.5061,2950.329,58.580032,-308.51926,47.47050900779607,58.56467575144768,5.avi
34,5,0.2050020500205002,1137,560,675.76294,0,776.1999064019287,0.1940135657787323,3,0,1125.0205,546.64105,1149.8098,573.9012,675.76294,30.878,-101.66066,30.67128803778092,73.99393152210058,5.avi
35,5,0.2050020500205002,1157,538,657.5033,0,492.7442413452083,0.4434687197208404,3,0,1144.3702,525.8568,1170.8629,550.67505,657.5033,67.41379,-2.1183593,18.77441244098076,2.6701751259228104,5.avi
36,5,0.2050020500205002,441,432,120.78989,0,0.0,0.5489552617073059,1,0,436.39557,426.43365,446.6856,438.17218,120.78989,0.0,0.0,0.0,0.0,5.avi
29,6,0.2460024600246002,484,601,351.11548,0,63.14465458937825,0.5073961019515991,11,0,474.85352,592.4447,494.06476,610.7213,351.11548,-334.88,84.74579,2.307910501805084,94.10073075350893,5.avi
30,6,0.2460024600246002,994,974,371.48013,0,120.11191639833967,0.5698500275611877,11,0,984.7577,964.8889,1003.7263,984.4729,371.48013,-106.920685,5.6998024,4.014278494572308,123.46149932688678,5.avi
32,6,0.2460024600246002,1162,570,5072.3896,0,454.599593191699,0.7027379870414734,7,0,1125.0975,536.1096,1199.5172,604.2689,5072.3896,-135.84398,22.327509,13.20346489023018,168.9376292471802,5.avi
34,6,0.2460024600246002,1128,559,689.2717,0,319.7361275555821,0.4683780670166015,5,0,1115.8519,545.6511,1141.0492,573.0062,689.2717,-146.82248,-45.63142,11.06706011547507,195.17516387265653,5.avi
35,6,0.2460024600246002,1171,554,1242.5793,0,601.9740321107446,0.1849341988563537,5,0,1154.7917,536.5394,1188.6418,573.2478,1242.5793,264.31726,288.2045,19.054472773484992,303.87046419374644,5.avi
37,6,0.2460024600246002,434,443,107.49874,0,0.0,0.5382260680198669,1,0,429.1894,438.2025,439.13995,449.0058,107.49874,0.0,0.0,0.0,0.0,5.avi
29,7,0.2870028700287003,467,606,333.8616,0,140.7853223201461,0.4686878025531769,13,0,457.73495,597.2959,476.54318,615.04675,333.8616,-368.79083,95.26645,3.846150374789947,194.18300103621507,5.avi
30,7,0.2870028700287003,986,973,342.09253,0,140.54835382430156,0.2554595470428467,13,0,977.1897,964.18756,995.5891,982.7802,342.09253,-139.68854,-7.815278,4.307152650631673,153.60742205125393,5.avi
32,7,0.2870028700287003,1150,578,6724.8535,0,363.8918136903783,0.8778814673423767,9,0,1107.7792,539.238,1192.663,618.4622,6724.8535,-206.93973,106.82843,9.640584538311495,225.66229311049088,5.avi
29,8,0.3280032800328003,439,618,348.94556,0,560.9857037246497,0.5435808897018433,15,0,430.3683,609.3604,449.42603,627.67035,348.94556,-482.62885,174.51306,15.239777543733773,211.32364768659536,5.avi
30,8,0.3280032800328003,977,974,313.36722,0,132.30304683219455,0.4532261490821838,15,0,968.9323,965.68506,986.1995,983.8331,313.36722,-168.76659,7.1700315,3.756442117538446,192.86748191125065,5.avi
32,8,0.3280032800328003,1129,588,6705.0757,0,493.6670951065892,0.8187595009803772,11,0,1087.4336,548.1834,1170.9011,628.51495,6705.0757,-335.45587,159.16995,13.600334016689953,200.53130728028324,5.avi
29,9,0.3690036900369003,424,616,348.90268,0,367.1274734769944,0.5061795711517334,17,0,414.72824,607.7482,433.66812,626.16986,348.90268,-444.1888,92.61876,10.423849493081311,68.08299610824986,5.avi
30,9,0.3690036900369003,968,976,277.6928,0,105.50540854684893,0.5527123212814331,17,0,960.2019,967.89746,976.3634,985.07983,277.6928,-190.98775,20.666115,2.8107455569749327,199.6885563263167,5.avi
32,9,0.3690036900369003,1104,611,6757.0596,0,723.6994670924046,0.871433675289154,13,0,1063.3021,570.66345,1146.4991,651.881,6757.0596,-437.31937,318.0465,19.755440465131706,234.70802255738468,5.avi
38,9,0.3690036900369003,295,285,260.1993,0,0.0,0.6399983167648315,1,0,287.81857,276.59586,302.69577,294.08566,260.1993,0.0,0.0,0.0,0.0,5.avi
39,9,0.3690036900369003,907,5,411.9121,0,0.0,0.5152574777603149,1,0,887.5679,0.0,927.60254,10.288885,411.9121,0.0,0.0,0.0,0.0,5.avi
29,10,0.4100041000410004,411,611,411.73636,0,408.7447723579765,0.6310039162635803,19,0,401.56857,601.1363,421.33292,621.96857,411.73636,-392.76346,6.000992,10.969330846488058,62.80191143391761,5.avi
30,10,0.4100041000410004,955,978,257.72818,0,194.41356765066544,0.6315426230430603,19,0,947.79584,970.33624,963.27655,986.98456,257.72818,-237.25049,33.130173,5.492379816318394,186.94440196411,5.avi
32,10,0.4100041000410004,1067,641,6984.4683,0,978.7442858762454,0.8930081725120544,15,0,1025.5748,600.4212,1110.027,683.1246,6984.4683,-618.81836,483.36652,26.024895023114528,219.88302697578345,5.avi
39,10,0.4100041000410004,908,8,1171.4451,0,98.26304731001952,0.7350375652313232,3,0,875.07574,0.11745453,942.77765,17.420443,1171.4451,4.668704,12.614022,2.885526490976437,278.2649109657259,5.avi
40,10,0.4100041000410004,284,303,211.98064,0,0.0,0.7400652766227722,1,0,277.5286,296.11084,291.14493,311.67896,211.98064,0.0,0.0,0.0,0.0,5.avi
29,11,0.4510045100451004,404,606,399.14047,0,398.2589208778649,0.5098389387130737,21,0,394.5035,596.01337,413.9094,616.58136,399.14047,-309.36212,-45.787327,10.41592771849634,33.82732340593634,5.avi
30,11,0.4510045100451004,945,979,269.90506,0,12.85012189424711,0.3263520002365112,21,0,937.55066,971.58923,954.20996,987.79065,269.90506,-236.57748,30.034887,1.3007864636955364,128.44819820905116,5.avi
32,11,0.4510045100451004,1047,639,7047.1294,0,871.7922056056144,0.874614953994751,17,0,1004.8502,598.52734,1091.1385,680.1969,7047.1294,-566.44226,274.1667,23.048910745243624,78.56161340976706,5.avi
39,11,0.4510045100451004,908,11,1736.0157,0,75.93366403019857,0.5991191864013672,5,0,868.4436,1.0841627,949.28674,22.558056,1736.0157,0.27568293,56.645298,2.046340194573697,236.88019010233472,5.avi
41,11,0.4510045100451004,281,329,210.19759,0,0.0,0.6378847360610962,1,0,275.29962,321.493,288.52734,337.3837,210.19759,0.0,0.0,0.0,0.0,5.avi
29,12,0.4920049200492005,395,597,393.40393,0,320.4860409279524,0.644206166267395,23,0,386.25555,586.9209,405.37445,607.49756,393.40393,-268.95108,-113.67177,8.194517547139267,64.88919826549983,5.avi
42,12,0.4920049200492005,280,373,431.7895,0,0.0,0.6801992058753967,1,0,270.77872,362.1156,290.21378,384.33264,431.7895,0.0,0.0,0.0,0.0,5.avi
43,12,0.4920049200492005,1067,591,7377.937,0,0.0,0.8295674920082092,1,0,1023.197,550.52136,1112.6355,633.01306,7377.937,0.0,0.0,0.0,0.0,5.avi
42,13,0.5330053300533005,282,386,299.74677,0,346.0059307201344,0.3170225024223327,3,0,274.74503,377.47897,291.15964,395.73996,299.74677,8.547709,46.58373,12.864072329689034,276.712973395997,5.avi
43,13,0.5330053300533005,1104,560,6869.941,0,1225.8988842641636,0.8070957064628601,3,0,1058.2726,523.7722,1151.2999,597.62085,6869.941,128.31519,-108.13229,48.07485893993666,41.35987405745448,5.avi
43,14,0.5740057400574006,1116,522,3755.1558,0,1032.544898061127,0.7780719995498657,5,0,1083.3003,493.70444,1149.228,550.663,3755.1558,236.29988,-700.0729,34.77632416112468,80.14398821002828,5.avi
44,14,0.5740057400574006,1078,508,1254.2698,0,0.0,0.8342548608779907,1,0,1060.2051,492.10077,1097.3516,525.8663,1254.2698,0.0,0.0,0.0,0.0,5.avi
45,15,0.6150061500615006,346,486,1441.7897,0,0.0,0.7120431661605835,1,0,326.03363,468.65222,367.43512,503.4768,1441.7897,0.0,0.0,0.0,0.0,5.avi
46,15,0.6150061500615006,1064,461,6817.1973,0,0.0,0.8802564144134521,1,0,1018.593,424.69305,1111.3513,498.18726,6817.1973,0.0,0.0,0.0,0.0,5.avi
45,16,0.6560065600656007,351,490,1038.226,0,172.4215950989642,0.6610087156295776,3,0,333.70013,476.16473,370.25415,504.56726,1038.226,18.245888,14.970031,5.803757871951213,317.30522099536154,5.avi
47,16,0.6560065600656007,914,984,423.71133,0,0.0,0.5043043494224548,1,0,904.2311,974.9158,925.27893,995.04663,423.71133,0.0,0.0,0.0,0.0,5.avi
48,16,0.6560065600656007,1016,428,7411.647,0,0.0,0.9155436158180236,1,0,972.0796,387.12732,1060.7438,470.71967,7411.647,0.0,0.0,0.0,0.0,5.avi
45,17,0.6970069700697007,346,495,1088.3693,0,223.30732735935237,0.7453328371047974,5,0,328.74454,480.20972,364.59305,510.56995,1088.3693,-86.951096,91.57074,7.835231648487056,210.8703344870399,5.avi
47,17,0.6970069700697007,900,987,268.68558,0,362.9095627702444,0.4180216789245605,3,0,892.5689,979.3906,908.88715,995.85596,268.68558,-48.81681,9.194975,14.892471849906569,187.7909074700448,5.avi
48,17,0.6970069700697007,1009,408,7871.111,0,550.3071407802116,0.8523069620132446,3,0,963.0033,366.37744,1056.987,450.12708,7871.111,-22.3308,-71.94016,22.1974225421978,109.50555937020044,5.avi
45,18,0.7380073800738007,354,499,1014.7794,0,352.2842803523632,0.3826602101325989,7,0,336.81113,485.51102,371.87723,514.4501,1014.7794,63.668,102.77647,10.897195107434271,0.7585011758472433,5.avi
49,18,0.7380073800738007,646,1017,211.23036,0,0.0,0.5752130746841431,1,0,637.7876,1010.8429,654.27795,1023.6522,211.23036,0.0,0.0,0.0,0.0,5.avi
50,18,0.7380073800738007,966,359,5933.6455,0,0.0,0.7908505797386169,1,0,928.7902,319.84692,1003.231,399.55652,5933.6455,0.0,0.0,0.0,0.0,5.avi
45,19,0.7790077900779008,376,512,1132.4038,0,713.5286343152226,0.5423489212989807,9,0,358.0017,496.9008,394.5443,527.8894,1132.4038,273.28088,191.75764,20.582883341268506,337.71413659054684,5.avi
49,19,0.7790077900779008,647,1017,251.0386,0,45.96350863124042,0.4499433040618896,3,0,636.6025,1012.2608,658.8287,1023.5555,251.0386,5.8564606,2.2988966,0.99840260304401,14.35651337930932,5.avi
50,19,0.7790077900779008,950,385,6678.417,0,764.4000484325976,0.872298538684845,3,0,910.24005,344.41858,991.2946,426.81262,6678.417,-53.049862,90.18564,29.93898574124101,237.6713484700296,5.avi
45,20,0.8200082000820008,382,517,1036.7747,0,191.74425863037004,0.7403161525726318,11,0,365.84683,502.54318,399.64163,533.2217,1036.7747,227.00087,168.53874,6.372895965943488,149.26271488760943,5.avi
50,20,0.8200082000820008,933,397,6665.3315,0,520.4575895598849,0.8873770833015442,5,0,892.42664,356.70038,973.98083,438.42926,6665.3315,-320.34143,233.511,17.384052549155474,206.2425300874627,5.avi
45,21,0.8610086100861009,383,521,1114.9221,0,357.5696673502201,0.7446727752685547,13,0,365.6059,505.34738,400.8294,537.0001,1114.9221,143.55438,134.35365,9.813815338183725,157.2658731226877,5.avi
49,21,0.8610086100861009,661,1020,124.719894,0,344.9352787652861,0.2022751420736313,6,0,653.79706,1016.67725,670.0655,1024.3436,124.719894,110.41351,20.269768,12.69366211067193,351.80639110604653,5.avi
50,21,0.8610086100861009,909,426,3973.771,0,701.8721866489384,0.6742057204246521,7,0,879.2728,393.4741,938.9829,460.02512,3973.771,-466.9582,496.2907,21.86957691757685,239.5913860274944,5.avi
51,21,0.8610086100861009,955,440,361.45728,0,0.0,0.6546144485473633,1,0,946.0799,431.33868,964.91315,450.5312,361.45728,0.0,0.0,0.0,0.0,5.avi
52,21,0.8610086100861009,935,457,471.9406,0,0.0,0.7789114117622375,1,0,924.85986,446.2616,945.67285,468.9369,471.9406,0.0,0.0,0.0,0.0,5.avi
53,21,0.8610086100861009,946,416,751.00854,0,0.0,0.8098028302192688,1,0,933.23975,403.16217,960.56067,430.65057,751.00854,0.0,0.0,0.0,0.0,5.avi
50,22,0.9020090200902008,919,435,4942.681,0,1096.3024403145278,0.8867460489273071,9,0,885.9605,398.65515,953.8366,471.4743,4942.681,-142.35526,365.7277,31.438425592768585,22.63174143568267,5.avi
54,22,0.9020090200902008,336,530,1214.0403,0,0.0,0.6331468224525452,1,0,318.0003,514.8644,355.95905,546.84753,1214.0403,0.0,0.0,0.0,0.0,5.avi
49,23,0.9430094300943008,685,1020,104.50225,0,293.6304301691512,0.202444240450859,9,0,677.51416,1017.61487,694.33826,1023.8263,104.50225,173.69176,6.3973637,9.95179933529541,17.566272803043603,5.avi
50,23,0.9430094300943008,905,446,6373.087,0,333.97739653973844,0.6583682298660278,11,0,866.3392,405.6663,945.0992,486.58414,6373.087,-223.9253,327.25873,9.929768387018967,155.86778367651516,5.avi
52,23,0.9430094300943008,915,452,660.6342,0,494.53599952003617,0.2565106153488159,4,0,903.3196,439.8511,928.5381,466.04752,660.6342,-95.76362,-23.02744,21.025621683115308,164.55544710886613,5.avi
54,23,0.9430094300943008,330,532,1186.2673,0,182.6858922160992,0.7972997426986694,3,0,312.89618,515.2856,347.1286,549.9389,1186.2673,-24.247633,6.112188,7.072814256689109,189.3086123831031,5.avi
54,24,0.984009840098401,324,529,1066.3613,0,158.5311459674542,0.7108978629112244,5,0,309.2581,512.44946,340.61026,546.4618,1066.3613,-95.1853,-53.06955,6.332784768855507,142.41214923152643,5.avi
55,24,0.984009840098401,835,478,8015.1685,0,0.0,0.83722984790802,1,0,790.7296,434.10706,880.026,523.8662,8015.1685,0.0,0.0,0.0,0.0,5.avi
49,25,1.025010250102501,717,1015,399.4575,0,327.90982188335454,0.3425111472606659,12,0,701.95154,1009.0362,732.5719,1022.0817,399.4575,234.12944,-29.65777,11.688486491736205,33.83063556275539,5.avi
54,25,1.025010250102501,316,526,1089.9775,0,130.85228197979328,0.2210098206996917,7,0,302.08932,508.14026,331.73892,544.9022,1089.9775,-150.35742,-63.23336,5.19171784790114,165.72989450558748,5.avi
56,25,1.025010250102501,772,477,6453.2227,0,0.0,0.8758900165557861,1,0,731.3502,438.32043,814.2892,516.1273,6453.2227,0.0,0.0,0.0,0.0,5.avi
49,26,1.066010660106601,718,1015,460.46976,0,308.0141262770824,0.4631764888763428,14,0,702.8248,1007.8291,734.62866,1022.3075,460.46976,174.29085,-24.322002,8.88547112772255,184.24065409549115,5.avi
57,26,1.066010660106601,715,502,7058.14,0,0.0,0.8735984563827515,1,0,671.5722,461.6607,758.74567,542.6273,7058.14,0.0,0.0,0.0,0.0,5.avi
49,27,1.107011070110701,715,1015,473.70477,0,421.05823619144064,0.5063815116882324,16,0,699.2428,1008.1132,731.2744,1022.9019,473.70477,80.39333,-11.614444,10.912348793957838,184.8831093550735,5.avi
58,27,1.107011070110701,656,479,8722.865,0,0.0,0.8627657890319824,1,0,610.7269,432.00568,702.0519,527.52026,8722.865,0.0,0.0,0.0,0.0,5.avi
58,28,1.1480114801148011,602,477,8238.371,0,1362.5172772849758,0.803518533706665,3,0,555.3269,434.48953,650.34204,521.1954,8238.371,-186.38219,-6.6838555,54.45953821717489,177.09188665452302,5.avi
49,29,1.189011890118901,709,1019,360.8764,0,457.05175164046574,0.3414579927921295,19,0,694.3072,1013.2396,724.8403,1025.0588,360.8764,-21.403496,21.527702,16.880317264402755,196.9492280084705,5.avi
58,29,1.189011890118901,596,441,7386.9966,0,1078.455785277027,0.7874472737312317,5,0,553.176,398.47238,639.2156,484.32816,7386.9966,-168.95932,-634.9054,36.57732939175704,88.73539620745998,5.avi
49,30,1.2300123001230012,702,1020,252.0958,0,219.7238818671888,0.1941786706447601,21,0,689.617,1015.57605,716.03986,1025.1168,252.0958,-64.706215,23.849316,6.696242787508759,179.72738883224258,5.avi
59,30,1.2300123001230012,657,443,10957.77,0,0.0,0.8291566967964172,1,0,606.1184,389.42957,708.1492,496.8263,10957.77,0.0,0.0,0.0,0.0,5.avi
59,31,1.2710127101271012,676,411,9814.065,0,949.1407498424306,0.8055490255355835,3,0,632.2639,355.7181,720.70264,466.6884,9814.065,67.340225,-111.10444,37.2577210943341,59.57762832507569,5.avi
59,32,1.3120131201312013,681,403,7936.0728,0,108.51588106685966,0.8478959798812866,5,0,641.8387,353.92142,721.3112,453.78067,7936.0728,107.823,-159.68489,4.048447150875361,64.29856413880475,5.avi
59,33,1.3530135301353012,670,403,9686.203,0,512.7180561967319,0.8976491093635559,7,0,626.3342,349.24298,715.38477,458.015,9686.203,-94.99884,-74.92986,16.979662027780453,199.6009014864268,5.avi
58,34,1.3940139401394014,504,54,1302.0879,0,297.6263070522222,0.2736706733703613,11,0,487.39294,34.625103,520.6139,73.8199,1302.0879,-149.17885,-629.3471,12.110955233380448,345.3137006161348,5.avi
60,34,1.3940139401394014,619,461,9631.119,0,0.0,0.892850399017334,1,0,572.0717,410.31232,666.2548,512.57184,9631.119,0.0,0.0,0.0,0.0,5.avi
58,35,1.435014350143501,499,50,1028.674,0,858.1925021603062,0.1539339125156402,13,0,485.33826,32.46831,514.5176,67.72188,1028.674,-138.24582,-513.2285,21.609670014009566,272.952245816432,5.avi
60,35,1.435014350143501,627,467,7508.9644,0,253.08503679232788,0.8691589832305908,3,0,586.3611,421.35645,667.9701,513.368,7508.9644,27.849617,20.603264,9.607541469551602,324.65518555821114,5.avi
60,36,1.4760147601476017,641,464,7562.5723,0,413.53368838168,0.862569272518158,5,0,599.12054,419.6065,684.02484,508.67828,7562.5723,258.26028,-49.996513,13.37160528771936,18.33785592814087,5.avi
60,37,1.5170151701517014,624,470,7535.3613,0,920.5849735754724,0.9055543541908264,7,0,582.49963,425.67517,665.66064,516.28687,7535.3613,-118.02353,69.107414,29.25060888542068,195.6842172233605,5.avi
49,38,1.5580155801558015,586,1016,304.56705,0,1083.049332850207,0.6408443450927734,30,0,574.0844,1010.2254,599.2779,1022.3145,304.56705,-81.17551,-7.4922504,44.9296160566614,118.3297020754904,5.avi
60,38,1.5580155801558015,590,489,7042.537,0,1133.0518048777851,0.8980420231819153,9,0,550.1072,445.97693,630.1046,534.0115,7042.537,-434.1532,244.6644,32.94913779606623,207.4438054788301,5.avi
61,38,1.5580155801558015,296,567,1170.4578,0,0.0,0.6196714639663696,1,0,282.16632,547.23566,311.6756,586.8997,1170.4578,0.0,0.0,0.0,0.0,5.avi
49,39,1.5990159901599017,575,1012,410.12274,0,341.98496751653903,0.1842106431722641,32,0,562.1267,1004.7927,588.71985,1020.21484,410.12274,-126.674255,-27.339382,9.245245325303166,154.6194958198571,5.avi
60,39,1.5990159901599017,551,482,7658.9683,0,983.9952848409314,0.8555403351783752,11,0,509.6371,436.7787,593.9282,527.64197,7658.9683,-634.81134,70.47885,27.907725205885477,139.76696397668735,5.avi
61,39,1.5990159901599017,307,576,1205.7092,0,371.879296783093,0.6694918274879456,3,0,292.49994,557.12366,322.9001,596.7849,1205.7092,37.513256,34.407444,13.46748884634893,318.4517899821652,5.avi
60,40,1.6400164001640016,525,454,7034.1353,0,1130.1847523991523,0.8522757887840271,13,0,485.24368,411.55237,566.3299,498.3012,7034.1353,-634.51215,-214.54785,31.109141713670667,91.39090424376523,5.avi
61,40,1.6400164001640016,327,563,1253.7401,0,696.2568180131085,0.4036669731140136,5,0,311.8859,542.51227,342.15866,583.92706,1253.7401,346.41577,-228.65854,23.485509714015784,40.86150059942713,5.avi
60,41,1.6810168101681016,510,440,7079.733,0,458.5029667585159,0.8888903856277466,15,0,469.32745,398.01068,551.93665,483.71216,7079.733,-532.5154,-264.03033,11.924815989601353,30.93564248461041,5.avi
61,41,1.6810168101681016,348,543,1255.6772,0,393.2360288411939,0.2501081526279449,7,0,333.21536,522.52185,363.28006,564.2877,1255.6772,440.51227,-368.54898,12.786651735549125,58.007169538258665,5.avi
60,42,1.7220172201722015,502,444,7507.125,0,740.5608191050794,0.8961201906204224,17,0,459.09985,400.53137,545.16925,487.7531,7507.125,-407.1483,-131.42163,19.216280941900287,313.39190524425726,5.avi
60,43,1.7630176301763016,493,460,7177.1626,0,880.7017524061259,0.8710929155349731,19,0,451.57178,417.82336,536.23865,502.59277,7177.1626,-327.4961,70.47952,22.550614695381626,289.5839431954635,5.avi
60,44,1.8040180401804016,494,473,7006.0083,0,683.7633509271302,0.8988596796989441,21,0,452.82416,432.13675,536.6432,515.7217,7006.0083,-193.28899,172.44815,16.76026838522867,323.7849905328418,5.avi
62,45,1.8450184501845015,579,540,832.60315,0,0.0,0.8057631850242615,1,0,563.78375,527.16455,595.8802,553.1052,832.60315,0.0,0.0,0.0,0.0,5.avi
63,45,1.8450184501845015,567,510,890.7547,0,0.0,0.7722910046577454,1,0,552.2057,495.75055,582.4083,525.24316,890.7547,0.0,0.0,0.0,0.0,5.avi
64,45,1.8450184501845015,1059,655,252.10938,0,0.0,0.6539907455444336,1,0,1052.123,647.59033,1067.5508,663.93164,252.10938,0.0,0.0,0.0,0.0,5.avi
65,45,1.8450184501845015,488,142,1330.0295,0,0.0,0.6297858357429504,1,0,468.92847,125.4877,508.10437,159.4379,1330.0295,0.0,0.0,0.0,0.0,5.avi
60,46,1.8860188601886017,503,492,3806.9092,0,914.741345502797,0.5002516508102417,24,0,472.70135,461.58774,534.72797,522.96313,3806.9092,19.015045,153.87843,32.194650169064666,5.598008173435176,5.avi
63,46,1.8860188601886017,538,492,9502.04,0,858.306567438488,0.3869991600513458,3,0,485.31186,448.26898,591.6011,537.66693,9502.04,-100.40566,-61.0042,34.65594259390234,147.7422923514183,5.avi
64,46,1.8860188601886017,1050,664,266.19418,0,332.35879193710133,0.5428708791732788,3,0,1042.1921,656.2102,1058.1399,672.90186,266.19418,-33.656563,30.60862,12.831454498939449,219.948221567606,5.avi
65,46,1.8860188601886017,487,144,1017.67566,0,51.91023851617072,0.7900142669677734,3,0,472.57425,127.93552,503.4116,160.93695,1017.67566,-1.8218786,6.8679585,2.1592849809722803,225.389940370636,5.avi
64,47,1.9270192701927016,1041,672,232.73555,0,295.36665540252216,0.6252464652061462,5,0,1034.4004,665.096,1049.3174,680.69806,232.73555,-153.97885,153.68956,9.946250826500428,218.4804170265664,5.avi
65,47,1.9270192701927016,492,151,870.24133,0,247.4150789227574,0.7950311899185181,5,0,478.42856,136.2697,507.03458,166.69133,870.24133,81.78346,124.33248,7.491780925515388,303.0134129894301,5.avi
66,47,1.9270192701927016,410,453,2128.6738,0,0.0,0.8354616165161133,1,0,386.8089,431.2021,433.98364,476.32526,2128.6738,0.0,0.0,0.0,0.0,5.avi
67,47,1.9270192701927016,547,963,466.41528,0,0.0,0.6484991908073425,1,0,537.1735,952.6072,558.3404,974.64233,466.41528,0.0,0.0,0.0,0.0,5.avi
64,48,1.968019680196802,1033,678,227.46503,0,74.64512184150539,0.5673148036003113,7,0,1025.8374,671.0247,1040.563,686.4716,227.46503,-185.40785,147.65701,2.813615590943556,154.7913348945375,5.avi
65,48,1.968019680196802,489,162,745.57166,0,276.9415878907737,0.8135561943054199,7,0,476.58023,148.21672,502.543,176.93367,745.57166,-5.624687,204.6909,8.921273076243045,217.42614131042268,5.avi
68,48,1.968019680196802,405,386,7033.091,0,0.0,0.8896123766899109,1,0,365.22314,342.32147,445.07324,430.40015,7033.091,0.0,0.0,0.0,0.0,5.avi
69,48,1.968019680196802,524,972,557.63275,0,0.0,0.5919342637062073,1,0,513.551,959.7924,535.4586,985.2463,557.63275,0.0,0.0,0.0,0.0,5.avi
64,49,2.009020090200902,1025,684,229.45392,0,22.547323353643613,0.5284668207168579,9,0,1018.04364,676.47736,1033.0103,691.8084,229.45392,-186.1832,140.5031,1.0007846276094494,126.72103965431432,5.avi
70,49,2.009020090200902,466,201,1043.3745,0,0.0,0.7263451218605042,1,0,450.26636,184.95312,481.96503,217.86853,1043.3745,0.0,0.0,0.0,0.0,5.avi
71,49,2.009020090200902,500,983,383.52997,0,0.0,0.6929014921188354,1,0,490.92163,973.32825,509.987,993.4448,383.52997,0.0,0.0,0.0,0.0,5.avi
72,49,2.009020090200902,419,333,7077.985,0,0.0,0.8647172451019287,1,0,376.04028,293.002,463.72668,373.7213,7077.985,0.0,0.0,0.0,0.0,5.avi
72,50,2.050020500205002,439,303,6402.5146,0,918.526708497956,0.8885074853897095,3,0,401.27448,261.64545,478.29315,344.77478,6402.5146,69.25726,-104.93356,35.878570458261215,57.80438367803629,5.avi
71,51,2.091020910209102,483,990,414.36435,0,467.32238373096186,0.536480188369751,4,0,472.63593,980.48157,493.4342,1000.40454,414.36435,-86.263985,34.94534,18.66523585110748,200.75176791138412,5.avi
73,51,2.091020910209102,501,277,5611.398,0,0.0,0.8965796232223511,1,0,464.38452,239.39484,538.1982,315.41595,5611.398,0.0,0.0,0.0,0.0,5.avi
73,52,2.132021320213202,517,241,7709.6562,0,1011.3452111300762,0.8816078305244446,3,0,471.136,199.74008,564.2085,282.57504,7709.6562,57.008945,-126.149864,39.64989868188145,66.66017307803344,5.avi
73,53,2.173021730217302,502,228,8536.353,0,556.6724217616488,0.8563263416290283,5,0,455.7412,183.43329,549.78564,274.2026,8536.353,-242.54889,-250.64417,19.700592484426483,156.08779190663608,5.avi
71,54,2.214022140221402,469,984,1015.3272,0,416.06961658157945,0.2465552985668182,8,0,452.84973,968.7745,486.05518,999.3516,1015.3272,-55.405853,-25.55714,16.668340464949104,64.46118367955575,5.avi
72,54,2.214022140221402,497,254,8926.282,0,726.0961333558269,0.7933391332626343,8,0,445.54205,211.30966,549.0526,297.54514,8926.282,141.53284,-119.22974,29.477032244822656,12.115877949342462,5.avi
74,55,2.2550225502255024,614,273,10132.91,0,0.0,0.8497317433357239,1,0,559.9478,226.57962,668.9278,319.55917,10132.91,0.0,0.0,0.0,0.0,5.avi
75,56,2.2960229602296023,680,263,8523.142,0,0.0,0.8262895345687866,1,0,633.03394,218.20135,727.88306,308.06134,8523.142,0.0,0.0,0.0,0.0,5.avi
75,57,2.337023370233702,670,298,8304.042,0,945.543330612448,0.8536484837532043,3,0,628.30585,249.58936,712.4571,348.26935,8304.042,-35.07009,124.58442,36.40333853937419,253.30392100620355,5.avi
75,58,2.378023780237802,652,292,8310.491,0,603.0692400392895,0.8725515007972717,5,0,604.73914,248.89748,699.6813,336.42966,8310.491,-325.72086,-72.97228,20.784214677365835,144.6086258992779,5.avi
74,59,2.4190241902419025,634,269,9293.488,0,511.9353262157391,0.7918854355812073,6,0,582.196,225.10806,687.7941,313.11618,9293.488,48.598736,-9.35527,19.98097740506592,11.751276250300066,5.avi
75,59,2.4190241902419025,655,279,5587.123,0,597.3001799582024,0.2884598076343536,7,0,617.666,242.2507,692.50256,316.90836,5587.123,-108.25867,-208.20493,19.352749841037603,33.46519027754721,5.avi
76,59,2.4190241902419025,1027,724,319.8686,0,0.0,0.523844301700592,1,0,1017.80396,716.3683,1038.0017,732.2051,319.8686,0.0,0.0,0.0,0.0,5.avi
77,60,2.4600246002460024,493,994,506.571,0,0.0,0.5631796717643738,1,0,482.66782,983.18567,505.0403,1005.82825,506.571,0.0,0.0,0.0,0.0,5.avi
78,60,2.4600246002460024,663,217,8139.6533,0,0.0,0.9401746988296508,1,0,617.5775,173.98962,710.1913,261.87778,8139.6533,0.0,0.0,0.0,0.0,5.avi
77,61,2.5010250102501024,483,996,416.91837,0,264.1456547533459,0.5425914525985718,3,0,473.9145,985.7848,493.39557,1007.1859,416.91837,-35.494743,6.8852787,10.956272182759037,187.83222673163712,5.avi
78,61,2.5010250102501024,684,173,7412.5186,0,1257.6803778586,0.8799373507499695,3,0,642.14484,129.59166,727.35956,216.57796,7412.5186,72.6241,-156.08334,49.230832138870255,65.88323044577157,5.avi
72,62,2.5420254202542023,725,126,7413.741,0,1270.971897277296,0.8032814264297485,17,0,678.0015,87.84793,773.3348,165.61447,7413.741,157.42735,-79.80124,51.137861132500895,291.5674596780964,5.avi
77,62,2.5420254202542023,478,996,566.8623,0,99.12049501188056,0.5929760336875916,5,0,467.50198,983.6805,490.39938,1008.4371,566.8623,-91.92911,-5.4271526,4.269316732129658,169.6416709654095,5.avi
79,62,2.5420254202542023,754,114,993.9422,0,0.0,0.6975212097167969,1,0,737.82935,99.54463,770.67395,129.8066,993.9422,0.0,0.0,0.0,0.0,5.avi
77,63,2.5830258302583027,470,991,485.18137,0,207.69505844816663,0.7565648555755615,7,0,459.81598,979.77716,481.4276,1002.2271,485.18137,-153.02878,-70.20303,7.087855388433411,136.97416453187589,5.avi
80,63,2.5830258302583027,800,55,1233.1494,0,0.0,0.8239721059799194,1,0,782.22156,38.342316,818.2903,72.5312,1233.1494,0.0,0.0,0.0,0.0,5.avi
81,63,2.5830258302583027,765,72,932.38434,0,0.0,0.6794396042823792,1,0,751.06836,56.231705,779.0691,89.53027,932.38434,0.0,0.0,0.0,0.0,5.avi
82,63,2.5830258302583027,788,97,985.74646,0,0.0,0.7180403470993042,1,0,772.4568,81.81612,804.5243,112.55585,985.74646,0.0,0.0,0.0,0.0,5.avi
77,64,2.6240262402624026,463,988,498.62354,0,39.222353706690726,0.587165355682373,9,0,452.2298,976.8777,474.16998,999.6041,498.62354,-165.48161,-68.93217,1.3532375725095225,174.7518763844098,5.avi
80,64,2.6240262402624026,785,55,8211.002,0,383.3344245755547,0.7195025086402893,3,0,741.9849,7.8952675,828.373,102.943115,8211.002,-52.47096,-0.06113003,15.262170995033363,178.36014811157622,5.avi
82,64,2.6240262402624026,800,76,506.17575,0,619.3030299618911,0.3167611956596374,3,0,789.5394,64.9827,812.1278,87.39139,506.17575,42.95648,-73.08062,24.110443848344087,61.48661139584499,5.avi
77,65,2.6650266502665025,463,986,457.36362,0,259.4702823472724,0.7217480540275574,11,0,452.89984,975.9335,474.00433,997.60486,457.36362,-96.67815,-55.688633,6.6108937751192505,354.92039213998544,5.avi
80,65,2.6650266502665025,798,46,8651.088,0,540.9512488891828,0.8957204222679138,5,0,752.0,0.62197876,845.8861,92.76649,8651.088,223.971,-151.56555,17.68743313673106,32.16736521090792,5.avi
82,65,2.6650266502665025,823,69,716.5621,0,617.7875209121054,0.1958537250757217,5,0,809.61694,56.252914,836.40845,82.998825,716.5621,397.6036,-134.99997,20.831039465925095,11.605734347080215,5.avi
72,66,2.7060270602706025,810,75,3121.0332,0,667.3919797651719,0.7639033794403076,22,0,779.0017,50.609776,841.02637,100.92897,3121.0332,211.20473,-129.34984,27.440005725260743,43.857756176660985,5.avi
77,66,2.7060270602706025,460,994,427.4292,0,377.31577768252606,0.7238081693649292,13,0,450.0818,984.0023,470.3783,1005.06165,427.4292,-89.670944,39.21014,9.52785229728419,273.0788879249969,5.avi
80,66,2.7060270602706025,794,39,5640.3545,0,441.75526080281696,0.6028224229812622,7,0,757.30194,0.9530449,830.77423,77.7215,5640.3545,35.196594,-166.87766,14.203293844463712,174.01893404779094,5.avi
77,67,2.747027470274703,452,1002,455.00522,0,266.47907611865423,0.5604066848754883,15,0,442.2576,991.2996,463.36996,1012.85114,455.00522,-124.79254,94.95647,7.421507502354215,232.1530570427323,5.avi
80,67,2.747027470274703,796,27,4563.8086,0,189.4539405042177,0.8120408654212952,9,0,759.6169,-3.8378315,833.5378,57.901237,4563.8086,47.090492,-226.15912,5.519657462810689,84.60610776683905,5.avi
80,68,2.7880278802788028,780,8,2157.0042,0,731.6692275070997,0.1997927874326706,11,0,745.8652,-6.746647,814.8359,24.527582,2157.0042,-130.44241,-312.87076,20.923382423794084,152.19783123471916,5.avi
83,0,0.0,450,161,484.64703,0,0.0,0.8327441215515137,1,0,440.2532,149.82773,460.93967,173.25595,484.64703,0.0,0.0,0.0,0.0,6.avi
84,0,0.0,1261,860,3373.1772,0,0.0,0.7133155465126038,1,0,1242.8436,814.0371,1279.4645,906.14795,3373.1772,0.0,0.0,0.0,0.0,6.avi
85,0,0.0,739,523,194.68422,0,0.0,0.701705813407898,1,0,732.9149,516.80066,747.0681,530.55615,194.68422,0.0,0.0,0.0,0.0,6.avi
86,0,0.0,190,674,206.92119,0,0.0,0.6401784420013428,1,0,183.44128,666.98737,197.45685,681.75104,206.92119,0.0,0.0,0.0,0.0,6.avi
83,1,0.2,440,174,399.10327,0,80.49895616370338,0.7987158894538879,3,0,430.53326,164.2663,450.91437,183.84833,399.10327,-39.411705,49.96198,16.35512784605908,229.61678080214585,6.avi
84,1,0.2,1238,853,7103.912,0,117.96378938085051,0.921855926513672,3,0,1198.1654,809.58234,1279.4564,896.9711,7103.912,-89.19432,-27.208652,24.215989136379477,162.96917149265687,6.avi
85,1,0.2,736,526,189.72743,0,22.91418609641083,0.6998887658119202,3,0,729.1214,519.4973,743.3005,532.8782,189.72743,-15.092089,10.017244,4.617575195901476,210.1836606167609,6.avi
86,1,0.2,186,674,193.5959,0,18.742475253909856,0.4755663573741913,3,0,179.67238,668.164,193.89995,681.77106,193.5959,-14.622383,2.3885734,4.464358809581593,175.2562316474506,6.avi
83,2,0.4,435,181,351.22842,0,20.793863853290013,0.823734700679779,5,0,426.4151,172.17508,445.33313,190.74088,351.22842,-25.52484,38.094128,3.736313695974451,54.70974249796154,6.avi
85,2,0.4,735,526,212.35239,0,16.18788254039144,0.4362722933292389,5,0,728.20605,519.6333,743.4894,533.5277,212.35239,-2.9334908,2.6414428,2.840510071762829,50.48147603485143,6.avi
86,2,0.4,183,675,190.82835,0,0.6083858115170426,0.6077138781547546,5,0,176.8423,668.7198,190.80147,682.3902,190.82835,-14.8046875,2.8909817,0.9699309230725012,152.67386646357852,6.avi
87,2,0.4,1192,904,7968.7827,0,0.0,0.8723980784416199,1,0,1149.6835,857.16907,1234.4164,951.21497,7968.7827,0.0,0.0,0.0,0.0,6.avi
83,3,0.6,430,185,365.20596,0,20.64186193139028,0.7756951451301575,7,0,420.95273,175.81825,440.0461,194.9456,365.20596,-26.55917,23.92503,4.148716144629303,100.68392780492434,6.avi
85,3,0.6,739,526,284.0708,0,23.895505311019427,0.3094663918018341,7,0,730.1115,519.3872,748.9792,534.44324,284.0708,13.495874,1.8991692,3.8998879298321927,16.517417011736427,6.avi
86,3,0.6,182,675,188.76459,0,8.199928915601404,0.6246638894081116,7,0,175.45973,668.9027,189.13185,682.7092,188.76459,-9.302328,1.6362159,1.6067160648523882,44.85186769480623,6.avi
87,3,0.6,1201,954,8745.724,0,259.1829065476556,0.7513706684112549,3,0,1152.2198,910.39777,1251.1368,998.81256,8745.724,38.43671,201.25005,50.60572123050462,280.1868539958741,6.avi
83,4,0.8,427,186,479.40115,0,25.3752942958783,0.7379221320152283,9,0,416.51883,175.71692,438.87033,197.16519,479.40115,-16.936325,9.623595,4.544022404004255,66.49334862584374,6.avi
85,4,0.8,742,530,326.60095,0,20.233204128382383,0.4267353415489197,9,0,732.1712,522.7304,752.22015,539.02057,326.60095,13.30847,15.642327,2.715984324441276,264.83494732353114,6.avi
86,4,0.8,182,677,193.0456,0,12.023642466203851,0.3330757617950439,9,0,175.3902,670.2553,188.89993,684.54474,193.0456,-2.739687,6.498584,1.788702146863812,331.01537193618987,6.avi
88,4,0.8,1150,938,9176.657,0,0.0,0.816952645778656,1,0,1100.6669,892.8161,1200.0509,985.1514,9176.657,0.0,0.0,0.0,0.0,6.avi
83,5,1.0,439,194,670.57715,0,91.85711324710456,0.1957945227622985,11,0,424.0041,183.88107,454.32672,205.99585,670.57715,40.216354,34.90589,15.735934852301504,339.01958957989274,6.avi
85,5,1.0,743,532,264.87213,0,10.539772737386969,0.6995894908905029,11,0,734.8124,525.11456,752.09265,540.44257,264.87213,7.904579,10.928795,2.7323385898093946,132.82564510264706,6.avi
86,5,1.0,184,679,240.17975,0,17.420501080145883,0.1584321707487106,11,0,176.91006,671.4134,192.37106,686.94794,240.17975,8.967116,8.348327,2.421561680463379,352.8779839553039,6.avi
88,5,1.0,1105,940,11303.541,0,225.205044366556,0.8916642665863037,3,0,1051.397,888.1939,1160.1599,992.12225,11303.541,-177.96597,4.687886,45.370269325343,181.2834586897026,6.avi
83,6,1.2,462,204,838.6349,0,85.21808033471632,0.404343843460083,13,0,445.8311,191.20921,478.4211,216.9421,838.6349,97.589485,43.197998,14.936901912183968,351.9940431108744,6.avi
85,6,1.2,740,535,270.92282,0,27.303103114822072,0.4372937083244324,13,0,731.5075,527.456,748.9167,543.0181,270.92282,-10.638601,11.977771,5.033573905616185,180.40642999494096,6.avi
86,6,1.2,184,682,298.4303,0,12.506516423490591,0.1736229211091995,13,0,176.31734,673.7108,193.44203,691.1377,298.4303,2.98917,14.401578,2.691843909575242,205.28299223675197,6.avi
88,6,1.2,1072,922,9312.876,0,99.14265449859386,0.8834515810012817,5,0,1023.582,874.79504,1121.7328,969.67847,9312.876,-166.64597,-81.669205,19.18167544791849,84.57136982679981,6.avi
83,7,1.4,484,222,672.19867,0,59.09522116600552,0.7431902885437012,15,0,470.67096,210.63913,498.4024,234.8787,672.19867,108.71461,81.82532,9.579002931040693,284.2383671394658,6.avi
88,7,1.4,1064,904,7662.1387,0,139.3402020407137,0.8989118933677673,7,0,1019.3582,861.4287,1109.181,946.73145,7662.1387,-70.999794,-88.65926,24.745149384026803,4.410378929481624,6.avi
83,8,1.6,479,229,672.62836,0,159.33129658687906,0.782651424407959,17,0,466.14084,217.2066,493.4216,241.8624,672.62836,6.803047,44.944607,29.09762209755472,159.6391549507291,6.avi
88,8,1.6,1050,853,10162.814,0,184.28904808876925,0.5500094890594482,9,0,998.61444,804.8695,1102.5955,902.6067,10162.814,-68.94498,-213.83014,33.34827840966885,90.11975556240714,6.avi
89,8,1.6,1069,824,622.93713,0,0.0,0.7258771657943726,1,0,1056.7073,811.9967,1081.854,836.7688,622.93713,0.0,0.0,0.0,0.0,6.avi
90,8,1.6,1037,816,848.2866,0,0.0,0.7077736854553223,1,0,1022.8428,801.8551,1052.2971,830.65515,848.2866,0.0,0.0,0.0,0.0,6.avi
83,9,1.8,473,239,688.16003,0,41.540602347448896,0.5435793995857239,19,0,459.67764,227.74928,488.1478,251.92055,688.16003,-20.999702,49.98857,8.155751398600506,183.3499620764563,6.avi
85,9,1.8,717,543,452.76843,0,56.87349428159216,0.2620976269245147,17,0,705.5556,534.36694,730.1268,552.7937,452.76843,-19.85513,6.1912956,12.361676001027336,147.6730065174536,6.avi
86,9,1.8,197,688,224.738,0,70.47641711288402,0.1715952008962631,17,0,190.13405,681.19727,204.74236,696.58154,224.738,11.598211,4.021905,14.486218408714867,53.9093842382793,6.avi
88,9,1.8,1036,811,10439.456,0,4.419426233245247,0.8703852891921997,11,0,983.5687,762.2857,1089.2992,861.0223,10439.456,-70.41456,-211.20699,0.816518693691267,181.96194538549744,6.avi
88,10,2.0,1037,801,10935.613,0,199.2266306206669,0.6406263113021851,13,0,984.6268,749.74194,1091.2886,852.26807,10935.613,-10.3910675,-89.70103,34.818888744049744,294.87991260958785,6.avi
90,10,2.0,1024,809,464.45215,0,72.13601775019715,0.1887431889772415,4,0,1013.6435,799.27893,1035.7504,820.2883,464.45215,-21.103271,-10.608993,15.38766744487292,151.86895925322642,6.avi
91,11,2.2,1058,843,7613.111,0,0.0,0.869921088218689,1,0,1014.62415,799.6362,1102.1962,886.57166,7613.111,0.0,0.0,0.0,0.0,6.avi
92,12,2.4,1058,902,11527.931,0,0.0,0.9202187061309814,1,0,1000.2544,852.7251,1116.2812,952.0808,11527.931,0.0,0.0,0.0,0.0,6.avi
85,13,2.6,701,548,373.33478,0,124.7656064975524,0.2545619308948517,22,0,691.261,539.2204,712.3091,556.9577,373.33478,-5.7189264,1.4856663,24.215767599409133,19.19797907518944,6.avi
92,13,2.6,1095,880,9974.727,0,217.52674624663447,0.9196790456771852,3,0,1043.3125,832.8252,1147.5869,928.4835,9974.727,148.43076,-86.8207,43.02493734552591,31.37901384879234,6.avi
92,14,2.8,1130,865,10018.515,0,28.46658636084005,0.9117624163627625,5,0,1079.5737,815.98016,1180.6521,915.0964,10018.515,171.22142,-76.526695,5.155885641995119,340.63306740679667,6.avi
91,15,3.0,1097,835,9783.029,0,198.07574437590907,0.9011600613594056,6,0,1047.878,785.7623,1146.6124,884.8467,9783.029,19.858028,-3.9881887,39.431585445013056,11.859886744938535,6.avi
91,16,3.2,1118,837,10227.87,0,101.14202585287786,0.5584542751312256,8,0,1067.9207,787.1107,1169.707,887.59436,10227.87,92.39711,7.7421103,16.967364846668453,351.5506419697223,6.avi
93,16,3.2,1110,899,630.5433,0,0.0,0.6800393462181091,1,0,1098.3612,885.99316,1122.2562,912.3812,630.5433,0.0,0.0,0.0,0.0,6.avi
94,16,3.2,1144,871,1133.3132,0,0.0,0.5559911131858826,1,0,1125.947,855.77747,1162.6042,886.694,1133.3132,0.0,0.0,0.0,0.0,6.avi
95,17,3.4,395,279,1115.69,0,0.0,0.5127472281455994,1,0,378.66113,263.0816,412.35376,296.19537,1115.69,0.0,0.0,0.0,0.0,6.avi
96,17,3.4,1128,907,9907.954,0,0.0,0.8694577217102051,1,0,1078.1128,857.79626,1177.9971,956.9906,9907.954,0.0,0.0,0.0,0.0,6.avi
95,18,3.6,401,298,849.8156,0,102.0432447224132,0.2657951414585113,3,0,387.1941,284.1375,415.9499,313.69037,849.8156,24.209728,76.94797,19.16541783875748,286.65371619700585,6.avi
96,18,3.6,1101,907,6826.2295,0,134.40882319361077,0.8381580710411072,3,0,1060.2302,866.03253,1142.6475,948.85785,6826.2295,-106.25184,0.2065063,27.05779213652065,179.16686391950975,6.avi
85,19,3.8,705,539,307.4738,0,157.2059211998046,0.3163252770900726,29,0,695.87537,532.13965,715.56445,547.7561,307.4738,2.349492,-2.6650586,31.25203720301033,29.37276066653527,6.avi
95,19,3.8,394,302,680.8622,0,86.34942561159357,0.6453741192817688,5,0,381.50656,289.68533,408.1796,315.21158,680.8622,-28.774757,22.662155,17.478063797383207,135.25593777270635,6.avi
96,19,3.8,1079,933,3123.3784,0,134.8950889615116,0.7510687112808228,5,0,1050.3107,906.4961,1108.4589,960.2103,3123.3784,-109.932236,118.65337,25.541154745481048,267.33295972868723,6.avi
97,19,3.8,1061,883,1975.1714,0,0.0,0.7928364276885986,1,0,1038.8682,862.02405,1085.0186,904.82263,1975.1714,0.0,0.0,0.0,0.0,6.avi
98,19,3.8,856,5,198.46584,0,0.0,0.5750283002853394,1,0,846.97,0.0,865.34033,10.803589,198.46584,0.0,0.0,0.0,0.0,6.avi
85,20,4.0,701,541,316.98236,0,26.31081496160108,0.3425645232200622,31,0,691.64075,533.3796,712.0492,548.91144,316.98236,-15.95568,4.626385,5.426500380229423,196.9844204979269,6.avi
93,20,4.0,1130,919,1119.1414,0,141.359681088013,0.3004575967788696,6,0,1114.7579,901.142,1145.507,937.538,1119.1414,10.136723,10.304987,27.933741632274675,314.8237494307512,6.avi
95,20,4.0,382,305,757.5947,0,36.45593785749572,0.2802547514438629,7,0,366.28726,294.1553,399.04947,317.27933,757.5947,-53.393288,17.816584,7.359728487043665,164.38610415147411,6.avi
98,20,4.0,848,7,238.61948,0,39.78546232876058,0.2650383114814758,3,0,839.986,0.026987553,856.92487,14.114101,238.61948,-30.737354,6.6616755,8.310280070745634,191.08801461864564,6.avi
99,20,4.0,1003,931,7952.381,0,0.0,0.8010841608047485,1,0,955.52405,889.83777,1050.8756,973.2384,7952.381,0.0,0.0,0.0,0.0,6.avi
85,21,4.2,697,544,270.80396,0,16.04830317064059,0.2726921439170837,33,0,688.18964,537.26636,706.5699,551.99976,270.80396,-20.901789,14.573315,2.541041615241073,229.39512280141344,6.avi
93,21,4.2,1119,909,701.4452,0,98.90874862716323,0.1984927803277969,8,0,1106.4232,896.0219,1131.7491,923.7187,701.4452,-43.75565,-37.227257,18.082170751680028,136.70036392089202,6.avi
95,21,4.2,374,309,700.3106,0,12.93129555582898,0.699521005153656,9,0,358.61517,298.2661,389.92902,320.63037,700.3106,-44.63263,18.459854,2.0297788246410247,7.947241641786263,6.avi
98,21,4.2,840,9,251.24266,0,12.34159270253743,0.6528571844100952,5,0,831.9473,1.3575945,848.14984,16.864002,251.24266,-41.08337,9.903325,2.3839756714913034,194.50547253147823,6.avi
99,21,4.2,1012,914,1150.8628,0,98.01581950841488,0.6748969554901123,3,0,997.54486,895.9063,1028.1632,933.4936,1150.8628,38.539963,-67.21804,19.622116761268177,63.35365226598685,6.avi
100,21,4.2,976,900,481.13766,0,0.0,0.5147731304168701,1,0,966.3917,888.4238,985.84045,913.1626,481.13766,0.0,0.0,0.0,0.0,6.avi
101,21,4.2,966,880,483.61417,0,0.0,0.7702332735061646,1,0,956.04944,869.6028,977.8884,891.7473,483.61417,0.0,0.0,0.0,0.0,6.avi
102,21,4.2,951,898,577.9196,0,0.0,0.7637304067611694,1,0,938.9216,886.51025,963.5756,909.9514,577.9196,0.0,0.0,0.0,0.0,6.avi
103,21,4.2,980,928,558.04535,0,0.0,0.6578713655471802,1,0,966.39514,918.58374,994.7289,938.2792,558.04535,0.0,0.0,0.0,0.0,6.avi
104,21,4.2,999,895,663.9267,0,0.0,0.5106010437011719,1,0,986.64795,881.726,1011.5868,908.3482,663.9267,0.0,0.0,0.0,0.0,6.avi
85,22,4.4,692,549,222.46921,0,11.331343432042306,0.564216136932373,35,0,683.7977,542.3966,700.2307,555.9346,222.46921,-25.453445,20.786495,1.883521817968631,230.4473646239254,6.avi
95,22,4.4,359,305,684.7338,0,53.53095391281247,0.8033099174499512,11,0,344.40833,294.34583,374.852,316.83765,684.7338,-66.617355,-10.575859,10.321299259023029,127.9377150491876,6.avi
98,22,4.4,830,12,282.02887,0,12.9389328419167,0.1999627351760864,7,0,822.2303,4.3839855,838.67426,21.534866,282.02887,-46.374012,17.0666,2.0448293560839343,206.37910339584775,6.avi
104,22,4.4,1007,898,7729.107,0,45.85946296093707,0.8688375949859619,3,0,966.345,851.79987,1048.2455,946.1717,7729.107,32.646088,15.763234,8.421078732991456,339.3999680018369,6.avi
85,23,4.6,689,552,192.21094,0,12.552527583703922,0.4893041551113128,37,0,681.5723,546.3843,696.58344,559.18884,192.21094,-17.16837,18.724049,2.462063726183257,32.50027870762244,6.avi
89,23,4.6,1098,845,1739.8171,0,179.92119185027713,0.7810693383216858,17,0,1077.2341,824.88763,1119.9666,865.60175,1739.8171,1.3133994,0.93452716,35.35353725107719,324.3259343602355,6.avi
95,23,4.6,354,312,638.74634,0,69.44212708233462,0.3468189239501953,13,0,339.80002,301.80267,368.3951,324.14032,638.74634,-36.65336,25.942108,11.481978320927489,312.0695712042725,6.avi
97,23,4.6,1065,878,1747.9283,0,31.76687247439216,0.6534091830253601,6,0,1044.7087,857.7034,1086.9446,899.0883,1747.9283,1.9857155,-2.57077,6.225404964434576,60.59402099492428,6.avi
85,24,4.8,685,556,173.74815,0,2.435302810860157,0.7103152275085449,39,0,678.4209,549.9495,692.33887,562.43317,173.74815,-18.185152,17.416222,0.8350949118582239,140.4834253821915,6.avi
89,24,4.8,1126,844,6248.4194,0,148.4264422388742,0.8666121363639832,19,0,1083.493,808.8207,1169.9093,881.12683,6248.4194,129.08046,-1.1668203,27.17469733132672,3.019774395935372,6.avi
95,24,4.8,344,312,657.6377,0,33.46469992694615,0.5837756395339966,15,0,331.16556,300.6169,358.79758,324.41678,657.6377,-43.519657,4.239168,6.752798685994641,114.18864262044552,6.avi
85,25,5.0,682,559,170.40755,0,5.517174638494422,0.5545220971107483,41,0,675.8535,552.8732,689.33167,565.5164,170.40755,-14.9171295,15.571199,0.7219096089814983,69.13325487038952,6.avi
89,25,5.0,1153,856,7613.463,0,65.76597026374965,0.8760923743247986,21,0,1106.6758,815.8936,1200.4143,897.11383,7613.463,133.04942,44.257633,11.269928253988882,272.455223018867,6.avi
95,25,5.0,345,309,619.57086,0,55.6426300274761,0.6368798613548279,17,0,332.2623,297.80054,358.48874,321.42444,619.57086,-8.529686,-10.191649,9.753454973630449,26.58349101312785,6.avi
85,26,5.2,680,562,204.25876,0,5.116149464001461,0.3799931108951568,43,0,672.99286,555.90845,687.57355,569.91724,204.25876,-12.325011,17.89325,0.4982596485184201,38.33974180061881,6.avi
95,26,5.2,336,307,623.53455,0,42.103667631318174,0.5997958779335022,19,0,323.31168,295.78815,349.14487,319.9251,623.53455,-37.14866,-9.105251,7.691047346046403,175.7187304843153,6.avi
104,26,5.2,1102,891,878.4004,0,246.3015137957783,0.6349655985832214,8,0,1087.2188,876.39197,1117.044,905.8436,878.4004,48.556236,-5.451701,49.257692075857456,53.33631528948467,6.avi
105,26,5.2,1136,910,3594.235,0,0.0,0.7503640055656433,1,0,1100.6575,885.0475,1171.7947,935.5729,3594.235,0.0,0.0,0.0,0.0,6.avi
85,27,5.4,676,566,316.73547,0,8.390361079579712,0.1584472209215164,45,0,667.1647,557.5466,685.58655,574.74005,316.73547,-17.87294,16.554115,1.8834418060300349,164.87255317090512,6.avi
95,27,5.4,323,314,715.6412,0,57.3482112556414,0.6566559672355652,21,0,310.15353,301.81488,337.53055,327.95508,715.6412,-56.21112,24.9291,9.851657350669292,233.94322719603832,6.avi
105,27,5.4,1127,917,1125.678,0,59.29864858467772,0.5717551708221436,3,0,1108.8151,902.4223,1145.495,933.1115,1125.678,-36.21194,29.767305,11.396233072264128,215.9458384366452,6.avi
106,27,5.4,1154,925,9925.996,0,0.0,0.5333123207092285,1,0,1106.9985,873.7086,1202.0259,978.1627,9925.996,0.0,0.0,0.0,0.0,6.avi
107,27,5.4,1143,949,1582.2115,0,0.0,0.7675303816795349,1,0,1124.0928,928.8137,1162.331,970.1914,1582.2115,0.0,0.0,0.0,0.0,6.avi
85,28,5.6,670,570,406.62805,0,15.836265506109177,0.3686390221118927,47,0,659.5222,560.47894,680.63354,579.74005,406.62805,-28.346039,19.07441,2.853713669715886,191.02706445395629,6.avi
95,28,5.6,316,322,681.71326,0,27.11431344645017,0.4726445376873016,23,0,303.28555,309.68948,330.00406,335.20413,681.71326,-40.654358,34.83632,4.011825636825256,327.9449525096632,6.avi
106,28,5.6,1155,947,8086.1323,0,111.0191039171823,0.8359711766242981,3,0,1110.6577,902.7581,1200.2202,993.0429,8086.1323,3.6997437,87.68412,21.06997828100053,271.32657828214053,6.avi
107,28,5.6,1176,972,1250.5591,0,204.58917526463657,0.6641865968704224,3,0,1159.17,954.5907,1193.6425,990.8678,1250.5591,132.51239,92.72133,39.76422046980155,325.5441628633759,6.avi
108,28,5.6,801,31,354.57074,0,0.0,0.770034909248352,1,0,793.3043,21.488876,810.5636,42.032654,354.57074,0.0,0.0,0.0,0.0,6.avi
85,29,5.8,665,573,435.68716,0,9.149562188532384,0.3285417258739471,49,0,655.1287,563.4159,676.7951,583.5248,435.68716,-22.372353,17.328201,1.0973237932458075,57.3936412396082,6.avi
95,29,5.8,303,319,754.95593,0,63.448314499732,0.3014807105064392,25,0,289.51172,306.02356,318.09943,332.432,754.95593,-58.762554,-4.3396225,11.7837304842282,117.89993241855224,6.avi
106,29,5.8,1171,979,8140.1245,0,110.29182991352174,0.6689968705177307,5,0,1125.7935,935.4571,1218.0645,1023.6768,8140.1245,75.82078,152.38565,20.090040955548204,317.53848402465286,6.avi
108,29,5.8,801,33,358.92697,0,10.497690010121673,0.6849686503410339,3,0,792.27496,23.404556,809.8105,43.873062,358.92697,-3.5578914,7.497177,1.551768154809173,232.99618235316427,6.avi
85,30,6.0,663,576,353.30078,0,10.17746075427277,0.5005545616149902,51,0,654.04114,566.89716,672.4287,586.11127,353.30078,-15.6515665,15.667726,1.7787426369036143,31.749052206409715,6.avi
95,30,6.0,310,315,854.62354,0,104.45445219174314,0.283424437046051,27,0,295.07486,301.94745,325.65646,329.89313,854.62354,11.666821,-13.722069,18.25872326423483,10.603660116941056,6.avi
106,30,6.0,1175,1006,4110.2236,0,65.70670313523887,0.6194095611572266,7,0,1135.0502,981.636,1216.4061,1032.1575,4110.2236,32.238358,140.31625,12.751411982731128,161.5095471547097,6.avi
108,30,6.0,800,38,290.48282,0,16.795816579614144,0.3907043635845184,5,0,792.3225,29.262016,808.286,47.458694,290.48282,-3.6812146,22.251629,2.8808543609316883,263.39880740692354,6.avi
85,31,6.2,661,578,299.75842,0,12.284879563828888,0.4034225046634674,53,0,653.57336,569.02545,669.90173,587.3835,299.75842,-9.371277,10.155294,1.866537297136331,61.33391672003614,6.avi
95,31,6.2,309,313,873.1216,0,17.16867986886356,0.6810643076896667,29,0,294.53253,299.64212,325.00342,328.29642,873.1216,0.39410305,-10.670668,3.703214271717796,177.27788876469492,6.avi
108,31,6.2,794,43,295.6963,0,26.92572800996647,0.6077289581298828,7,0,786.3685,34.642757,803.1836,52.227932,295.6963,-22.05742,24.647097,5.571210801073931,181.9473869856107,6.avi
109,31,6.2,1104,1004,1337.9966,0,0.0,0.788333535194397,1,0,1085.4404,986.84753,1124.041,1021.51013,1337.9966,0.0,0.0,0.0,0.0,6.avi
110,31,6.2,1143,1008,581.30615,0,0.0,0.7174094319343567,1,0,1130.9716,996.4848,1155.2257,1020.4521,581.30615,0.0,0.0,0.0,0.0,6.avi
111,31,6.2,1125,975,1008.47534,0,0.0,0.7039576172828674,1,0,1109.4152,960.6493,1142.5631,991.07275,1008.47534,0.0,0.0,0.0,0.0,6.avi
85,32,6.4,660,581,271.1996,0,6.987727656914535,0.4300394654273987,55,0,652.75287,572.538,668.22784,590.06305,271.1996,-6.95955,14.251162,0.7765946564838132,280.1397119950737,6.avi
95,32,6.4,308,311,880.1298,0,9.71237458781309,0.7162625193595886,31,0,293.0855,296.8713,323.2569,326.04233,880.1298,-6.050178,-12.125737,2.026855274844637,155.6669945832931,6.avi
111,32,6.4,1123,970,1004.1482,0,29.83519856655889,0.7454200387001038,3,0,1108.9302,953.6163,1139.0073,987.002,1004.1482,-8.065326,-22.16324,6.579249387011536,117.02169049714382,6.avi
112,32,6.4,1110,937,1554.1921,0,0.0,0.7280329465866089,1,0,1091.8987,917.5144,1130.0569,958.2446,1554.1921,0.0,0.0,0.0,0.0,6.avi
113,32,6.4,1154,941,706.6141,0,0.0,0.6913787126541138,1,0,1140.5718,928.29626,1167.4731,954.5631,706.6141,0.0,0.0,0.0,0.0,6.avi
85,33,6.6,661,583,232.16872,0,15.35714012963605,0.5351295471191406,57,0,654.6989,575.6099,668.88324,591.97784,232.16872,3.3960552,12.878607,2.222641404308492,31.18097200341259,6.avi
95,33,6.6,321,295,648.25696,0,111.6003423918848,0.7489581108093262,33,0,308.88187,283.15137,334.41556,308.53967,648.25696,50.437336,-62.839058,19.848838436192423,44.98542399646362,6.avi
97,33,6.6,1115,862,2483.1882,0,153.0517881499586,0.5528637766838074,17,0,1090.9802,837.3725,1140.3083,887.7126,2483.1882,5.0988183,-1.1880684,29.80182240090357,336.5018460585113,6.avi
108,33,6.6,782,56,244.65636,0,10.339235396870931,0.7179163098335266,10,0,775.09235,48.48055,790.2773,64.59232,244.65636,-20.0227,21.64431,2.270367782745713,78.35068035620134,6.avi
85,34,6.8,661,587,192.15807,0,10.001900695308784,0.5580881237983704,59,0,655.227,580.57605,668.21686,595.369,192.15807,0.5178838,19.04327,1.5997121228299538,203.2069147587608,6.avi
95,34,6.8,319,301,669.4122,0,124.09315360251406,0.810061514377594,35,0,306.98682,287.99588,331.86682,314.90152,669.4122,3.0961266,7.045723,21.824063130881864,234.29697624947403,6.avi
108,34,6.8,777,61,224.40442,0,8.393577237026799,0.7130264639854431,12,0,769.9973,53.362396,784.48926,68.84711,224.40442,-25.526451,22.561417,1.6856886416211403,184.5834338296077,6.avi
114,34,6.8,1174,765,5874.7354,0,0.0,0.7020925283432007,1,0,1135.0516,728.9293,1214.4559,802.9144,5874.7354,0.0,0.0,0.0,0.0,6.avi
85,35,7.0,658,592,183.45906,0,20.080550345092657,0.6026558876037598,61,0,652.0847,585.6871,664.8186,600.0942,183.45906,-12.457659,23.310188,3.831753156839077,183.27363795251932,6.avi
95,35,7.0,319,311,546.5823,0,49.57251241517584,0.8031489253044128,37,0,308.65338,299.3035,330.8416,323.93735,546.5823,1.9478678,40.746178,8.209070817248113,262.67911025894216,6.avi
108,35,7.0,770,66,251.0708,0,12.096216006566769,0.775999128818512,14,0,762.51483,57.78568,777.59247,74.43756,251.0708,-33.613007,24.480259,2.172028624681069,190.1552955325317,6.avi
115,35,7.0,1213,680,6296.8936,0,0.0,0.5661646723747253,1,0,1174.8425,639.8452,1251.8704,721.5935,6296.8936,0.0,0.0,0.0,0.0,6.avi
116,35,7.0,1205,711,648.9268,0,0.0,0.5052952766418457,1,0,1192.0344,699.68304,1219.2395,723.5362,648.9268,0.0,0.0,0.0,0.0,6.avi
85,36,7.2,657,602,185.04523,0,28.99918843601533,0.7178834676742554,63,0,650.6995,595.39923,663.6683,609.6678,185.04523,-7.7510743,42.46617,4.567276522558046,283.1602442425271,6.avi
95,36,7.2,308,321,513.0033,0,68.00694690786305,0.8263324499130249,39,0,297.5399,310.07678,319.08798,333.88416,513.0033,-43.523403,49.248875,12.199286220973477,185.78834907645512,6.avi
108,36,7.2,763,72,317.77924,0,9.054022091032762,0.8290677070617676,16,0,755.4418,63.026573,772.13916,82.058205,317.77924,-31.846651,30.381006,1.0460979468006923,251.5506477161472,6.avi
114,36,7.2,1161,777,366.1499,0,89.1203540338252,0.1600265502929687,4,0,1152.1675,767.72986,1170.5896,787.60535,366.1499,-21.926657,19.255249,17.660448260931748,218.8500589118243,6.avi
117,36,7.2,1260,556,1042.8601,0,0.0,0.8459364771842957,1,0,1243.6082,541.25494,1278.0469,571.53656,1042.8601,0.0,0.0,0.0,0.0,6.avi
118,36,7.2,1255,510,2489.5376,0,0.0,0.8583612442016602,1,0,1231.5994,484.2038,1279.4539,536.22687,2489.5376,0.0,0.0,0.0,0.0,6.avi
85,37,7.4,654,610,227.39272,0,8.06289966672933,0.735346257686615,65,0,647.1212,602.5329,661.5969,618.2415,227.39272,-12.653204,40.0067,1.929520487797414,147.85129983575018,6.avi
95,37,7.4,290,340,745.50085,0,69.20166234251764,0.8146545886993408,41,0,277.90796,326.18698,303.98944,354.77054,745.50085,-76.83152,82.5107,12.612805876223714,220.3711277954285,6.avi
108,37,7.4,759,79,426.75186,0,15.043129384232689,0.7097219824790955,18,0,750.16,68.708206,769.51434,90.75752,426.75186,-22.555746,34.666027,1.6242731754511,346.419101159655,6.avi
117,37,7.4,1268,545,728.27026,0,66.15242438921027,0.6868681311607361,3,0,1256.917,529.6776,1279.7173,561.6188,728.27026,29.898542,-42.90434,13.46505509441127,57.813692104252425,6.avi
118,37,7.4,1265,501,1309.2346,0,67.99262776188993,0.6553384065628052,3,0,1251.1587,478.16385,1279.7051,524.0274,1309.2346,39.5421,-36.405903,13.216180892171224,44.20890161346279,6.avi
85,38,7.6,655,614,195.30363,0,31.03086084279572,0.668147623538971,67,0,649.2545,607.5718,662.73474,622.05994,195.30363,3.36969,26.266205,5.414630600338092,54.14466168239602,6.avi
95,38,7.6,285,349,682.0179,0,71.18356695563504,0.6747808456420898,43,0,273.24774,335.81915,298.1715,363.18335,682.0179,-37.882687,53.744343,12.34446995558018,40.27942716550643,6.avi
108,38,7.6,763,81,458.9941,0,53.83437747987531,0.5043830871582031,20,0,753.04895,69.8114,773.1975,92.59189,458.9941,7.43244,13.649921,9.539118755247651,36.44012647936552,6.avi
85,39,7.8,658,615,214.35344,0,25.30926168590444,0.3921659886837005,69,0,651.28845,608.3794,665.47595,623.48804,214.35344,9.960112,10.361842,5.241027881431422,75.28340294987117,6.avi
95,39,7.8,293,349,585.0745,0,102.95651762709812,0.7034332156181335,45,0,281.5688,337.29495,304.71082,362.57687,585.0745,19.832397,14.076424,18.64377494078164,37.11559943256941,6.avi
108,39,7.8,767,81,442.53668,0,21.15870199920578,0.1585477590560913,22,0,757.5372,70.15876,777.2078,92.65612,442.53668,18.057924,3.9420185,3.782560556884971,50.80841073009441,6.avi
119,39,7.8,1259,578,2441.9822,0,0.0,0.719368040561676,1,0,1238.3027,549.5541,1279.8286,608.36035,2441.9822,0.0,0.0,0.0,0.0,6.avi
120,39,7.8,1152,793,532.6351,0,0.0,0.68075031042099,1,0,1140.4277,782.2175,1163.8064,805.0005,532.6351,0.0,0.0,0.0,0.0,6.avi
121,39,7.8,1245,641,4181.141,0,0.0,0.8221867680549622,1,0,1213.0754,610.0138,1278.4519,673.9686,4181.141,0.0,0.0,0.0,0.0,6.avi
85,40,8.0,662,615,236.18573,0,19.0747966273562,0.2731312215328216,71,0,654.9552,607.3937,669.86304,623.2368,236.18573,17.78629,0.012877464,3.4175814125750694,61.594110666439406,6.avi
108,40,8.0,768,83,395.76907,0,14.579078756201556,0.525836706161499,24,0,759.52716,73.04937,778.18756,94.2584,395.76907,9.878644,9.549575,3.0905234952527136,195.0819149590841,6.avi
115,40,8.0,1224,705,14276.648,0,136.3385697181833,0.8915039300918579,7,0,1168.2601,641.87854,1279.986,769.6614,14276.648,3.6966681,8.601069,26.51103012187717,293.67051200541164,6.avi
122,40,8.0,317,324,867.2061,0,0.0,0.7545645236968994,1,0,302.8545,309.13004,331.39795,339.512,867.2061,0.0,0.0,0.0,0.0,6.avi
85,41,8.2,664,615,260.20346,0,9.453660155746034,0.3744955360889435,73,0,656.5617,607.4769,672.175,624.14246,260.20346,11.640307,1.9046035,1.9918867314253248,170.81909040206347,6.avi
121,41,8.2,1241,664,9034.657,0,116.512099907617,0.8820950984954834,4,0,1204.7515,603.67816,1278.5427,726.1136,9034.657,-6.74857,37.548615,22.51842280734345,257.78705987241835,6.avi
122,41,8.2,315,325,582.6703,0,10.53301028937736,0.57130366563797,3,0,303.73495,312.87344,326.9653,337.95578,582.6703,-7.0902104,4.3657026,2.2320026697048765,197.7103202816208,6.avi
85,42,8.4,664,617,350.16473,0,15.177869656123994,0.1525722444057464,75,0,655.3196,608.0237,673.54297,627.2389,350.16473,2.9287786,7.4452653,2.8152691963755503,196.70828662140053,6.avi
121,42,8.4,1266,649,4826.047,0,195.1485555376917,0.1774773001670837,6,0,1245.3998,591.55396,1287.3456,706.6084,4826.047,100.6235,-58.49578,34.76271917613069,42.32191704763056,6.avi
122,42,8.4,311,337,702.99567,0,62.74356688931056,0.2869139909744262,5,0,298.77356,323.71997,323.4134,352.25085,702.99567,-20.088614,57.930748,11.106281816736033,254.6922450052397,6.avi
123,0,0.0,915,627,2573.5632,0,0.0,0.8713177442550659,1,0,890.95734,601.6412,940.02985,654.08527,2573.5632,0.0,0.0,0.0,0.0,7.avi
124,0,0.0,566,518,496.40128,0,0.0,0.6454693675041199,1,0,556.4441,506.62604,577.4734,530.23126,496.40128,0.0,0.0,0.0,0.0,7.avi
123,1,0.2,900,636,1695.3706,0,84.98765525884518,0.8539161086082458,3,0,877.92896,618.04083,924.0669,654.78656,1695.3706,-57.86688,34.13361,17.500244481431086,207.7071382224664,7.avi
125,1,0.2,526,560,407.14438,0,0.0,0.7387264370918274,1,0,516.5006,549.78595,536.41016,570.23566,407.14438,0.0,0.0,0.0,0.0,7.avi
123,2,0.4,895,619,1673.0779,0,125.98621710073157,0.866343080997467,5,0,872.24945,601.7549,918.5535,637.8872,1673.0779,-30.4977,-73.10666,24.873346472135143,77.04691349633606,7.avi
125,2,0.4,521,570,410.76947,0,60.94731455102469,0.7035212516784668,3,0,511.41068,560.49457,531.1309,581.3244,410.76947,-20.696949,43.507694,11.381795078762298,241.35979609071757,7.avi
123,3,0.6,879,611,2007.4202,0,62.68640447179403,0.884509801864624,7,0,855.5776,590.86804,904.3267,632.04663,2007.4202,-66.35241,-49.10984,11.82257946476358,209.3807789723661,7.avi
125,3,0.6,534,558,580.1313,0,141.76346246821015,0.8311592936515808,5,0,522.129,546.10205,545.9171,570.4895,580.1313,56.652187,-54.097546,27.4150631158862,52.02600493696576,7.avi
126,3,0.6,1257,457,3287.2285,0,0.0,0.5860488414764404,1,0,1234.8882,420.34824,1279.46,494.09958,3287.2285,0.0,0.0,0.0,0.0,7.avi
123,4,0.8,890,592,1854.7491,0,146.37803657365416,0.8766646981239319,9,0,867.8967,571.84064,913.6478,612.3807,1854.7491,26.117363,-85.66954,25.230662974867865,22.450896439588465,7.avi
125,4,0.8,531,562,628.4858,0,112.79155704927707,0.7788745760917664,7,0,519.5317,549.939,544.3106,575.3028,628.4858,5.141678,3.979374,20.419659941081992,225.33774600401316,7.avi
127,4,0.8,1163,451,4075.6714,0,0.0,0.8749062418937683,1,0,1130.5391,420.09106,1195.8779,482.4685,4075.6714,0.0,0.0,0.0,0.0,7.avi
125,5,1.0,527,586,848.78076,0,133.18084171384322,0.8535934090614319,9,0,513.0408,571.6789,541.9695,601.0192,848.78076,-15.755825,92.002625,23.35372819753519,255.24097269953583,7.avi
128,5,1.0,1021,521,5962.638,0,0.0,0.861115038394928,1,0,983.72705,482.43054,1059.62,560.99695,5962.638,0.0,0.0,0.0,0.0,7.avi
129,5,1.0,525,19,5038.086,0,0.0,0.6152389049530029,1,0,461.23456,0.48625946,590.62213,39.424202,5038.086,0.0,0.0,0.0,0.0,7.avi
123,6,1.2,934,533,5038.291,0,148.15395410314636,0.8634404540061951,12,0,897.893,499.18774,971.5362,567.60266,5038.291,76.46887,-98.695076,28.615257195608187,15.628510454024251,7.avi
125,6,1.2,533,586,852.353,0,116.63211655779637,0.8547905087471008,11,0,518.6753,571.3226,547.563,600.8283,852.353,17.960201,20.17118,20.64705263058953,65.24398779068497,7.avi
130,6,1.2,460,60,25065.973,0,0.0,0.9069653749465942,1,0,356.6593,-3.8146973e-06,563.89746,120.9525,25065.973,0.0,0.0,0.0,0.0,7.avi
131,7,1.4,866,578,5727.466,0,0.0,0.8896195292472839,1,0,828.7307,540.8537,904.1655,616.7797,5727.466,0.0,0.0,0.0,0.0,7.avi
132,7,1.4,519,543,598.026,0,0.0,0.6805747151374817,1,0,507.43396,530.66266,531.1107,555.9206,598.026,0.0,0.0,0.0,0.0,7.avi
133,7,1.4,310,125,24064.39,0,0.0,0.8874412775039673,1,0,231.75323,48.558304,388.6706,201.91542,24064.39,0.0,0.0,0.0,0.0,7.avi
125,8,1.6,568,577,664.43616,0,162.9536251644335,0.3091042041778564,14,0,555.4834,564.19037,580.98376,590.2463,664.43616,61.305325,-17.157059,32.086645868610155,41.30219110455056,7.avi
134,8,1.6,119,88,16398.885,0,0.0,0.9224221110343932,1,0,54.083298,25.297379,184.07494,151.45076,16398.885,0.0,0.0,0.0,0.0,7.avi
135,8,1.6,838,641,5551.9326,0,0.0,0.7488808035850525,1,0,802.83167,602.3597,873.23865,681.21454,5551.9326,0.0,0.0,0.0,0.0,7.avi
136,8,1.6,292,222,8894.783,0,0.0,0.8287878632545471,1,0,241.89203,177.91669,342.13495,266.64896,8894.783,0.0,0.0,0.0,0.0,7.avi
135,9,1.8,806,637,4614.005,0,159.64110202249927,0.8044754862785339,3,0,775.2091,600.49066,838.35767,673.55646,4614.005,-124.75755,-19.016191,32.39085753928301,171.50100909583557,7.avi
134,10,2.0,157,61,15181.925,0,234.3794575038114,0.8946688175201416,4,0,94.93161,-0.015789032,219.24655,122.10892,15181.925,62.31143,-44.799183,46.768932491334816,35.82450833085949,7.avi
137,10,2.0,718,693,10211.427,0,0.0,0.922747790813446,1,0,667.8395,643.6205,769.23376,744.33057,10211.427,0.0,0.0,0.0,0.0,7.avi
134,11,2.2,160,52,14749.589,0,49.27442564930337,0.8875656723976135,6,0,93.7232,-3.0088768,227.71268,107.07132,14749.589,25.937428,-45.02776,9.551754855290138,179.4797410366807,7.avi
137,11,2.2,711,723,6074.037,0,152.30013837438696,0.8448865413665771,3,0,670.593,685.8479,751.8319,760.6155,6074.037,-29.238253,116.79114,29.987010724732556,255.44379956036505,7.avi
138,11,2.2,477,238,628.6344,0,0.0,0.805730938911438,1,0,464.07666,226.33028,490.07153,250.51329,628.6344,0.0,0.0,0.0,0.0,7.avi
134,12,2.4,155,47,14944.292,0,63.21010931390618,0.8726702928543091,8,0,84.20371,-4.333885,227.30261,100.099434,14944.292,-13.341373,-26.235764,11.607051875321488,200.0235837882304,7.avi
137,12,2.4,710,756,4646.211,0,55.66193633870981,0.8592920303344727,5,0,674.1989,723.8193,746.0621,788.47284,4646.211,-7.4156704,160.54997,10.48975237575528,296.2237790531224,7.avi
139,12,2.4,505,205,478.9527,0,0.0,0.7097801566123962,1,0,495.0442,194.13182,516.6605,216.2888,478.9527,0.0,0.0,0.0,0.0,7.avi
140,12,2.4,211,239,361.1582,0,0.0,0.5329565405845642,1,0,202.35976,230.16884,221.18266,249.356,361.1582,0.0,0.0,0.0,0.0,7.avi
141,12,2.4,540,74,621.7635,0,0.0,0.610407292842865,1,0,528.2681,61.814697,552.65985,87.30545,621.7635,0.0,0.0,0.0,0.0,7.avi
134,13,2.6,210,55,15966.007,0,334.2845978564976,0.8324258327484131,10,0,137.89755,1.0925064,283.57706,110.68929,15966.007,208.16458,24.692257,58.24266688540263,347.74336962874503,7.avi
137,13,2.6,713,778,3836.372,0,60.596980730800304,0.8585629463195801,7,0,681.86707,748.93567,746.1256,808.6378,3836.372,13.096621,124.23695,11.141457099422686,67.00364790640265,7.avi
142,13,2.6,519,174,1384.1256,0,0.0,0.8034305572509766,1,0,499.58508,157.3372,539.68774,191.85176,1384.1256,0.0,0.0,0.0,0.0,7.avi
143,13,2.6,220,279,454.26074,0,0.0,0.6893166899681091,1,0,209.48918,268.67157,230.77202,290.01556,454.26074,0.0,0.0,0.0,0.0,7.avi
134,14,2.8,282,52,16572.316,0,175.46223811913487,0.8820235133171082,12,0,205.81146,-1.6002617,358.76025,106.7518,16572.316,323.21637,-7.049961,30.917325867156023,16.59348163083382,7.avi
137,14,2.8,728,810,1816.273,0,77.34542662857531,0.6708258986473083,9,0,705.9861,790.4454,750.5303,831.2199,1816.273,57.785416,151.86755,13.04327947289873,330.7871426103145,7.avi
144,14,2.8,549,212,1823.9579,0,0.0,0.8126710653305054,1,0,526.8811,192.45366,571.6282,233.21516,1823.9579,0.0,0.0,0.0,0.0,7.avi
145,14,2.8,222,320,779.744,0,0.0,0.7735216021537781,1,0,208.7814,305.70612,235.95901,334.3968,779.744,0.0,0.0,0.0,0.0,7.avi
146,14,2.8,700,784,1123.8562,0,0.0,0.6944376230239868,1,0,684.28674,767.39185,717.1918,801.5464,1123.8562,0.0,0.0,0.0,0.0,7.avi
134,15,3.0,316,67,21524.34,0,194.7895150062625,0.8746519684791565,14,0,230.64935,4.4827538,402.22974,129.9303,21524.34,205.95291,54.643044,34.74671408714462,207.11024792651563,7.avi
146,15,3.0,683,812,4495.7725,0,164.06394823462608,0.8325990438461304,3,0,651.24896,777.58606,716.2585,846.7417,4495.7725,-67.80644,110.55783,32.75104318865594,237.2046851530219,7.avi
147,15,3.0,575,275,1557.7109,0,0.0,0.8501545190811157,1,0,554.1741,257.5451,596.5674,294.28937,1557.7109,0.0,0.0,0.0,0.0,7.avi
148,15,3.0,210,368,899.5602,0,0.0,0.6095338463783264,1,0,194.70349,353.8094,225.34955,383.1626,899.5602,0.0,0.0,0.0,0.0,7.avi
133,16,3.2,351,112,18168.46,0,216.5765988413444,0.9081323146820068,11,0,284.2116,44.456184,418.69995,179.54938,18168.46,4.817671,-1.5458654,42.88219298131202,17.979680694186015,7.avi
146,16,3.2,666,804,4347.7715,0,154.4358782230212,0.8565970063209534,5,0,633.44415,771.5855,698.6171,838.2968,4347.7715,-86.86391,-23.76744,30.56435110782181,97.8839902006614,7.avi
147,16,3.2,570,284,1418.576,0,51.15156215075687,0.8086803555488586,3,0,552.41534,265.72287,589.2575,304.22696,1418.576,-18.100904,36.158386,9.704420790249491,236.397284503242,7.avi
148,16,3.2,206,381,782.02844,0,68.1969511201524,0.3654243350028991,3,0,192.41522,367.8718,220.95792,395.27036,782.02844,-13.333166,52.235844,13.145845234239124,252.1638487999734,7.avi
134,17,3.4,415,175,21426.285,0,402.7212828998507,0.9329470992088318,17,0,333.59552,110.51498,498.16064,240.71442,21426.285,162.97246,189.32388,79.0677649812624,251.5590405592309,7.avi
146,17,3.4,627,828,4967.096,0,197.7494054647119,0.8682318925857544,7,0,592.32477,793.61304,662.9432,863.9501,4967.096,-167.4865,85.884674,35.250345683949774,232.09161332583875,7.avi
149,17,3.4,625,365,1039.392,0,0.0,0.8445479869842529,1,0,609.3025,349.93542,642.272,381.4613,1039.392,0.0,0.0,0.0,0.0,7.avi
126,18,3.6,1270,489,158.59253,0,176.61488459996505,0.2847485244274139,17,0,1264.4314,483.62875,1277.3198,495.9337,158.59253,0.6137713,1.4584321,34.266958993728146,291.9807035376493,7.avi
133,18,3.6,358,146,2922.0156,0,179.86587675213124,0.5608258843421936,14,0,331.123,119.67937,385.6537,173.26414,2922.0156,11.98227,61.19624,35.115334234356126,275.9722306339463,7.avi
134,18,3.6,470,213,24385.656,0,128.71313039329547,0.9388511776924132,19,0,385.39526,141.76532,556.2235,284.51483,24385.656,248.51291,188.0241,21.53277463475824,1.2759688473626056,7.avi
146,18,3.6,594,884,5509.543,0,217.06601334719585,0.8655116558074951,9,0,557.2946,847.17004,631.3411,921.57654,5509.543,-166.79099,233.3362,38.04174936540458,269.7941754185972,7.avi
150,18,3.6,664,473,1271.0626,0,0.0,0.861247181892395,1,0,647.4553,455.3075,682.3429,491.7406,1271.0626,0.0,0.0,0.0,0.0,7.avi
134,19,3.8,508,249,25374.527,0,67.02541586860356,0.9066749215126038,21,0,422.99875,175.40054,594.43695,323.4103,25374.527,202.75546,182.82735,12.63304808134673,172.06080320447325,7.avi
151,19,3.8,669,581,1014.5175,0,0.0,0.7999083995819092,1,0,654.0586,564.9264,684.54443,598.2047,1014.5175,0.0,0.0,0.0,0.0,7.avi
152,19,3.8,621,924,6117.6562,0,0.0,0.8609433174133301,1,0,579.7228,887.42993,662.55176,961.2888,6117.6562,0.0,0.0,0.0,0.0,7.avi
134,20,4.0,493,233,27354.953,0,432.5003004957271,0.924820840358734,23,0,406.96207,154.54169,580.04785,312.5844,27354.953,-11.648605,-18.672745,77.27944821156763,136.72930985107092,7.avi
149,20,4.0,611,371,474.01904,0,76.68100470837085,0.1867843717336654,5,0,600.3296,361.05447,622.906,382.05075,474.01904,-11.945491,4.935408,15.708900514042313,199.72417564340253,7.avi
153,20,4.0,640,728,1417.3738,0,0.0,0.8305190801620483,1,0,623.2679,708.169,657.4731,749.6064,1417.3738,0.0,0.0,0.0,0.0,7.avi
154,20,4.0,180,123,663.51697,0,0.0,0.7716246843338013,1,0,168.52542,110.298706,192.94229,137.47324,663.51697,0.0,0.0,0.0,0.0,7.avi
155,20,4.0,555,916,5140.108,0,0.0,0.8516101837158203,1,0,518.0357,882.1414,592.87506,950.8233,5140.108,0.0,0.0,0.0,0.0,7.avi
134,21,4.2,492,225,23122.139,0,25.433439202078763,0.9373391270637512,25,0,413.63037,151.96582,570.9213,298.96814,23122.139,-7.4162016,-35.445286,4.898435133043847,80.30708117071708,7.avi
149,21,4.2,609,372,598.84814,0,2.299436050683504,0.5344709157943726,7,0,597.10175,360.4848,622.14044,384.40173,598.84814,-10.35455,4.544359,0.5861593946869398,112.96475067245296,7.avi
155,21,4.2,527,913,6416.752,0,140.1901186181307,0.8442972302436829,3,0,489.78796,871.24023,565.95215,955.48926,6416.752,-110.12118,-12.445623,28.6676764983362,173.0228542734328,7.avi
156,21,4.2,141,151,1056.1173,0,0.0,0.8068410158157349,1,0,124.60745,135.55356,158.17935,167.01193,1056.1173,0.0,0.0,0.0,0.0,7.avi
157,21,4.2,42,533,674.6566,0,0.0,0.5834556818008423,1,0,28.71344,521.0359,55.68364,546.0508,674.6566,0.0,0.0,0.0,0.0,7.avi
134,22,4.4,530,240,29725.273,0,258.60238588706585,0.9403190612792968,27,0,441.46735,157.49994,619.79913,324.18515,29725.273,145.81041,50.95335,44.7742553289122,331.1241713867788,7.avi
155,22,4.4,478,911,6836.4106,0,142.55035094992053,0.8847288489341736,5,0,437.47552,869.8266,519.53394,953.1381,6836.4106,-235.31946,-9.667097,27.84610302344906,180.2559433744591,7.avi
156,22,4.4,116,181,1531.1066,0,197.79241036787317,0.7333728075027466,3,0,97.11633,162.27159,136.4296,201.21791,1531.1066,-98.28518,121.60483,39.08887429246474,229.4861023073564,7.avi
157,22,4.4,38,537,1071.1035,0,26.69469761761109,0.7924205660820007,3,0,22.831005,521.0231,54.98322,554.33655,1071.1035,-13.139431,16.512785,5.438406852130734,219.4646857550672,7.avi
134,23,4.6,568,262,25241.44,0,83.72263425998513,0.9126211404800416,29,0,487.19437,185.48708,650.7158,339.84875,25241.44,181.03833,95.69986,13.696213359283556,306.80154573589704,7.avi
157,23,4.6,46,543,722.19324,0,56.88489220407438,0.3898675143718719,5,0,33.549107,530.07947,60.178967,557.1991,722.19324,35.329765,28.679157,9.927957802526157,348.2742116196777,7.avi
158,23,4.6,490,950,12124.283,0,0.0,0.7737718820571899,1,0,442.92444,887.2792,538.70184,1013.8673,12124.283,0.0,0.0,0.0,0.0,7.avi
134,24,4.8,618,329,21605.35,0,281.1413523748889,0.91301429271698,31,0,543.66406,257.7649,694.01636,401.463,21605.35,233.6413,279.5597,48.90696102668455,285.21748752530755,7.avi
134,25,5.0,715,414,26370.86,0,325.1830246906745,0.939415156841278,33,0,632.9613,334.33197,797.6786,494.42963,26370.86,424.9832,390.53436,57.04603929006775,330.05669418694106,7.avi
134,26,5.2,754,479,31343.008,0,269.7712776680099,0.9579282402992249,35,0,664.66797,391.8424,844.4136,566.2167,31343.008,248.93144,338.77502,48.24047798050594,163.7641207644582,7.avi
134,27,5.4,789,541,26505.793,0,89.49995144012018,0.9174908399581908,37,0,706.0616,461.94922,872.7974,620.91797,26505.793,191.636,318.19543,16.382325216226622,159.32315600823358,7.avi
134,28,5.6,870,624,25495.459,0,263.3913169692451,0.909787654876709,39,0,787.85767,546.8942,952.50024,701.7476,25495.459,354.79004,392.2233,46.2897200083411,335.86500547520603,7.avi
159,28,5.6,44,398,1624.0907,0,0.0,0.7847743630409241,1,0,24.805824,377.64313,63.869186,419.21893,1624.0907,0.0,0.0,0.0,0.0,7.avi
134,29,5.8,941,717,27692.75,0,84.41913015930177,0.929938018321991,41,0,856.1138,636.8655,1027.4436,798.49963,27692.75,357.25803,449.59348,14.235094944269362,269.448720454984,7.avi
159,29,5.8,19,416,1738.1852,0,154.07729843059477,0.3896108269691467,3,0,0.29125214,393.74304,38.8753,438.79236,1738.1852,-98.81928,71.20427,30.83274029561102,214.73735286648255,7.avi
160,29,5.8,1020,746,240.12898,0,0.0,0.701195240020752,1,0,1012.2556,738.85205,1027.7946,754.3054,240.12898,0.0,0.0,0.0,0.0,7.avi
134,30,6.0,943,789,34575.39,0,406.3660314734036,0.9036890864372252,43,0,848.78796,698.1233,1038.7595,880.12634,34575.39,90.131256,378.53387,72.65190841095817,165.16521957992302,7.avi
159,30,6.0,18,436,1178.3945,0,100.9172355301357,0.4105256795883178,5,0,1.5360355,418.64383,35.120964,453.7308,1178.3945,-14.063866,97.208046,18.99182911337109,343.1930272140544,7.avi
159,31,6.2,30,465,998.4947,0,101.33167331040087,0.3477031290531158,7,0,15.928932,448.64685,45.902256,481.95966,998.4947,44.991673,134.30724,17.251404625942037,327.0978599244968,7.avi
161,31,6.2,792,864,22039.666,0,0.0,0.9107087254524232,1,0,715.4525,793.6252,870.0448,936.1916,22039.666,0.0,0.0,0.0,0.0,7.avi
159,32,6.4,48,480,1728.4829,0,81.48540830120469,0.7918676733970642,9,0,28.075058,459.0373,68.49121,501.80444,1728.4829,77.11609,89.22964,14.607003543135416,56.38738426915046,7.avi
161,32,6.4,783,935,33382.13,0,361.9348189933682,0.8873183131217957,3,0,686.6155,849.66364,880.03577,1022.25214,33382.13,-37.616955,283.63086,70.76631005314712,262.0818418680258,7.avi
162,32,6.4,743,595,446.52457,0,0.0,0.5151019096374512,1,0,732.87537,585.5531,754.6107,606.0968,446.52457,0.0,0.0,0.0,0.0,7.avi
159,33,6.6,57,509,1374.283,0,71.28532732231737,0.4051573872566223,11,0,39.43168,490.01816,75.312836,528.3191,1374.283,52.751556,131.16434,12.656108076684085,238.00193909202693,7.avi
161,33,6.6,786,977,21203.285,0,94.21461242159612,0.8211955428123474,5,0,693.9783,920.508,878.55347,1035.3842,21203.285,10.297337,216.14355,18.707875718408445,56.96817056116993,7.avi
162,33,6.6,758,600,388.0254,0,78.80355242141181,0.6328718066215515,3,0,748.5132,591.1511,768.5222,610.5436,388.0254,58.98071,20.049446,14.85570208215542,343.6777057390357,7.avi
163,34,6.8,720,29,5844.866,0,0.0,0.8667306303977966,1,0,670.8581,0.0,769.78656,59.08174,5844.866,0.0,0.0,0.0,0.0,7.avi
164,34,6.8,1261,601,1689.3665,0,0.0,0.8302055597305298,1,0,1244.2625,577.9642,1279.5891,625.78546,1689.3665,0.0,0.0,0.0,0.0,7.avi
165,35,7.0,636,84,3710.7742,0,0.0,0.8794112205505371,1,0,604.47504,54.84651,667.78436,113.4599,3710.7742,0.0,0.0,0.0,0.0,7.avi
166,35,7.0,1138,655,4666.598,0,0.0,0.771910548210144,1,0,1103.1129,622.73615,1174.0101,688.55817,4666.598,0.0,0.0,0.0,0.0,7.avi
167,35,7.0,721,589,288.82837,0,0.0,0.5989394187927246,1,0,713.16077,581.0542,729.62024,598.60205,288.82837,0.0,0.0,0.0,0.0,7.avi
168,36,7.2,1041,647,2686.8206,0,0.0,0.8806380033493042,1,0,1016.0559,621.3427,1066.6936,674.4024,2686.8206,0.0,0.0,0.0,0.0,7.avi
169,36,7.2,506,139,1505.9318,0,0.0,0.6226524710655212,1,0,489.51697,117.57143,524.46094,160.66704,1505.9318,0.0,0.0,0.0,0.0,7.avi
170,36,7.2,707,607,250.62817,0,0.0,0.611511766910553,1,0,699.78784,599.8207,715.35767,615.9177,250.62817,0.0,0.0,0.0,0.0,7.avi
168,37,7.4,1013,643,1453.9291,0,143.35934272870992,0.8464787602424622,3,0,993.72485,625.0144,1032.9036,662.12463,1453.9291,-112.01809,-17.177898,28.79007810563672,170.2561120270018,7.avi
170,37,7.4,702,606,242.58614,0,28.644680280309444,0.2018685638904571,3,0,694.5797,598.2689,709.65564,614.35986,242.58614,-21.776766,-6.206769,5.877882352170339,161.45762300984688,7.avi
171,37,7.4,342,67,439.27936,0,0.0,0.7783018350601196,1,0,332.30878,56.95354,352.2511,78.98103,439.27936,0.0,0.0,0.0,0.0,7.avi
172,37,7.4,452,191,2995.1086,0,0.0,0.6430222392082214,1,0,423.36304,165.83464,482.53003,216.45592,2995.1086,0.0,0.0,0.0,0.0,7.avi
162,38,7.6,950,682,2839.8447,0,132.75301059989297,0.8758622407913208,9,0,922.903,657.1258,977.94684,708.7182,2839.8447,64.43259,28.03733,25.546003824145902,304.6927553086681,7.avi
170,38,7.6,688,609,439.8473,0,54.09075409809875,0.2180122286081314,5,0,677.6416,598.6429,698.73096,619.4992,439.8473,-65.626755,12.100564,10.522544105891471,201.91267970439364,7.avi
173,38,7.6,395,276,7421.647,0,0.0,0.876819372177124,1,0,350.12207,235.80139,441.66602,316.87335,7421.647,0.0,0.0,0.0,0.0,7.avi
170,39,7.8,666,603,449.9475,0,65.40958987634667,0.4260023236274719,7,0,656.0359,592.7007,677.5054,613.6582,449.9475,-97.41829,-19.7733,12.41772010535693,136.85924392925676,7.avi
174,39,7.8,858,703,2377.741,0,0.0,0.7980258464813232,1,0,835.35144,677.941,881.1979,729.80414,2377.741,0.0,0.0,0.0,0.0,7.avi
175,39,7.8,360,349,6792.7153,0,0.0,0.8898032903671265,1,0,319.78717,308.21548,401.28217,391.5668,6792.7153,0.0,0.0,0.0,0.0,7.avi
170,40,8.0,662,607,358.17517,0,99.39842354800535,0.4652858972549438,9,0,653.3394,598.2339,671.8022,617.6338,358.17517,-38.7527,13.655659,16.64111157778236,332.145434606542,7.avi
176,40,8.0,352,446,4621.837,0,0.0,0.8745119571685791,1,0,317.46283,413.67316,387.95953,479.2342,4621.837,0.0,0.0,0.0,0.0,7.avi
177,40,8.0,781,706,2744.2637,0,0.0,0.8687145113945007,1,0,755.78687,679.15704,806.7158,733.0412,2744.2637,0.0,0.0,0.0,0.0,7.avi
178,41,8.2,257,553,3953.5688,0,0.0,0.8630647659301758,1,0,227.61722,520.05023,286.47055,587.22687,3953.5688,0.0,0.0,0.0,0.0,7.avi
179,41,8.2,688,715,1291.2268,0,0.0,0.8529070019721985,1,0,670.30066,697.8708,706.306,733.73285,1291.2268,0.0,0.0,0.0,0.0,7.avi
165,42,8.4,606,107,413.4712,0,188.6149039788909,0.1798751205205917,9,0,596.82385,96.47756,615.89294,118.16038,413.4712,-5.5372095,4.3086333,37.8123631419962,217.17236955233687,7.avi
180,42,8.4,588,693,1892.5363,0,0.0,0.8554514050483704,1,0,566.37714,671.4459,609.7525,715.0775,1892.5363,0.0,0.0,0.0,0.0,7.avi
165,43,8.6,604,106,315.61035,0,10.50055766132621,0.3387739956378937,11,0,596.34,97.08757,613.4322,115.552826,315.61035,-7.118703,-3.7552638,2.514034846915696,119.84115532103328,7.avi
180,43,8.6,590,673,1563.9844,0,102.69362930545036,0.7145175933837891,3,0,570.8039,653.3211,610.3742,692.8453,1563.9844,10.076832,-80.552895,20.35392274001901,84.5442745044636,7.avi
165,44,8.8,603,106,280.7518,0,6.25360035584251,0.1664230972528457,13,0,595.5769,98.131096,612.1166,115.10555,280.7518,-5.6289616,0.31054163,0.6319773271590804,222.98107327922668,7.avi
180,44,8.8,609,636,2094.891,0,137.90057497422157,0.8613407015800476,5,0,586.2681,614.46155,633.16534,659.13135,2094.891,88.43614,-172.94211,26.62075182792408,51.98307077589595,7.avi
165,45,9.0,602,107,301.36334,0,3.38148137544303,0.159379556775093,15,0,593.24615,98.624016,611.2034,115.40623,301.36334,-7.533983,1.5955397,0.7885978909237423,203.9056439219647,7.avi
181,45,9.0,636,655,2221.7605,0,0.0,0.8583852648735046,1,0,607.51135,635.99585,664.6122,674.9053,2221.7605,0.0,0.0,0.0,0.0,7.avi
165,46,9.2,601,109,328.2605,0,14.585289352801071,0.1616956740617752,17,0,592.0707,101.07407,610.87964,118.52639,328.2605,-4.6220074,11.079598,1.6894699536846998,279.6079672132074,7.avi
181,46,9.2,612,646,1800.2859,0,125.81067052799726,0.8519572615623474,3,0,590.94293,625.9286,634.66925,667.1002,1800.2859,-92.83713,-35.67324,25.85114643670537,158.55695827830436,7.avi
182,46,9.2,638,624,378.501,0,0.0,0.6196097731590271,1,0,629.0481,614.0128,647.2859,634.7665,378.501,0.0,0.0,0.0,0.0,7.avi
181,47,9.4,595,631,1728.9347,0,40.12709691162788,0.8421263694763184,5,0,574.49426,610.79425,615.77783,652.67377,1728.9347,-88.72778,-70.68417,8.414276426707392,84.80858129668837,7.avi
181,48,9.6,580,632,2144.5645,0,87.11149295233554,0.863517165184021,7,0,558.0924,608.984,602.8883,656.85815,2144.5645,-76.840485,-11.9198,14.637316881190026,280.2694165003169,7.avi
182,49,9.8,614,630,1833.6974,0,121.06071649374292,0.8348664045333862,5,0,592.64233,609.8401,636.8845,651.28687,1833.6974,-19.730316,5.2048182,24.80966658473129,193.06967096441872,7.avi
183,50,10.0,629,676,1910.6998,0,0.0,0.8040727376937866,1,0,607.6362,654.6057,651.9629,697.7107,1910.6998,0.0,0.0,0.0,0.0,7.avi
183,51,10.2,610,671,3109.0396,0,100.30257511655525,0.8713712096214294,3,0,580.7823,645.4965,640.1055,697.90497,3109.0396,-77.2681,-17.794281,20.460441278919888,165.3978215003567,7.avi
183,52,10.4,602,653,2696.8877,0,85.79861134430064,0.8768793940544128,5,0,575.9739,627.43475,628.1509,679.122,2696.8877,-44.88422,-85.8561,16.685721384096155,65.15897392546316,7.avi
184,52,10.4,723,914,166.9271,0,0.0,0.5166091322898865,1,0,716.9978,907.7759,729.93896,920.6748,166.9271,0.0,0.0,0.0,0.0,7.avi
184,53,10.6,713,918,189.00594,0,56.865914462898544,0.4595473706722259,3,0,705.9429,911.90405,720.1891,925.17114,189.00594,-41.526585,17.214567,11.128122200332156,199.8281366138389,7.avi
185,53,10.6,652,646,1602.8403,0,0.0,0.859265148639679,1,0,630.0459,628.6743,674.1499,665.0166,1602.8403,0.0,0.0,0.0,0.0,7.avi
176,54,10.8,369,465,322.9087,0,124.91516858370012,0.1559687256813049,16,0,360.13544,456.32315,378.40228,474.00046,322.9087,0.8448828,0.9546147,24.68383681494109,311.29210593572714,7.avi
186,54,10.8,654,595,2746.5237,0,0.0,0.8643393516540527,1,0,629.15906,568.4568,679.78577,622.7073,2746.5237,0.0,0.0,0.0,0.0,7.avi
186,55,11.0,662,578,1576.9707,0,94.275822254767,0.854510486125946,3,0,643.1617,557.9336,681.30817,599.27344,1576.9707,30.988008,-67.77846,19.125700048025973,66.82224916849992,7.avi
186,56,11.2,671,594,849.39856,0,152.18298642733677,0.705874502658844,5,0,658.2188,578.54926,685.6473,609.5169,849.39856,47.017082,64.94844,29.06576451872377,275.067668853696,7.avi
187,56,11.2,684,949,254.26767,0,0.0,0.6398135423660278,1,0,676.6783,941.6876,692.3493,957.91296,254.26767,0.0,0.0,0.0,0.0,7.avi
187,57,11.4,676,950,360.6057,0,38.79497828827811,0.4119614660739898,3,0,667.4998,940.83813,686.2214,960.09973,360.6057,-30.551594,2.6691422,8.516135875006368,181.3437337301264,7.avi
188,57,11.4,678,558,739.6583,0,0.0,0.6875162124633789,1,0,665.9658,543.44977,691.3135,572.6303,739.6583,0.0,0.0,0.0,0.0,7.avi
187,58,11.6,660,953,383.03027,0,53.29826785267028,0.531319260597229,5,0,651.10956,943.70447,670.5806,963.3762,383.03027,-75.908806,14.289139,10.934261867543553,190.5247418782273,7.avi
188,58,11.6,709,592,2946.725,0,234.5141176515824,0.7220491170883179,3,0,686.24695,560.95764,732.33093,624.90015,2946.725,122.35257,139.27692,45.55249602244779,311.7968514562767,7.avi
185,59,11.8,684,642,2076.225,0,165.1981003155209,0.8671799302101135,8,0,661.7019,620.0611,707.9939,664.9118,2076.225,8.079247,-1.0753479,32.26797843459898,8.636377321434395,7.avi
187,59,11.8,657,955,303.146,0,65.99764594041824,0.3660653531551361,7,0,648.595,946.5485,666.2827,963.6872,303.146,-30.751942,9.379295,11.42256668125626,7.030993555891598,7.avi
185,60,12.0,678,639,1477.5148,0,47.01425506697903,0.5630922913551331,10,0,659.5411,620.1546,697.34796,659.23517,1477.5148,-26.193264,-12.086704,9.073962350442368,158.86774779031543,7.avi
187,60,12.0,651,950,258.43723,0,34.26318212600672,0.5010277628898621,9,0,643.7507,942.8983,659.8001,959.00085,258.43723,-28.88287,-13.820551,6.999659382300719,92.36179664506597,7.avi
187,61,12.2,645,937,238.83176,0,61.57606992683776,0.6832345128059387,11,0,637.7049,929.3736,652.7277,945.27155,238.83176,-31.892828,-55.60556,11.229994456019885,95.10285759473766,7.avi
187,62,12.4,639,914,270.99774,0,64.15535001157184,0.3453850448131561,13,0,631.61646,906.2349,647.3054,923.5081,270.99774,-29.496147,-99.18112,12.2025555217991,89.23823735511525,7.avi
187,63,12.6,636,896,321.27048,0,21.07362781938853,0.4634570181369781,15,0,628.57983,886.94147,645.4104,906.02997,321.27048,-16.29144,-93.60289,2.622205732176725,338.41355052469635,7.avi
189,63,12.6,625,679,908.3344,0,0.0,0.7712112069129944,1,0,611.14185,663.4904,639.73047,695.263,908.3344,0.0,0.0,0.0,0.0,7.avi
190,63,12.6,634,707,408.49545,0,0.0,0.7663415670394897,1,0,624.97095,697.13403,644.41113,718.147,408.49545,0.0,0.0,0.0,0.0,7.avi
187,64,12.8,625,866,317.10828,0,78.29877314272674,0.6506094336509705,17,0,617.4727,856.9371,634.31195,875.7686,317.10828,-46.46086,-137.49413,14.65436463745183,126.59766083654064,7.avi
191,64,12.8,570,707,2268.1467,0,0.0,0.8563528060913086,1,0,546.2887,684.5499,595.3341,730.7958,2268.1467,0.0,0.0,0.0,0.0,7.avi
191,65,13.0,556,716,2789.8364,0,85.85976475817212,0.8652359843254089,3,0,532.2617,687.9516,580.6472,745.61005,2789.8364,-57.313217,36.3591,16.99173362432693,209.3452194802152,7.avi
192,65,13.0,598,825,292.41348,0,0.0,0.6487662196159363,1,0,590.0559,816.15796,606.50977,833.9297,292.41348,0.0,0.0,0.0,0.0,7.avi
191,66,13.2,542,750,1187.3698,0,136.09705504802812,0.8063356280326843,5,0,526.0226,731.5589,558.20996,768.4482,1187.3698,-70.48065,155.19176,26.11930172949771,263.42264914586605,7.avi
193,66,13.2,512,728,661.02106,0,0.0,0.669100821018219,1,0,499.65973,716.339,525.9831,741.45056,661.02106,0.0,0.0,0.0,0.0,7.avi
191,67,13.4,519,797,624.1748,0,103.68986706185012,0.6034303903579712,7,0,508.1561,784.39453,531.5149,811.1157,624.1748,-101.86723,219.28395,18.33098098490509,240.5232156093925,7.avi
194,67,13.4,492,798,1250.3406,0,0.0,0.5248584747314453,1,0,478.64276,776.9225,507.18964,820.72205,1250.3406,0.0,0.0,0.0,0.0,7.avi
194,68,13.6,499,832,1488.1202,0,170.99704340682484,0.5621637105941772,3,0,481.88873,810.6606,516.6174,853.51044,1488.1202,25.296782,132.78741,33.73091602884818,280.39089052771004,7.avi
195,68,13.6,472,835,549.0623,0,0.0,0.5080192685127258,1,0,460.27365,823.5797,483.7875,846.9303,549.0623,0.0,0.0,0.0,0.0,7.avi
195,69,13.8,477,854,1097.7483,0,100.13617521787305,0.8369789123535156,3,0,461.2574,837.64343,494.36188,870.8036,1097.7483,23.070084,75.72268,19.39252409724327,284.8479323359435,7.avi
196,70,14.0,460,908,406.6196,0,0.0,0.6738350987434387,1,0,451.26315,897.6959,470.6287,918.693,406.6196,0.0,0.0,0.0,0.0,7.avi
197,70,14.0,434,908,626.2556,0,0.0,0.5256557464599609,1,0,423.4973,894.3004,446.2011,921.88416,626.2556,0.0,0.0,0.0,0.0,7.avi
198,71,14.2,439,955,1426.8035,0,0.0,0.8597363233566284,1,0,419.3923,937.3461,459.1553,973.2288,1426.8035,0.0,0.0,0.0,0.0,7.avi
199,71,14.2,446,986,594.7957,0,0.0,0.7451603412628174,1,0,433.09192,975.56775,459.94275,997.7196,594.7957,0.0,0.0,0.0,0.0,7.avi
200,0,0.0,921,430,1611.3583,0,0.0,0.831244945526123,1,0,902.6658,409.45312,940.0626,452.5412,1611.3583,0.0,0.0,0.0,0.0,8.avi
200,1,0.0410004100041,916,409,2131.8105,0,572.5796167190941,0.8383479118347168,3,0,892.1962,386.88474,940.23444,431.26218,2131.8105,-17.919044,-76.299034,22.64176974512784,103.70458943723668,8.avi
201,1,0.0410004100041,1029,20,3368.9604,0,0.0,0.7685701847076416,1,0,989.234,0.0,1070.7635,41.32196,3368.9604,0.0,0.0,0.0,0.0,8.avi
202,2,0.0820008200082,921,350,1249.9094,0,0.0,0.7085890173912048,1,0,899.78845,336.2403,942.69714,365.3698,1249.9094,0.0,0.0,0.0,0.0,8.avi
203,2,0.0820008200082,983,63,5383.59,0,0.0,0.8341381549835205,1,0,947.63916,25.701813,1018.86755,101.28389,5383.59,0.0,0.0,0.0,0.0,8.avi
204,3,0.1230012300123001,814,201,9361.464,0,0.0,0.8705762624740601,1,0,760.7078,157.4649,867.7154,244.94904,9361.464,0.0,0.0,0.0,0.0,8.avi
205,4,0.1640016400164001,739,282,9775.063,0,0.0,0.852387011051178,1,0,697.4503,224.28796,781.141,341.0879,9775.063,0.0,0.0,0.0,0.0,8.avi
206,6,0.2460024600246002,604,303,8677.909,0,0.0,0.8440803289413452,1,0,556.6462,258.03387,651.5887,349.4356,8677.909,0.0,0.0,0.0,0.0,8.avi
207,7,0.2870028700287003,516,354,7041.515,0,0.0,0.8650663495063782,1,0,474.82538,312.16705,558.16534,396.6585,7041.515,0.0,0.0,0.0,0.0,8.avi
208,8,0.3280032800328003,440,329,9693.783,0,0.0,0.6954711675643921,1,0,390.34805,280.9974,491.0826,377.22836,9693.783,0.0,0.0,0.0,0.0,8.avi
209,9,0.3690036900369003,391,293,9875.437,0,0.0,0.8580144047737122,1,0,340.82306,243.9895,441.17804,342.39453,9875.437,0.0,0.0,0.0,0.0,8.avi
210,10,0.4100041000410004,339,323,6537.7505,0,0.0,0.8480246663093567,1,0,301.6005,280.43634,377.91092,366.10944,6537.7505,0.0,0.0,0.0,0.0,8.avi
211,11,0.4510045100451004,283,280,9318.459,0,0.0,0.9227057695388794,1,0,234.83551,231.72559,331.305,328.3205,9318.459,0.0,0.0,0.0,0.0,8.avi
212,12,0.4920049200492005,190,289,7511.043,0,0.0,0.8211867809295654,1,0,148.55148,244.41586,231.8613,334.57382,7511.043,0.0,0.0,0.0,0.0,8.avi
213,12,0.4920049200492005,1192,24,3910.47,0,0.0,0.7255826592445374,1,0,1152.7368,0.0,1233.2468,48.571228,3910.47,0.0,0.0,0.0,0.0,8.avi
205,13,0.5330053300533005,709,263,108.61328,0,854.1721061949518,0.346162348985672,11,0,704.7994,258.4134,714.67755,269.40863,108.61328,-16.798811,-10.67185,36.13088911891376,146.98178060623383,8.avi
206,13,0.5330053300533005,630,261,154.1582,0,1204.5677817963417,0.1751520633697509,9,0,623.6165,255.79773,636.56915,267.69946,154.1582,23.40857,-37.83718,49.96163979738376,58.79853926941405,8.avi
214,14,0.5740057400574006,106,188,6107.6973,0,0.0,0.802786648273468,1,0,68.03464,148.95746,145.55905,227.74164,6107.6973,0.0,0.0,0.0,0.0,8.avi
203,15,0.6150061500615006,991,31,4966.635,0,797.184658788082,0.8745352029800415,15,0,953.13635,-0.0034332275,1030.7632,63.97751,4966.635,2.487545,-9.012002,33.403530676096146,76.59039907477467,8.avi
215,16,0.6560065600656007,1009,87,6387.8525,0,0.0,0.8456666469573975,1,0,971.9768,44.603165,1046.7969,129.97935,6387.8525,0.0,0.0,0.0,0.0,8.avi
216,16,0.6560065600656007,69,236,6795.5747,0,0.0,0.6989079713821411,1,0,27.06662,196.06415,111.208954,276.827,6795.5747,0.0,0.0,0.0,0.0,8.avi
217,17,0.6970069700697007,947,230,5380.2817,0,0.0,0.8708475828170776,1,0,910.2065,194.35434,984.06805,267.1971,5380.2817,0.0,0.0,0.0,0.0,8.avi
218,17,0.6970069700697007,24,299,1505.7987,0,0.0,0.6457378268241882,1,0,3.8242073,282.00317,46.030342,317.68042,1505.7987,0.0,0.0,0.0,0.0,8.avi
219,17,0.6970069700697007,648,275,161.97365,0,0.0,0.529768168926239,1,0,642.9584,268.93115,654.9752,282.41003,161.97365,0.0,0.0,0.0,0.0,8.avi
216,18,0.7380073800738007,63,286,6507.5615,0,1250.1770567201686,0.4729501008987427,4,0,22.437103,246.32175,103.71038,326.39188,6507.5615,-30.030493,247.17151,49.93309295426416,262.9393329701163,8.avi
219,18,0.7380073800738007,646,278,192.50652,0,88.12208076852725,0.3147614002227783,3,0,639.70166,271.0253,653.2976,285.18448,192.50652,-8.586324,8.471807,3.772004699077118,218.13754352605733,8.avi
220,18,0.7380073800738007,857,268,8121.6377,0,0.0,0.8405090570449829,1,0,811.7606,224.40823,904.1693,312.29648,8121.6377,0.0,0.0,0.0,0.0,8.avi
205,19,0.7790077900779008,703,228,4867.127,0,661.8556555609355,0.5221865177154541,18,0,669.03815,193.16957,737.2758,264.49567,4867.127,-6.1958933,-45.497086,27.81675272051037,73.87540705016835,8.avi
216,19,0.7790077900779008,91,298,7153.944,0,962.1844700829404,0.7911112308502197,6,0,49.438046,256.5448,134.19958,340.94562,7153.944,385.95395,278.45416,29.1965453952897,357.0372684584373,8.avi
212,20,0.8200082000820008,195,311,7724.442,0,546.8600999334764,0.8333390951156616,10,0,153.39056,265.4353,237.64874,357.11115,7724.442,3.7522712,15.380047,22.032941043366318,282.5660879729342,8.avi
219,20,0.8200082000820008,638,296,4546.283,0,473.28796114792186,0.8926642537117004,6,0,603.4737,264.20804,673.60443,329.0339,4546.283,-62.079082,143.85382,18.423652604844275,246.170415233576,8.avi
210,21,0.8610086100861009,333,302,7610.105,0,526.5175887123677,0.8089680671691895,13,0,284.75027,263.44986,381.69742,341.94736,7610.105,-2.5556412,-8.049838,22.319841976704904,107.61847182783356,8.avi
210,22,0.9020090200902008,338,326,8271.555,0,979.0214075462578,0.8709337115287781,15,0,289.6576,284.91214,387.99103,369.02957,8271.555,36.923496,162.19278,24.13024245727496,281.67004133475405,8.avi
210,23,0.9430094300943008,340,349,8740.532,0,626.0801328645454,0.4122342467308044,17,0,289.17178,307.22733,391.58487,392.57315,8740.532,37.33348,328.46716,15.382899005288488,268.74024048685266,8.avi
210,24,0.984009840098401,334,358,8735.085,0,321.84411850171125,0.8954494595527649,19,0,284.22107,315.4625,384.9134,402.21274,8735.085,-37.43383,282.33536,9.558400226690988,145.83691582441463,8.avi
217,24,0.984009840098401,922,207,244.76855,0,821.023154772175,0.540433943271637,9,0,914.73737,199.97546,930.0871,215.92151,244.76855,-22.281744,-20.571507,34.60010704908142,136.59447315576836,8.avi
212,25,1.025010250102501,249,337,7896.1353,0,1320.733619051616,0.863161027431488,16,0,204.28403,293.16525,293.81522,381.35947,7896.1353,98.909294,46.08886,53.69628073259821,342.3643578154355,8.avi
221,25,1.025010250102501,937,223,346.52124,0,0.0,0.7865298390388489,1,0,928.0638,214.52164,946.49664,233.32074,346.52124,0.0,0.0,0.0,0.0,8.avi
221,26,1.066010660106601,934,232,394.9995,0,234.962513793186,0.5704182982444763,3,0,924.84186,222.28027,943.83075,243.08191,394.9995,-10.245393,30.486258,8.719345790142881,247.9015392973503,8.avi
222,26,1.066010660106601,170,337,7852.824,0,0.0,0.8506261706352234,1,0,123.18985,296.03406,217.67712,379.14392,7852.824,0.0,0.0,0.0,0.0,8.avi
221,27,1.107011070110701,926,242,415.15366,0,338.3630425155597,0.2254290431737899,5,0,917.7616,231.05658,935.6138,254.31165,415.15366,-135.80219,182.52261,11.303769056374696,225.54728674756305,8.avi
223,27,1.107011070110701,95,329,7781.0063,0,0.0,0.8075524568557739,1,0,51.77823,285.13788,139.8238,373.51263,7781.0063,0.0,0.0,0.0,0.0,8.avi
221,28,1.1480114801148011,922,253,364.5161,0,106.11348708798366,0.2458130121231079,7,0,913.3173,242.95328,930.6872,263.93884,364.5161,-123.97706,226.4531,2.966012016548467,287.2642233264275,8.avi
223,28,1.1480114801148011,58,332,7200.3013,0,947.7462663931076,0.8970355987548828,3,0,13.547688,292.14563,103.70587,372.0086,7200.3013,-129.37396,9.577038,37.89553004498835,184.0474180947619,8.avi
224,28,1.1480114801148011,387,314,280.47543,0,0.0,0.5982915163040161,1,0,379.41724,305.8385,396.09216,322.6587,280.47543,0.0,0.0,0.0,0.0,8.avi
221,29,1.189011890118901,914,260,388.2534,0,129.68504521817775,0.4433441758155823,9,0,905.04156,249.4546,923.31793,270.6981,388.2534,-153.70016,197.6519,3.997282862400102,136.9097191850625,8.avi
223,29,1.189011890118901,43,307,7294.5195,0,795.2341735619231,0.5734450221061707,5,0,0.481575,265.15607,86.12562,350.3286,7294.5195,-303.39532,-419.9258,27.48202913740646,112.06172794199983,8.avi
224,29,1.189011890118901,383,318,254.25197,0,137.3192236354926,0.6211003661155701,3,0,376.14145,309.85022,391.6694,326.22406,254.25197,-13.396238,13.184932,6.05641807004559,218.27303693396468,8.avi
218,30,1.2300123001230012,16,302,2403.2048,0,214.02615125884088,0.2995350062847137,15,0,0.3438778,264.6475,32.50483,339.3718,2403.2048,-2.4321966,0.6200968,9.184447417731342,193.59071129116137,8.avi
221,30,1.2300123001230012,897,271,309.82928,0,384.0946468089221,0.4861511588096618,11,0,889.3766,261.9605,906.0664,280.52454,309.82928,-253.00397,227.59366,11.23753045766037,194.5325026299078,8.avi
224,30,1.2300123001230012,384,321,247.62418,0,82.34810363110259,0.6382113695144653,5,0,376.3523,313.30252,391.99707,329.1304,247.62418,0.82078934,59.01844,2.5063751820417046,284.88481599972704,8.avi
221,31,1.2710127101271012,883,277,244.00667,0,169.94896986312008,0.7524700164794922,13,0,876.1912,269.75925,891.15936,286.06094,244.00667,-287.69965,202.42995,5.628496070800448,140.5820041258046,8.avi
224,31,1.2710127101271012,385,324,228.33717,0,36.35319766147115,0.6426693797111511,7,0,377.67618,316.5566,392.9161,331.53946,228.33717,15.397005,64.536575,0.8712337668966178,335.32101742351034,8.avi
225,0,0.0,352,488,1166.1399,0,0.0,0.8557016849517822,1,0,333.91318,472.4046,370.23154,504.51343,1166.1399,0.0,0.0,0.0,0.0,9.avi
225,1,0.2,332,475,1261.391,0,120.716804990038,0.8435206413269043,3,0,313.8634,457.98022,350.51752,492.39355,1261.391,-79.368866,-52.9825,24.167014804257157,146.1571637829611,9.avi
226,1,0.2,1247,335,6576.5713,0,0.0,0.5398834943771362,1,0,1216.9974,282.13318,1278.7399,388.6494,6576.5713,0.0,0.0,0.0,0.0,9.avi
227,2,0.4,1141,424,9384.274,0,0.0,0.8603489398956299,1,0,1091.6733,377.27792,1190.3577,472.3718,9384.274,0.0,0.0,0.0,0.0,9.avi
228,2,0.4,310,509,888.254,0,0.0,0.8202102780342102,1,0,294.61066,495.29547,326.37445,523.2598,888.254,0.0,0.0,0.0,0.0,9.avi
229,2,0.4,916,222,451.47684,0,0.0,0.595777690410614,1,0,905.52966,212.0604,927.34656,232.7543,451.47684,0.0,0.0,0.0,0.0,9.avi
228,3,0.6,291,484,1188.7181,0,156.61439957912927,0.6771959066390991,3,0,276.1384,465.49152,307.18472,503.78003,1188.7181,-75.1736,-98.37082,31.920513551458303,127.6371791614506,9.avi
230,3,0.6,924,257,387.20395,0,0.0,0.765038251876831,1,0,914.557,247.33289,933.4457,267.83215,387.20395,0.0,0.0,0.0,0.0,9.avi
231,3,0.6,1097,464,9400.11,0,0.0,0.9001296758651733,1,0,1050.6208,414.79224,1145.3274,514.04736,9400.11,0.0,0.0,0.0,0.0,9.avi
232,4,0.8,1028,567,7239.1787,0,0.0,0.763480007648468,1,0,988.6531,521.74866,1068.197,612.7572,7239.1787,0.0,0.0,0.0,0.0,9.avi
233,4,0.8,266,503,929.8929,0,0.0,0.7452919483184814,1,0,251.30896,488.20837,282.2334,518.2782,929.8929,0.0,0.0,0.0,0.0,9.avi
234,4,0.8,1005,596,825.5657,0,0.0,0.6841128468513489,1,0,990.4912,583.6437,1021.47437,610.2893,825.5657,0.0,0.0,0.0,0.0,9.avi
235,4,0.8,942,302,306.2334,0,0.0,0.6015347838401794,1,0,932.9558,294.00848,951.2927,310.70886,306.2334,0.0,0.0,0.0,0.0,9.avi
233,5,1.0,269,525,1143.9888,0,115.1237262829142,0.8392464518547058,3,0,251.81424,509.35983,286.34793,542.4866,1143.9888,9.221133,90.538536,21.870579335277423,275.8491412337067,9.avi
236,5,1.0,948,345,548.165,0,0.0,0.5145413279533386,1,0,937.6266,333.11,959.62585,358.0274,548.165,0.0,0.0,0.0,0.0,9.avi
237,5,1.0,1001,631,11539.262,0,0.0,0.7134203910827637,1,0,949.6033,575.32947,1052.4629,687.51404,11539.262,0.0,0.0,0.0,0.0,9.avi
233,6,1.2,280,508,1660.2998,0,189.5763603045081,0.8549630641937256,5,0,259.75922,488.75858,300.9619,529.05444,1660.2998,52.426357,-70.30056,37.15613998727107,75.86361470805849,9.avi
238,6,1.2,887,647,6616.269,0,0.0,0.8919370174407959,1,0,848.5222,605.43005,927.4502,689.2567,6616.269,0.0,0.0,0.0,0.0,9.avi
233,7,1.4,308,520,1167.1909,0,173.82778896290264,0.8493127226829529,7,0,291.26486,503.58316,325.38156,537.7949,1167.1909,119.44879,28.800835,30.446166477570817,304.2930908194241,9.avi
239,7,1.4,947,421,316.66632,0,0.0,0.5849820375442505,1,0,939.4946,411.60986,955.6946,431.15723,316.66632,0.0,0.0,0.0,0.0,9.avi
240,7,1.4,820,653,7239.478,0,0.0,0.909623682498932,1,0,778.53577,610.74756,862.6846,696.7794,7239.478,0.0,0.0,0.0,0.0,9.avi
233,8,1.6,328,525,1043.2605,0,19.479120195241663,0.8048628568649292,9,0,312.9223,509.51114,344.68677,542.3548,1043.2605,106.3658,26.8194,4.455272585965873,161.01735594728927,9.avi
241,8,1.6,922,451,502.2807,0,0.0,0.550947904586792,1,0,910.4553,440.5407,933.59375,462.24835,502.2807,0.0,0.0,0.0,0.0,9.avi
242,8,1.6,762,700,5458.681,0,0.0,0.8292500972747803,1,0,724.66296,664.9166,801.26685,736.1752,5458.681,0.0,0.0,0.0,0.0,9.avi
233,9,1.8,368,552,1002.55304,0,159.79971414888038,0.7927572131156921,11,0,352.81213,536.76483,384.30737,568.59674,1002.55304,177.4583,109.0741,27.3829929439052,310.88211725728144,9.avi
243,9,1.8,677,709,8927.555,0,0.0,0.8964478969573975,1,0,632.82227,660.11676,722.6489,759.50323,8927.555,0.0,0.0,0.0,0.0,9.avi
233,10,2.0,419,599,1477.8677,0,166.53224871785912,0.8309913277626038,13,0,399.78073,580.65894,438.25845,619.0674,1477.8677,235.02657,206.639,28.704099567888782,301.384719970924,9.avi
243,10,2.0,696,706,8437.341,0,97.03400042071118,0.7354820966720581,3,0,650.85223,660.80273,742.57367,752.7915,8437.341,75.7579,-12.027545,18.6575600150769,11.783060198625094,9.avi
243,11,2.2,678,678,7666.231,0,219.7424210263604,0.8679433465003967,5,0,636.004,633.53375,720.9076,723.8272,7666.231,-77.22457,-129.76208,42.93391579587121,142.06966602121304,9.avi
244,11,2.2,395,629,1097.9802,0,0.0,0.7835791110992432,1,0,380.26,611.14526,410.8672,647.01855,1097.9802,0.0,0.0,0.0,0.0,9.avi
245,12,2.4,400,686,2240.0999,0,0.0,0.8483272790908813,1,0,377.9298,661.7216,423.41418,710.9715,2240.0999,0.0,0.0,0.0,0.0,9.avi
246,12,2.4,649,728,7322.249,0,0.0,0.8849563002586365,1,0,603.64246,688.6698,694.6421,769.1344,7322.249,0.0,0.0,0.0,0.0,9.avi
246,13,2.6,680,743,8658.102,0,173.47377468045283,0.8172554969787598,3,0,634.74927,696.0144,725.54297,791.3745,8658.102,123.76796,59.051395,33.925655692477065,335.44586777552394,9.avi
247,13,2.6,464,679,1616.6445,0,0.0,0.7737420797348022,1,0,444.2795,660.1228,485.1721,699.65674,1616.6445,0.0,0.0,0.0,0.0,9.avi
248,14,2.8,637,649,5463.033,0,0.0,0.8271760940551758,1,0,601.46765,612.0506,674.31177,687.0468,5463.033,0.0,0.0,0.0,0.0,9.avi
237,15,3.0,953,615,174.79297,0,249.0315819319123,0.1606092453002929,12,0,946.88654,609.4704,960.55,622.2631,174.79297,-4.541107,-1.4929127,50.76269146617306,161.12525078376052,9.avi
249,15,3.0,565,679,9806.385,0,0.0,0.8470060229301453,1,0,516.4973,628.96027,613.6184,729.93097,9806.385,0.0,0.0,0.0,0.0,9.avi
250,16,3.2,958,611,141.30777,0,0.0,0.5064826011657715,1,0,953.05505,605.2201,964.9137,617.1361,141.30777,0.0,0.0,0.0,0.0,9.avi
251,16,3.2,558,753,9048.853,0,0.0,0.8574057817459106,1,0,507.65942,709.18665,610.1189,797.50305,9048.853,0.0,0.0,0.0,0.0,9.avi
238,17,3.4,908,683,76.881836,0,210.86737841869424,0.1827902793884277,13,0,904.7007,679.36316,913.0028,688.62366,76.881836,1.6755267,2.9430354,40.88943907293812,299.30517401315603,9.avi
251,17,3.4,516,737,9891.872,0,228.53860751350504,0.9220683574676514,3,0,467.4959,686.7911,565.7994,787.41693,9891.872,-168.6288,-64.83381,45.898084227318414,159.13840158883033,9.avi
252,18,3.6,376,792,11475.364,0,0.0,0.8845657110214233,1,0,323.86017,737.62805,429.32086,846.4398,11475.364,0.0,0.0,0.0,0.0,9.avi
253,19,3.8,309,931,2032.7822,0,0.0,0.5500545501708984,1,0,286.9718,909.39844,332.9289,953.6306,2032.7822,0.0,0.0,0.0,0.0,9.avi
254,20,4.0,228,924,7972.7573,0,0.0,0.826332688331604,1,0,185.5018,877.6267,271.15842,970.70483,7972.7573,0.0,0.0,0.0,0.0,9.avi
255,0,0.0,1162,134,1449.6003,0,0.0,0.5675917863845825,1,0,1144.1664,113.69568,1179.8434,154.3269,1449.6003,0.0,0.0,0.0,0.0,10.avi
256,2,0.0820008200082,1247,305,5167.8315,0,0.0,0.7323814630508423,1,0,1215.9025,265.245,1279.6088,346.36462,5167.8315,0.0,0.0,0.0,0.0,10.avi
257,3,0.1230012300123001,1254,387,4587.705,0,0.0,0.7564405798912048,1,0,1229.0189,341.55475,1279.3007,432.79474,4587.705,0.0,0.0,0.0,0.0,10.avi
258,4,0.1640016400164001,1160,422,8759.9375,0,0.0,0.8467812538146973,1,0,1111.8265,376.9201,1208.4801,467.55243,8759.9375,0.0,0.0,0.0,0.0,10.avi
259,5,0.2050020500205002,1108,514,8796.13,0,0.0,0.8970983624458313,1,0,1056.3772,471.95007,1159.8308,556.975,8796.13,0.0,0.0,0.0,0.0,10.avi
259,6,0.2460024600246002,1070,539,7212.121,0,1163.1225583888963,0.7688891887664795,3,0,1027.3296,497.64447,1112.7678,582.0577,7212.121,-132.44025,88.35734,45.32110790589738,212.7799378026236,10.avi
260,7,0.2870028700287003,1007,612,9692.62,0,0.0,0.9024436473846436,1,0,956.35474,565.0962,1058.3771,660.1011,9692.62,0.0,0.0,0.0,0.0,10.avi
260,8,0.3280032800328003,992,646,7579.0176,0,953.429826477548,0.879784345626831,3,0,947.2593,604.72064,1037.1223,689.06024,7579.0176,-52.812473,119.34252,36.76632140794376,245.29576203808188,10.avi
260,9,0.3690036900369003,974,629,7288.5225,0,811.4091498987885,0.8547602891921997,5,0,929.9692,588.5628,1019.5501,669.92523,7288.5225,-317.97174,-272.15686,27.855041759146097,125.12176601733636,10.avi
261,10,0.4100041000410004,896,676,7826.0234,0,0.0,0.8196620345115662,1,0,850.24243,633.99915,942.54395,718.78674,7826.0234,0.0,0.0,0.0,0.0,10.avi
261,11,0.4510045100451004,868,653,8401.012,0,913.62620320935,0.8867532014846802,3,0,823.1921,607.3198,914.4515,699.3762,8401.012,-95.95417,-80.200966,36.78862591304372,140.51513491584635,10.avi
262,12,0.4920049200492005,776,733,9075.67,0,0.0,0.8789517879486084,1,0,726.3499,688.75946,827.2059,778.7459,9075.67,0.0,0.0,0.0,0.0,10.avi
263,13,0.5330053300533005,698,777,7727.0747,0,0.0,0.8983747959136963,1,0,652.8974,734.247,743.2563,819.7624,7727.0747,0.0,0.0,0.0,0.0,10.avi
264,14,0.5740057400574006,623,831,6598.9595,0,0.0,0.8645464777946472,1,0,583.16986,790.2755,663.88336,872.0333,6598.9595,0.0,0.0,0.0,0.0,10.avi
265,15,0.6150061500615006,590,916,6484.8887,0,0.0,0.8615952134132385,1,0,549.0106,876.95685,631.9608,955.13495,6484.8887,0.0,0.0,0.0,0.0,10.avi
265,16,0.6560065600656007,588,932,6927.4995,0,418.8899548199517,0.85899817943573,3,0,548.38104,889.4188,628.93207,975.42017,6927.4995,-6.365877,56.983376,16.146583214901785,261.1442701579352,10.avi
266,17,0.6970069700697007,527,871,6597.5557,0,0.0,0.8869892954826355,1,0,485.66113,832.7886,570.0176,910.999,6597.5557,0.0,0.0,0.0,0.0,10.avi
267,18,0.7380073800738007,491,953,6733.695,0,0.0,0.8488093614578247,1,0,451.96478,911.24927,531.50433,995.9077,6733.695,0.0,0.0,0.0,0.0,10.avi
