tracker_id,frame_idx,timestamp,centroid_x,centroid_y,area,class,speed,source_video
0,0,0.0,781,262,4242.37,0,0.0,1.avi
1,0,0.0,810,131,4878.3784,0,0.0,1.avi
2,0,0.0,462,519,1705.098,0,0.0,1.avi
3,0,0.0,219,587,1672.8411,0,0.0,1.avi
4,1,0.2,407,746,11960.955,0,0.0,1.avi
5,1,0.2,331,436,4288.182,0,0.0,1.avi
6,1,0.2,854,321,2080.6296,0,0.0,1.avi
7,1,0.2,850,634,4452.0283,0,0.0,1.avi
8,1,0.2,251,754,2770.2742,0,0.0,1.avi
9,1,0.2,775,539,1350.1627,0,0.0,1.avi
10,1,0.2,308,712,1494.7125,0,0.0,1.avi
11,1,0.2,227,286,3205.361,0,0.0,1.avi
4,2,0.4,435,729,4698.8584,0,128.7134049934194,1.avi
12,2,0.4,930,184,2418.2378,0,0.0,1.avi
13,2,0.4,601,198,2467.0427,0,0.0,1.avi
14,2,0.4,969,113,1260.1444,0,0.0,1.avi
15,2,0.4,941,552,3318.6738,0,0.0,1.avi
16,2,0.4,83,441,10003.999,0,0.0,1.avi
17,2,0.4,854,686,6210.706,0,0.0,1.avi
10,3,0.6,331,752,3086.8247,0,76.14115566457801,1.avi
18,3,0.6,1037,202,7074.153,0,0.0,1.avi
19,3,0.6,1165,451,6386.3716,0,0.0,1.avi
1,4,0.8,813,147,1307.6294,0,7.912814223572267,1.avi
7,4,0.8,832,616,750.0554,0,21.2309585528826,1.avi
19,4,0.8,1189,455,8725.921,0,100.04655654525295,1.avi
20,4,0.8,625,501,8104.041,0,0.0,1.avi
21,4,0.8,875,1002,2758.496,0,0.0,1.avi
22,4,0.8,988,713,2625.408,0,0.0,1.avi
8,5,1.0,218,784,3933.7888,0,22.866892560875534,1.avi
13,5,1.0,631,184,3411.4194,0,27.83654815320925,1.avi
23,5,1.0,488,807,5372.6934,0,0.0,1.avi
24,5,1.0,515,112,4659.6953,0,0.0,1.avi
25,5,1.0,415,562,7520.9175,0,0.0,1.avi
26,5,1.0,637,885,4130.1543,0,0.0,1.avi
27,5,1.0,871,212,3389.3596,0,0.0,1.avi
8,6,1.2,252,766,3231.795,0,155.39453944918722,1.avi
10,6,1.2,398,822,2328.2476,0,81.54730461900625,1.avi
12,6,1.2,908,199,2667.874,0,13.34652273775657,1.avi
15,6,1.2,926,511,6669.676,0,22.41772813895533,1.avi
24,6,1.2,509,135,1801.8223,0,94.04161416794427,1.avi
28,6,1.2,1070,767,2775.4985,0,0.0,1.avi
29,6,1.2,1148,313,2092.39,0,0.0,1.avi
30,6,1.2,540,924,1689.1691,0,0.0,1.avi
13,7,1.4,610,149,2312.2544,0,75.1972503808733,1.avi
31,7,1.4,738,848,2832.98,0,0.0,1.avi
32,7,1.4,343,650,1501.8176,0,0.0,1.avi
33,7,1.4,734,156,1916.8538,0,0.0,1.avi
34,8,1.6,207,623,5369.343,0,0.0,1.avi
35,8,1.6,1220,839,3102.428,0,0.0,1.avi
36,8,1.6,936,299,4271.0312,0,0.0,1.avi
37,8,1.6,537,867,2646.9236,0,0.0,1.avi
38,8,1.6,286,443,1313.9524,0,0.0,1.avi
39,8,1.6,1210,215,3332.686,0,0.0,1.avi
40,8,1.6,1023,296,4942.8174,0,0.0,1.avi
41,8,1.6,926,981,6885.33,0,0.0,1.avi
42,8,1.6,361,602,5844.182,0,0.0,1.avi
12,9,1.8,933,227,2706.8542,0,37.12238587703012,1.avi
24,9,1.8,496,262,5268.2617,0,106.84873123808022,1.avi
35,9,1.8,1188,828,3294.1165,0,133.27897492196584,1.avi
39,9,1.8,1222,236,3711.4905,0,98.88692544233288,1.avi
43,9,1.8,31,649,5301.2812,0,0.0,1.avi
44,9,1.8,1137,1010,1685.5563,0,0.0,1.avi
45,9,1.8,588,623,2418.8613,0,0.0,1.avi
46,9,1.8,712,6,414.75998,0,0.0,1.avi
47,9,1.8,1124,731,9218.098,0,0.0,1.avi
48,9,1.8,322,566,2156.7854,0,0.0,1.avi
13,10,2.0,566,38,3975.8003,0,103.24013459224568,1.avi
40,10,2.0,1041,342,2088.516,0,81.26942075590301,1.avi
47,10,2.0,1157,764,2126.8208,0,184.98165027239864,1.avi
49,10,2.0,656,971,5727.5464,0,0.0,1.avi
50,10,2.0,821,754,2119.5872,0,0.0,1.avi
51,10,2.0,805,665,1561.4863,0,0.0,1.avi
52,10,2.0,398,294,3455.1152,0,0.0,1.avi
53,10,2.0,532,929,27351.898,0,0.0,1.avi
25,11,2.2,394,518,1585.1865,0,12.009752760858698,1.avi
54,11,2.2,298,970,18716.91,0,0.0,1.avi
55,11,2.2,302,84,5220.543,0,0.0,1.avi
56,11,2.2,1247,522,4103.7466,0,0.0,1.avi
57,11,2.2,1185,583,1050.4121,0,0.0,1.avi
58,11,2.2,197,536,931.01373,0,0.0,1.avi
59,11,2.2,1070,1007,2976.4487,0,0.0,1.avi
60,11,2.2,847,625,3134.2034,0,0.0,1.avi
29,12,2.4,1160,305,2567.1265,0,3.5818928033495783,1.avi
42,12,2.4,364,610,2467.1067,0,4.752707061350483,1.avi
48,12,2.4,352,574,9009.344,0,25.599440616218185,1.avi
49,12,2.4,687,1010,1621.7676,0,81.4376648837548,1.avi
52,12,2.4,382,312,3252.5815,0,40.27574329601969,1.avi
59,12,2.4,1032,1001,2424.2605,0,154.34072873637405,1.avi
61,12,2.4,600,432,2859.2966,0,0.0,1.avi
62,12,2.4,572,688,11639.903,0,0.0,1.avi
34,13,2.6,208,647,1852.4888,0,8.185928776360116,1.avi
50,13,2.6,799,721,2761.949,0,33.15165127745336,1.avi
63,13,2.6,103,630,3009.0151,0,0.0,1.avi
64,13,2.6,60,347,3848.653,0,0.0,1.avi
65,13,2.6,685,937,1720.6525,0,0.0,1.avi
66,13,2.6,1051,423,2249.7456,0,0.0,1.avi
67,13,2.6,897,850,2267.3608,0,0.0,1.avi
68,13,2.6,1159,92,2378.5586,0,0.0,1.avi
69,13,2.6,970,28,2727.0728,0,0.0,1.avi
70,13,2.6,435,844,5978.861,0,0.0,1.avi
57,14,2.8,1165,582,5008.5,0,16.800621856806092,1.avi
71,14,2.8,422,273,2647.941,0,0.0,1.avi
72,14,2.8,726,834,1582.438,0,0.0,1.avi
73,14,2.8,240,140,2376.1555,0,0.0,1.avi
74,14,2.8,554,389,3129.3599,0,0.0,1.avi
48,15,3.0,362,543,1361.1094,0,31.497165128512957,1.avi
61,15,3.0,573,463,3319.5637,0,34.44279536192947,1.avi
63,15,3.0,105,613,1457.8007,0,29.04728474361352,1.avi
70,15,3.0,442,886,4813.4194,0,70.3904533155509,1.avi
75,15,3.0,1101,956,2351.6455,0,0.0,1.avi
76,15,3.0,208,15,2102.0396,0,0.0,1.avi
77,15,3.0,237,860,2211.5383,0,0.0,1.avi
78,15,3.0,802,381,1958.6132,0,0.0,1.avi
79,15,3.0,122,454,999.83655,0,0.0,1.avi
80,15,3.0,931,263,2426.3684,0,0.0,1.avi
29,16,3.2,1134,283,1531.9567,0,19.529092068289263,1.avi
81,16,3.2,536,202,2433.375,0,0.0,1.avi
82,16,3.2,340,299,3759.5457,0,0.0,1.avi
69,17,3.4,1013,11,1632.3026,0,23.456070767700524,1.avi
83,17,3.4,72,628,2648.652,0,0.0,1.avi
84,17,3.4,1225,699,1990.9896,0,0.0,1.avi
29,18,3.6,1111,238,1758.3713,0,91.41839662883778,1.avi
85,18,3.6,1136,1011,2035.4075,0,0.0,1.avi
86,18,3.6,427,758,3032.3801,0,0.0,1.avi
87,18,3.6,614,145,2470.4766,0,0.0,1.avi
88,18,3.6,581,278,5640.6543,0,0.0,1.avi
89,18,3.6,941,549,990.9743,0,0.0,1.avi
64,19,3.8,61,344,7616.6562,0,0.9148657114469776,1.avi
67,19,3.8,939,864,2342.1387,0,10.841514862741413,1.avi
87,19,3.8,638,154,1019.6377,0,103.37774898098236,1.avi
90,19,3.8,921,966,4662.6396,0,0.0,1.avi
91,19,3.8,777,475,3684.7766,0,0.0,1.avi
92,20,4.0,192,570,4184.1055,0,0.0,1.avi
93,20,4.0,995,347,5944.276,0,0.0,1.avi
94,20,4.0,314,366,2493.9983,0,0.0,1.avi
95,20,4.0,406,1015,1157.514,0,0.0,1.avi
96,20,4.0,932,18,2402.2705,0,0.0,1.avi
97,20,4.0,948,213,2587.8018,0,0.0,1.avi
98,20,4.0,778,538,33471.938,0,0.0,1.avi
83,21,4.2,71,636,2284.7156,0,3.715714441863982,1.avi
96,21,4.2,916,62,4902.2676,0,186.2931787197266,1.avi
98,21,4.2,774,584,4347.25,0,181.40124077924605,1.avi
99,21,4.2,1073,91,4285.3447,0,0.0,1.avi
100,21,4.2,154,151,4015.802,0,0.0,1.avi
101,21,4.2,418,603,25240.963,0,0.0,1.avi
102,21,4.2,1070,674,1898.3696,0,0.0,1.avi
103,21,4.2,786,903,2664.518,0,0.0,1.avi
104,21,4.2,799,84,4657.5103,0,0.0,1.avi
105,21,4.2,14,766,1233.8406,0,0.0,1.avi
106,21,4.2,984,278,6174.402,0,0.0,1.avi
83,22,4.4,87,656,25984.363,0,108.67720264618518,1.avi
95,22,4.4,418,1013,1006.87775,0,18.529143601301605,1.avi
101,22,4.4,447,621,3393.7266,0,136.46063849834135,1.avi
107,22,4.4,232,758,5255.8516,0,0.0,1.avi
108,22,4.4,157,227,5046.31,0,0.0,1.avi
109,22,4.4,580,873,5484.6187,0,0.0,1.avi
110,22,4.4,1040,498,1416.6367,0,0.0,1.avi
111,22,4.4,272,979,5116.999,0,0.0,1.avi
112,22,4.4,1044,820,943.99176,0,0.0,1.avi
113,22,4.4,1182,925,1993.1963,0,0.0,1.avi
99,23,4.6,1091,95,2849.0947,0,30.562514977948783,1.avi
114,23,4.6,622,434,7277.4,0,0.0,1.avi
115,23,4.6,993,429,3092.1555,0,0.0,1.avi
116,23,4.6,1029,308,8230.96,0,0.0,1.avi
67,24,4.8,972,884,1195.2162,0,13.392320487759951,1.avi
97,24,4.8,950,203,1342.147,0,5.235302470012086,1.avi
100,24,4.8,111,141,2040.8348,0,37.3427644352164,1.avi
115,24,4.8,1003,454,4062.2036,0,108.02314566795395,1.avi
117,24,4.8,558,365,1924.1395,0,0.0,1.avi
118,24,4.8,1042,105,2444.0068,0,0.0,1.avi
119,24,4.8,855,26,2104.9,0,0.0,1.avi
120,24,4.8,623,544,1734.6216,0,0.0,1.avi
67,25,5.0,993,854,2321.7827,0,154.97041048213043,1.avi
92,25,5.0,202,600,2280.223,0,10.811198073487493,1.avi
118,25,5.0,1019,102,4132.499,0,93.55659216484962,1.avi
121,25,5.0,430,119,2149.377,0,0.0,1.avi
122,25,5.0,803,767,1846.2528,0,0.0,1.avi
123,25,5.0,511,1011,1563.882,0,0.0,1.avi
124,25,5.0,551,797,3026.3752,0,0.0,1.avi
125,25,5.0,701,247,3052.6816,0,0.0,1.avi
83,26,5.2,197,943,30423.39,0,162.31079730527787,1.avi
114,26,5.2,608,475,4520.5186,0,36.41343645541008,1.avi
126,26,5.2,1027,1005,3282.141,0,0.0,1.avi
127,26,5.2,1182,814,1668.5145,0,0.0,1.avi
128,26,5.2,237,643,1101.8037,0,0.0,1.avi
129,26,5.2,896,931,1409.3275,0,0.0,1.avi
130,26,5.2,435,656,6471.6216,0,0.0,1.avi
131,26,5.2,250,557,2014.6873,0,0.0,1.avi
132,26,5.2,716,844,1021.8533,0,0.0,1.avi
133,26,5.2,58,796,14947.965,0,0.0,1.avi
109,27,5.4,549,842,3902.481,0,15.063365104176382,1.avi
134,27,5.4,1163,250,6734.319,0,0.0,1.avi
135,27,5.4,83,404,2445.5034,0,0.0,1.avi
136,27,5.4,736,33,1919.2955,0,0.0,1.avi
137,27,5.4,385,251,1441.8665,0,0.0,1.avi
115,28,5.6,1062,623,870.1797,0,87.60125001337738,1.avi
130,28,5.6,426,704,3082.5134,0,79.17434652990512,1.avi
137,28,5.6,413,266,2615.5942,0,128.50821502193935,1.avi
138,28,5.6,896,853,1386.0953,0,0.0,1.avi
139,28,5.6,881,270,6501.8413,0,0.0,1.avi
140,28,5.6,613,280,1577.3358,0,0.0,1.avi
141,28,5.6,276,183,2797.164,0,0.0,1.avi
142,28,5.6,196,831,8625.128,0,0.0,1.avi
125,29,5.8,734,262,2792.7454,0,18.65499122245212,1.avi
138,29,5.8,911,822,961.34906,0,141.44834663446937,1.avi
143,29,5.8,314,6,567.6485,0,0.0,1.avi
144,29,5.8,324,385,2563.339,0,0.0,1.avi
145,29,5.8,1124,142,2308.762,0,0.0,1.avi
146,29,5.8,658,308,4545.0825,0,0.0,1.avi
146,30,6.0,650,317,2718.3584,0,45.1799408009932,1.avi
147,30,6.0,1184,528,49440.285,0,0.0,1.avi
148,30,6.0,752,898,1704.6477,0,0.0,1.avi
149,30,6.0,1125,677,2023.4077,0,0.0,1.avi
150,30,6.0,133,384,1918.4688,0,0.0,1.avi
151,30,6.0,688,13,1493.537,0,0.0,1.avi
152,30,6.0,938,902,6123.7485,0,0.0,1.avi
124,31,6.2,530,780,2597.1897,0,6.74867913780026,1.avi
153,31,6.2,862,558,26957.895,0,0.0,1.avi
154,31,6.2,1158,903,2170.846,0,0.0,1.avi
155,31,6.2,1072,222,1856.4658,0,0.0,1.avi
114,32,6.4,547,620,34511.56,0,37.688424726942856,1.avi
126,32,6.4,1004,963,13377.615,0,11.811316052398585,1.avi
133,32,6.4,62,801,3801.4463,0,1.5458881042867694,1.avi
135,32,6.4,54,403,985.64355,0,9.980862807166938,1.avi
146,32,6.4,650,307,3892.4824,0,17.27810899772048,1.avi
155,32,6.4,1083,192,6832.9976,0,128.08173812306342,1.avi
156,32,6.4,1017,513,6830.5757,0,0.0,1.avi
157,32,6.4,278,700,1779.7949,0,0.0,1.avi
145,33,6.6,1151,109,1795.6543,0,21.704289250629703,1.avi
158,33,6.6,1218,727,8071.793,0,0.0,1.avi
159,33,6.6,209,694,37174.85,0,0.0,1.avi
139,34,6.8,850,268,6511.648,0,7.692352748152021,1.avi
155,34,6.8,1132,107,3977.437,0,164.52132864198794,1.avi
157,34,6.8,304,679,4075.9429,0,54.23809318138982,1.avi
160,34,6.8,292,532,1823.3862,0,0.0,1.avi
161,34,6.8,107,688,5249.507,0,0.0,1.avi
145,35,7.0,1128,135,1735.1487,0,63.45864602920059,1.avi
146,35,7.0,636,330,3324.8105,0,29.07453547833997,1.avi
156,35,7.0,1058,530,1512.1001,0,37.94049874886333,1.avi
160,35,7.0,331,515,2290.3774,0,169.26620698806067,1.avi
162,35,7.0,1262,332,1611.315,0,0.0,1.avi
163,35,7.0,517,161,1608.4525,0,0.0,1.avi
164,35,7.0,212,799,1947.1338,0,0.0,1.avi
114,36,7.2,540,709,2453.1523,0,46.33781780980844,1.avi
162,36,7.2,1271,299,794.779,0,134.47438185394273,1.avi
165,36,7.2,598,943,2525.6528,0,0.0,1.avi
166,36,7.2,434,234,2442.3608,0,0.0,1.avi
167,36,7.2,810,701,14231.498,0,0.0,1.avi
145,37,7.4,1060,186,2681.2622,0,148.98097875651777,1.avi
168,37,7.4,928,37,1971.4156,0,0.0,1.avi
169,37,7.4,672,198,1912.9015,0,0.0,1.avi
170,37,7.4,1031,963,3210.1738,0,0.0,1.avi
171,37,7.4,764,213,1786.2078,0,0.0,1.avi
156,38,7.6,1108,540,1320.9282,0,43.42510923768284,1.avi
157,38,7.6,424,626,1927.3809,0,67.69837386687179,1.avi
171,38,7.6,770,233,1015.9021,0,81.34871107134242,1.avi
172,38,7.6,707,295,3005.0022,0,0.0,1.avi
173,38,7.6,26,905,3287.652,0,0.0,1.avi
174,38,7.6,352,890,1394.5271,0,0.0,1.avi
175,38,7.6,770,163,1102.5172,0,0.0,1.avi
139,39,7.8,824,233,2495.344,0,16.14768533565163,1.avi
165,39,7.8,585,939,1572.2062,0,11.039414623608156,1.avi
176,39,7.8,1028,490,2399.9224,0,0.0,1.avi
177,39,7.8,654,856,1113.5892,0,0.0,1.avi
178,40,8.0,1158,894,3542.5747,0,0.0,1.avi
179,40,8.0,106,896,4445.77,0,0.0,1.avi
180,40,8.0,641,798,3837.6077,0,0.0,1.avi
181,40,8.0,916,150,2399.7556,0,0.0,1.avi
169,41,8.2,657,153,7451.5596,0,24.420644112854983,1.avi
177,41,8.2,635,844,4749.612,0,37.6790500866156,1.avi
180,41,8.2,642,755,2961.0076,0,171.0050883289003,1.avi
182,41,8.2,406,806,9812.723,0,0.0,1.avi
183,41,8.2,1115,799,2759.2915,0,0.0,1.avi
184,41,8.2,603,1004,2904.3464,0,0.0,1.avi
185,41,8.2,1064,128,5380.757,0,0.0,1.avi
186,41,8.2,999,893,1656.7183,0,0.0,1.avi
187,41,8.2,668,336,5431.6357,0,0.0,1.avi
156,42,8.4,1221,540,2869.9607,0,58.82214029983204,1.avi
168,42,8.4,964,13,1233.4288,0,14.829685977175668,1.avi
174,42,8.4,364,890,5687.5303,0,6.175346383329567,1.avi
182,42,8.4,413,830,2650.4604,0,101.85777749360872,1.avi
188,42,8.4,1034,677,19830.805,0,0.0,1.avi
189,42,8.4,244,892,8985.86,0,0.0,1.avi
190,42,8.4,1033,205,2254.4197,0,0.0,1.avi
191,42,8.4,803,308,2459.4463,0,0.0,1.avi
192,42,8.4,932,915,836.563,0,0.0,1.avi
193,42,8.4,1159,945,1437.5554,0,0.0,1.avi
177,43,8.6,667,837,19683.59,0,61.07468132719769,1.avi
194,43,8.6,48,365,1464.6198,0,0.0,1.avi
195,43,8.6,847,771,2847.7354,0,0.0,1.avi
196,44,8.8,220,247,4256.4478,0,0.0,1.avi
197,45,9.0,927,227,1692.9038,0,0.0,1.avi
198,45,9.0,940,981,3870.2192,0,0.0,1.avi
199,45,9.0,770,647,3064.4622,0,0.0,1.avi
200,45,9.0,636,377,2384.6772,0,0.0,1.avi
189,46,9.2,229,913,3089.0488,0,12.8909741903462,1.avi
201,46,9.2,269,1007,2896.5916,0,0.0,1.avi
202,46,9.2,203,753,3082.4421,0,0.0,1.avi
203,46,9.2,1085,982,2993.535,0,0.0,1.avi
204,46,9.2,1018,768,2917.8086,0,0.0,1.avi
205,47,9.4,974,394,36458.4,0,0.0,1.avi
206,47,9.4,561,844,1348.7031,0,0.0,1.avi
207,47,9.4,979,557,1794.9368,0,0.0,1.avi
208,47,9.4,435,956,5128.755,0,0.0,1.avi
209,47,9.4,622,164,1614.0481,0,0.0,1.avi
210,47,9.4,1078,271,3088.6167,0,0.0,1.avi
200,48,9.6,639,410,40208.11,0,27.91780450883898,1.avi
201,48,9.6,315,1004,2023.1428,0,74.3238663510921,1.avi
209,48,9.6,622,196,1528.9977,0,128.02334381861772,1.avi
211,48,9.6,530,242,6662.0938,0,0.0,1.avi
212,48,9.6,907,60,2136.0208,0,0.0,1.avi
213,48,9.6,1257,645,2943.8813,0,0.0,1.avi
214,48,9.6,744,801,1946.8228,0,0.0,1.avi
208,49,9.8,397,945,3147.5686,0,64.33191443477918,1.avi
215,49,9.8,310,418,40842.297,0,0.0,1.avi
216,49,9.8,1122,228,1073.944,0,0.0,1.avi
217,49,9.8,69,146,3875.241,0,0.0,1.avi
218,49,9.8,1195,518,1429.8905,0,0.0,1.avi
219,49,9.8,513,686,2917.5618,0,0.0,1.avi
220,49,9.8,564,515,1398.106,0,0.0,1.avi
221,50,10.0,823,554,8824.716,0,0.0,1.avi
222,50,10.0,450,826,2028.4882,0,0.0,1.avi
223,50,10.0,56,437,23362.395,0,0.0,1.avi
224,50,10.0,167,664,1723.9745,0,0.0,1.avi
225,50,10.0,226,696,2413.7844,0,0.0,1.avi
226,50,10.0,451,532,1540.5518,0,0.0,1.avi
227,50,10.0,45,1005,2706.364,0,0.0,1.avi
228,50,10.0,362,119,1658.1422,0,0.0,1.avi
229,50,10.0,845,133,2971.8096,0,0.0,1.avi
230,51,10.2,25,286,2833.8074,0,0.0,1.avi
231,51,10.2,1139,592,5895.93,0,0.0,1.avi
229,52,10.4,832,139,1192.4982,0,23.704566946911832,1.avi
232,52,10.4,777,38,6021.3164,0,0.0,1.avi
233,52,10.4,549,392,3173.7954,0,0.0,1.avi
234,52,10.4,767,297,6053.504,0,0.0,1.avi
235,52,10.4,208,606,2777.2366,0,0.0,1.avi
236,52,10.4,1135,967,5958.758,0,0.0,1.avi
237,52,10.4,822,948,3455.9976,0,0.0,1.avi
238,52,10.4,427,111,1759.6622,0,0.0,1.avi
239,52,10.4,725,580,2038.251,0,0.0,1.avi
217,53,10.6,70,156,2077.4248,0,5.252730794681144,1.avi
239,53,10.6,729,537,4447.283,0,170.4824610663807,1.avi
240,53,10.6,544,595,3080.211,0,0.0,1.avi
241,53,10.6,848,875,2023.871,0,0.0,1.avi
242,53,10.6,569,6,512.33795,0,0.0,1.avi
243,53,10.6,200,863,7898.8594,0,0.0,1.avi
244,53,10.6,280,770,1594.5463,0,0.0,1.avi
245,53,10.6,158,315,5249.5376,0,0.0,1.avi
246,53,10.6,394,327,7992.64,0,0.0,1.avi
213,54,10.8,1264,680,1925.572,0,8.785205751027725,1.avi
218,54,10.8,1215,510,5372.821,0,7.550826970971897,1.avi
222,54,10.8,422,793,896.73975,0,22.01225009063668,1.avi
225,54,10.8,203,714,1485.3716,0,14.856940068967454,1.avi
228,54,10.8,387,91,2984.5383,0,19.252823263440643,1.avi
242,54,10.8,609,19,2971.8748,0,165.43604787802445,1.avi
246,54,10.8,360,355,2315.543,0,175.30608277025073,1.avi
247,54,10.8,1195,248,4294.3594,0,0.0,1.avi
248,54,10.8,1154,874,2001.2955,0,0.0,1.avi
249,54,10.8,739,91,2498.0474,0,0.0,1.avi
250,54,10.8,726,849,2772.036,0,0.0,1.avi
251,54,10.8,463,880,5874.814,0,0.0,1.avi
252,54,10.8,727,13,1406.4996,0,0.0,1.avi
226,55,11.0,438,531,1243.4717,0,4.370470590633662,1.avi
237,55,11.0,823,943,3511.6055,0,4.2234071245699445,1.avi
241,55,11.0,863,898,4171.005,0,44.8568292664109,1.avi
253,55,11.0,470,34,3287.9875,0,0.0,1.avi
254,55,11.0,683,574,2665.1755,0,0.0,1.avi
255,55,11.0,1156,327,3607.0466,0,0.0,1.avi
256,55,11.0,515,197,807.80457,0,0.0,1.avi
257,55,11.0,125,360,2902.1494,0,0.0,1.avi
227,56,11.2,28,997,2981.101,0,4.757049950437459,1.avi
236,56,11.2,1125,978,2143.8135,0,7.453167737282475,1.avi
253,56,11.2,445,33,4163.556,0,100.1382101538294,1.avi
258,56,11.2,658,918,2232.7593,0,0.0,1.avi
259,56,11.2,353,334,3830.707,0,0.0,1.avi
260,56,11.2,553,954,1341.692,0,0.0,1.avi
261,57,11.4,133,437,2887.753,0,0.0,1.avi
262,57,11.4,510,1003,1619.9247,0,0.0,1.avi
263,57,11.4,475,811,1393.5807,0,0.0,1.avi
264,57,11.4,989,142,3977.5757,0,0.0,1.avi
265,57,11.4,717,269,3175.9363,0,0.0,1.avi
235,58,11.6,188,611,1996.1843,0,5.214559917369436,1.avi
266,58,11.6,893,664,6436.9634,0,0.0,1.avi
267,58,11.6,348,221,4256.8496,0,0.0,1.avi
251,59,11.8,511,875,1041.7832,0,16.725343690998738,1.avi
253,59,11.8,371,39,2024.3569,0,59.608617295315405,1.avi
257,59,11.8,107,344,1826.112,0,12.156273849189333,1.avi
260,59,11.8,567,922,1124.7341,0,29.393574787179787,1.avi
268,59,11.8,1260,861,3017.4248,0,0.0,1.avi
269,59,11.8,225,711,2953.398,0,0.0,1.avi
270,59,11.8,642,148,2789.6514,0,0.0,1.avi
213,60,12.0,1265,727,1461.7717,0,11.716032888129932,1.avi
251,60,12.0,537,891,1813.324,0,130.10380470993152,1.avi
271,60,12.0,646,80,7073.7754,0,0.0,1.avi
272,60,12.0,366,509,2529.9219,0,0.0,1.avi
273,60,12.0,548,415,10660.258,0,0.0,1.avi
274,60,12.0,1178,962,2990.8162,0,0.0,1.avi
255,61,12.2,1185,365,1660.649,0,11.767700498585697,1.avi
270,61,12.2,667,187,3385.8691,0,75.338072681165,1.avi
275,61,12.2,1252,349,4310.5767,0,0.0,1.avi
276,61,12.2,599,243,2670.015,0,0.0,1.avi
277,61,12.2,620,579,3639.2224,0,0.0,1.avi
278,61,12.2,190,541,3006.9421,0,0.0,1.avi
235,62,12.4,189,618,3935.6443,0,4.521839551384679,1.avi
257,62,12.4,104,319,3182.3616,0,21.919261860914563,1.avi
259,62,12.4,322,319,2384.5054,0,8.50037652472005,1.avi
272,62,12.4,378,510,2256.1382,0,18.57862682643309,1.avi
279,62,12.4,1105,856,4586.4707,0,0.0,1.avi
280,62,12.4,478,894,1675.174,0,0.0,1.avi
281,62,12.4,694,752,1456.7593,0,0.0,1.avi
282,62,12.4,1192,883,2891.6562,0,0.0,1.avi
283,62,12.4,1052,792,2261.0012,0,0.0,1.avi
268,63,12.6,1273,905,440.1726,0,23.61582162978879,1.avi
270,63,12.6,731,228,2936.9204,0,131.69514542353107,1.avi
273,63,12.6,561,453,1483.9023,0,33.533315916669906,1.avi
284,63,12.6,271,208,4901.2817,0,0.0,1.avi
285,63,12.6,697,631,3358.6714,0,0.0,1.avi
286,63,12.6,978,735,4278.333,0,0.0,1.avi
257,64,12.8,148,319,2244.8452,0,81.63241136912164,1.avi
275,64,12.8,1214,344,2373.6333,0,32.42281060397043,1.avi
287,64,12.8,1260,973,1470.0591,0,0.0,1.avi
288,65,13.0,269,417,5298.169,0,0.0,1.avi
289,65,13.0,729,98,2650.033,0,0.0,1.avi
290,65,13.0,800,25,2630.001,0,0.0,1.avi
291,65,13.0,1200,1006,2426.473,0,0.0,1.avi
276,66,13.2,562,211,2357.008,0,16.876200767463924,1.avi
288,66,13.2,242,385,3042.9453,0,166.1109968703156,1.avi
292,66,13.2,1078,154,6623.5474,0,0.0,1.avi
293,66,13.2,574,832,4897.776,0,0.0,1.avi
294,66,13.2,400,230,1709.5674,0,0.0,1.avi
295,66,13.2,442,103,1895.7439,0,0.0,1.avi
296,66,13.2,98,984,5624.167,0,0.0,1.avi
235,67,13.4,203,589,938.0747,0,13.602801516836353,1.avi
257,67,13.4,219,298,9910.404,0,59.24916558945683,1.avi
297,67,13.4,211,698,5359.69,0,0.0,1.avi
298,67,13.4,285,99,8372.918,0,0.0,1.avi
299,67,13.4,44,725,9930.395,0,0.0,1.avi
300,67,13.4,746,277,1573.1257,0,0.0,1.avi
301,67,13.4,1155,838,8826.474,0,0.0,1.avi
289,68,13.6,747,67,771.3086,0,30.65987630661153,1.avi
301,68,13.6,1173,855,1313.956,0,99.46285424720124,1.avi
302,68,13.6,172,523,7212.5146,0,0.0,1.avi
303,68,13.6,858,328,4686.4287,0,0.0,1.avi
304,68,13.6,639,548,4245.6826,0,0.0,1.avi
305,68,13.6,1186,340,1010.1159,0,0.0,1.avi
290,69,13.8,839,21,1775.5801,0,19.96127537629892,1.avi
306,69,13.8,727,1008,1286.9797,0,0.0,1.avi
307,69,13.8,1139,196,1215.7357,0,0.0,1.avi
308,69,13.8,214,165,1818.59,0,0.0,1.avi
309,69,13.8,517,880,7101.9565,0,0.0,1.avi
310,70,14.0,1034,484,3264.001,0,0.0,1.avi
311,70,14.0,478,657,2262.3223,0,0.0,1.avi
312,70,14.0,722,653,4276.3438,0,0.0,1.avi
313,70,14.0,353,75,1714.6699,0,0.0,1.avi
314,70,14.0,201,20,3309.811,0,0.0,1.avi
315,70,14.0,751,803,3330.1477,0,0.0,1.avi
316,70,14.0,857,568,2998.3936,0,0.0,1.avi
317,70,14.0,721,928,2749.4575,0,0.0,1.avi
276,71,14.2,518,226,2982.3906,0,17.231908184178813,1.avi
311,71,14.2,477,624,5303.0063,0,130.01996541397017,1.avi
318,71,14.2,796,56,3368.452,0,0.0,1.avi
319,71,14.2,1248,779,1451.3287,0,0.0,1.avi
320,71,14.2,900,511,5412.95,0,0.0,1.avi
294,72,14.4,398,248,3034.7598,0,4.47239291152986,1.avi
297,72,14.4,207,666,4515.2925,0,11.255097654199467,1.avi
321,72,14.4,957,231,5097.341,0,0.0,1.avi
322,72,14.4,811,778,3236.7092,0,0.0,1.avi
323,72,14.4,821,914,1502.0078,0,0.0,1.avi
324,72,14.4,381,494,755.41364,0,0.0,1.avi
325,72,14.4,997,358,1005.47424,0,0.0,1.avi
312,73,14.6,746,678,5815.571,0,28.743343743731565,1.avi
324,73,14.6,390,470,1304.6254,0,101.25540591278325,1.avi
326,73,14.6,219,307,2994.7327,0,0.0,1.avi
327,73,14.6,716,614,3178.0278,0,0.0,1.avi
328,73,14.6,627,65,1354.4613,0,0.0,1.avi
329,73,14.6,1170,759,3484.9678,0,0.0,1.avi
330,73,14.6,387,602,2497.5227,0,0.0,1.avi
331,73,14.6,561,654,2263.2114,0,0.0,1.avi
332,73,14.6,957,1010,1161.2277,0,0.0,1.avi
333,73,14.6,432,865,5080.624,0,0.0,1.avi
334,73,14.6,191,751,1629.6476,0,0.0,1.avi
302,74,14.8,142,535,1654.7847,0,7.915665760680807,1.avi
317,74,14.8,758,929,1366.6581,0,19.05975422079286,1.avi
322,74,14.8,806,743,1822.0903,0,57.6810498831722,1.avi
335,74,14.8,360,982,9959.817,0,0.0,1.avi
336,74,14.8,545,723,1110.0042,0,0.0,1.avi
337,74,14.8,75,929,1696.0745,0,0.0,1.avi
338,74,14.8,611,500,2753.9602,0,0.0,1.avi
311,75,15.0,436,386,9066.893,0,120.26127968147104,1.avi
322,75,15.0,791,760,3867.0205,0,88.2250042062198,1.avi
327,75,15.0,680,586,790.02124,0,75.61597957566575,1.avi
331,75,15.0,563,613,1682.0702,0,67.65648816355309,1.avi
339,75,15.0,713,253,9410.003,0,0.0,1.avi
340,75,15.0,1206,667,2163.455,0,0.0,1.avi
341,75,15.0,795,9,1041.4211,0,0.0,1.avi
342,75,15.0,14,300,1475.1683,0,0.0,1.avi
321,76,15.2,998,227,1008.4131,0,20.911740071135505,1.avi
343,76,15.2,333,898,5155.502,0,0.0,1.avi
344,76,15.2,1062,938,1576.3975,0,0.0,1.avi
321,77,15.4,985,228,836.2142,0,48.64976925770692,1.avi
332,77,15.4,965,997,3136.515,0,7.871873992035465,1.avi
339,77,15.4,704,210,1543.3818,0,71.2978423531789,1.avi
341,77,15.4,760,11,1282.0579,0,57.09737177209867,1.avi
342,77,15.4,26,348,3477.3518,0,81.83065056012784,1.avi
345,77,15.4,702,901,4013.302,0,0.0,1.avi
346,77,15.4,142,640,1239.3267,0,0.0,1.avi
347,77,15.4,933,227,1746.179,0,0.0,1.avi
332,78,15.6,954,1009,2156.4834,0,63.54641589150603,1.avi
333,78,15.6,471,873,1554.6042,0,13.363869286974335,1.avi
337,78,15.6,84,930,1946.7151,0,4.712900945064851,1.avi
348,78,15.6,1233,114,8148.5903,0,0.0,1.avi
349,78,15.6,592,158,6443.396,0,0.0,1.avi
350,78,15.6,863,413,1918.0319,0,0.0,1.avi
351,78,15.6,883,767,2341.2578,0,0.0,1.avi
352,78,15.6,289,327,1750.0094,0,0.0,1.avi
353,78,15.6,1095,490,3157.8882,0,0.0,1.avi
354,78,15.6,64,407,2815.1753,0,0.0,1.avi
329,79,15.8,1194,728,2610.9182,0,9.839413417297008,1.avi
330,79,15.8,341,583,1950.2837,0,12.280933172201456,1.avi
334,79,15.8,152,782,12785.563,0,12.312152373542814,1.avi
340,79,15.8,1183,678,931.1018,0,13.338584882950943,1.avi
344,79,15.8,1084,950,5005.757,0,20.557843733350143,1.avi
355,79,15.8,688,269,6941.0166,0,0.0,1.avi
356,79,15.8,470,89,1543.212,0,0.0,1.avi
357,79,15.8,37,513,2229.233,0,0.0,1.avi
358,79,15.8,334,735,2098.1729,0,0.0,1.avi
359,79,15.8,1118,220,1328.8109,0,0.0,1.avi
333,80,16.0,450,901,1308.6328,0,63.77769197878381,1.avi
340,80,16.0,1162,656,1406.6648,0,129.4875114634612,1.avi
360,80,16.0,174,245,11369.195,0,0.0,1.avi
361,80,16.0,146,426,7331.7993,0,0.0,1.avi
362,80,16.0,890,664,2771.0105,0,0.0,1.avi
363,80,16.0,651,738,2228.2324,0,0.0,1.avi
360,81,16.2,171,283,1410.873,0,153.66892552456727,1.avi
364,81,16.2,481,365,1746.8237,0,0.0,1.avi
365,81,16.2,1196,413,1812.5698,0,0.0,1.avi
366,81,16.2,781,15,991.94855,0,0.0,1.avi
367,81,16.2,631,55,1298.3225,0,0.0,1.avi
368,81,16.2,1090,24,6374.0513,0,0.0,1.avi
369,81,16.2,686,395,1748.6744,0,0.0,1.avi
370,81,16.2,920,4,235.44649,0,0.0,1.avi
330,82,16.4,348,577,940.40643,0,9.569556730362436,1.avi
367,82,16.4,674,55,13287.124,0,174.2819364115943,1.avi
371,82,16.4,860,136,2313.8347,0,0.0,1.avi
372,82,16.4,939,105,2594.747,0,0.0,1.avi
373,82,16.4,162,534,1723.9314,0,0.0,1.avi
374,82,16.4,461,281,1427.6543,0,0.0,1.avi
341,83,16.6,495,31,1276.8983,0,64.61157984448299,1.avi
342,83,16.6,138,707,2044.2373,0,91.20819354812647,1.avi
356,83,16.6,453,122,2755.9707,0,19.08452237129934,1.avi
368,83,16.6,1134,4,385.89404,0,79.6719224970441,1.avi
370,83,16.6,898,14,1511.9854,0,39.4918173511338,1.avi
375,83,16.6,1029,810,11301.0625,0,0.0,1.avi
376,83,16.6,260,109,16803.162,0,0.0,1.avi
377,83,16.6,850,244,10219.531,0,0.0,1.avi
378,83,16.6,752,642,1312.0568,0,0.0,1.avi
379,83,16.6,1247,890,2986.5212,0,0.0,1.avi
380,83,16.6,1260,617,1663.9001,0,0.0,1.avi
381,83,16.6,593,406,1159.4796,0,0.0,1.avi
382,83,16.6,308,6,566.3418,0,0.0,1.avi
354,84,16.8,65,417,1308.9194,0,2.519338390450585,1.avi
379,84,16.8,1216,908,2113.5786,0,142.39543861198644,1.avi
383,84,16.8,507,956,11728.701,0,0.0,1.avi
384,84,16.8,383,169,3340.4626,0,0.0,1.avi
385,84,16.8,554,806,7101.3716,0,0.0,1.avi
386,84,16.8,944,208,2728.5444,0,0.0,1.avi
387,84,16.8,194,698,3399.1763,0,0.0,1.avi
388,84,16.8,1228,197,891.0364,0,0.0,1.avi
389,84,16.8,449,1011,1302.864,0,0.0,1.avi
390,84,16.8,1054,137,2264.2896,0,0.0,1.avi
391,84,16.8,426,372,12353.617,0,0.0,1.avi
340,85,17.0,899,398,1419.4385,0,120.98792553391434,1.avi
357,85,17.0,28,501,6189.8833,0,3.900215064745729,1.avi
358,85,17.0,346,745,757.99634,0,3.890489935924307,1.avi
364,85,17.0,499,362,1415.9432,0,9.737593362186812,1.avi
382,85,17.0,280,11,1009.6424,0,46.741426875183485,1.avi
387,85,17.0,187,677,3987.096,0,90.351970181203,1.avi
391,85,17.0,403,405,1589.9316,0,160.0720418866143,1.avi
392,85,17.0,572,464,5075.2476,0,0.0,1.avi
393,85,17.0,780,939,1963.803,0,0.0,1.avi
394,85,17.0,1180,867,2162.865,0,0.0,1.avi
395,85,17.0,163,889,1042.1957,0,0.0,1.avi
396,85,17.0,1134,550,3177.2786,0,0.0,1.avi
397,85,17.0,1088,471,1781.2166,0,0.0,1.avi
340,86,17.2,869,360,1859.3506,0,225.00468745117288,1.avi
386,86,17.2,917,171,6187.483,0,75.52903260088137,1.avi
398,86,17.2,260,204,2401.2922,0,0.0,1.avi
399,86,17.2,817,430,1809.6476,0,0.0,1.avi
400,86,17.2,896,515,2435.4543,0,0.0,1.avi
401,86,17.2,1187,999,1359.3931,0,0.0,1.avi
402,86,17.2,761,550,2693.344,0,0.0,1.avi
403,86,17.2,649,440,1427.1398,0,0.0,1.avi
404,86,17.2,114,507,949.6514,0,0.0,1.avi
364,87,17.4,515,391,2014.0236,0,59.083742872934174,1.avi
374,87,17.4,469,252,930.5903,0,10.19185540644963,1.avi
394,87,17.4,1167,826,3046.772,0,69.98936163580505,1.avi
397,87,17.4,1078,475,1967.3289,0,16.582192744354938,1.avi
405,87,17.4,604,337,2566.7188,0,0.0,1.avi
406,87,17.4,637,1012,1098.1818,0,0.0,1.avi
407,87,17.4,46,246,1491.0334,0,0.0,1.avi
408,87,17.4,779,466,3845.7092,0,0.0,1.avi
409,87,17.4,805,587,2951.34,0,0.0,1.avi
384,88,17.6,376,143,1605.5336,0,13.558719793781751,1.avi
385,88,17.6,574,807,2940.1372,0,10.053885427167806,1.avi
389,88,17.6,444,1020,208.38855,0,5.189148422673903,1.avi
393,88,17.6,798,904,10776.71,0,33.13629671759127,1.avi
404,88,17.6,89,546,3661.4885,0,76.4242278185148,1.avi
410,88,17.6,974,942,2369.146,0,0.0,1.avi
411,88,17.6,516,336,1601.8872,0,0.0,1.avi
412,88,17.6,300,608,3616.4373,0,0.0,1.avi
413,88,17.6,1142,303,904.8831,0,0.0,1.avi
414,88,17.6,389,399,803.61176,0,0.0,1.avi
415,88,17.6,1108,8,720.3957,0,0.0,1.avi
416,88,17.6,585,985,4761.534,0,0.0,1.avi
340,89,17.8,718,128,1586.0612,0,231.63935128233285,1.avi
370,89,17.8,774,107,1060.3433,0,36.78741584895234,1.avi
394,89,17.8,1133,801,2271.5447,0,71.00771236171286,1.avi
402,89,17.8,729,540,1319.0344,0,28.47552831626878,1.avi
409,89,17.8,808,557,1135.5068,0,48.730399705612406,1.avi
417,89,17.8,1228,906,6065.6685,0,0.0,1.avi
418,89,17.8,197,737,2661.5205,0,0.0,1.avi
419,89,17.8,511,638,2110.1025,0,0.0,1.avi
420,89,17.8,376,538,1232.5928,0,0.0,1.avi
421,89,17.8,265,865,1323.4287,0,0.0,1.avi
422,89,17.8,194,481,753.5497,0,0.0,1.avi
423,89,17.8,1130,907,2446.3625,0,0.0,1.avi
424,89,17.8,1032,739,1879.8247,0,0.0,1.avi
425,89,17.8,789,220,1159.1018,0,0.0,1.avi
426,89,17.8,105,444,3203.1492,0,0.0,1.avi
427,89,17.8,1182,517,3901.7837,0,0.0,1.avi
428,89,17.8,630,957,1760.2869,0,0.0,1.avi
393,90,18.0,770,881,3675.8145,0,65.1680032864576,1.avi
410,90,18.0,944,968,6619.9116,0,65.70728472266222,1.avi
414,90,18.0,414,400,1412.7974,0,41.88145356054097,1.avi
417,90,18.0,1201,935,3192.1804,0,155.53846740838745,1.avi
419,90,18.0,486,645,1926.7521,0,103.87040735184156,1.avi
425,90,18.0,761,239,6040.4727,0,136.7241534646494,1.avi
429,90,18.0,898,268,6951.6646,0,0.0,1.avi
430,90,18.0,121,701,3071.0437,0,0.0,1.avi
431,90,18.0,623,839,1944.959,0,0.0,1.avi
432,90,18.0,1243,596,1123.9424,0,0.0,1.avi
433,90,18.0,267,273,1260.6528,0,0.0,1.avi
434,90,18.0,1126,191,3374.367,0,0.0,1.avi
435,90,18.0,1057,1015,973.756,0,0.0,1.avi
436,90,18.0,694,143,1158.0411,0,0.0,1.avi
437,90,18.0,1175,771,1330.9415,0,0.0,1.avi
438,90,18.0,829,609,2183.3274,0,0.0,1.avi
397,91,18.2,1083,493,1698.5155,0,11.073956263423598,1.avi
406,91,18.2,674,1005,4393.694,0,19.62747779317262,1.avi
411,91,18.2,528,323,8107.4233,0,15.029616554632952,1.avi
420,91,18.2,417,522,3027.3477,0,70.83949038804204,1.avi
423,91,18.2,1086,910,2990.7737,0,73.0284117709077,1.avi
439,91,18.2,408,841,1595.4766,0,0.0,1.avi
440,91,18.2,1149,408,1736.4899,0,0.0,1.avi
441,91,18.2,629,641,2925.3992,0,0.0,1.avi
442,91,18.2,1260,202,2082.4998,0,0.0,1.avi
443,91,18.2,417,310,7565.898,0,0.0,1.avi
444,91,18.2,726,49,1181.8921,0,0.0,1.avi
445,91,18.2,847,39,2784.5464,0,0.0,1.avi
446,91,18.2,769,186,4284.645,0,0.0,1.avi
374,92,18.4,490,193,2508.4023,0,22.91215257979581,1.avi
418,92,18.4,194,784,2867.917,0,39.32313827890091,1.avi
422,92,18.4,189,448,3310.62,0,28.3243542374535,1.avi
423,92,18.4,1114,917,3814.1973,0,106.87564875534088,1.avi
430,92,18.4,123,674,993.34863,0,44.19498174151464,1.avi
444,92,18.4,721,54,1663.1166,0,26.75803717971364,1.avi
447,92,18.4,1039,390,882.8106,0,0.0,1.avi
448,92,18.4,1109,642,925.7811,0,0.0,1.avi
449,92,18.4,685,836,1652.9963,0,0.0,1.avi
450,92,18.4,152,380,8202.535,0,0.0,1.avi
451,92,18.4,663,598,2803.2798,0,0.0,1.avi
406,93,18.6,710,1018,1341.9395,0,67.79135975204547,1.avi
418,93,18.6,229,777,2852.1624,0,142.85553919300784,1.avi
419,93,18.6,350,711,3249.5557,0,127.58598509926551,1.avi
421,93,18.6,264,861,1386.511,0,2.2844844515315814,1.avi
431,93,18.6,647,828,1505.8569,0,22.35046883247083,1.avi
452,93,18.6,104,590,5053.0903,0,0.0,1.avi
453,93,18.6,971,75,769.6636,0,0.0,1.avi
414,94,18.8,494,383,680.6819,0,40.8057008836924,1.avi
421,94,18.8,274,881,1885.001,0,92.31044238566676,1.avi
423,94,18.8,1212,964,1141.7046,0,185.62810393027772,1.avi
445,94,18.8,843,50,1511.528,0,9.86812767690286,1.avi
454,94,18.8,129,919,5342.2637,0,0.0,1.avi
455,94,18.8,898,52,2128.8157,0,0.0,1.avi
456,94,18.8,344,537,4967.9233,0,0.0,1.avi
457,94,18.8,219,224,3322.9558,0,0.0,1.avi
458,94,18.8,179,589,1703.6829,0,0.0,1.avi
459,94,18.8,628,70,1485.4357,0,0.0,1.avi
460,94,18.8,12,625,783.2705,0,0.0,1.avi
461,94,18.8,1234,803,4549.7095,0,0.0,1.avi
397,95,19.0,1117,529,2424.586,0,27.166004882740165,1.avi
422,95,19.0,195,411,2251.6702,0,31.566089871651133,1.avi
462,95,19.0,952,468,2637.6174,0,0.0,1.avi
463,95,19.0,520,421,4413.2603,0,0.0,1.avi
464,95,19.0,451,549,2944.839,0,0.0,1.avi
443,96,19.2,422,288,705.62646,0,7.819260990512092,1.avi
460,96,19.2,33,597,2754.4543,0,58.7769054082894,1.avi
465,96,19.2,1252,937,2069.9285,0,0.0,1.avi
466,96,19.2,335,845,1487.0308,0,0.0,1.avi
467,96,19.2,572,802,1201.5526,0,0.0,1.avi
468,96,19.2,161,723,966.2544,0,0.0,1.avi
469,96,19.2,85,379,1235.0992,0,0.0,1.avi
448,97,19.4,1128,659,3209.7358,0,8.606757290474091,1.avi
452,97,19.4,87,617,1536.7388,0,16.47615594122638,1.avi
456,97,19.4,333,512,583.72363,0,23.051787082465268,1.avi
462,97,19.4,949,486,661.8998,0,29.31759371554104,1.avi
470,97,19.4,1108,171,7037.0327,0,0.0,1.avi
471,97,19.4,257,1000,2891.692,0,0.0,1.avi
472,97,19.4,1236,451,1767.094,0,0.0,1.avi
473,97,19.4,1039,134,1843.122,0,0.0,1.avi
474,97,19.4,1102,13,734.4273,0,0.0,1.avi
475,97,19.4,605,961,1830.7993,0,0.0,1.avi
476,97,19.4,321,197,819.1146,0,0.0,1.avi
477,97,19.4,438,911,717.27844,0,0.0,1.avi
478,97,19.4,88,419,1776.9847,0,0.0,1.avi
455,98,19.6,880,22,1097.2877,0,18.105743070332856,1.avi
471,98,19.6,287,999,2851.17,0,118.62633363317777,1.avi
479,98,19.6,691,265,7219.9263,0,0.0,1.avi
480,98,19.6,869,985,2390.0793,0,0.0,1.avi
481,98,19.6,623,871,3257.502,0,0.0,1.avi
482,98,19.6,729,155,1326.4042,0,0.0,1.avi
483,98,19.6,930,655,5578.614,0,0.0,1.avi
484,98,19.6,1167,410,1904.861,0,0.0,1.avi
485,98,19.6,532,506,2405.1963,0,0.0,1.avi
453,99,19.8,946,75,1730.2777,0,6.202643157155647,1.avi
475,99,19.8,613,982,956.36584,0,37.45797612773463,1.avi
482,99,19.8,758,191,9663.418,0,187.01311785540608,1.avi
486,99,19.8,268,362,6985.119,0,0.0,1.avi
487,99,19.8,516,726,6436.1025,0,0.0,1.avi
488,99,19.8,868,435,4536.667,0,0.0,1.avi
489,99,19.8,223,464,1913.2336,0,0.0,1.avi
490,99,19.8,757,385,2013.4635,0,0.0,1.avi
491,99,19.8,1089,67,1360.3099,0,0.0,1.avi
486,100,20.0,293,327,2775.6538,0,168.1215032164238,1.avi
488,100,20.0,839,406,2611.736,0,165.6390147372442,1.avi
492,100,20.0,1222,612,1969.0554,0,0.0,1.avi
493,100,20.0,492,232,9616.934,0,0.0,1.avi
494,100,20.0,306,553,4417.6235,0,0.0,1.avi
495,100,20.0,515,137,2697.9304,0,0.0,1.avi
496,100,20.0,929,946,1978.4047,0,0.0,1.avi
497,100,20.0,423,417,1724.1117,0,0.0,1.avi
498,100,20.0,100,797,6413.5483,0,0.0,1.avi
499,100,20.0,376,852,859.135,0,0.0,1.avi
500,100,20.0,906,484,1095.5219,0,0.0,1.avi
422,101,20.2,213,283,10249.482,0,30.681449091582603,1.avi
498,101,20.2,123,772,2849.5454,0,135.25883751163914,1.avi
501,101,20.2,1117,601,1037.1271,0,0.0,1.avi
502,101,20.2,861,68,1759.1848,0,0.0,1.avi
503,101,20.2,406,630,3337.199,0,0.0,1.avi
504,101,20.2,162,193,1412.4095,0,0.0,1.avi
505,101,20.2,1200,899,905.55273,0,0.0,1.avi
473,102,20.4,1061,161,469.11133,0,11.913678272492872,1.avi
479,102,20.4,671,234,535.66895,0,18.98869067458724,1.avi
506,102,20.4,863,548,1840.2229,0,0.0,1.avi
507,102,20.4,1226,520,1738.6089,0,0.0,1.avi
508,102,20.4,694,506,790.861,0,0.0,1.avi
509,102,20.4,560,673,1260.6334,0,0.0,1.avi
477,103,20.6,427,922,482.47076,0,3.830647038716761,1.avi
483,103,20.6,960,669,1851.0754,0,11.266557842684632,1.avi
495,103,20.6,480,102,2476.638,0,41.59084442330728,1.avi
504,103,20.6,128,170,1780.2222,0,67.15853663510507,1.avi
510,103,20.6,283,332,1289.1613,0,0.0,1.avi
511,103,20.6,759,142,670.83124,0,0.0,1.avi
512,103,20.6,1063,859,1528.6559,0,0.0,1.avi
513,103,20.6,1026,144,2839.889,0,0.0,1.avi
514,103,20.6,576,160,1728.1826,0,0.0,1.avi
515,103,20.6,642,271,4852.519,0,0.0,1.avi
516,103,20.6,808,408,812.09705,0,0.0,1.avi
517,103,20.6,269,814,6881.486,0,0.0,1.avi
518,103,20.6,926,541,2077.6375,0,0.0,1.avi
487,104,20.8,479,709,1161.543,0,14.181096585462315,1.avi
489,104,20.8,200,479,1433.7432,0,9.565294443355413,1.avi
493,104,20.8,523,208,1213.627,0,20.28710777669797,1.avi
515,104,20.8,640,248,2836.2188,0,90.84302975290674,1.avi
519,104,20.8,135,400,5829.005,0,0.0,1.avi
520,104,20.8,843,274,1232.38,0,0.0,1.avi
521,104,20.8,1120,693,1752.5924,0,0.0,1.avi
522,104,20.8,678,129,1686.1375,0,0.0,1.avi
523,104,20.8,901,605,1391.4927,0,0.0,1.avi
524,104,20.8,1124,277,1956.866,0,0.0,1.avi
525,104,20.8,949,795,2902.2227,0,0.0,1.avi
526,104,20.8,924,1011,1061.8358,0,0.0,1.avi
527,104,20.8,16,418,2503.422,0,0.0,1.avi
528,104,20.8,915,646,879.38184,0,0.0,1.avi
529,104,20.8,1055,724,5890.0596,0,0.0,1.avi
530,104,20.8,226,11,976.5572,0,0.0,1.avi
482,105,21.0,1265,823,1189.7695,0,193.49717375196985,1.avi
517,105,21.0,300,840,713.4756,0,66.36542127211278,1.avi
518,105,21.0,926,567,1563.8977,0,42.52323009434079,1.avi
531,105,21.0,674,692,9414.474,0,0.0,1.avi
532,105,21.0,673,790,7017.0874,0,0.0,1.avi
533,105,21.0,509,244,2230.6565,0,0.0,1.avi
534,105,21.0,1211,689,1461.1506,0,0.0,1.avi
535,105,21.0,376,671,2356.0562,0,0.0,1.avi
497,106,21.2,454,388,2598.9363,0,10.485225637297418,1.avi
505,106,21.2,1215,904,1504.3132,0,5.353923193396691,1.avi
511,106,21.2,751,154,1020.7892,0,11.831908090932147,1.avi
517,106,21.2,290,856,4957.394,0,80.72829502217608,1.avi
525,106,21.2,968,762,2448.7305,0,62.81869527905288,1.avi
535,106,21.2,412,701,1624.5544,0,188.17600014680409,1.avi
536,106,21.2,199,134,2208.064,0,0.0,1.avi
537,106,21.2,1010,963,2358.7493,0,0.0,1.avi
538,106,21.2,218,532,2231.7417,0,0.0,1.avi
539,106,21.2,194,75,1430.625,0,0.0,1.avi
540,106,21.2,1165,702,945.15686,0,0.0,1.avi
541,106,21.2,653,44,3095.277,0,0.0,1.avi
542,106,21.2,592,568,1773.7179,0,0.0,1.avi
507,107,21.4,1235,492,7466.0176,0,9.805716532777776,1.avi
529,107,21.4,1032,766,824.6987,0,40.43865465169511,1.avi
543,107,21.4,915,21,2054.6252,0,0.0,1.avi
544,107,21.4,685,278,2244.4246,0,0.0,1.avi
545,107,21.4,769,700,2524.8958,0,0.0,1.avi
546,107,21.4,1129,804,2046.1464,0,0.0,1.avi
547,107,21.4,1208,254,2775.6045,0,0.0,1.avi
548,107,21.4,215,288,1704.1494,0,0.0,1.avi
549,107,21.4,753,507,1665.0398,0,0.0,1.avi
550,107,21.4,385,1016,497.88126,0,0.0,1.avi
489,108,21.6,216,454,2190.4053,0,19.227391032534,1.avi
522,108,21.6,661,153,1568.2866,0,14.592198291435135,1.avi
535,108,21.6,474,770,2932.8752,0,153.02051282017715,1.avi
551,108,21.6,695,582,7245.3184,0,0.0,1.avi
552,108,21.6,807,643,2639.4983,0,0.0,1.avi
553,108,21.6,816,91,2092.6814,0,0.0,1.avi
554,108,21.6,1268,632,914.6398,0,0.0,1.avi
555,108,21.6,528,37,926.91595,0,0.0,1.avi
489,109,21.8,221,445,1388.4099,0,44.96710358999607,1.avi
526,109,21.8,906,1014,607.98474,0,6.0557839858962845,1.avi
556,109,21.8,932,798,6493.641,0,0.0,1.avi
557,109,21.8,524,452,6697.1406,0,0.0,1.avi
558,109,21.8,156,535,2812.5713,0,0.0,1.avi
559,109,21.8,1034,549,3584.5117,0,0.0,1.avi
560,109,21.8,1011,820,2442.964,0,0.0,1.avi
561,109,21.8,950,73,1063.2225,0,0.0,1.avi
562,109,21.8,158,673,6923.2026,0,0.0,1.avi
563,109,21.8,1186,615,2248.74,0,0.0,1.avi
564,109,21.8,1074,1010,1139.9602,0,0.0,1.avi
507,110,22.0,1225,501,904.5547,0,13.189559992579415,1.avi
519,110,22.0,169,399,1475.5259,0,8.207831146317817,1.avi
522,110,22.0,673,153,3433.4536,0,21.2655044541036,1.avi
532,110,22.0,641,784,1139.1387,0,11.097041627647531,1.avi
541,110,22.0,662,26,967.3799,0,10.079891741943309,1.avi
550,110,22.0,418,1016,544.44904,0,27.723864645796365,1.avi
565,110,22.0,256,711,1515.6494,0,0.0,1.avi
566,110,22.0,507,965,1183.9257,0,0.0,1.avi
567,110,22.0,889,537,2129.9739,0,0.0,1.avi
568,110,22.0,166,224,1226.2283,0,0.0,1.avi
569,110,22.0,105,569,7484.47,0,0.0,1.avi
570,110,22.0,1076,589,1740.4335,0,0.0,1.avi
505,111,22.2,1229,880,1313.2646,0,10.692394898000408,1.avi
535,111,22.2,563,879,1505.0085,0,111.54365649685104,1.avi
548,111,22.2,220,277,4246.2935,0,6.152655622055673,1.avi
556,111,22.2,947,770,2731.2524,0,52.52448275863838,1.avi
565,111,22.2,289,694,2147.9065,0,147.08421269803227,1.avi
571,111,22.2,106,882,2274.9746,0,0.0,1.avi
572,111,22.2,786,887,1103.4607,0,0.0,1.avi
573,111,22.2,1085,973,690.12634,0,0.0,1.avi
574,111,22.2,629,648,2467.2188,0,0.0,1.avi
575,111,22.2,211,625,1667.5934,0,0.0,1.avi
551,112,22.4,735,599,1730.9917,0,22.31078137529414,1.avi
572,112,22.4,822,892,2659.0962,0,143.93030811385765,1.avi
574,112,22.4,614,638,1220.0577,0,72.43612824952235,1.avi
576,112,22.4,29,483,4637.1626,0,0.0,1.avi
577,112,22.4,302,369,2581.2468,0,0.0,1.avi
578,112,22.4,1197,552,1525.5077,0,0.0,1.avi
579,112,22.4,378,684,3042.8127,0,0.0,1.avi
580,112,22.4,979,565,1437.4794,0,0.0,1.avi
581,112,22.4,726,38,9735.435,0,0.0,1.avi
568,113,22.6,190,197,877.37164,0,30.391966551366416,1.avi
575,113,22.6,200,603,1118.198,0,40.467587157521045,1.avi
582,113,22.6,261,107,15472.863,0,0.0,1.avi
583,113,22.6,1206,120,5872.78,0,0.0,1.avi
584,113,22.6,306,1010,1467.5035,0,0.0,1.avi
585,113,22.6,1262,737,1964.2588,0,0.0,1.avi
586,113,22.6,927,1001,1880.5634,0,0.0,1.avi
587,113,22.6,556,638,1699.2417,0,0.0,1.avi
588,113,22.6,523,237,1544.9077,0,0.0,1.avi
589,113,22.6,232,687,1453.7402,0,0.0,1.avi
590,113,22.6,366,768,1802.6174,0,0.0,1.avi
591,113,22.6,309,560,885.5392,0,0.0,1.avi
592,113,22.6,1041,747,1223.2493,0,0.0,1.avi
593,113,22.6,720,692,693.47217,0,0.0,1.avi
594,113,22.6,1074,413,652.1039,0,0.0,1.avi
595,113,22.6,213,937,1206.2549,0,0.0,1.avi
596,113,22.6,193,767,1170.8282,0,0.0,1.avi
597,113,22.6,844,601,1613.1538,0,0.0,1.avi
554,114,22.8,1267,600,994.1418,0,7.841803685395548,1.avi
592,114,22.8,1053,773,3930.241,0,112.50953084627986,1.avi
598,114,22.8,863,427,2337.772,0,0.0,1.avi
599,114,22.8,1118,690,3588.808,0,0.0,1.avi
600,114,22.8,450,316,3952.1838,0,0.0,1.avi
601,114,22.8,1248,438,2014.3187,0,0.0,1.avi
602,114,22.8,1246,37,4869.7285,0,0.0,1.avi
603,114,22.8,72,626,1691.1844,0,0.0,1.avi
561,115,23.0,978,90,6224.2153,0,8.210646198596987,1.avi
582,115,23.0,284,149,2816.376,0,78.68207636193264,1.avi
604,115,23.0,572,845,1954.0465,0,0.0,1.avi
605,115,23.0,659,408,880.3632,0,0.0,1.avi
606,115,23.0,418,549,2245.1946,0,0.0,1.avi
607,115,23.0,1257,967,1096.2646,0,0.0,1.avi
572,116,23.2,1075,936,1826.6064,0,127.40131367675336,1.avi
608,116,23.2,1042,685,2501.176,0,0.0,1.avi
609,116,23.2,227,837,705.4828,0,0.0,1.avi
610,116,23.2,176,189,2933.8364,0,0.0,1.avi
611,116,23.2,992,150,21553.93,0,0.0,1.avi
505,117,23.4,1238,879,474.54874,0,2.0791960516046344,1.avi
612,117,23.4,806,177,20061.121,0,0.0,1.avi
613,117,23.4,1256,256,1637.2642,0,0.0,1.avi
614,117,23.4,1115,14,1713.3788,0,0.0,1.avi
615,117,23.4,1264,317,1380.3833,0,0.0,1.avi
616,117,23.4,1079,775,3556.1152,0,0.0,1.avi
617,117,23.4,380,922,2803.825,0,0.0,1.avi
618,117,23.4,1059,58,944.9179,0,0.0,1.avi
581,118,23.6,685,38,877.0762,0,9.975683019672609,1.avi
585,118,23.6,1260,741,2913.1008,0,1.5402381395782043,1.avi
595,118,23.6,255,949,2709.4736,0,14.92451506422717,1.avi
598,118,23.6,866,401,2119.3315,0,13.413755934360871,1.avi
606,118,23.6,373,568,2183.0986,0,41.13249124399712,1.avi
613,118,23.6,1268,214,1171.8655,0,174.81699694787974,1.avi
617,118,23.6,388,905,935.0569,0,75.29103687939886,1.avi
619,118,23.6,624,187,26634.99,0,0.0,1.avi
568,119,23.8,275,109,957.1449,0,28.827308804502653,1.avi
609,119,23.8,235,852,3563.8276,0,13.855048604251516,1.avi
619,119,23.8,669,185,3209.8828,0,179.37756422383208,1.avi
620,119,23.8,57,511,2838.9102,0,0.0,1.avi
621,119,23.8,591,341,1675.3685,0,0.0,1.avi
622,119,23.8,310,674,1641.7958,0,0.0,1.avi
623,119,23.8,1198,660,2028.872,0,0.0,1.avi
624,119,23.8,815,855,3299.444,0,0.0,1.avi
625,119,23.8,450,197,16896.797,0,0.0,1.avi
626,120,24.0,278,213,20222.705,0,0.0,1.avi
627,120,24.0,1244,837,4285.754,0,0.0,1.avi
628,120,24.0,991,525,1877.497,0,0.0,1.avi
629,120,24.0,1225,340,930.00635,0,0.0,1.avi
630,120,24.0,305,9,1312.3812,0,0.0,1.avi
631,120,24.0,1079,497,1515.1726,0,0.0,1.avi
632,120,24.0,196,240,2087.4382,0,0.0,1.avi
633,121,24.2,860,701,1977.012,0,0.0,1.avi
634,121,24.2,758,566,1778.2316,0,0.0,1.avi
635,121,24.2,219,318,4127.3984,0,0.0,1.avi
636,121,24.2,601,48,1235.2931,0,0.0,1.avi
637,121,24.2,1272,414,701.0599,0,0.0,1.avi
638,121,24.2,416,74,4111.4307,0,0.0,1.avi
639,121,24.2,93,220,23558.857,0,0.0,1.avi
640,121,24.2,270,146,480.57376,0,0.0,1.avi
608,122,24.4,1051,669,995.37036,0,4.359205892147311,1.avi
616,122,24.4,1077,771,1064.6213,0,1.3362710993557825,1.avi
618,122,24.4,1021,39,2611.6523,0,14.552271316322658,1.avi
626,122,24.4,298,201,3004.254,0,36.57751761563208,1.avi
641,122,24.4,646,271,3546.2185,0,0.0,1.avi
642,122,24.4,452,517,1090.5624,0,0.0,1.avi
643,122,24.4,922,992,1298.3191,0,0.0,1.avi
644,122,24.4,962,930,1132.9391,0,0.0,1.avi
612,123,24.6,840,149,2135.3848,0,10.672985192299253,1.avi
630,123,24.6,331,11,1077.3204,0,22.463896544215537,1.avi
645,123,24.6,699,998,943.33026,0,0.0,1.avi
646,123,24.6,477,992,4374.3696,0,0.0,1.avi
647,123,24.6,915,854,3100.1218,0,0.0,1.avi
648,123,24.6,356,316,3234.2961,0,0.0,1.avi
568,124,24.8,317,58,1075.5126,0,20.75850199974549,1.avi
624,124,24.8,859,868,890.8721,0,15.647800259272916,1.avi
628,124,24.8,964,486,1818.7942,0,24.27582111325292,1.avi
631,124,24.8,1052,524,782.7838,0,19.574288518260214,1.avi
634,124,24.8,745,525,2443.5679,0,36.15540087864208,1.avi
636,124,24.8,616,45,978.7344,0,13.5039808267394,1.avi
639,124,24.8,53,199,1486.0039,0,38.23307076596533,1.avi
649,124,24.8,443,868,950.65326,0,0.0,1.avi
650,124,24.8,386,16,1165.5156,0,0.0,1.avi
651,124,24.8,282,227,2273.5847,0,0.0,1.avi
652,124,24.8,314,776,1149.7229,0,0.0,1.avi
653,124,24.8,440,947,3339.7827,0,0.0,1.avi
620,125,25.0,48,477,622.33276,0,8.667029984512654,1.avi
627,125,25.0,1239,880,958.6787,0,15.155183294453304,1.avi
628,125,25.0,967,497,1036.3416,0,41.92055008621965,1.avi
636,125,25.0,609,21,1280.2924,0,102.45689833107872,1.avi
654,125,25.0,147,662,2283.9321,0,0.0,1.avi
655,125,25.0,795,49,1102.2874,0,0.0,1.avi
656,125,25.0,423,824,1313.0907,0,0.0,1.avi
657,125,25.0,166,195,950.35516,0,0.0,1.avi
658,125,25.0,894,472,867.42474,0,0.0,1.avi
624,126,25.2,847,871,1231.7327,0,22.568432986817424,1.avi
659,126,25.2,45,551,7029.5044,0,0.0,1.avi
660,126,25.2,807,88,1479.4288,0,0.0,1.avi
661,126,25.2,669,504,1486.4397,0,0.0,1.avi
662,126,25.2,782,338,3010.7183,0,0.0,1.avi
663,126,25.2,1141,49,794.8849,0,0.0,1.avi
618,127,25.4,966,21,3065.7563,0,20.185675287599526,1.avi
651,127,25.4,297,200,1453.7385,0,26.15353601884576,1.avi
658,127,25.4,893,475,1073.075,0,6.747663588065508,1.avi
664,127,25.4,299,460,3354.2266,0,0.0,1.avi
665,127,25.4,1082,184,2009.6852,0,0.0,1.avi
641,128,25.6,633,291,2053.3882,0,5.785810331862691,1.avi
666,128,25.6,526,596,4837.6123,0,0.0,1.avi
667,128,25.6,622,96,5462.0054,0,0.0,1.avi
668,128,25.6,976,728,5060.391,0,0.0,1.avi
669,128,25.6,720,329,1613.739,0,0.0,1.avi
670,128,25.6,1032,624,1631.4564,0,0.0,1.avi
671,128,25.6,559,665,1688.9403,0,0.0,1.avi
672,128,25.6,358,211,1098.2355,0,0.0,1.avi
654,129,25.8,146,641,4648.574,0,10.894218213277886,1.avi
670,129,25.8,1011,603,2089.0315,0,118.25170122983432,1.avi
673,129,25.8,441,390,2121.697,0,0.0,1.avi
674,129,25.8,902,185,1777.8215,0,0.0,1.avi
675,129,25.8,120,775,1742.9144,0,0.0,1.avi
676,129,25.8,357,589,758.521,0,0.0,1.avi
677,129,25.8,380,455,3075.9124,0,0.0,1.avi
678,129,25.8,379,922,5249.9824,0,0.0,1.avi
653,130,26.0,455,905,2236.316,0,10.987418522277714,1.avi
658,130,26.0,855,471,1887.9823,0,36.288799279185305,1.avi
679,130,26.0,419,1003,1916.3756,0,0.0,1.avi
680,130,26.0,360,359,1696.8328,0,0.0,1.avi
681,130,26.0,495,699,2570.4414,0,0.0,1.avi
682,130,26.0,374,856,2051.996,0,0.0,1.avi
683,130,26.0,1057,883,2569.4292,0,0.0,1.avi
684,130,26.0,1250,312,4334.642,0,0.0,1.avi
669,131,26.2,710,305,582.70886,0,22.021986638534965,1.avi
676,131,26.2,360,618,2059.2427,0,47.74793434668143,1.avi
680,131,26.2,360,331,1714.3241,0,114.4744487388452,1.avi
685,131,26.2,1205,696,772.6116,0,0.0,1.avi
686,131,26.2,1201,595,1201.968,0,0.0,1.avi
618,132,26.4,917,5,478.7517,0,16.540188022638038,1.avi
687,132,26.4,1184,435,1327.5083,0,0.0,1.avi
688,132,26.4,981,452,1564.9434,0,0.0,1.avi
689,132,26.4,9,218,628.07166,0,0.0,1.avi
690,132,26.4,787,652,1416.615,0,0.0,1.avi
691,132,26.4,191,583,5100.741,0,0.0,1.avi
692,133,26.6,464,60,3405.142,0,0.0,1.avi
693,133,26.6,821,229,790.60364,0,0.0,1.avi
694,133,26.6,700,396,2598.5396,0,0.0,1.avi
695,133,26.6,1223,127,1535.1649,0,0.0,1.avi
696,134,26.8,90,457,2827.6858,0,0.0,1.avi
697,134,26.8,982,60,894.08075,0,0.0,1.avi
698,134,26.8,397,272,756.8216,0,0.0,1.avi
699,134,26.8,587,7,576.903,0,0.0,1.avi
658,135,27.0,730,458,1989.5399,0,42.87912527985645,1.avi
686,135,27.0,1244,570,5863.634,0,25.40102311123818,1.avi
700,135,27.0,309,632,2002.486,0,0.0,1.avi
701,135,27.0,495,14,1299.9982,0,0.0,1.avi
702,135,27.0,673,912,1468.408,0,0.0,1.avi
703,135,27.0,1086,14,789.79736,0,0.0,1.avi
704,135,27.0,1119,949,819.62115,0,0.0,1.avi
705,135,27.0,1227,742,1198.6495,0,0.0,1.avi
706,135,27.0,940,224,2839.7131,0,0.0,1.avi
707,136,27.2,1128,331,1247.2604,0,0.0,1.avi
708,136,27.2,459,293,2963.0652,0,0.0,1.avi
709,136,27.2,294,169,1565.7358,0,0.0,1.avi
710,136,27.2,1132,671,594.97974,0,0.0,1.avi
711,136,27.2,747,701,5750.687,0,0.0,1.avi
712,137,27.4,286,808,7620.4033,0,0.0,1.avi
713,137,27.4,1066,249,2320.6873,0,0.0,1.avi
714,137,27.4,17,645,1435.1257,0,0.0,1.avi
715,137,27.4,644,450,1241.8435,0,0.0,1.avi
716,137,27.4,174,755,877.0009,0,0.0,1.avi
715,138,27.6,611,478,1169.0347,0,173.32376901697586,1.avi
717,138,27.6,789,578,1638.7301,0,0.0,1.avi
718,138,27.6,840,898,2239.7156,0,0.0,1.avi
719,138,27.6,1104,733,1237.3788,0,0.0,1.avi
720,138,27.6,1139,999,2365.3752,0,0.0,1.avi
716,139,27.8,181,770,507.9885,0,26.397068716363304,1.avi
721,139,27.8,808,179,1358.0371,0,0.0,1.avi
722,139,27.8,673,873,1307.6732,0,0.0,1.avi
723,139,27.8,381,1012,1092.2671,0,0.0,1.avi
711,140,28.0,719,707,534.1382,0,14.512106741112046,1.avi
724,140,28.0,692,815,2792.749,0,0.0,1.avi
725,140,28.0,192,921,1582.2295,0,0.0,1.avi
726,140,28.0,57,671,1598.3541,0,0.0,1.avi
727,140,28.0,597,1017,549.12445,0,0.0,1.avi
728,141,28.2,15,571,996.1419,0,0.0,1.avi
729,141,28.2,331,182,858.1668,0,0.0,1.avi
730,141,28.2,887,46,2306.2334,0,0.0,1.avi
731,141,28.2,704,382,1311.7882,0,0.0,1.avi
732,141,28.2,738,206,398.9306,0,0.0,1.avi
733,141,28.2,629,173,474.17145,0,0.0,1.avi
734,141,28.2,774,89,456.3679,0,0.0,1.avi
729,142,28.4,342,177,491.09546,0,50.01846826891793,1.avi
735,142,28.4,916,812,4745.3306,0,0.0,1.avi
736,142,28.4,1176,722,1399.5104,0,0.0,1.avi
737,142,28.4,775,298,1547.9093,0,0.0,1.avi
738,142,28.4,724,653,931.25653,0,0.0,1.avi
739,142,28.4,818,939,1177.3807,0,0.0,1.avi
740,142,28.4,500,480,685.36383,0,0.0,1.avi
741,142,28.4,626,16,1663.3926,0,0.0,1.avi
742,143,28.6,385,915,4719.746,0,0.0,1.avi
743,143,28.6,940,595,2734.9941,0,0.0,1.avi
744,143,28.6,281,651,2410.7522,0,0.0,1.avi
745,143,28.6,1059,727,1549.3512,0,0.0,1.avi
746,143,28.6,176,456,1713.1831,0,0.0,1.avi
747,143,28.6,895,438,1530.7886,0,0.0,1.avi
748,143,28.6,473,722,2683.4766,0,0.0,1.avi
721,144,28.8,820,150,667.8202,0,10.689965393181676,1.avi
724,144,28.8,696,789,1154.4723,0,13.57266627812903,1.avi
748,144,28.8,507,724,2712.7126,0,135.02214083484606,1.avi
749,144,28.8,76,782,1751.472,0,0.0,1.avi
750,144,28.8,644,762,901.4332,0,0.0,1.avi
751,144,28.8,816,1016,384.6537,0,0.0,1.avi
725,145,29.0,191,948,2285.1,0,9.32132952657862,1.avi
734,145,29.0,751,78,687.76825,0,12.99407002108618,1.avi
738,146,29.2,726,677,1420.4524,0,12.72240498581329,1.avi
752,146,29.2,1070,897,1517.1628,0,0.0,1.avi
753,146,29.2,457,207,1634.1432,0,0.0,1.avi
728,147,29.4,4,541,223.61389,0,8.026094793349749,1.avi
754,147,29.4,154,774,1321.6462,0,0.0,1.avi
755,147,29.4,866,4,215.02214,0,0.0,1.avi
756,147,29.4,661,79,837.5141,0,0.0,1.avi
757,147,29.4,49,723,1779.5481,0,0.0,1.avi
728,148,29.6,24,557,1761.5549,0,109.83868676097234,1.avi
738,148,29.6,711,661,1136.0771,0,41.00247557074679,1.avi
753,148,29.6,437,197,2136.8762,0,36.16819635721935,1.avi
758,149,29.8,919,376,1259.3461,0,0.0,1.avi
759,149,29.8,422,37,960.93646,0,0.0,1.avi
760,149,29.8,950,40,747.0274,0,0.0,1.avi
761,149,29.8,325,837,949.1165,0,0.0,1.avi
762,149,29.8,1129,399,1005.16046,0,0.0,1.avi
763,149,29.8,889,542,2183.1924,0,0.0,1.avi
750,150,30.0,683,741,2322.9802,0,10.935509375214773,1.avi
764,150,30.0,1059,114,1539.7375,0,0.0,1.avi
765,150,30.0,651,286,1127.879,0,0.0,1.avi
766,150,30.0,118,526,1497.8252,0,0.0,1.avi
767,150,30.0,463,662,2219.2705,0,0.0,1.avi
768,150,30.0,462,349,701.59436,0,0.0,1.avi
754,151,30.2,168,757,476.1952,0,11.367976776722134,1.avi
769,151,30.2,1228,780,996.0049,0,0.0,1.avi
770,151,30.2,1241,893,1197.9006,0,0.0,1.avi
771,151,30.2,1139,907,1169.8414,0,0.0,1.avi
772,151,30.2,533,916,2001.8075,0,0.0,1.avi
773,152,30.4,1133,269,2048.1204,0,0.0,1.avi
774,152,30.4,934,242,2108.904,0,0.0,1.avi
775,152,30.4,402,721,1292.171,0,0.0,1.avi
776,152,30.4,637,1016,380.64035,0,0.0,1.avi
777,152,30.4,822,891,1098.2075,0,0.0,1.avi
778,152,30.4,131,1006,1635.56,0,0.0,1.avi
779,152,30.4,758,729,788.4408,0,0.0,1.avi
763,153,30.6,858,576,1270.1866,0,23.46961601681124,1.avi
780,153,30.6,153,865,3339.8137,0,0.0,1.avi
781,153,30.6,834,667,2284.187,0,0.0,1.avi
782,153,30.6,714,1017,364.8452,0,0.0,1.avi
783,154,30.8,510,62,2227.0994,0,0.0,1.avi
784,154,30.8,25,853,1133.2565,0,0.0,1.avi
766,155,31.0,129,553,671.2882,0,10.281933422621767,1.avi
785,155,31.0,284,238,1551.6237,0,0.0,1.avi
786,155,31.0,144,309,899.31934,0,0.0,1.avi
754,156,31.2,221,742,2789.3599,0,20.193965289929054,1.avi
787,156,31.2,755,645,1689.5764,0,0.0,1.avi
788,156,31.2,540,621,1469.7009,0,0.0,1.avi
789,156,31.2,817,59,1317.7484,0,0.0,1.avi
790,156,31.2,874,9,702.27704,0,0.0,1.avi
791,0,0.0,781,262,4242.37,0,0.0,2.avi
792,0,0.0,810,131,4878.3784,0,0.0,2.avi
793,0,0.0,462,519,1705.098,0,0.0,2.avi
794,0,0.0,219,587,1672.8411,0,0.0,2.avi
795,1,0.2,407,746,11960.955,0,0.0,2.avi
796,1,0.2,331,436,4288.182,0,0.0,2.avi
797,1,0.2,854,321,2080.6296,0,0.0,2.avi
798,1,0.2,850,634,4452.0283,0,0.0,2.avi
799,1,0.2,251,754,2770.2742,0,0.0,2.avi
800,1,0.2,775,539,1350.1627,0,0.0,2.avi
801,1,0.2,308,712,1494.7125,0,0.0,2.avi
802,1,0.2,227,286,3205.361,0,0.0,2.avi
795,2,0.4,435,729,4698.8584,0,128.7134049934194,2.avi
803,2,0.4,930,184,2418.2378,0,0.0,2.avi
804,2,0.4,601,198,2467.0427,0,0.0,2.avi
805,2,0.4,969,113,1260.1444,0,0.0,2.avi
806,2,0.4,941,552,3318.6738,0,0.0,2.avi
807,2,0.4,83,441,10003.999,0,0.0,2.avi
808,2,0.4,854,686,6210.706,0,0.0,2.avi
801,3,0.6,331,752,3086.8247,0,76.14115566457801,2.avi
809,3,0.6,1037,202,7074.153,0,0.0,2.avi
810,3,0.6,1165,451,6386.3716,0,0.0,2.avi
792,4,0.8,813,147,1307.6294,0,7.912814223572267,2.avi
798,4,0.8,832,616,750.0554,0,21.2309585528826,2.avi
810,4,0.8,1189,455,8725.921,0,100.04655654525295,2.avi
811,4,0.8,625,501,8104.041,0,0.0,2.avi
812,4,0.8,875,1002,2758.496,0,0.0,2.avi
813,4,0.8,988,713,2625.408,0,0.0,2.avi
799,5,1.0,218,784,3933.7888,0,22.866892560875534,2.avi
804,5,1.0,631,184,3411.4194,0,27.83654815320925,2.avi
814,5,1.0,488,807,5372.6934,0,0.0,2.avi
815,5,1.0,515,112,4659.6953,0,0.0,2.avi
816,5,1.0,415,562,7520.9175,0,0.0,2.avi
817,5,1.0,637,885,4130.1543,0,0.0,2.avi
818,5,1.0,871,212,3389.3596,0,0.0,2.avi
799,6,1.2,252,766,3231.795,0,155.39453944918722,2.avi
801,6,1.2,398,822,2328.2476,0,81.54730461900625,2.avi
803,6,1.2,908,199,2667.874,0,13.34652273775657,2.avi
806,6,1.2,926,511,6669.676,0,22.41772813895533,2.avi
815,6,1.2,509,135,1801.8223,0,94.04161416794427,2.avi
819,6,1.2,1070,767,2775.4985,0,0.0,2.avi
820,6,1.2,1148,313,2092.39,0,0.0,2.avi
821,6,1.2,540,924,1689.1691,0,0.0,2.avi
804,7,1.4,610,149,2312.2544,0,75.1972503808733,2.avi
822,7,1.4,738,848,2832.98,0,0.0,2.avi
823,7,1.4,343,650,1501.8176,0,0.0,2.avi
824,7,1.4,734,156,1916.8538,0,0.0,2.avi
825,8,1.6,207,623,5369.343,0,0.0,2.avi
826,8,1.6,1220,839,3102.428,0,0.0,2.avi
827,8,1.6,936,299,4271.0312,0,0.0,2.avi
828,8,1.6,537,867,2646.9236,0,0.0,2.avi
829,8,1.6,286,443,1313.9524,0,0.0,2.avi
830,8,1.6,1210,215,3332.686,0,0.0,2.avi
831,8,1.6,1023,296,4942.8174,0,0.0,2.avi
832,8,1.6,926,981,6885.33,0,0.0,2.avi
833,8,1.6,361,602,5844.182,0,0.0,2.avi
803,9,1.8,933,227,2706.8542,0,37.12238587703012,2.avi
815,9,1.8,496,262,5268.2617,0,106.84873123808022,2.avi
826,9,1.8,1188,828,3294.1165,0,133.27897492196584,2.avi
830,9,1.8,1222,236,3711.4905,0,98.88692544233288,2.avi
834,9,1.8,31,649,5301.2812,0,0.0,2.avi
835,9,1.8,1137,1010,1685.5563,0,0.0,2.avi
836,9,1.8,588,623,2418.8613,0,0.0,2.avi
837,9,1.8,712,6,414.75998,0,0.0,2.avi
838,9,1.8,1124,731,9218.098,0,0.0,2.avi
839,9,1.8,322,566,2156.7854,0,0.0,2.avi
804,10,2.0,566,38,3975.8003,0,103.24013459224568,2.avi
831,10,2.0,1041,342,2088.516,0,81.26942075590301,2.avi
838,10,2.0,1157,764,2126.8208,0,184.98165027239864,2.avi
840,10,2.0,656,971,5727.5464,0,0.0,2.avi
841,10,2.0,821,754,2119.5872,0,0.0,2.avi
842,10,2.0,805,665,1561.4863,0,0.0,2.avi
843,10,2.0,398,294,3455.1152,0,0.0,2.avi
844,10,2.0,532,929,27351.898,0,0.0,2.avi
816,11,2.2,394,518,1585.1865,0,12.009752760858698,2.avi
845,11,2.2,298,970,18716.91,0,0.0,2.avi
846,11,2.2,302,84,5220.543,0,0.0,2.avi
847,11,2.2,1247,522,4103.7466,0,0.0,2.avi
848,11,2.2,1185,583,1050.4121,0,0.0,2.avi
849,11,2.2,197,536,931.01373,0,0.0,2.avi
850,11,2.2,1070,1007,2976.4487,0,0.0,2.avi
851,11,2.2,847,625,3134.2034,0,0.0,2.avi
820,12,2.4,1160,305,2567.1265,0,3.5818928033495783,2.avi
833,12,2.4,364,610,2467.1067,0,4.752707061350483,2.avi
839,12,2.4,352,574,9009.344,0,25.599440616218185,2.avi
840,12,2.4,687,1010,1621.7676,0,81.4376648837548,2.avi
843,12,2.4,382,312,3252.5815,0,40.27574329601969,2.avi
850,12,2.4,1032,1001,2424.2605,0,154.34072873637405,2.avi
852,12,2.4,600,432,2859.2966,0,0.0,2.avi
853,12,2.4,572,688,11639.903,0,0.0,2.avi
825,13,2.6,208,647,1852.4888,0,8.185928776360116,2.avi
841,13,2.6,799,721,2761.949,0,33.15165127745336,2.avi
854,13,2.6,103,630,3009.0151,0,0.0,2.avi
855,13,2.6,60,347,3848.653,0,0.0,2.avi
856,13,2.6,685,937,1720.6525,0,0.0,2.avi
857,13,2.6,1051,423,2249.7456,0,0.0,2.avi
858,13,2.6,897,850,2267.3608,0,0.0,2.avi
859,13,2.6,1159,92,2378.5586,0,0.0,2.avi
860,13,2.6,970,28,2727.0728,0,0.0,2.avi
861,13,2.6,435,844,5978.861,0,0.0,2.avi
848,14,2.8,1165,582,5008.5,0,16.800621856806092,2.avi
862,14,2.8,422,273,2647.941,0,0.0,2.avi
863,14,2.8,726,834,1582.438,0,0.0,2.avi
864,14,2.8,240,140,2376.1555,0,0.0,2.avi
865,14,2.8,554,389,3129.3599,0,0.0,2.avi
839,15,3.0,362,543,1361.1094,0,31.497165128512957,2.avi
852,15,3.0,573,463,3319.5637,0,34.44279536192947,2.avi
854,15,3.0,105,613,1457.8007,0,29.04728474361352,2.avi
861,15,3.0,442,886,4813.4194,0,70.3904533155509,2.avi
866,15,3.0,1101,956,2351.6455,0,0.0,2.avi
867,15,3.0,208,15,2102.0396,0,0.0,2.avi
868,15,3.0,237,860,2211.5383,0,0.0,2.avi
869,15,3.0,802,381,1958.6132,0,0.0,2.avi
870,15,3.0,122,454,999.83655,0,0.0,2.avi
871,15,3.0,931,263,2426.3684,0,0.0,2.avi
820,16,3.2,1134,283,1531.9567,0,19.529092068289263,2.avi
872,16,3.2,536,202,2433.375,0,0.0,2.avi
873,16,3.2,340,299,3759.5457,0,0.0,2.avi
860,17,3.4,1013,11,1632.3026,0,23.456070767700524,2.avi
874,17,3.4,72,628,2648.652,0,0.0,2.avi
875,17,3.4,1225,699,1990.9896,0,0.0,2.avi
820,18,3.6,1111,238,1758.3713,0,91.41839662883778,2.avi
876,18,3.6,1136,1011,2035.4075,0,0.0,2.avi
877,18,3.6,427,758,3032.3801,0,0.0,2.avi
878,18,3.6,614,145,2470.4766,0,0.0,2.avi
879,18,3.6,581,278,5640.6543,0,0.0,2.avi
880,18,3.6,941,549,990.9743,0,0.0,2.avi
855,19,3.8,61,344,7616.6562,0,0.9148657114469776,2.avi
858,19,3.8,939,864,2342.1387,0,10.841514862741413,2.avi
878,19,3.8,638,154,1019.6377,0,103.37774898098236,2.avi
881,19,3.8,921,966,4662.6396,0,0.0,2.avi
882,19,3.8,777,475,3684.7766,0,0.0,2.avi
883,20,4.0,192,570,4184.1055,0,0.0,2.avi
884,20,4.0,995,347,5944.276,0,0.0,2.avi
885,20,4.0,314,366,2493.9983,0,0.0,2.avi
886,20,4.0,406,1015,1157.514,0,0.0,2.avi
887,20,4.0,932,18,2402.2705,0,0.0,2.avi
888,20,4.0,948,213,2587.8018,0,0.0,2.avi
889,20,4.0,778,538,33471.938,0,0.0,2.avi
874,21,4.2,71,636,2284.7156,0,3.715714441863982,2.avi
887,21,4.2,916,62,4902.2676,0,186.2931787197266,2.avi
889,21,4.2,774,584,4347.25,0,181.40124077924605,2.avi
890,21,4.2,1073,91,4285.3447,0,0.0,2.avi
891,21,4.2,154,151,4015.802,0,0.0,2.avi
892,21,4.2,418,603,25240.963,0,0.0,2.avi
893,21,4.2,1070,674,1898.3696,0,0.0,2.avi
894,21,4.2,786,903,2664.518,0,0.0,2.avi
895,21,4.2,799,84,4657.5103,0,0.0,2.avi
896,21,4.2,14,766,1233.8406,0,0.0,2.avi
897,21,4.2,984,278,6174.402,0,0.0,2.avi
874,22,4.4,87,656,25984.363,0,108.67720264618518,2.avi
886,22,4.4,418,1013,1006.87775,0,18.529143601301605,2.avi
892,22,4.4,447,621,3393.7266,0,136.46063849834135,2.avi
898,22,4.4,232,758,5255.8516,0,0.0,2.avi
899,22,4.4,157,227,5046.31,0,0.0,2.avi
900,22,4.4,580,873,5484.6187,0,0.0,2.avi
901,22,4.4,1040,498,1416.6367,0,0.0,2.avi
902,22,4.4,272,979,5116.999,0,0.0,2.avi
903,22,4.4,1044,820,943.99176,0,0.0,2.avi
904,22,4.4,1182,925,1993.1963,0,0.0,2.avi
890,23,4.6,1091,95,2849.0947,0,30.562514977948783,2.avi
905,23,4.6,622,434,7277.4,0,0.0,2.avi
906,23,4.6,993,429,3092.1555,0,0.0,2.avi
907,23,4.6,1029,308,8230.96,0,0.0,2.avi
858,24,4.8,972,884,1195.2162,0,13.392320487759951,2.avi
888,24,4.8,950,203,1342.147,0,5.235302470012086,2.avi
891,24,4.8,111,141,2040.8348,0,37.3427644352164,2.avi
906,24,4.8,1003,454,4062.2036,0,108.02314566795395,2.avi
908,24,4.8,558,365,1924.1395,0,0.0,2.avi
909,24,4.8,1042,105,2444.0068,0,0.0,2.avi
910,24,4.8,855,26,2104.9,0,0.0,2.avi
911,24,4.8,623,544,1734.6216,0,0.0,2.avi
858,25,5.0,993,854,2321.7827,0,154.97041048213043,2.avi
883,25,5.0,202,600,2280.223,0,10.811198073487493,2.avi
909,25,5.0,1019,102,4132.499,0,93.55659216484962,2.avi
912,25,5.0,430,119,2149.377,0,0.0,2.avi
913,25,5.0,803,767,1846.2528,0,0.0,2.avi
914,25,5.0,511,1011,1563.882,0,0.0,2.avi
915,25,5.0,551,797,3026.3752,0,0.0,2.avi
916,25,5.0,701,247,3052.6816,0,0.0,2.avi
874,26,5.2,197,943,30423.39,0,162.31079730527787,2.avi
905,26,5.2,608,475,4520.5186,0,36.41343645541008,2.avi
917,26,5.2,1027,1005,3282.141,0,0.0,2.avi
918,26,5.2,1182,814,1668.5145,0,0.0,2.avi
919,26,5.2,237,643,1101.8037,0,0.0,2.avi
920,26,5.2,896,931,1409.3275,0,0.0,2.avi
921,26,5.2,435,656,6471.6216,0,0.0,2.avi
922,26,5.2,250,557,2014.6873,0,0.0,2.avi
923,26,5.2,716,844,1021.8533,0,0.0,2.avi
924,26,5.2,58,796,14947.965,0,0.0,2.avi
900,27,5.4,549,842,3902.481,0,15.063365104176382,2.avi
925,27,5.4,1163,250,6734.319,0,0.0,2.avi
926,27,5.4,83,404,2445.5034,0,0.0,2.avi
927,27,5.4,736,33,1919.2955,0,0.0,2.avi
928,27,5.4,385,251,1441.8665,0,0.0,2.avi
906,28,5.6,1062,623,870.1797,0,87.60125001337738,2.avi
921,28,5.6,426,704,3082.5134,0,79.17434652990512,2.avi
928,28,5.6,413,266,2615.5942,0,128.50821502193935,2.avi
929,28,5.6,896,853,1386.0953,0,0.0,2.avi
930,28,5.6,881,270,6501.8413,0,0.0,2.avi
931,28,5.6,613,280,1577.3358,0,0.0,2.avi
932,28,5.6,276,183,2797.164,0,0.0,2.avi
933,28,5.6,196,831,8625.128,0,0.0,2.avi
916,29,5.8,734,262,2792.7454,0,18.65499122245212,2.avi
929,29,5.8,911,822,961.34906,0,141.44834663446937,2.avi
934,29,5.8,314,6,567.6485,0,0.0,2.avi
935,29,5.8,324,385,2563.339,0,0.0,2.avi
936,29,5.8,1124,142,2308.762,0,0.0,2.avi
937,29,5.8,658,308,4545.0825,0,0.0,2.avi
937,30,6.0,650,317,2718.3584,0,45.1799408009932,2.avi
938,30,6.0,1184,528,49440.285,0,0.0,2.avi
939,30,6.0,752,898,1704.6477,0,0.0,2.avi
940,30,6.0,1125,677,2023.4077,0,0.0,2.avi
941,30,6.0,133,384,1918.4688,0,0.0,2.avi
942,30,6.0,688,13,1493.537,0,0.0,2.avi
943,30,6.0,938,902,6123.7485,0,0.0,2.avi
915,31,6.2,530,780,2597.1897,0,6.74867913780026,2.avi
944,31,6.2,862,558,26957.895,0,0.0,2.avi
945,31,6.2,1158,903,2170.846,0,0.0,2.avi
946,31,6.2,1072,222,1856.4658,0,0.0,2.avi
905,32,6.4,547,620,34511.56,0,37.688424726942856,2.avi
917,32,6.4,1004,963,13377.615,0,11.811316052398585,2.avi
924,32,6.4,62,801,3801.4463,0,1.5458881042867694,2.avi
926,32,6.4,54,403,985.64355,0,9.980862807166938,2.avi
937,32,6.4,650,307,3892.4824,0,17.27810899772048,2.avi
946,32,6.4,1083,192,6832.9976,0,128.08173812306342,2.avi
947,32,6.4,1017,513,6830.5757,0,0.0,2.avi
948,32,6.4,278,700,1779.7949,0,0.0,2.avi
936,33,6.6,1151,109,1795.6543,0,21.704289250629703,2.avi
949,33,6.6,1218,727,8071.793,0,0.0,2.avi
950,33,6.6,209,694,37174.85,0,0.0,2.avi
930,34,6.8,850,268,6511.648,0,7.692352748152021,2.avi
946,34,6.8,1132,107,3977.437,0,164.52132864198794,2.avi
948,34,6.8,304,679,4075.9429,0,54.23809318138982,2.avi
951,34,6.8,292,532,1823.3862,0,0.0,2.avi
952,34,6.8,107,688,5249.507,0,0.0,2.avi
936,35,7.0,1128,135,1735.1487,0,63.45864602920059,2.avi
937,35,7.0,636,330,3324.8105,0,29.07453547833997,2.avi
947,35,7.0,1058,530,1512.1001,0,37.94049874886333,2.avi
951,35,7.0,331,515,2290.3774,0,169.26620698806067,2.avi
953,35,7.0,1262,332,1611.315,0,0.0,2.avi
954,35,7.0,517,161,1608.4525,0,0.0,2.avi
955,35,7.0,212,799,1947.1338,0,0.0,2.avi
905,36,7.2,540,709,2453.1523,0,46.33781780980844,2.avi
953,36,7.2,1271,299,794.779,0,134.47438185394273,2.avi
956,36,7.2,598,943,2525.6528,0,0.0,2.avi
957,36,7.2,434,234,2442.3608,0,0.0,2.avi
958,36,7.2,810,701,14231.498,0,0.0,2.avi
936,37,7.4,1060,186,2681.2622,0,148.98097875651777,2.avi
959,37,7.4,928,37,1971.4156,0,0.0,2.avi
960,37,7.4,672,198,1912.9015,0,0.0,2.avi
961,37,7.4,1031,963,3210.1738,0,0.0,2.avi
962,37,7.4,764,213,1786.2078,0,0.0,2.avi
947,38,7.6,1108,540,1320.9282,0,43.42510923768284,2.avi
948,38,7.6,424,626,1927.3809,0,67.69837386687179,2.avi
962,38,7.6,770,233,1015.9021,0,81.34871107134242,2.avi
963,38,7.6,707,295,3005.0022,0,0.0,2.avi
964,38,7.6,26,905,3287.652,0,0.0,2.avi
965,38,7.6,352,890,1394.5271,0,0.0,2.avi
966,38,7.6,770,163,1102.5172,0,0.0,2.avi
930,39,7.8,824,233,2495.344,0,16.14768533565163,2.avi
956,39,7.8,585,939,1572.2062,0,11.039414623608156,2.avi
967,39,7.8,1028,490,2399.9224,0,0.0,2.avi
968,39,7.8,654,856,1113.5892,0,0.0,2.avi
969,40,8.0,1158,894,3542.5747,0,0.0,2.avi
970,40,8.0,106,896,4445.77,0,0.0,2.avi
971,40,8.0,641,798,3837.6077,0,0.0,2.avi
972,40,8.0,916,150,2399.7556,0,0.0,2.avi
960,41,8.2,657,153,7451.5596,0,24.420644112854983,2.avi
968,41,8.2,635,844,4749.612,0,37.6790500866156,2.avi
971,41,8.2,642,755,2961.0076,0,171.0050883289003,2.avi
973,41,8.2,406,806,9812.723,0,0.0,2.avi
974,41,8.2,1115,799,2759.2915,0,0.0,2.avi
975,41,8.2,603,1004,2904.3464,0,0.0,2.avi
976,41,8.2,1064,128,5380.757,0,0.0,2.avi
977,41,8.2,999,893,1656.7183,0,0.0,2.avi
978,41,8.2,668,336,5431.6357,0,0.0,2.avi
947,42,8.4,1221,540,2869.9607,0,58.82214029983204,2.avi
959,42,8.4,964,13,1233.4288,0,14.829685977175668,2.avi
965,42,8.4,364,890,5687.5303,0,6.175346383329567,2.avi
973,42,8.4,413,830,2650.4604,0,101.85777749360872,2.avi
979,42,8.4,1034,677,19830.805,0,0.0,2.avi
980,42,8.4,244,892,8985.86,0,0.0,2.avi
981,42,8.4,1033,205,2254.4197,0,0.0,2.avi
982,42,8.4,803,308,2459.4463,0,0.0,2.avi
983,42,8.4,932,915,836.563,0,0.0,2.avi
984,42,8.4,1159,945,1437.5554,0,0.0,2.avi
968,43,8.6,667,837,19683.59,0,61.07468132719769,2.avi
985,43,8.6,48,365,1464.6198,0,0.0,2.avi
986,43,8.6,847,771,2847.7354,0,0.0,2.avi
987,44,8.8,220,247,4256.4478,0,0.0,2.avi
988,45,9.0,927,227,1692.9038,0,0.0,2.avi
989,45,9.0,940,981,3870.2192,0,0.0,2.avi
990,45,9.0,770,647,3064.4622,0,0.0,2.avi
991,45,9.0,636,377,2384.6772,0,0.0,2.avi
980,46,9.2,229,913,3089.0488,0,12.8909741903462,2.avi
992,46,9.2,269,1007,2896.5916,0,0.0,2.avi
993,46,9.2,203,753,3082.4421,0,0.0,2.avi
994,46,9.2,1085,982,2993.535,0,0.0,2.avi
995,46,9.2,1018,768,2917.8086,0,0.0,2.avi
996,47,9.4,974,394,36458.4,0,0.0,2.avi
997,47,9.4,561,844,1348.7031,0,0.0,2.avi
998,47,9.4,979,557,1794.9368,0,0.0,2.avi
999,47,9.4,435,956,5128.755,0,0.0,2.avi
1000,47,9.4,622,164,1614.0481,0,0.0,2.avi
1001,47,9.4,1078,271,3088.6167,0,0.0,2.avi
991,48,9.6,639,410,40208.11,0,27.91780450883898,2.avi
992,48,9.6,315,1004,2023.1428,0,74.3238663510921,2.avi
1000,48,9.6,622,196,1528.9977,0,128.02334381861772,2.avi
1002,48,9.6,530,242,6662.0938,0,0.0,2.avi
1003,48,9.6,907,60,2136.0208,0,0.0,2.avi
1004,48,9.6,1257,645,2943.8813,0,0.0,2.avi
1005,48,9.6,744,801,1946.8228,0,0.0,2.avi
999,49,9.8,397,945,3147.5686,0,64.33191443477918,2.avi
1006,49,9.8,310,418,40842.297,0,0.0,2.avi
1007,49,9.8,1122,228,1073.944,0,0.0,2.avi
1008,49,9.8,69,146,3875.241,0,0.0,2.avi
1009,49,9.8,1195,518,1429.8905,0,0.0,2.avi
1010,49,9.8,513,686,2917.5618,0,0.0,2.avi
1011,49,9.8,564,515,1398.106,0,0.0,2.avi
1012,50,10.0,823,554,8824.716,0,0.0,2.avi
1013,50,10.0,450,826,2028.4882,0,0.0,2.avi
1014,50,10.0,56,437,23362.395,0,0.0,2.avi
1015,50,10.0,167,664,1723.9745,0,0.0,2.avi
1016,50,10.0,226,696,2413.7844,0,0.0,2.avi
1017,50,10.0,451,532,1540.5518,0,0.0,2.avi
1018,50,10.0,45,1005,2706.364,0,0.0,2.avi
1019,50,10.0,362,119,1658.1422,0,0.0,2.avi
1020,50,10.0,845,133,2971.8096,0,0.0,2.avi
1021,51,10.2,25,286,2833.8074,0,0.0,2.avi
1022,51,10.2,1139,592,5895.93,0,0.0,2.avi
1020,52,10.4,832,139,1192.4982,0,23.704566946911832,2.avi
1023,52,10.4,777,38,6021.3164,0,0.0,2.avi
1024,52,10.4,549,392,3173.7954,0,0.0,2.avi
1025,52,10.4,767,297,6053.504,0,0.0,2.avi
1026,52,10.4,208,606,2777.2366,0,0.0,2.avi
1027,52,10.4,1135,967,5958.758,0,0.0,2.avi
1028,52,10.4,822,948,3455.9976,0,0.0,2.avi
1029,52,10.4,427,111,1759.6622,0,0.0,2.avi
1030,52,10.4,725,580,2038.251,0,0.0,2.avi
1008,53,10.6,70,156,2077.4248,0,5.252730794681144,2.avi
1030,53,10.6,729,537,4447.283,0,170.4824610663807,2.avi
1031,53,10.6,544,595,3080.211,0,0.0,2.avi
1032,53,10.6,848,875,2023.871,0,0.0,2.avi
1033,53,10.6,569,6,512.33795,0,0.0,2.avi
1034,53,10.6,200,863,7898.8594,0,0.0,2.avi
1035,53,10.6,280,770,1594.5463,0,0.0,2.avi
1036,53,10.6,158,315,5249.5376,0,0.0,2.avi
1037,53,10.6,394,327,7992.64,0,0.0,2.avi
1004,54,10.8,1264,680,1925.572,0,8.785205751027725,2.avi
1009,54,10.8,1215,510,5372.821,0,7.550826970971897,2.avi
1013,54,10.8,422,793,896.73975,0,22.01225009063668,2.avi
1016,54,10.8,203,714,1485.3716,0,14.856940068967454,2.avi
1019,54,10.8,387,91,2984.5383,0,19.252823263440643,2.avi
1033,54,10.8,609,19,2971.8748,0,165.43604787802445,2.avi
1037,54,10.8,360,355,2315.543,0,175.30608277025073,2.avi
1038,54,10.8,1195,248,4294.3594,0,0.0,2.avi
1039,54,10.8,1154,874,2001.2955,0,0.0,2.avi
1040,54,10.8,739,91,2498.0474,0,0.0,2.avi
1041,54,10.8,726,849,2772.036,0,0.0,2.avi
1042,54,10.8,463,880,5874.814,0,0.0,2.avi
1043,54,10.8,727,13,1406.4996,0,0.0,2.avi
1017,55,11.0,438,531,1243.4717,0,4.370470590633662,2.avi
1028,55,11.0,823,943,3511.6055,0,4.2234071245699445,2.avi
1032,55,11.0,863,898,4171.005,0,44.8568292664109,2.avi
1044,55,11.0,470,34,3287.9875,0,0.0,2.avi
1045,55,11.0,683,574,2665.1755,0,0.0,2.avi
1046,55,11.0,1156,327,3607.0466,0,0.0,2.avi
1047,55,11.0,515,197,807.80457,0,0.0,2.avi
1048,55,11.0,125,360,2902.1494,0,0.0,2.avi
1018,56,11.2,28,997,2981.101,0,4.757049950437459,2.avi
1027,56,11.2,1125,978,2143.8135,0,7.453167737282475,2.avi
1044,56,11.2,445,33,4163.556,0,100.1382101538294,2.avi
1049,56,11.2,658,918,2232.7593,0,0.0,2.avi
1050,56,11.2,353,334,3830.707,0,0.0,2.avi
1051,56,11.2,553,954,1341.692,0,0.0,2.avi
1052,57,11.4,133,437,2887.753,0,0.0,2.avi
1053,57,11.4,510,1003,1619.9247,0,0.0,2.avi
1054,57,11.4,475,811,1393.5807,0,0.0,2.avi
1055,57,11.4,989,142,3977.5757,0,0.0,2.avi
1056,57,11.4,717,269,3175.9363,0,0.0,2.avi
1026,58,11.6,188,611,1996.1843,0,5.214559917369436,2.avi
1057,58,11.6,893,664,6436.9634,0,0.0,2.avi
1058,58,11.6,348,221,4256.8496,0,0.0,2.avi
1042,59,11.8,511,875,1041.7832,0,16.725343690998738,2.avi
1044,59,11.8,371,39,2024.3569,0,59.608617295315405,2.avi
1048,59,11.8,107,344,1826.112,0,12.156273849189333,2.avi
1051,59,11.8,567,922,1124.7341,0,29.393574787179787,2.avi
1059,59,11.8,1260,861,3017.4248,0,0.0,2.avi
1060,59,11.8,225,711,2953.398,0,0.0,2.avi
1061,59,11.8,642,148,2789.6514,0,0.0,2.avi
1004,60,12.0,1265,727,1461.7717,0,11.716032888129932,2.avi
1042,60,12.0,537,891,1813.324,0,130.10380470993152,2.avi
1062,60,12.0,646,80,7073.7754,0,0.0,2.avi
1063,60,12.0,366,509,2529.9219,0,0.0,2.avi
1064,60,12.0,548,415,10660.258,0,0.0,2.avi
1065,60,12.0,1178,962,2990.8162,0,0.0,2.avi
1046,61,12.2,1185,365,1660.649,0,11.767700498585697,2.avi
1061,61,12.2,667,187,3385.8691,0,75.338072681165,2.avi
1066,61,12.2,1252,349,4310.5767,0,0.0,2.avi
1067,61,12.2,599,243,2670.015,0,0.0,2.avi
1068,61,12.2,620,579,3639.2224,0,0.0,2.avi
1069,61,12.2,190,541,3006.9421,0,0.0,2.avi
1026,62,12.4,189,618,3935.6443,0,4.521839551384679,2.avi
1048,62,12.4,104,319,3182.3616,0,21.919261860914563,2.avi
1050,62,12.4,322,319,2384.5054,0,8.50037652472005,2.avi
1063,62,12.4,378,510,2256.1382,0,18.57862682643309,2.avi
1070,62,12.4,1105,856,4586.4707,0,0.0,2.avi
1071,62,12.4,478,894,1675.174,0,0.0,2.avi
1072,62,12.4,694,752,1456.7593,0,0.0,2.avi
1073,62,12.4,1192,883,2891.6562,0,0.0,2.avi
1074,62,12.4,1052,792,2261.0012,0,0.0,2.avi
1059,63,12.6,1273,905,440.1726,0,23.61582162978879,2.avi
1061,63,12.6,731,228,2936.9204,0,131.69514542353107,2.avi
1064,63,12.6,561,453,1483.9023,0,33.533315916669906,2.avi
1075,63,12.6,271,208,4901.2817,0,0.0,2.avi
1076,63,12.6,697,631,3358.6714,0,0.0,2.avi
1077,63,12.6,978,735,4278.333,0,0.0,2.avi
1048,64,12.8,148,319,2244.8452,0,81.63241136912164,2.avi
1066,64,12.8,1214,344,2373.6333,0,32.42281060397043,2.avi
1078,64,12.8,1260,973,1470.0591,0,0.0,2.avi
1079,65,13.0,269,417,5298.169,0,0.0,2.avi
1080,65,13.0,729,98,2650.033,0,0.0,2.avi
1081,65,13.0,800,25,2630.001,0,0.0,2.avi
1082,65,13.0,1200,1006,2426.473,0,0.0,2.avi
1067,66,13.2,562,211,2357.008,0,16.876200767463924,2.avi
1079,66,13.2,242,385,3042.9453,0,166.1109968703156,2.avi
1083,66,13.2,1078,154,6623.5474,0,0.0,2.avi
1084,66,13.2,574,832,4897.776,0,0.0,2.avi
1085,66,13.2,400,230,1709.5674,0,0.0,2.avi
1086,66,13.2,442,103,1895.7439,0,0.0,2.avi
1087,66,13.2,98,984,5624.167,0,0.0,2.avi
1026,67,13.4,203,589,938.0747,0,13.602801516836353,2.avi
1048,67,13.4,219,298,9910.404,0,59.24916558945683,2.avi
1088,67,13.4,211,698,5359.69,0,0.0,2.avi
1089,67,13.4,285,99,8372.918,0,0.0,2.avi
1090,67,13.4,44,725,9930.395,0,0.0,2.avi
1091,67,13.4,746,277,1573.1257,0,0.0,2.avi
1092,67,13.4,1155,838,8826.474,0,0.0,2.avi
1080,68,13.6,747,67,771.3086,0,30.65987630661153,2.avi
1092,68,13.6,1173,855,1313.956,0,99.46285424720124,2.avi
1093,68,13.6,172,523,7212.5146,0,0.0,2.avi
1094,68,13.6,858,328,4686.4287,0,0.0,2.avi
1095,68,13.6,639,548,4245.6826,0,0.0,2.avi
1096,68,13.6,1186,340,1010.1159,0,0.0,2.avi
1081,69,13.8,839,21,1775.5801,0,19.96127537629892,2.avi
1097,69,13.8,727,1008,1286.9797,0,0.0,2.avi
1098,69,13.8,1139,196,1215.7357,0,0.0,2.avi
1099,69,13.8,214,165,1818.59,0,0.0,2.avi
1100,69,13.8,517,880,7101.9565,0,0.0,2.avi
1101,70,14.0,1034,484,3264.001,0,0.0,2.avi
1102,70,14.0,478,657,2262.3223,0,0.0,2.avi
1103,70,14.0,722,653,4276.3438,0,0.0,2.avi
1104,70,14.0,353,75,1714.6699,0,0.0,2.avi
1105,70,14.0,201,20,3309.811,0,0.0,2.avi
1106,70,14.0,751,803,3330.1477,0,0.0,2.avi
1107,70,14.0,857,568,2998.3936,0,0.0,2.avi
1108,70,14.0,721,928,2749.4575,0,0.0,2.avi
1067,71,14.2,518,226,2982.3906,0,17.231908184178813,2.avi
1102,71,14.2,477,624,5303.0063,0,130.01996541397017,2.avi
1109,71,14.2,796,56,3368.452,0,0.0,2.avi
1110,71,14.2,1248,779,1451.3287,0,0.0,2.avi
1111,71,14.2,900,511,5412.95,0,0.0,2.avi
1085,72,14.4,398,248,3034.7598,0,4.47239291152986,2.avi
1088,72,14.4,207,666,4515.2925,0,11.255097654199467,2.avi
1112,72,14.4,957,231,5097.341,0,0.0,2.avi
1113,72,14.4,811,778,3236.7092,0,0.0,2.avi
1114,72,14.4,821,914,1502.0078,0,0.0,2.avi
1115,72,14.4,381,494,755.41364,0,0.0,2.avi
1116,72,14.4,997,358,1005.47424,0,0.0,2.avi
1103,73,14.6,746,678,5815.571,0,28.743343743731565,2.avi
1115,73,14.6,390,470,1304.6254,0,101.25540591278325,2.avi
1117,73,14.6,219,307,2994.7327,0,0.0,2.avi
1118,73,14.6,716,614,3178.0278,0,0.0,2.avi
1119,73,14.6,627,65,1354.4613,0,0.0,2.avi
1120,73,14.6,1170,759,3484.9678,0,0.0,2.avi
1121,73,14.6,387,602,2497.5227,0,0.0,2.avi
1122,73,14.6,561,654,2263.2114,0,0.0,2.avi
1123,73,14.6,957,1010,1161.2277,0,0.0,2.avi
1124,73,14.6,432,865,5080.624,0,0.0,2.avi
1125,73,14.6,191,751,1629.6476,0,0.0,2.avi
1093,74,14.8,142,535,1654.7847,0,7.915665760680807,2.avi
1108,74,14.8,758,929,1366.6581,0,19.05975422079286,2.avi
1113,74,14.8,806,743,1822.0903,0,57.6810498831722,2.avi
1126,74,14.8,360,982,9959.817,0,0.0,2.avi
1127,74,14.8,545,723,1110.0042,0,0.0,2.avi
1128,74,14.8,75,929,1696.0745,0,0.0,2.avi
1129,74,14.8,611,500,2753.9602,0,0.0,2.avi
1102,75,15.0,436,386,9066.893,0,120.26127968147104,2.avi
1113,75,15.0,791,760,3867.0205,0,88.2250042062198,2.avi
1118,75,15.0,680,586,790.02124,0,75.61597957566575,2.avi
1122,75,15.0,563,613,1682.0702,0,67.65648816355309,2.avi
1130,75,15.0,713,253,9410.003,0,0.0,2.avi
1131,75,15.0,1206,667,2163.455,0,0.0,2.avi
1132,75,15.0,795,9,1041.4211,0,0.0,2.avi
1133,75,15.0,14,300,1475.1683,0,0.0,2.avi
1112,76,15.2,998,227,1008.4131,0,20.911740071135505,2.avi
1134,76,15.2,333,898,5155.502,0,0.0,2.avi
1135,76,15.2,1062,938,1576.3975,0,0.0,2.avi
1112,77,15.4,985,228,836.2142,0,48.64976925770692,2.avi
1123,77,15.4,965,997,3136.515,0,7.871873992035465,2.avi
1130,77,15.4,704,210,1543.3818,0,71.2978423531789,2.avi
1132,77,15.4,760,11,1282.0579,0,57.09737177209867,2.avi
1133,77,15.4,26,348,3477.3518,0,81.83065056012784,2.avi
1136,77,15.4,702,901,4013.302,0,0.0,2.avi
1137,77,15.4,142,640,1239.3267,0,0.0,2.avi
1138,77,15.4,933,227,1746.179,0,0.0,2.avi
1123,78,15.6,954,1009,2156.4834,0,63.54641589150603,2.avi
1124,78,15.6,471,873,1554.6042,0,13.363869286974335,2.avi
1128,78,15.6,84,930,1946.7151,0,4.712900945064851,2.avi
1139,78,15.6,1233,114,8148.5903,0,0.0,2.avi
1140,78,15.6,592,158,6443.396,0,0.0,2.avi
1141,78,15.6,863,413,1918.0319,0,0.0,2.avi
1142,78,15.6,883,767,2341.2578,0,0.0,2.avi
1143,78,15.6,289,327,1750.0094,0,0.0,2.avi
1144,78,15.6,1095,490,3157.8882,0,0.0,2.avi
1145,78,15.6,64,407,2815.1753,0,0.0,2.avi
1120,79,15.8,1194,728,2610.9182,0,9.839413417297008,2.avi
1121,79,15.8,341,583,1950.2837,0,12.280933172201456,2.avi
1125,79,15.8,152,782,12785.563,0,12.312152373542814,2.avi
1131,79,15.8,1183,678,931.1018,0,13.338584882950943,2.avi
1135,79,15.8,1084,950,5005.757,0,20.557843733350143,2.avi
1146,79,15.8,688,269,6941.0166,0,0.0,2.avi
1147,79,15.8,470,89,1543.212,0,0.0,2.avi
1148,79,15.8,37,513,2229.233,0,0.0,2.avi
1149,79,15.8,334,735,2098.1729,0,0.0,2.avi
1150,79,15.8,1118,220,1328.8109,0,0.0,2.avi
1124,80,16.0,450,901,1308.6328,0,63.77769197878381,2.avi
1131,80,16.0,1162,656,1406.6648,0,129.4875114634612,2.avi
1151,80,16.0,174,245,11369.195,0,0.0,2.avi
1152,80,16.0,146,426,7331.7993,0,0.0,2.avi
1153,80,16.0,890,664,2771.0105,0,0.0,2.avi
1154,80,16.0,651,738,2228.2324,0,0.0,2.avi
1151,81,16.2,171,283,1410.873,0,153.66892552456727,2.avi
1155,81,16.2,481,365,1746.8237,0,0.0,2.avi
1156,81,16.2,1196,413,1812.5698,0,0.0,2.avi
1157,81,16.2,781,15,991.94855,0,0.0,2.avi
1158,81,16.2,631,55,1298.3225,0,0.0,2.avi
1159,81,16.2,1090,24,6374.0513,0,0.0,2.avi
1160,81,16.2,686,395,1748.6744,0,0.0,2.avi
1161,81,16.2,920,4,235.44649,0,0.0,2.avi
1121,82,16.4,348,577,940.40643,0,9.569556730362436,2.avi
1158,82,16.4,674,55,13287.124,0,174.2819364115943,2.avi
1162,82,16.4,860,136,2313.8347,0,0.0,2.avi
1163,82,16.4,939,105,2594.747,0,0.0,2.avi
1164,82,16.4,162,534,1723.9314,0,0.0,2.avi
1165,82,16.4,461,281,1427.6543,0,0.0,2.avi
1132,83,16.6,495,31,1276.8983,0,64.61157984448299,2.avi
1133,83,16.6,138,707,2044.2373,0,91.20819354812647,2.avi
1147,83,16.6,453,122,2755.9707,0,19.08452237129934,2.avi
1159,83,16.6,1134,4,385.89404,0,79.6719224970441,2.avi
1161,83,16.6,898,14,1511.9854,0,39.4918173511338,2.avi
1166,83,16.6,1029,810,11301.0625,0,0.0,2.avi
1167,83,16.6,260,109,16803.162,0,0.0,2.avi
1168,83,16.6,850,244,10219.531,0,0.0,2.avi
1169,83,16.6,752,642,1312.0568,0,0.0,2.avi
1170,83,16.6,1247,890,2986.5212,0,0.0,2.avi
1171,83,16.6,1260,617,1663.9001,0,0.0,2.avi
1172,83,16.6,593,406,1159.4796,0,0.0,2.avi
1173,83,16.6,308,6,566.3418,0,0.0,2.avi
1145,84,16.8,65,417,1308.9194,0,2.519338390450585,2.avi
1170,84,16.8,1216,908,2113.5786,0,142.39543861198644,2.avi
1174,84,16.8,507,956,11728.701,0,0.0,2.avi
1175,84,16.8,383,169,3340.4626,0,0.0,2.avi
1176,84,16.8,554,806,7101.3716,0,0.0,2.avi
1177,84,16.8,944,208,2728.5444,0,0.0,2.avi
1178,84,16.8,194,698,3399.1763,0,0.0,2.avi
1179,84,16.8,1228,197,891.0364,0,0.0,2.avi
1180,84,16.8,449,1011,1302.864,0,0.0,2.avi
1181,84,16.8,1054,137,2264.2896,0,0.0,2.avi
1182,84,16.8,426,372,12353.617,0,0.0,2.avi
1131,85,17.0,899,398,1419.4385,0,120.98792553391434,2.avi
1148,85,17.0,28,501,6189.8833,0,3.900215064745729,2.avi
1149,85,17.0,346,745,757.99634,0,3.890489935924307,2.avi
1155,85,17.0,499,362,1415.9432,0,9.737593362186812,2.avi
1173,85,17.0,280,11,1009.6424,0,46.741426875183485,2.avi
1178,85,17.0,187,677,3987.096,0,90.351970181203,2.avi
1182,85,17.0,403,405,1589.9316,0,160.0720418866143,2.avi
1183,85,17.0,572,464,5075.2476,0,0.0,2.avi
1184,85,17.0,780,939,1963.803,0,0.0,2.avi
1185,85,17.0,1180,867,2162.865,0,0.0,2.avi
1186,85,17.0,163,889,1042.1957,0,0.0,2.avi
1187,85,17.0,1134,550,3177.2786,0,0.0,2.avi
1188,85,17.0,1088,471,1781.2166,0,0.0,2.avi
1131,86,17.2,869,360,1859.3506,0,225.00468745117288,2.avi
1177,86,17.2,917,171,6187.483,0,75.52903260088137,2.avi
1189,86,17.2,260,204,2401.2922,0,0.0,2.avi
1190,86,17.2,817,430,1809.6476,0,0.0,2.avi
1191,86,17.2,896,515,2435.4543,0,0.0,2.avi
1192,86,17.2,1187,999,1359.3931,0,0.0,2.avi
1193,86,17.2,761,550,2693.344,0,0.0,2.avi
1194,86,17.2,649,440,1427.1398,0,0.0,2.avi
1195,86,17.2,114,507,949.6514,0,0.0,2.avi
1155,87,17.4,515,391,2014.0236,0,59.083742872934174,2.avi
1165,87,17.4,469,252,930.5903,0,10.19185540644963,2.avi
1185,87,17.4,1167,826,3046.772,0,69.98936163580505,2.avi
1188,87,17.4,1078,475,1967.3289,0,16.582192744354938,2.avi
1196,87,17.4,604,337,2566.7188,0,0.0,2.avi
1197,87,17.4,637,1012,1098.1818,0,0.0,2.avi
1198,87,17.4,46,246,1491.0334,0,0.0,2.avi
1199,87,17.4,779,466,3845.7092,0,0.0,2.avi
1200,87,17.4,805,587,2951.34,0,0.0,2.avi
1175,88,17.6,376,143,1605.5336,0,13.558719793781751,2.avi
1176,88,17.6,574,807,2940.1372,0,10.053885427167806,2.avi
1180,88,17.6,444,1020,208.38855,0,5.189148422673903,2.avi
1184,88,17.6,798,904,10776.71,0,33.13629671759127,2.avi
1195,88,17.6,89,546,3661.4885,0,76.4242278185148,2.avi
1201,88,17.6,974,942,2369.146,0,0.0,2.avi
1202,88,17.6,516,336,1601.8872,0,0.0,2.avi
1203,88,17.6,300,608,3616.4373,0,0.0,2.avi
1204,88,17.6,1142,303,904.8831,0,0.0,2.avi
1205,88,17.6,389,399,803.61176,0,0.0,2.avi
1206,88,17.6,1108,8,720.3957,0,0.0,2.avi
1207,88,17.6,585,985,4761.534,0,0.0,2.avi
1131,89,17.8,718,128,1586.0612,0,231.63935128233285,2.avi
1161,89,17.8,774,107,1060.3433,0,36.78741584895234,2.avi
1185,89,17.8,1133,801,2271.5447,0,71.00771236171286,2.avi
1193,89,17.8,729,540,1319.0344,0,28.47552831626878,2.avi
1200,89,17.8,808,557,1135.5068,0,48.730399705612406,2.avi
1208,89,17.8,1228,906,6065.6685,0,0.0,2.avi
1209,89,17.8,197,737,2661.5205,0,0.0,2.avi
1210,89,17.8,511,638,2110.1025,0,0.0,2.avi
1211,89,17.8,376,538,1232.5928,0,0.0,2.avi
1212,89,17.8,265,865,1323.4287,0,0.0,2.avi
1213,89,17.8,194,481,753.5497,0,0.0,2.avi
1214,89,17.8,1130,907,2446.3625,0,0.0,2.avi
1215,89,17.8,1032,739,1879.8247,0,0.0,2.avi
1216,89,17.8,789,220,1159.1018,0,0.0,2.avi
1217,89,17.8,105,444,3203.1492,0,0.0,2.avi
1218,89,17.8,1182,517,3901.7837,0,0.0,2.avi
1219,89,17.8,630,957,1760.2869,0,0.0,2.avi
1184,90,18.0,770,881,3675.8145,0,65.1680032864576,2.avi
1201,90,18.0,944,968,6619.9116,0,65.70728472266222,2.avi
1205,90,18.0,414,400,1412.7974,0,41.88145356054097,2.avi
1208,90,18.0,1201,935,3192.1804,0,155.53846740838745,2.avi
1210,90,18.0,486,645,1926.7521,0,103.87040735184156,2.avi
1216,90,18.0,761,239,6040.4727,0,136.7241534646494,2.avi
1220,90,18.0,898,268,6951.6646,0,0.0,2.avi
1221,90,18.0,121,701,3071.0437,0,0.0,2.avi
1222,90,18.0,623,839,1944.959,0,0.0,2.avi
1223,90,18.0,1243,596,1123.9424,0,0.0,2.avi
1224,90,18.0,267,273,1260.6528,0,0.0,2.avi
1225,90,18.0,1126,191,3374.367,0,0.0,2.avi
1226,90,18.0,1057,1015,973.756,0,0.0,2.avi
1227,90,18.0,694,143,1158.0411,0,0.0,2.avi
1228,90,18.0,1175,771,1330.9415,0,0.0,2.avi
1229,90,18.0,829,609,2183.3274,0,0.0,2.avi
1188,91,18.2,1083,493,1698.5155,0,11.073956263423598,2.avi
1197,91,18.2,674,1005,4393.694,0,19.62747779317262,2.avi
1202,91,18.2,528,323,8107.4233,0,15.029616554632952,2.avi
1211,91,18.2,417,522,3027.3477,0,70.83949038804204,2.avi
1214,91,18.2,1086,910,2990.7737,0,73.0284117709077,2.avi
1230,91,18.2,408,841,1595.4766,0,0.0,2.avi
1231,91,18.2,1149,408,1736.4899,0,0.0,2.avi
1232,91,18.2,629,641,2925.3992,0,0.0,2.avi
1233,91,18.2,1260,202,2082.4998,0,0.0,2.avi
1234,91,18.2,417,310,7565.898,0,0.0,2.avi
1235,91,18.2,726,49,1181.8921,0,0.0,2.avi
1236,91,18.2,847,39,2784.5464,0,0.0,2.avi
1237,91,18.2,769,186,4284.645,0,0.0,2.avi
1165,92,18.4,490,193,2508.4023,0,22.91215257979581,2.avi
1209,92,18.4,194,784,2867.917,0,39.32313827890091,2.avi
1213,92,18.4,189,448,3310.62,0,28.3243542374535,2.avi
1214,92,18.4,1114,917,3814.1973,0,106.87564875534088,2.avi
1221,92,18.4,123,674,993.34863,0,44.19498174151464,2.avi
1235,92,18.4,721,54,1663.1166,0,26.75803717971364,2.avi
1238,92,18.4,1039,390,882.8106,0,0.0,2.avi
1239,92,18.4,1109,642,925.7811,0,0.0,2.avi
1240,92,18.4,685,836,1652.9963,0,0.0,2.avi
1241,92,18.4,152,380,8202.535,0,0.0,2.avi
1242,92,18.4,663,598,2803.2798,0,0.0,2.avi
1197,93,18.6,710,1018,1341.9395,0,67.79135975204547,2.avi
1209,93,18.6,229,777,2852.1624,0,142.85553919300784,2.avi
1210,93,18.6,350,711,3249.5557,0,127.58598509926551,2.avi
1212,93,18.6,264,861,1386.511,0,2.2844844515315814,2.avi
1222,93,18.6,647,828,1505.8569,0,22.35046883247083,2.avi
1243,93,18.6,104,590,5053.0903,0,0.0,2.avi
1244,93,18.6,971,75,769.6636,0,0.0,2.avi
1205,94,18.8,494,383,680.6819,0,40.8057008836924,2.avi
1212,94,18.8,274,881,1885.001,0,92.31044238566676,2.avi
1214,94,18.8,1212,964,1141.7046,0,185.62810393027772,2.avi
1236,94,18.8,843,50,1511.528,0,9.86812767690286,2.avi
1245,94,18.8,129,919,5342.2637,0,0.0,2.avi
1246,94,18.8,898,52,2128.8157,0,0.0,2.avi
1247,94,18.8,344,537,4967.9233,0,0.0,2.avi
1248,94,18.8,219,224,3322.9558,0,0.0,2.avi
1249,94,18.8,179,589,1703.6829,0,0.0,2.avi
1250,94,18.8,628,70,1485.4357,0,0.0,2.avi
1251,94,18.8,12,625,783.2705,0,0.0,2.avi
1252,94,18.8,1234,803,4549.7095,0,0.0,2.avi
1188,95,19.0,1117,529,2424.586,0,27.166004882740165,2.avi
1213,95,19.0,195,411,2251.6702,0,31.566089871651133,2.avi
1253,95,19.0,952,468,2637.6174,0,0.0,2.avi
1254,95,19.0,520,421,4413.2603,0,0.0,2.avi
1255,95,19.0,451,549,2944.839,0,0.0,2.avi
1234,96,19.2,422,288,705.62646,0,7.819260990512092,2.avi
1251,96,19.2,33,597,2754.4543,0,58.7769054082894,2.avi
1256,96,19.2,1252,937,2069.9285,0,0.0,2.avi
1257,96,19.2,335,845,1487.0308,0,0.0,2.avi
1258,96,19.2,572,802,1201.5526,0,0.0,2.avi
1259,96,19.2,161,723,966.2544,0,0.0,2.avi
1260,96,19.2,85,379,1235.0992,0,0.0,2.avi
1239,97,19.4,1128,659,3209.7358,0,8.606757290474091,2.avi
1243,97,19.4,87,617,1536.7388,0,16.47615594122638,2.avi
1247,97,19.4,333,512,583.72363,0,23.051787082465268,2.avi
1253,97,19.4,949,486,661.8998,0,29.31759371554104,2.avi
1261,97,19.4,1108,171,7037.0327,0,0.0,2.avi
1262,97,19.4,257,1000,2891.692,0,0.0,2.avi
1263,97,19.4,1236,451,1767.094,0,0.0,2.avi
1264,97,19.4,1039,134,1843.122,0,0.0,2.avi
1265,97,19.4,1102,13,734.4273,0,0.0,2.avi
1266,97,19.4,605,961,1830.7993,0,0.0,2.avi
1267,97,19.4,321,197,819.1146,0,0.0,2.avi
1268,97,19.4,438,911,717.27844,0,0.0,2.avi
1269,97,19.4,88,419,1776.9847,0,0.0,2.avi
1246,98,19.6,880,22,1097.2877,0,18.105743070332856,2.avi
1262,98,19.6,287,999,2851.17,0,118.62633363317777,2.avi
1270,98,19.6,691,265,7219.9263,0,0.0,2.avi
1271,98,19.6,869,985,2390.0793,0,0.0,2.avi
1272,98,19.6,623,871,3257.502,0,0.0,2.avi
1273,98,19.6,729,155,1326.4042,0,0.0,2.avi
1274,98,19.6,930,655,5578.614,0,0.0,2.avi
1275,98,19.6,1167,410,1904.861,0,0.0,2.avi
1276,98,19.6,532,506,2405.1963,0,0.0,2.avi
1244,99,19.8,946,75,1730.2777,0,6.202643157155647,2.avi
1266,99,19.8,613,982,956.36584,0,37.45797612773463,2.avi
1273,99,19.8,758,191,9663.418,0,187.01311785540608,2.avi
1277,99,19.8,268,362,6985.119,0,0.0,2.avi
1278,99,19.8,516,726,6436.1025,0,0.0,2.avi
1279,99,19.8,868,435,4536.667,0,0.0,2.avi
1280,99,19.8,223,464,1913.2336,0,0.0,2.avi
1281,99,19.8,757,385,2013.4635,0,0.0,2.avi
1282,99,19.8,1089,67,1360.3099,0,0.0,2.avi
1277,100,20.0,293,327,2775.6538,0,168.1215032164238,2.avi
1279,100,20.0,839,406,2611.736,0,165.6390147372442,2.avi
1283,100,20.0,1222,612,1969.0554,0,0.0,2.avi
1284,100,20.0,492,232,9616.934,0,0.0,2.avi
1285,100,20.0,306,553,4417.6235,0,0.0,2.avi
1286,100,20.0,515,137,2697.9304,0,0.0,2.avi
1287,100,20.0,929,946,1978.4047,0,0.0,2.avi
1288,100,20.0,423,417,1724.1117,0,0.0,2.avi
1289,100,20.0,100,797,6413.5483,0,0.0,2.avi
1290,100,20.0,376,852,859.135,0,0.0,2.avi
1291,100,20.0,906,484,1095.5219,0,0.0,2.avi
1213,101,20.2,213,283,10249.482,0,30.681449091582603,2.avi
1289,101,20.2,123,772,2849.5454,0,135.25883751163914,2.avi
1292,101,20.2,1117,601,1037.1271,0,0.0,2.avi
1293,101,20.2,861,68,1759.1848,0,0.0,2.avi
1294,101,20.2,406,630,3337.199,0,0.0,2.avi
1295,101,20.2,162,193,1412.4095,0,0.0,2.avi
1296,101,20.2,1200,899,905.55273,0,0.0,2.avi
1264,102,20.4,1061,161,469.11133,0,11.913678272492872,2.avi
1270,102,20.4,671,234,535.66895,0,18.98869067458724,2.avi
1297,102,20.4,863,548,1840.2229,0,0.0,2.avi
1298,102,20.4,1226,520,1738.6089,0,0.0,2.avi
1299,102,20.4,694,506,790.861,0,0.0,2.avi
1300,102,20.4,560,673,1260.6334,0,0.0,2.avi
1268,103,20.6,427,922,482.47076,0,3.830647038716761,2.avi
1274,103,20.6,960,669,1851.0754,0,11.266557842684632,2.avi
1286,103,20.6,480,102,2476.638,0,41.59084442330728,2.avi
1295,103,20.6,128,170,1780.2222,0,67.15853663510507,2.avi
1301,103,20.6,283,332,1289.1613,0,0.0,2.avi
1302,103,20.6,759,142,670.83124,0,0.0,2.avi
1303,103,20.6,1063,859,1528.6559,0,0.0,2.avi
1304,103,20.6,1026,144,2839.889,0,0.0,2.avi
1305,103,20.6,576,160,1728.1826,0,0.0,2.avi
1306,103,20.6,642,271,4852.519,0,0.0,2.avi
1307,103,20.6,808,408,812.09705,0,0.0,2.avi
1308,103,20.6,269,814,6881.486,0,0.0,2.avi
1309,103,20.6,926,541,2077.6375,0,0.0,2.avi
1278,104,20.8,479,709,1161.543,0,14.181096585462315,2.avi
1280,104,20.8,200,479,1433.7432,0,9.565294443355413,2.avi
1284,104,20.8,523,208,1213.627,0,20.28710777669797,2.avi
1306,104,20.8,640,248,2836.2188,0,90.84302975290674,2.avi
1310,104,20.8,135,400,5829.005,0,0.0,2.avi
1311,104,20.8,843,274,1232.38,0,0.0,2.avi
1312,104,20.8,1120,693,1752.5924,0,0.0,2.avi
1313,104,20.8,678,129,1686.1375,0,0.0,2.avi
1314,104,20.8,901,605,1391.4927,0,0.0,2.avi
1315,104,20.8,1124,277,1956.866,0,0.0,2.avi
1316,104,20.8,949,795,2902.2227,0,0.0,2.avi
1317,104,20.8,924,1011,1061.8358,0,0.0,2.avi
1318,104,20.8,16,418,2503.422,0,0.0,2.avi
1319,104,20.8,915,646,879.38184,0,0.0,2.avi
1320,104,20.8,1055,724,5890.0596,0,0.0,2.avi
1321,104,20.8,226,11,976.5572,0,0.0,2.avi
1273,105,21.0,1265,823,1189.7695,0,193.49717375196985,2.avi
1308,105,21.0,300,840,713.4756,0,66.36542127211278,2.avi
1309,105,21.0,926,567,1563.8977,0,42.52323009434079,2.avi
1322,105,21.0,674,692,9414.474,0,0.0,2.avi
1323,105,21.0,673,790,7017.0874,0,0.0,2.avi
1324,105,21.0,509,244,2230.6565,0,0.0,2.avi
1325,105,21.0,1211,689,1461.1506,0,0.0,2.avi
1326,105,21.0,376,671,2356.0562,0,0.0,2.avi
1288,106,21.2,454,388,2598.9363,0,10.485225637297418,2.avi
1296,106,21.2,1215,904,1504.3132,0,5.353923193396691,2.avi
1302,106,21.2,751,154,1020.7892,0,11.831908090932147,2.avi
1308,106,21.2,290,856,4957.394,0,80.72829502217608,2.avi
1316,106,21.2,968,762,2448.7305,0,62.81869527905288,2.avi
1326,106,21.2,412,701,1624.5544,0,188.17600014680409,2.avi
1327,106,21.2,199,134,2208.064,0,0.0,2.avi
1328,106,21.2,1010,963,2358.7493,0,0.0,2.avi
1329,106,21.2,218,532,2231.7417,0,0.0,2.avi
1330,106,21.2,194,75,1430.625,0,0.0,2.avi
1331,106,21.2,1165,702,945.15686,0,0.0,2.avi
1332,106,21.2,653,44,3095.277,0,0.0,2.avi
1333,106,21.2,592,568,1773.7179,0,0.0,2.avi
1298,107,21.4,1235,492,7466.0176,0,9.805716532777776,2.avi
1320,107,21.4,1032,766,824.6987,0,40.43865465169511,2.avi
1334,107,21.4,915,21,2054.6252,0,0.0,2.avi
1335,107,21.4,685,278,2244.4246,0,0.0,2.avi
1336,107,21.4,769,700,2524.8958,0,0.0,2.avi
1337,107,21.4,1129,804,2046.1464,0,0.0,2.avi
1338,107,21.4,1208,254,2775.6045,0,0.0,2.avi
1339,107,21.4,215,288,1704.1494,0,0.0,2.avi
1340,107,21.4,753,507,1665.0398,0,0.0,2.avi
1341,107,21.4,385,1016,497.88126,0,0.0,2.avi
1280,108,21.6,216,454,2190.4053,0,19.227391032534,2.avi
1313,108,21.6,661,153,1568.2866,0,14.592198291435135,2.avi
1326,108,21.6,474,770,2932.8752,0,153.02051282017715,2.avi
1342,108,21.6,695,582,7245.3184,0,0.0,2.avi
1343,108,21.6,807,643,2639.4983,0,0.0,2.avi
1344,108,21.6,816,91,2092.6814,0,0.0,2.avi
1345,108,21.6,1268,632,914.6398,0,0.0,2.avi
1346,108,21.6,528,37,926.91595,0,0.0,2.avi
1280,109,21.8,221,445,1388.4099,0,44.96710358999607,2.avi
1317,109,21.8,906,1014,607.98474,0,6.0557839858962845,2.avi
1347,109,21.8,932,798,6493.641,0,0.0,2.avi
1348,109,21.8,524,452,6697.1406,0,0.0,2.avi
1349,109,21.8,156,535,2812.5713,0,0.0,2.avi
1350,109,21.8,1034,549,3584.5117,0,0.0,2.avi
1351,109,21.8,1011,820,2442.964,0,0.0,2.avi
1352,109,21.8,950,73,1063.2225,0,0.0,2.avi
1353,109,21.8,158,673,6923.2026,0,0.0,2.avi
1354,109,21.8,1186,615,2248.74,0,0.0,2.avi
1355,109,21.8,1074,1010,1139.9602,0,0.0,2.avi
1298,110,22.0,1225,501,904.5547,0,13.189559992579415,2.avi
1310,110,22.0,169,399,1475.5259,0,8.207831146317817,2.avi
1313,110,22.0,673,153,3433.4536,0,21.2655044541036,2.avi
1323,110,22.0,641,784,1139.1387,0,11.097041627647531,2.avi
1332,110,22.0,662,26,967.3799,0,10.079891741943309,2.avi
1341,110,22.0,418,1016,544.44904,0,27.723864645796365,2.avi
1356,110,22.0,256,711,1515.6494,0,0.0,2.avi
1357,110,22.0,507,965,1183.9257,0,0.0,2.avi
1358,110,22.0,889,537,2129.9739,0,0.0,2.avi
1359,110,22.0,166,224,1226.2283,0,0.0,2.avi
1360,110,22.0,105,569,7484.47,0,0.0,2.avi
1361,110,22.0,1076,589,1740.4335,0,0.0,2.avi
1296,111,22.2,1229,880,1313.2646,0,10.692394898000408,2.avi
1326,111,22.2,563,879,1505.0085,0,111.54365649685104,2.avi
1339,111,22.2,220,277,4246.2935,0,6.152655622055673,2.avi
1347,111,22.2,947,770,2731.2524,0,52.52448275863838,2.avi
1356,111,22.2,289,694,2147.9065,0,147.08421269803227,2.avi
1362,111,22.2,106,882,2274.9746,0,0.0,2.avi
1363,111,22.2,786,887,1103.4607,0,0.0,2.avi
1364,111,22.2,1085,973,690.12634,0,0.0,2.avi
1365,111,22.2,629,648,2467.2188,0,0.0,2.avi
1366,111,22.2,211,625,1667.5934,0,0.0,2.avi
1342,112,22.4,735,599,1730.9917,0,22.31078137529414,2.avi
1363,112,22.4,822,892,2659.0962,0,143.93030811385765,2.avi
1365,112,22.4,614,638,1220.0577,0,72.43612824952235,2.avi
1367,112,22.4,29,483,4637.1626,0,0.0,2.avi
1368,112,22.4,302,369,2581.2468,0,0.0,2.avi
1369,112,22.4,1197,552,1525.5077,0,0.0,2.avi
1370,112,22.4,378,684,3042.8127,0,0.0,2.avi
1371,112,22.4,979,565,1437.4794,0,0.0,2.avi
1372,112,22.4,726,38,9735.435,0,0.0,2.avi
1359,113,22.6,190,197,877.37164,0,30.391966551366416,2.avi
1366,113,22.6,200,603,1118.198,0,40.467587157521045,2.avi
1373,113,22.6,261,107,15472.863,0,0.0,2.avi
1374,113,22.6,1206,120,5872.78,0,0.0,2.avi
1375,113,22.6,306,1010,1467.5035,0,0.0,2.avi
1376,113,22.6,1262,737,1964.2588,0,0.0,2.avi
1377,113,22.6,927,1001,1880.5634,0,0.0,2.avi
1378,113,22.6,556,638,1699.2417,0,0.0,2.avi
1379,113,22.6,523,237,1544.9077,0,0.0,2.avi
1380,113,22.6,232,687,1453.7402,0,0.0,2.avi
1381,113,22.6,366,768,1802.6174,0,0.0,2.avi
1382,113,22.6,309,560,885.5392,0,0.0,2.avi
1383,113,22.6,1041,747,1223.2493,0,0.0,2.avi
1384,113,22.6,720,692,693.47217,0,0.0,2.avi
1385,113,22.6,1074,413,652.1039,0,0.0,2.avi
1386,113,22.6,213,937,1206.2549,0,0.0,2.avi
1387,113,22.6,193,767,1170.8282,0,0.0,2.avi
1388,113,22.6,844,601,1613.1538,0,0.0,2.avi
1345,114,22.8,1267,600,994.1418,0,7.841803685395548,2.avi
1383,114,22.8,1053,773,3930.241,0,112.50953084627986,2.avi
1389,114,22.8,863,427,2337.772,0,0.0,2.avi
1390,114,22.8,1118,690,3588.808,0,0.0,2.avi
1391,114,22.8,450,316,3952.1838,0,0.0,2.avi
1392,114,22.8,1248,438,2014.3187,0,0.0,2.avi
1393,114,22.8,1246,37,4869.7285,0,0.0,2.avi
1394,114,22.8,72,626,1691.1844,0,0.0,2.avi
1352,115,23.0,978,90,6224.2153,0,8.210646198596987,2.avi
1373,115,23.0,284,149,2816.376,0,78.68207636193264,2.avi
1395,115,23.0,572,845,1954.0465,0,0.0,2.avi
1396,115,23.0,659,408,880.3632,0,0.0,2.avi
1397,115,23.0,418,549,2245.1946,0,0.0,2.avi
1398,115,23.0,1257,967,1096.2646,0,0.0,2.avi
1363,116,23.2,1075,936,1826.6064,0,127.40131367675336,2.avi
1399,116,23.2,1042,685,2501.176,0,0.0,2.avi
1400,116,23.2,227,837,705.4828,0,0.0,2.avi
1401,116,23.2,176,189,2933.8364,0,0.0,2.avi
1402,116,23.2,992,150,21553.93,0,0.0,2.avi
1296,117,23.4,1238,879,474.54874,0,2.0791960516046344,2.avi
1403,117,23.4,806,177,20061.121,0,0.0,2.avi
1404,117,23.4,1256,256,1637.2642,0,0.0,2.avi
1405,117,23.4,1115,14,1713.3788,0,0.0,2.avi
1406,117,23.4,1264,317,1380.3833,0,0.0,2.avi
1407,117,23.4,1079,775,3556.1152,0,0.0,2.avi
1408,117,23.4,380,922,2803.825,0,0.0,2.avi
1409,117,23.4,1059,58,944.9179,0,0.0,2.avi
1372,118,23.6,685,38,877.0762,0,9.975683019672609,2.avi
1376,118,23.6,1260,741,2913.1008,0,1.5402381395782043,2.avi
1386,118,23.6,255,949,2709.4736,0,14.92451506422717,2.avi
1389,118,23.6,866,401,2119.3315,0,13.413755934360871,2.avi
1397,118,23.6,373,568,2183.0986,0,41.13249124399712,2.avi
1404,118,23.6,1268,214,1171.8655,0,174.81699694787974,2.avi
1408,118,23.6,388,905,935.0569,0,75.29103687939886,2.avi
1410,118,23.6,624,187,26634.99,0,0.0,2.avi
1359,119,23.8,275,109,957.1449,0,28.827308804502653,2.avi
1400,119,23.8,235,852,3563.8276,0,13.855048604251516,2.avi
1410,119,23.8,669,185,3209.8828,0,179.37756422383208,2.avi
1411,119,23.8,57,511,2838.9102,0,0.0,2.avi
1412,119,23.8,591,341,1675.3685,0,0.0,2.avi
1413,119,23.8,310,674,1641.7958,0,0.0,2.avi
1414,119,23.8,1198,660,2028.872,0,0.0,2.avi
1415,119,23.8,815,855,3299.444,0,0.0,2.avi
1416,119,23.8,450,197,16896.797,0,0.0,2.avi
1417,120,24.0,278,213,20222.705,0,0.0,2.avi
1418,120,24.0,1244,837,4285.754,0,0.0,2.avi
1419,120,24.0,991,525,1877.497,0,0.0,2.avi
1420,120,24.0,1225,340,930.00635,0,0.0,2.avi
1421,120,24.0,305,9,1312.3812,0,0.0,2.avi
1422,120,24.0,1079,497,1515.1726,0,0.0,2.avi
1423,120,24.0,196,240,2087.4382,0,0.0,2.avi
1424,121,24.2,860,701,1977.012,0,0.0,2.avi
1425,121,24.2,758,566,1778.2316,0,0.0,2.avi
1426,121,24.2,219,318,4127.3984,0,0.0,2.avi
1427,121,24.2,601,48,1235.2931,0,0.0,2.avi
1428,121,24.2,1272,414,701.0599,0,0.0,2.avi
1429,121,24.2,416,74,4111.4307,0,0.0,2.avi
1430,121,24.2,93,220,23558.857,0,0.0,2.avi
1431,121,24.2,270,146,480.57376,0,0.0,2.avi
1399,122,24.4,1051,669,995.37036,0,4.359205892147311,2.avi
1407,122,24.4,1077,771,1064.6213,0,1.3362710993557825,2.avi
1409,122,24.4,1021,39,2611.6523,0,14.552271316322658,2.avi
1417,122,24.4,298,201,3004.254,0,36.57751761563208,2.avi
1432,122,24.4,646,271,3546.2185,0,0.0,2.avi
1433,122,24.4,452,517,1090.5624,0,0.0,2.avi
1434,122,24.4,922,992,1298.3191,0,0.0,2.avi
1435,122,24.4,962,930,1132.9391,0,0.0,2.avi
1403,123,24.6,840,149,2135.3848,0,10.672985192299253,2.avi
1421,123,24.6,331,11,1077.3204,0,22.463896544215537,2.avi
1436,123,24.6,699,998,943.33026,0,0.0,2.avi
1437,123,24.6,477,992,4374.3696,0,0.0,2.avi
1438,123,24.6,915,854,3100.1218,0,0.0,2.avi
1439,123,24.6,356,316,3234.2961,0,0.0,2.avi
1359,124,24.8,317,58,1075.5126,0,20.75850199974549,2.avi
1415,124,24.8,859,868,890.8721,0,15.647800259272916,2.avi
1419,124,24.8,964,486,1818.7942,0,24.27582111325292,2.avi
1422,124,24.8,1052,524,782.7838,0,19.574288518260214,2.avi
1425,124,24.8,745,525,2443.5679,0,36.15540087864208,2.avi
1427,124,24.8,616,45,978.7344,0,13.5039808267394,2.avi
1430,124,24.8,53,199,1486.0039,0,38.23307076596533,2.avi
1440,124,24.8,443,868,950.65326,0,0.0,2.avi
1441,124,24.8,386,16,1165.5156,0,0.0,2.avi
1442,124,24.8,282,227,2273.5847,0,0.0,2.avi
1443,124,24.8,314,776,1149.7229,0,0.0,2.avi
1444,124,24.8,440,947,3339.7827,0,0.0,2.avi
1411,125,25.0,48,477,622.33276,0,8.667029984512654,2.avi
1418,125,25.0,1239,880,958.6787,0,15.155183294453304,2.avi
1419,125,25.0,967,497,1036.3416,0,41.92055008621965,2.avi
1427,125,25.0,609,21,1280.2924,0,102.45689833107872,2.avi
1445,125,25.0,147,662,2283.9321,0,0.0,2.avi
1446,125,25.0,795,49,1102.2874,0,0.0,2.avi
1447,125,25.0,423,824,1313.0907,0,0.0,2.avi
1448,125,25.0,166,195,950.35516,0,0.0,2.avi
1449,125,25.0,894,472,867.42474,0,0.0,2.avi
1415,126,25.2,847,871,1231.7327,0,22.568432986817424,2.avi
1450,126,25.2,45,551,7029.5044,0,0.0,2.avi
1451,126,25.2,807,88,1479.4288,0,0.0,2.avi
1452,126,25.2,669,504,1486.4397,0,0.0,2.avi
1453,126,25.2,782,338,3010.7183,0,0.0,2.avi
1454,126,25.2,1141,49,794.8849,0,0.0,2.avi
1409,127,25.4,966,21,3065.7563,0,20.185675287599526,2.avi
1442,127,25.4,297,200,1453.7385,0,26.15353601884576,2.avi
1449,127,25.4,893,475,1073.075,0,6.747663588065508,2.avi
1455,127,25.4,299,460,3354.2266,0,0.0,2.avi
1456,127,25.4,1082,184,2009.6852,0,0.0,2.avi
1432,128,25.6,633,291,2053.3882,0,5.785810331862691,2.avi
1457,128,25.6,526,596,4837.6123,0,0.0,2.avi
1458,128,25.6,622,96,5462.0054,0,0.0,2.avi
1459,128,25.6,976,728,5060.391,0,0.0,2.avi
1460,128,25.6,720,329,1613.739,0,0.0,2.avi
1461,128,25.6,1032,624,1631.4564,0,0.0,2.avi
1462,128,25.6,559,665,1688.9403,0,0.0,2.avi
1463,128,25.6,358,211,1098.2355,0,0.0,2.avi
1445,129,25.8,146,641,4648.574,0,10.894218213277886,2.avi
1461,129,25.8,1011,603,2089.0315,0,118.25170122983432,2.avi
1464,129,25.8,441,390,2121.697,0,0.0,2.avi
1465,129,25.8,902,185,1777.8215,0,0.0,2.avi
1466,129,25.8,120,775,1742.9144,0,0.0,2.avi
1467,129,25.8,357,589,758.521,0,0.0,2.avi
1468,129,25.8,380,455,3075.9124,0,0.0,2.avi
1469,129,25.8,379,922,5249.9824,0,0.0,2.avi
1444,130,26.0,455,905,2236.316,0,10.987418522277714,2.avi
1449,130,26.0,855,471,1887.9823,0,36.288799279185305,2.avi
1470,130,26.0,419,1003,1916.3756,0,0.0,2.avi
1471,130,26.0,360,359,1696.8328,0,0.0,2.avi
1472,130,26.0,495,699,2570.4414,0,0.0,2.avi
1473,130,26.0,374,856,2051.996,0,0.0,2.avi
1474,130,26.0,1057,883,2569.4292,0,0.0,2.avi
1475,130,26.0,1250,312,4334.642,0,0.0,2.avi
1460,131,26.2,710,305,582.70886,0,22.021986638534965,2.avi
1467,131,26.2,360,618,2059.2427,0,47.74793434668143,2.avi
1471,131,26.2,360,331,1714.3241,0,114.4744487388452,2.avi
1476,131,26.2,1205,696,772.6116,0,0.0,2.avi
1477,131,26.2,1201,595,1201.968,0,0.0,2.avi
1409,132,26.4,917,5,478.7517,0,16.540188022638038,2.avi
1478,132,26.4,1184,435,1327.5083,0,0.0,2.avi
1479,132,26.4,981,452,1564.9434,0,0.0,2.avi
1480,132,26.4,9,218,628.07166,0,0.0,2.avi
1481,132,26.4,787,652,1416.615,0,0.0,2.avi
1482,132,26.4,191,583,5100.741,0,0.0,2.avi
1483,133,26.6,464,60,3405.142,0,0.0,2.avi
1484,133,26.6,821,229,790.60364,0,0.0,2.avi
1485,133,26.6,700,396,2598.5396,0,0.0,2.avi
1486,133,26.6,1223,127,1535.1649,0,0.0,2.avi
1487,134,26.8,90,457,2827.6858,0,0.0,2.avi
1488,134,26.8,982,60,894.08075,0,0.0,2.avi
1489,134,26.8,397,272,756.8216,0,0.0,2.avi
1490,134,26.8,587,7,576.903,0,0.0,2.avi
1449,135,27.0,730,458,1989.5399,0,42.87912527985645,2.avi
1477,135,27.0,1244,570,5863.634,0,25.40102311123818,2.avi
1491,135,27.0,309,632,2002.486,0,0.0,2.avi
1492,135,27.0,495,14,1299.9982,0,0.0,2.avi
1493,135,27.0,673,912,1468.408,0,0.0,2.avi
1494,135,27.0,1086,14,789.79736,0,0.0,2.avi
1495,135,27.0,1119,949,819.62115,0,0.0,2.avi
1496,135,27.0,1227,742,1198.6495,0,0.0,2.avi
1497,135,27.0,940,224,2839.7131,0,0.0,2.avi
1498,136,27.2,1128,331,1247.2604,0,0.0,2.avi
1499,136,27.2,459,293,2963.0652,0,0.0,2.avi
1500,136,27.2,294,169,1565.7358,0,0.0,2.avi
1501,136,27.2,1132,671,594.97974,0,0.0,2.avi
1502,136,27.2,747,701,5750.687,0,0.0,2.avi
1503,137,27.4,286,808,7620.4033,0,0.0,2.avi
1504,137,27.4,1066,249,2320.6873,0,0.0,2.avi
1505,137,27.4,17,645,1435.1257,0,0.0,2.avi
1506,137,27.4,644,450,1241.8435,0,0.0,2.avi
1507,137,27.4,174,755,877.0009,0,0.0,2.avi
1506,138,27.6,611,478,1169.0347,0,173.32376901697586,2.avi
1508,138,27.6,789,578,1638.7301,0,0.0,2.avi
1509,138,27.6,840,898,2239.7156,0,0.0,2.avi
1510,138,27.6,1104,733,1237.3788,0,0.0,2.avi
1511,138,27.6,1139,999,2365.3752,0,0.0,2.avi
1507,139,27.8,181,770,507.9885,0,26.397068716363304,2.avi
1512,139,27.8,808,179,1358.0371,0,0.0,2.avi
1513,139,27.8,673,873,1307.6732,0,0.0,2.avi
1514,139,27.8,381,1012,1092.2671,0,0.0,2.avi
1502,140,28.0,719,707,534.1382,0,14.512106741112046,2.avi
1515,140,28.0,692,815,2792.749,0,0.0,2.avi
1516,140,28.0,192,921,1582.2295,0,0.0,2.avi
1517,140,28.0,57,671,1598.3541,0,0.0,2.avi
1518,140,28.0,597,1017,549.12445,0,0.0,2.avi
1519,141,28.2,15,571,996.1419,0,0.0,2.avi
1520,141,28.2,331,182,858.1668,0,0.0,2.avi
1521,141,28.2,887,46,2306.2334,0,0.0,2.avi
1522,141,28.2,704,382,1311.7882,0,0.0,2.avi
1523,141,28.2,738,206,398.9306,0,0.0,2.avi
1524,141,28.2,629,173,474.17145,0,0.0,2.avi
1525,141,28.2,774,89,456.3679,0,0.0,2.avi
1520,142,28.4,342,177,491.09546,0,50.01846826891793,2.avi
1526,142,28.4,916,812,4745.3306,0,0.0,2.avi
1527,142,28.4,1176,722,1399.5104,0,0.0,2.avi
1528,142,28.4,775,298,1547.9093,0,0.0,2.avi
1529,142,28.4,724,653,931.25653,0,0.0,2.avi
1530,142,28.4,818,939,1177.3807,0,0.0,2.avi
1531,142,28.4,500,480,685.36383,0,0.0,2.avi
1532,142,28.4,626,16,1663.3926,0,0.0,2.avi
1533,143,28.6,385,915,4719.746,0,0.0,2.avi
1534,143,28.6,940,595,2734.9941,0,0.0,2.avi
1535,143,28.6,281,651,2410.7522,0,0.0,2.avi
1536,143,28.6,1059,727,1549.3512,0,0.0,2.avi
1537,143,28.6,176,456,1713.1831,0,0.0,2.avi
1538,143,28.6,895,438,1530.7886,0,0.0,2.avi
1539,143,28.6,473,722,2683.4766,0,0.0,2.avi
1512,144,28.8,820,150,667.8202,0,10.689965393181676,2.avi
1515,144,28.8,696,789,1154.4723,0,13.57266627812903,2.avi
1539,144,28.8,507,724,2712.7126,0,135.02214083484606,2.avi
1540,144,28.8,76,782,1751.472,0,0.0,2.avi
1541,144,28.8,644,762,901.4332,0,0.0,2.avi
1542,144,28.8,816,1016,384.6537,0,0.0,2.avi
1516,145,29.0,191,948,2285.1,0,9.32132952657862,2.avi
1525,145,29.0,751,78,687.76825,0,12.99407002108618,2.avi
1529,146,29.2,726,677,1420.4524,0,12.72240498581329,2.avi
1543,146,29.2,1070,897,1517.1628,0,0.0,2.avi
1544,146,29.2,457,207,1634.1432,0,0.0,2.avi
1519,147,29.4,4,541,223.61389,0,8.026094793349749,2.avi
1545,147,29.4,154,774,1321.6462,0,0.0,2.avi
1546,147,29.4,866,4,215.02214,0,0.0,2.avi
1547,147,29.4,661,79,837.5141,0,0.0,2.avi
1548,147,29.4,49,723,1779.5481,0,0.0,2.avi
1519,148,29.6,24,557,1761.5549,0,109.83868676097234,2.avi
1529,148,29.6,711,661,1136.0771,0,41.00247557074679,2.avi
1544,148,29.6,437,197,2136.8762,0,36.16819635721935,2.avi
1549,149,29.8,919,376,1259.3461,0,0.0,2.avi
1550,149,29.8,422,37,960.93646,0,0.0,2.avi
1551,149,29.8,950,40,747.0274,0,0.0,2.avi
1552,149,29.8,325,837,949.1165,0,0.0,2.avi
1553,149,29.8,1129,399,1005.16046,0,0.0,2.avi
1554,149,29.8,889,542,2183.1924,0,0.0,2.avi
1541,150,30.0,683,741,2322.9802,0,10.935509375214773,2.avi
1555,150,30.0,1059,114,1539.7375,0,0.0,2.avi
1556,150,30.0,651,286,1127.879,0,0.0,2.avi
1557,150,30.0,118,526,1497.8252,0,0.0,2.avi
1558,150,30.0,463,662,2219.2705,0,0.0,2.avi
1559,150,30.0,462,349,701.59436,0,0.0,2.avi
1545,151,30.2,168,757,476.1952,0,11.367976776722134,2.avi
1560,151,30.2,1228,780,996.0049,0,0.0,2.avi
1561,151,30.2,1241,893,1197.9006,0,0.0,2.avi
1562,151,30.2,1139,907,1169.8414,0,0.0,2.avi
1563,151,30.2,533,916,2001.8075,0,0.0,2.avi
1564,152,30.4,1133,269,2048.1204,0,0.0,2.avi
1565,152,30.4,934,242,2108.904,0,0.0,2.avi
1566,152,30.4,402,721,1292.171,0,0.0,2.avi
1567,152,30.4,637,1016,380.64035,0,0.0,2.avi
1568,152,30.4,822,891,1098.2075,0,0.0,2.avi
1569,152,30.4,131,1006,1635.56,0,0.0,2.avi
1570,152,30.4,758,729,788.4408,0,0.0,2.avi
1554,153,30.6,858,576,1270.1866,0,23.46961601681124,2.avi
1571,153,30.6,153,865,3339.8137,0,0.0,2.avi
1572,153,30.6,834,667,2284.187,0,0.0,2.avi
1573,153,30.6,714,1017,364.8452,0,0.0,2.avi
1574,154,30.8,510,62,2227.0994,0,0.0,2.avi
1575,154,30.8,25,853,1133.2565,0,0.0,2.avi
1557,155,31.0,129,553,671.2882,0,10.281933422621767,2.avi
1576,155,31.0,284,238,1551.6237,0,0.0,2.avi
1577,155,31.0,144,309,899.31934,0,0.0,2.avi
1545,156,31.2,221,742,2789.3599,0,20.193965289929054,2.avi
1578,156,31.2,755,645,1689.5764,0,0.0,2.avi
1579,156,31.2,540,621,1469.7009,0,0.0,2.avi
1580,156,31.2,817,59,1317.7484,0,0.0,2.avi
1581,156,31.2,874,9,702.27704,0,0.0,2.avi
1582,0,0.0,809,422,5213.192,0,0.0,3.avi
1583,0,0.0,87,471,29312.889,0,0.0,3.avi
1584,0,0.0,364,270,3188.183,0,0.0,3.avi
1585,0,0.0,804,197,4770.619,0,0.0,3.avi
1586,0,0.0,1104,902,1401.6113,0,0.0,3.avi
1587,0,0.0,303,147,2645.8457,0,0.0,3.avi
1588,1,0.2,372,475,5358.2544,0,0.0,3.avi
1589,1,0.2,688,690,3014.7683,0,0.0,3.avi
1590,1,0.2,999,354,1336.1292,0,0.0,3.avi
1591,1,0.2,260,395,4387.121,0,0.0,3.avi
1588,2,0.4,371,445,2639.361,0,120.31717117555374,3.avi
1590,2,0.4,1041,350,2455.8208,0,165.86156454631072,3.avi
1592,2,0.4,781,541,8086.474,0,0.0,3.avi
1593,2,0.4,927,974,9870.315,0,0.0,3.avi
1594,2,0.4,241,574,1058.9795,0,0.0,3.avi
1595,3,0.6,466,8,1024.9626,0,0.0,3.avi
1596,3,0.6,154,283,1229.1466,0,0.0,3.avi
1597,3,0.6,657,895,5659.406,0,0.0,3.avi
1589,4,0.8,651,714,1261.2433,0,37.089157321518,3.avi
1598,4,0.8,441,465,3650.1306,0,0.0,3.avi
1599,4,0.8,1110,607,54372.78,0,0.0,3.avi
1600,4,0.8,896,74,4873.4326,0,0.0,3.avi
1601,4,0.8,1160,635,589.01624,0,0.0,3.avi
1602,4,0.8,505,453,1249.8654,0,0.0,3.avi
1603,4,0.8,841,968,1117.5854,0,0.0,3.avi
1604,4,0.8,355,694,2165.3162,0,0.0,3.avi
1591,5,1.0,297,374,1028.3511,0,21.7876513582576,3.avi
1605,5,1.0,436,840,1749.2367,0,0.0,3.avi
1606,5,1.0,538,572,2313.9927,0,0.0,3.avi
1607,5,1.0,924,266,1523.5702,0,0.0,3.avi
1608,5,1.0,947,160,1114.7281,0,0.0,3.avi
1609,5,1.0,821,66,3144.4697,0,0.0,3.avi
1610,5,1.0,393,206,1480.8605,0,0.0,3.avi
1611,5,1.0,231,42,1355.4026,0,0.0,3.avi
1612,5,1.0,866,710,59981.25,0,0.0,3.avi
1613,6,1.2,1245,117,6607.905,0,0.0,3.avi
1614,6,1.2,995,547,2496.1655,0,0.0,3.avi
1615,6,1.2,969,229,2646.943,0,0.0,3.avi
1588,7,1.4,340,110,1112.2871,0,111.49222664187177,3.avi
1604,7,1.4,309,684,9372.838,0,39.43382262966019,3.avi
1616,7,1.4,699,84,4581.947,0,0.0,3.avi
1617,7,1.4,380,396,2714.532,0,0.0,3.avi
1618,7,1.4,1161,452,4454.0947,0,0.0,3.avi
1603,8,1.6,851,932,1694.0708,0,18.6525879401555,3.avi
1604,8,1.6,295,694,5261.4707,0,75.30685274470379,3.avi
1619,8,1.6,1237,40,2899.5857,0,0.0,3.avi
1620,8,1.6,1210,368,1842.446,0,0.0,3.avi
1621,8,1.6,693,30,2239.6423,0,0.0,3.avi
1598,9,1.8,428,484,8164.661,0,8.007279898446807,3.avi
1599,9,1.8,1079,633,6834.617,0,13.67029790010936,3.avi
1622,9,1.8,1084,133,1643.8297,0,0.0,3.avi
1623,9,1.8,1048,707,2271.8984,0,0.0,3.avi
1612,10,2.0,886,712,2128.6836,0,6.8752757624027,3.avi
1624,10,2.0,407,347,1565.2185,0,0.0,3.avi
1625,10,2.0,458,992,5964.536,0,0.0,3.avi
1626,10,2.0,1087,786,1811.4532,0,0.0,3.avi
1627,10,2.0,462,450,1576.0468,0,0.0,3.avi
1628,10,2.0,1236,746,2979.6335,0,0.0,3.avi
1629,10,2.0,910,423,3602.4124,0,0.0,3.avi
1630,10,2.0,751,817,3301.134,0,0.0,3.avi
1599,11,2.2,1093,645,1772.4294,0,33.65435848038947,3.avi
1631,11,2.2,303,73,3356.0808,0,0.0,3.avi
1632,11,2.2,1206,800,2932.6655,0,0.0,3.avi
1633,11,2.2,845,434,2521.0513,0,0.0,3.avi
1634,0,0.0,677,252,6588.861,0,0.0,4.avi
1635,0,0.0,522,496,7207.611,0,0.0,4.avi
1636,0,0.0,305,107,3979.2432,0,0.0,4.avi
1637,0,0.0,844,745,3264.3943,0,0.0,4.avi
1638,0,0.0,803,497,3836.6902,0,0.0,4.avi
1639,0,0.0,1077,214,5328.219,0,0.0,4.avi
1640,1,0.2,562,296,5095.808,0,0.0,4.avi
1641,1,0.2,975,778,12093.435,0,0.0,4.avi
1642,1,0.2,830,168,1796.9933,0,0.0,4.avi
1643,1,0.2,248,630,2322.2642,0,0.0,4.avi
1644,1,0.2,397,318,3850.393,0,0.0,4.avi
1645,1,0.2,411,536,1717.8197,0,0.0,4.avi
1646,1,0.2,972,233,2324.4792,0,0.0,4.avi
1647,2,0.4,403,825,11755.415,0,0.0,4.avi
1648,2,0.4,45,379,5069.824,0,0.0,4.avi
1649,2,0.4,674,690,7514.108,0,0.0,4.avi
1650,2,0.4,813,29,1965.573,0,0.0,4.avi
1647,3,0.6,422,856,2537.878,0,145.9159713777933,4.avi
1651,3,0.6,1230,932,1340.522,0,0.0,4.avi
1652,3,0.6,759,653,3448.3914,0,0.0,4.avi
1653,3,0.6,331,719,3044.241,0,0.0,4.avi
1654,3,0.6,236,500,3620.3071,0,0.0,4.avi
1655,3,0.6,1003,834,9893.308,0,0.0,4.avi
1635,4,0.8,557,538,14419.421,0,28.288999930889105,4.avi
1656,4,0.8,203,199,3218.3608,0,0.0,4.avi
1657,4,0.8,1081,1001,2274.8357,0,0.0,4.avi
1658,4,0.8,1258,850,5530.118,0,0.0,4.avi
1659,4,0.8,778,546,5504.4106,0,0.0,4.avi
1660,4,0.8,553,1016,615.5977,0,0.0,4.avi
1661,4,0.8,1135,121,2671.1646,0,0.0,4.avi
1638,5,1.0,773,494,1633.8052,0,10.527476010880669,4.avi
1662,5,1.0,754,951,24956.404,0,0.0,4.avi
1663,5,1.0,262,388,5748.341,0,0.0,4.avi
1664,5,1.0,419,924,2595.8064,0,0.0,4.avi
1665,5,1.0,977,142,2897.4607,0,0.0,4.avi
1666,5,1.0,764,382,2483.711,0,0.0,4.avi
1667,5,1.0,382,580,5512.45,0,0.0,4.avi
1636,6,1.2,293,106,2985.9443,0,3.0554454282701107,4.avi
1637,6,1.2,828,790,3082.216,0,11.828758394120849,4.avi
1652,6,1.2,737,681,5852.291,0,29.511354491878414,4.avi
1662,6,1.2,730,989,7004.508,0,178.99798139574088,4.avi
1668,6,1.2,397,182,3109.3784,0,0.0,4.avi
1669,6,1.2,334,492,2132.1511,0,0.0,4.avi
1670,6,1.2,1063,892,2733.4849,0,0.0,4.avi
1636,7,1.4,317,93,2376.1191,0,117.32932667682662,4.avi
1652,7,1.4,747,652,3518.5151,0,119.5221238346169,4.avi
1653,7,1.4,364,745,4573.5225,0,21.579604289445683,4.avi
1660,7,1.4,531,1007,2827.6675,0,20.17111325173832,4.avi
1671,7,1.4,991,376,5549.1445,0,0.0,4.avi
1672,7,1.4,502,771,4462.7935,0,0.0,4.avi
1673,7,1.4,897,178,2985.886,0,0.0,4.avi
1674,7,1.4,967,451,2586.1064,0,0.0,4.avi
1675,7,1.4,1183,863,2658.7075,0,0.0,4.avi
1676,7,1.4,767,71,3437.5928,0,0.0,4.avi
1635,8,1.6,570,550,3632.2695,0,5.094357132565031,4.avi
1677,8,1.6,963,584,5051.341,0,0.0,4.avi
1678,8,1.6,424,461,3227.2551,0,0.0,4.avi
1679,8,1.6,767,228,4616.162,0,0.0,4.avi
1680,8,1.6,995,711,1586.192,0,0.0,4.avi
1681,8,1.6,1123,655,6359.1216,0,0.0,4.avi
1682,8,1.6,193,420,2659.9663,0,0.0,4.avi
1683,8,1.6,445,309,2623.3115,0,0.0,4.avi
1684,8,1.6,936,408,3573.4976,0,0.0,4.avi
1653,9,1.8,397,764,5387.6973,0,65.64002432181718,4.avi
1664,9,1.8,395,961,20739.594,0,22.712505589570032,4.avi
1667,9,1.8,402,580,2887.343,0,10.044002234965706,4.avi
1673,9,1.8,854,174,2251.282,0,70.41756733275085,4.avi
1685,9,1.8,1085,256,6129.387,0,0.0,4.avi
1686,9,1.8,677,805,12675.198,0,0.0,4.avi
1687,9,1.8,719,927,1583.5955,0,0.0,4.avi
1688,9,1.8,466,135,2890.8687,0,0.0,4.avi
1689,9,1.8,358,598,3281.8481,0,0.0,4.avi
1690,9,1.8,529,420,2240.3882,0,0.0,4.avi
1691,9,1.8,559,743,2150.7134,0,0.0,4.avi
1653,10,2.0,421,746,15080.2705,0,120.76479108426015,4.avi
1666,10,2.0,726,408,6540.29,0,15.750622933799615,4.avi
1668,10,2.0,404,185,6590.4727,0,4.1086471551244825,4.avi
1672,10,2.0,526,789,11318.415,0,25.10216308027246,4.avi
1692,10,2.0,665,595,9724.28,0,0.0,4.avi
1693,10,2.0,838,468,2975.892,0,0.0,4.avi
1694,10,2.0,1214,1002,4061.4578,0,0.0,4.avi
1695,10,2.0,1139,423,2997.7666,0,0.0,4.avi
1696,10,2.0,200,12,1761.4146,0,0.0,4.avi
1697,10,2.0,571,376,15356.714,0,0.0,4.avi
1663,11,2.2,299,378,3348.7896,0,9.421597250518436,4.avi
1676,11,2.2,790,114,2365.9336,0,25.088206209697667,4.avi
1682,11,2.2,172,452,18786.02,0,31.63292537489123,4.avi
1692,11,2.2,658,617,3461.2104,0,93.25795877564552,4.avi
1693,11,2.2,810,469,1023.6836,0,110.38907133549272,4.avi
1698,11,2.2,887,805,4657.421,0,0.0,4.avi
1699,11,2.2,650,68,4316.365,0,0.0,4.avi
1700,11,2.2,1247,702,1623.8687,0,0.0,4.avi
1701,11,2.2,332,250,4498.3965,0,0.0,4.avi
1702,11,2.2,698,163,5148.993,0,0.0,4.avi
1664,12,2.4,385,969,6737.164,0,8.736102156911633,4.avi
1682,12,2.4,147,482,7957.919,0,167.86096250878285,4.avi
1687,12,2.4,681,902,1728.4824,0,38.1531818227933,4.avi
1680,13,2.6,1011,706,4330.6016,0,5.948873127887266,4.avi
1685,13,2.6,1097,224,1185.4951,0,17.428857555318814,4.avi
1703,13,2.6,894,987,6493.4014,0,0.0,4.avi
1704,13,2.6,364,33,7508.361,0,0.0,4.avi
1705,13,2.6,711,547,1531.9213,0,0.0,4.avi
1706,13,2.6,568,485,1135.6854,0,0.0,4.avi
1707,13,2.6,485,498,5160.8633,0,0.0,4.avi
1668,14,2.8,398,183,2051.1519,0,4.563409166024096,4.avi
1683,14,2.8,470,309,2644.3987,0,6.363417931312911,4.avi
1694,14,2.8,1221,978,3155.024,0,12.640710705441837,4.avi
1701,14,2.8,350,260,5272.6143,0,17.899503119194748,4.avi
1708,14,2.8,1131,839,2627.058,0,0.0,4.avi
1709,14,2.8,260,417,7846.2476,0,0.0,4.avi
1666,15,3.0,703,422,2482.96,0,7.987206720212407,4.avi
1704,15,3.0,310,30,5015.823,0,88.57692741517116,4.avi
1710,15,3.0,828,305,4637.538,0,0.0,4.avi
1711,15,3.0,403,503,2950.495,0,0.0,4.avi
1712,15,3.0,385,420,5025.658,0,0.0,4.avi
1713,15,3.0,1123,582,3200.9338,0,0.0,4.avi
1714,15,3.0,1173,316,1799.8229,0,0.0,4.avi
1715,15,3.0,952,634,48896.594,0,0.0,4.avi
1716,15,3.0,655,324,4028.1914,0,0.0,4.avi
1666,16,3.2,712,432,7124.661,0,55.12202815827126,4.avi
1697,16,3.2,583,425,2031.0693,0,12.207111249737858,4.avi
1700,16,3.2,1268,715,979.4091,0,8.455682899874065,4.avi
1717,16,3.2,655,1006,3462.2024,0,0.0,4.avi
1718,16,3.2,244,541,8703.506,0,0.0,4.avi
1719,16,3.2,435,129,5542.5513,0,0.0,4.avi
1720,16,3.2,566,29,2678.0586,0,0.0,4.avi
1721,16,3.2,812,823,2958.1868,0,0.0,4.avi
1722,16,3.2,654,789,5620.425,0,0.0,4.avi
1723,16,3.2,1104,991,4443.4253,0,0.0,4.avi
1724,16,3.2,468,900,2301.5051,0,0.0,4.avi
1725,16,3.2,977,22,3688.133,0,0.0,4.avi
1726,16,3.2,492,684,45620.875,0,0.0,4.avi
1727,16,3.2,674,23,3255.1511,0,0.0,4.avi
1728,17,3.4,424,43,6625.245,0,0.0,4.avi
1729,17,3.4,262,677,1926.9635,0,0.0,4.avi
1730,17,3.4,187,227,2638.828,0,0.0,4.avi
1731,17,3.4,219,282,4323.1133,0,0.0,4.avi
1732,17,3.4,579,155,3499.0266,0,0.0,4.avi
1733,17,3.4,391,190,3340.347,0,0.0,4.avi
1726,18,3.6,521,718,6271.047,0,72.85948725329118,4.avi
1734,18,3.6,724,278,4224.589,0,0.0,4.avi
1735,18,3.6,410,805,2304.5317,0,0.0,4.avi
1736,18,3.6,773,645,1838.2458,0,0.0,4.avi
1737,18,3.6,448,595,1816.2057,0,0.0,4.avi
1738,18,3.6,904,310,966.91705,0,0.0,4.avi
1712,19,3.8,402,406,2689.08,0,11.261527703894616,4.avi
1714,19,3.8,1195,305,2623.2832,0,12.280312538767271,4.avi
1724,19,3.8,511,879,9582.198,0,40.08904882804654,4.avi
1739,19,3.8,1153,751,6077.491,0,0.0,4.avi
1740,19,3.8,753,693,1196.6605,0,0.0,4.avi
1741,19,3.8,177,547,1481.8854,0,0.0,4.avi
1742,19,3.8,996,374,1790.7832,0,0.0,4.avi
1697,20,4.0,595,443,2774.355,0,11.051828183109112,4.avi
1723,20,4.0,1061,1015,1087.8245,0,25.08714669306214,4.avi
1729,20,4.0,297,670,3301.458,0,29.578454130168275,4.avi
1743,20,4.0,1174,931,5079.9697,0,0.0,4.avi
1715,21,4.2,961,591,1392.0508,0,11.0033713289622,4.avi
1728,21,4.2,414,48,4910.7676,0,5.286012567477057,4.avi
1735,21,4.2,423,829,8233.3545,0,23.51684745576695,4.avi
1744,21,4.2,793,480,1907.4567,0,0.0,4.avi
1745,21,4.2,1034,255,2253.6133,0,0.0,4.avi
1746,21,4.2,1209,511,9399.951,0,0.0,4.avi
1747,0,0.0,535,752,2141.1804,0,0.0,5.avi
1748,0,0.0,1119,340,2655.626,0,0.0,5.avi
1749,1,0.2,937,692,21614.795,0,0.0,5.avi
1747,2,0.4,569,769,1134.0674,0,62.85335852390368,5.avi
1750,2,0.4,1143,201,26601.621,0,0.0,5.avi
1751,2,0.4,1073,993,5908.7534,0,0.0,5.avi
1752,2,0.4,1009,753,3041.8254,0,0.0,5.avi
1753,2,0.4,660,996,7355.531,0,0.0,5.avi
1754,2,0.4,1246,424,2895.2102,0,0.0,5.avi
1755,2,0.4,646,328,1798.7405,0,0.0,5.avi
1756,2,0.4,1001,599,3285.8223,0,0.0,5.avi
1750,3,0.6,1150,234,3382.5195,0,136.0540305126974,5.avi
1757,3,0.6,802,387,26396.982,0,0.0,5.avi
1758,3,0.6,555,192,5793.2065,0,0.0,5.avi
1759,3,0.6,1256,933,3138.6729,0,0.0,5.avi
1760,3,0.6,338,357,2391.8413,0,0.0,5.avi
1754,4,0.8,1232,401,1580.5944,0,43.5832284569922,5.avi
1756,4,0.8,970,573,3535.4663,0,67.14487746889185,5.avi
1761,4,0.8,451,555,27398.332,0,0.0,5.avi
1762,4,0.8,700,59,2040.72,0,0.0,5.avi
1763,4,0.8,1258,794,3619.6265,0,0.0,5.avi
1764,4,0.8,738,1019,515.55426,0,0.0,5.avi
1765,4,0.8,1214,987,3222.0457,0,0.0,5.avi
1766,5,1.0,818,936,7137.4785,0,0.0,5.avi
1767,5,1.0,91,767,47811.84,0,0.0,5.avi
1749,6,1.2,936,693,2052.5234,0,0.5033698368835519,5.avi
1754,6,1.2,1208,353,2257.0413,0,93.08169085204136,5.avi
1760,6,1.2,384,338,7398.2837,0,41.89448299093957,5.avi
1768,6,1.2,198,313,3677.7014,0,0.0,5.avi
1769,6,1.2,339,587,4351.3037,0,0.0,5.avi
1770,6,1.2,354,471,6788.238,0,0.0,5.avi
1753,7,1.4,695,978,2762.062,0,13.420955248972476,5.avi
1757,7,1.4,770,379,3487.6113,0,16.495322749416633,5.avi
1758,7,1.4,549,202,3315.915,0,5.823976078005278,5.avi
1762,7,1.4,688,56,2272.39,0,10.41063444316807,5.avi
1771,7,1.4,811,736,2516.7688,0,0.0,5.avi
1772,7,1.4,511,133,1872.4686,0,0.0,5.avi
1759,8,1.6,1272,905,693.9822,0,11.253272364784191,5.avi
1760,8,1.6,376,346,9307.326,0,22.642910943949435,5.avi
1773,8,1.6,274,323,9264.353,0,0.0,5.avi
1774,8,1.6,564,129,2793.6267,0,0.0,5.avi
1775,8,1.6,859,581,2887.2437,0,0.0,5.avi
1776,8,1.6,400,852,4045.5178,0,0.0,5.avi
1777,8,1.6,633,986,8548.718,0,0.0,5.avi
1754,9,1.8,1192,267,1447.017,0,69.75322713188616,5.avi
1757,9,1.8,753,350,5322.6704,0,61.20059790225705,5.avi
1762,9,1.8,654,55,4475.674,0,60.11298972105052,5.avi
1773,9,1.8,243,292,3289.6147,0,173.5616447584258,5.avi
1778,9,1.8,961,455,11891.588,0,0.0,5.avi
1779,9,1.8,1124,109,7410.7827,0,0.0,5.avi
1780,9,1.8,408,758,3247.961,0,0.0,5.avi
1781,9,1.8,1216,567,2894.6948,0,0.0,5.avi
1782,9,1.8,438,198,3334.0796,0,0.0,5.avi
1783,10,2.0,251,503,8273.082,0,0.0,5.avi
1784,10,2.0,746,670,6179.553,0,0.0,5.avi
1785,10,2.0,1105,1017,604.0122,0,0.0,5.avi
1786,10,2.0,692,663,2750.4463,0,0.0,5.avi
1749,11,2.2,921,718,11041.537,0,11.34722124273783,5.avi
1787,11,2.2,837,834,8915.777,0,0.0,5.avi
1788,11,2.2,951,1015,1116.1505,0,0.0,5.avi
1776,12,2.4,433,835,13206.447,0,18.727615218637524,5.avi
1782,12,2.4,438,190,2158.9263,0,6.4474792167739805,5.avi
1783,12,2.4,273,543,5046.0557,0,75.52697999411369,5.avi
1789,12,2.4,821,204,8212.859,0,0.0,5.avi
1790,12,2.4,1106,320,13569.298,0,0.0,5.avi
1790,13,2.6,1089,338,2694.1807,0,99.0739790273536,5.avi
1791,13,2.6,420,640,5880.646,0,0.0,5.avi
1792,13,2.6,1171,758,3235.6868,0,0.0,5.avi
1793,13,2.6,510,711,3899.3298,0,0.0,5.avi
1794,13,2.6,185,621,3458.6824,0,0.0,5.avi
1795,13,2.6,354,834,1337.7129,0,0.0,5.avi
1796,13,2.6,371,287,7877.4307,0,0.0,5.avi
1779,14,2.8,1098,120,4459.9575,0,9.76701005802865,5.avi
1783,14,2.8,328,553,4451.9395,0,95.60624305419338,5.avi
1797,14,2.8,1228,186,4565.8945,0,0.0,5.avi
1798,14,2.8,1087,420,4368.106,0,0.0,5.avi
1799,14,2.8,1213,133,1577.8071,0,0.0,5.avi
1800,14,2.8,965,279,3819.1536,0,0.0,5.avi
1801,14,2.8,912,187,9609.492,0,0.0,5.avi
1802,15,3.0,528,301,11845.872,0,0.0,5.avi
1803,15,3.0,539,418,3996.9226,0,0.0,5.avi
1804,15,3.0,661,1015,1001.24,0,0.0,5.avi
1749,16,3.2,885,700,6399.3047,0,16.069782669316425,5.avi
1793,16,3.2,497,695,6227.546,0,18.13748054950284,5.avi
1800,16,3.2,1000,250,2206.666,0,74.88781648969177,5.avi
1805,16,3.2,128,414,13820.334,0,0.0,5.avi
1806,16,3.2,650,45,3030.632,0,0.0,5.avi
1807,16,3.2,961,134,5079.6865,0,0.0,5.avi
1788,17,3.4,920,1010,2646.283,0,7.643598044406386,5.avi
1795,17,3.4,400,828,6712.4575,0,23.422260670607248,5.avi
1796,17,3.4,402,258,22623.123,0,21.585797536191187,5.avi
1808,17,3.4,827,404,4627.3994,0,0.0,5.avi
1809,17,3.4,539,809,1740.1288,0,0.0,5.avi
1810,17,3.4,855,781,2388.259,0,0.0,5.avi
1811,18,3.6,253,424,4054.6794,0,0.0,5.avi
1812,18,3.6,282,202,3776.9958,0,0.0,5.avi
1813,18,3.6,761,295,28457.576,0,0.0,5.avi
1788,19,3.8,945,1000,3681.3374,0,48.72599819799103,5.avi
1814,19,3.8,1041,885,8736.878,0,0.0,5.avi
1815,19,3.8,263,372,28999.05,0,0.0,5.avi
1816,19,3.8,841,206,2504.043,0,0.0,5.avi
1793,20,4.0,490,689,4624.437,0,2.2454075038617014,5.avi
1801,20,4.0,892,231,5478.471,0,11.792327610718573,5.avi
1808,20,4.0,837,401,7266.0195,0,8.492686996579764,5.avi
1817,20,4.0,1206,504,5498.4453,0,0.0,5.avi
1818,20,4.0,1032,765,3072.2415,0,0.0,5.avi
1819,20,4.0,1133,1011,1871.7935,0,0.0,5.avi
1820,20,4.0,1247,585,5402.599,0,0.0,5.avi
1821,20,4.0,292,541,2730.0618,0,0.0,5.avi
1822,20,4.0,925,334,4723.035,0,0.0,5.avi
1823,20,4.0,745,357,2142.8765,0,0.0,5.avi
1796,21,4.2,415,236,2275.1016,0,11.375970484656394,5.avi
1819,21,4.2,1104,1012,2313.5752,0,116.41717230637626,5.avi
1824,21,4.2,763,661,6855.5996,0,0.0,5.avi
1825,21,4.2,814,975,16306.385,0,0.0,5.avi
1826,21,4.2,601,662,4743.587,0,0.0,5.avi
1827,21,4.2,626,296,3800.3467,0,0.0,5.avi
1828,21,4.2,1264,160,1820.1377,0,0.0,5.avi
1829,21,4.2,576,278,4012.5127,0,0.0,5.avi
1830,21,4.2,239,595,10210.533,0,0.0,5.avi
1806,22,4.4,691,33,2623.9985,0,10.641929871349404,5.avi
1825,22,4.4,813,1011,2837.963,0,140.82246552619011,5.avi
1831,22,4.4,1069,332,6808.436,0,0.0,5.avi
1832,22,4.4,267,737,6733.844,0,0.0,5.avi
1833,22,4.4,253,68,8384.183,0,0.0,5.avi
1834,22,4.4,508,746,3566.6602,0,0.0,5.avi
1835,22,4.4,390,547,1449.043,0,0.0,5.avi
1836,22,4.4,698,249,3819.1692,0,0.0,5.avi
1837,0,0.0,1035,179,6993.4263,0,0.0,6.avi
1838,0,0.0,585,795,1685.8616,0,0.0,6.avi
1839,0,0.0,699,560,3762.0789,0,0.0,6.avi
1840,0,0.0,1230,242,1575.2805,0,0.0,6.avi
1841,0,0.0,441,855,1304.7083,0,0.0,6.avi
1842,0,0.0,641,218,489.0447,0,0.0,6.avi
1843,0,0.0,728,742,2772.659,0,0.0,6.avi
1844,0,0.0,1194,880,1188.4958,0,0.0,6.avi
1845,0,0.0,96,314,2607.5054,0,0.0,6.avi
1846,0,0.0,216,154,1082.0079,0,0.0,6.avi
1844,1,0.2,1217,867,5858.2793,0,106.67148935223976,6.avi
1847,1,0.2,1050,596,6996.8843,0,0.0,6.avi
1848,1,0.2,306,658,3711.4797,0,0.0,6.avi
1849,1,0.2,254,506,1152.4061,0,0.0,6.avi
1850,1,0.2,297,81,4872.622,0,0.0,6.avi
1851,1,0.2,684,265,7155.3936,0,0.0,6.avi
1842,2,0.4,654,206,594.9912,0,29.135187160191283,6.avi
1844,2,0.4,1267,828,1950.9453,0,297.4970588089906,6.avi
1852,2,0.4,334,352,7502.043,0,0.0,6.avi
1853,2,0.4,863,988,5214.568,0,0.0,6.avi
1854,2,0.4,934,417,1608.0775,0,0.0,6.avi
1855,2,0.4,1040,811,4308.97,0,0.0,6.avi
1856,2,0.4,937,1008,981.9631,0,0.0,6.avi
1857,2,0.4,734,681,7142.0264,0,0.0,6.avi
1853,3,0.6,876,981,1530.8503,0,60.48957167355378,6.avi
1858,3,0.6,419,764,7083.619,0,0.0,6.avi
1859,3,0.6,652,916,4258.2256,0,0.0,6.avi
1860,3,0.6,503,283,1044.0719,0,0.0,6.avi
1861,3,0.6,1012,355,1397.2716,0,0.0,6.avi
1862,3,0.6,958,913,3433.7812,0,0.0,6.avi
1863,3,0.6,618,496,923.7525,0,0.0,6.avi
1864,3,0.6,180,16,1514.981,0,0.0,6.avi
1865,3,0.6,483,887,773.0847,0,0.0,6.avi
1866,4,0.8,911,184,8212.771,0,0.0,6.avi
1867,4,0.8,502,390,1125.8058,0,0.0,6.avi
1868,4,0.8,535,1011,1429.7816,0,0.0,6.avi
1869,4,0.8,872,43,2970.7024,0,0.0,6.avi
1870,4,0.8,1155,592,1062.9666,0,0.0,6.avi
1871,4,0.8,621,157,629.03613,0,0.0,6.avi
1872,4,0.8,526,735,3267.6277,0,0.0,6.avi
1854,5,1.0,962,419,2468.4355,0,23.48355371152064,6.avi
1860,5,1.0,493,273,8049.6665,0,23.649038850960068,6.avi
1873,5,1.0,481,672,1092.669,0,0.0,6.avi
1874,5,1.0,183,456,1329.1427,0,0.0,6.avi
1875,5,1.0,817,638,952.5619,0,0.0,6.avi
1876,5,1.0,723,359,1362.6797,0,0.0,6.avi
1845,6,1.2,77,359,9002.0,0,11.98664494270277,6.avi
1877,6,1.2,899,868,2456.8955,0,0.0,6.avi
1878,6,1.2,436,450,1283.3627,0,0.0,6.avi
1879,6,1.2,1092,98,1306.6898,0,0.0,6.avi
1880,6,1.2,649,665,1176.1826,0,0.0,6.avi
1881,6,1.2,539,586,1812.9065,0,0.0,6.avi
1882,6,1.2,620,550,2829.7996,0,0.0,6.avi
1883,6,1.2,1233,632,2193.4521,0,0.0,6.avi
1884,6,1.2,1093,641,1387.616,0,0.0,6.avi
1848,7,1.4,305,667,2504.5928,0,2.019907342655251,6.avi
1869,7,1.4,876,34,464.42725,0,8.122067905438053,6.avi
1885,7,1.4,228,323,1903.0629,0,0.0,6.avi
1886,7,1.4,1027,450,1424.1039,0,0.0,6.avi
1887,7,1.4,952,581,954.0989,0,0.0,6.avi
1888,7,1.4,162,686,1853.626,0,0.0,6.avi
1889,7,1.4,1257,1015,738.99097,0,0.0,6.avi
1890,7,1.4,401,995,2743.4268,0,0.0,6.avi
1891,7,1.4,1236,910,1441.1195,0,0.0,6.avi
1892,7,1.4,778,145,1316.4897,0,0.0,6.avi
1873,8,1.6,473,702,949.4011,0,26.93261107933617,6.avi
1893,8,1.6,190,130,4347.4785,0,0.0,6.avi
1894,8,1.6,980,535,873.1068,0,0.0,6.avi
1895,8,1.6,497,576,1463.2065,0,0.0,6.avi
1896,8,1.6,622,9,614.7376,0,0.0,6.avi
1897,8,1.6,243,464,1373.2638,0,0.0,6.avi
1898,8,1.6,974,208,2941.3184,0,0.0,6.avi
1883,9,1.8,1220,649,796.4325,0,17.934727471107294,6.avi
1899,9,1.8,1254,770,3449.7808,0,0.0,6.avi
1900,9,1.8,600,662,466.05954,0,0.0,6.avi
1883,10,2.0,1183,658,4330.0596,0,157.73653493444377,6.avi
1901,10,2.0,718,925,4913.1157,0,0.0,6.avi
1902,10,2.0,665,939,710.2512,0,0.0,6.avi
1903,10,2.0,346,378,2728.7366,0,0.0,6.avi
1904,11,2.2,658,814,6511.2925,0,0.0,6.avi
1905,11,2.2,1033,837,1290.668,0,0.0,6.avi
1906,11,2.2,1260,145,1963.543,0,0.0,6.avi
1907,11,2.2,1127,137,645.0313,0,0.0,6.avi
1898,12,2.4,969,176,2705.7883,0,16.49697015860981,6.avi
1908,12,2.4,607,978,1789.4747,0,0.0,6.avi
1909,12,2.4,221,280,857.66254,0,0.0,6.avi
1899,13,2.6,1222,780,923.67456,0,17.48057131603988,6.avi
1910,13,2.6,761,43,1511.9037,0,0.0,6.avi
1911,13,2.6,693,202,2614.514,0,0.0,6.avi
1912,13,2.6,1203,414,880.6479,0,0.0,6.avi
1913,13,2.6,915,908,902.5729,0,0.0,6.avi
1914,13,2.6,1019,73,1322.6158,0,0.0,6.avi
1915,13,2.6,157,442,1368.3391,0,0.0,6.avi
1916,13,2.6,828,762,1699.6465,0,0.0,6.avi
1907,14,2.8,1091,121,2728.0645,0,33.103276337801894,6.avi
1911,14,2.8,672,161,1441.2925,0,186.64702858939384,6.avi
1917,14,2.8,420,228,2573.785,0,0.0,6.avi
1918,14,2.8,1179,108,1741.5874,0,0.0,6.avi
1919,14,2.8,857,873,941.1176,0,0.0,6.avi
1920,14,2.8,1155,477,838.4241,0,0.0,6.avi
1921,14,2.8,285,121,1534.0187,0,0.0,6.avi
1898,15,3.0,1002,125,1125.3746,0,56.34621762136634,6.avi
1922,15,3.0,749,228,2534.6252,0,0.0,6.avi
1923,15,3.0,728,602,913.08044,0,0.0,6.avi
1924,15,3.0,328,248,1280.08,0,0.0,6.avi
1917,16,3.2,398,195,420.54126,0,65.24200741278582,6.avi
1920,16,3.2,1146,498,14378.139,0,36.28743184576359,6.avi
1925,16,3.2,417,334,2699.1304,0,0.0,6.avi
1926,16,3.2,320,561,1106.6797,0,0.0,6.avi
1927,16,3.2,653,10,460.01355,0,0.0,6.avi
1928,16,3.2,1033,25,1413.4893,0,0.0,6.avi
1929,16,3.2,292,931,2188.8743,0,0.0,6.avi
1925,17,3.4,435,355,495.31592,0,111.1972882495904,6.avi
1930,17,3.4,1251,883,1260.7909,0,0.0,6.avi
1931,17,3.4,355,43,1705.3168,0,0.0,6.avi
1932,17,3.4,686,770,463.71683,0,0.0,6.avi
1933,17,3.4,96,435,2970.633,0,0.0,6.avi
1934,17,3.4,1220,960,748.8554,0,0.0,6.avi
1935,17,3.4,800,588,15084.619,0,0.0,6.avi
1899,18,3.6,1203,816,4015.0056,0,13.771781730985229,6.avi
1907,18,3.6,1045,89,1134.5347,0,27.239520096325577,6.avi
1931,18,3.6,389,13,1426.3568,0,178.60565085020406,6.avi
1936,18,3.6,453,679,15397.246,0,0.0,6.avi
1937,18,3.6,1015,970,1132.0054,0,0.0,6.avi
1938,18,3.6,807,973,1337.3234,0,0.0,6.avi
1939,18,3.6,500,534,652.6724,0,0.0,6.avi
1920,19,3.8,1147,538,3365.4414,0,33.77814581598027,6.avi
1927,19,3.8,635,14,711.5569,0,16.176710856076205,6.avi
1940,19,3.8,860,447,648.14465,0,0.0,6.avi
1941,19,3.8,605,957,4357.811,0,0.0,6.avi
1942,19,3.8,879,322,433.17114,0,0.0,6.avi
1943,19,3.8,685,191,1075.1644,0,0.0,6.avi
1944,19,3.8,1156,627,2574.35,0,0.0,6.avi
1945,12,2.4,897,253,2010.9373,0,0.0,7.avi
1946,13,2.6,690,293,2033.4965,0,0.0,7.avi
1947,14,2.8,488,331,1870.6958,0,0.0,7.avi
1948,15,3.0,290,367,2020.0687,0,0.0,7.avi
1949,25,5.0,1112,979,828.4269,0,0.0,7.avi
1950,28,5.6,733,95,1121.1481,0,0.0,7.avi
1951,29,5.8,500,56,1144.3452,0,0.0,7.avi
1952,39,7.8,513,934,742.6487,0,0.0,7.avi
1953,39,7.8,1085,419,1480.8873,0,0.0,7.avi
1954,40,8.0,812,491,1485.4263,0,0.0,7.avi
1955,41,8.2,546,562,1487.216,0,0.0,7.avi
1956,42,8.4,290,628,1462.1086,0,0.0,7.avi
1957,45,9.0,938,298,1254.6184,0,0.0,7.avi
1958,46,9.2,235,26,1054.6208,0,0.0,7.avi
1959,46,9.2,667,310,1235.3717,0,0.0,7.avi
1960,47,9.4,783,407,1550.9393,0,0.0,7.avi
1961,48,9.6,558,398,1475.4054,0,0.0,7.avi
1962,50,10.0,952,969,770.5712,0,0.0,7.avi
1963,54,10.8,1111,751,846.377,0,0.0,7.avi
1964,55,11.0,919,738,869.9386,0,0.0,7.avi
1965,55,11.0,421,69,24872.668,0,0.0,7.avi
1965,56,11.2,397,71,24730.8,0,96.40440131938998,7.avi
1966,56,11.2,731,724,866.72815,0,0.0,7.avi
1967,56,11.2,360,490,504.47464,0,0.0,7.avi
1965,57,11.4,377,76,26844.977,0,102.57730031085094,7.avi
1968,57,11.4,549,707,888.1561,0,0.0,7.avi
1965,58,11.6,358,78,27968.627,0,95.63086174844396,7.avi
1969,58,11.6,374,693,1150.4166,0,0.0,7.avi
1965,59,11.8,333,83,30516.969,0,119.94445736074051,7.avi
1963,60,12.0,1097,737,543.098,0,4.990461024084865,7.avi
1965,60,12.0,312,86,31256.594,0,108.88539972575524,7.avi
1965,61,12.2,291,90,33474.117,0,107.01901389910812,7.avi
1970,61,12.2,921,663,527.3861,0,0.0,7.avi
1965,62,12.4,268,94,34744.668,0,114.78184130667184,7.avi
1965,63,12.6,250,97,35387.598,0,98.83676963180253,7.avi
1965,64,12.8,231,101,35748.68,0,98.20789691071182,7.avi
1965,65,13.0,211,111,35615.367,0,107.10244894638264,7.avi
1971,65,13.0,626,878,552.90656,0,0.0,7.avi
1965,66,13.2,186,109,38065.22,0,116.86250768798776,7.avi
1972,69,13.8,131,303,1389.6241,0,0.0,7.avi
1973,73,14.6,1084,69,925.9099,0,0.0,7.avi
1974,74,14.8,890,27,942.8546,0,0.0,7.avi
1975,77,15.4,790,64,400.20966,0,0.0,7.avi
1976,100,20.0,850,932,532.6842,0,0.0,7.avi
1977,0,0.0,504,534,1823.7474,0,0.0,8.avi
1978,0,0.0,938,70,3102.8376,0,0.0,8.avi
1979,0,0.0,1108,534,1457.767,0,0.0,8.avi
1980,0,0.0,839,633,1093.3583,0,0.0,8.avi
1981,1,0.2,416,196,3061.3252,0,0.0,8.avi
1982,1,0.2,305,568,2751.886,0,0.0,8.avi
1983,1,0.2,689,5,349.7509,0,0.0,8.avi
1984,1,0.2,553,704,3264.3625,0,0.0,8.avi
1985,1,0.2,1022,210,1653.3685,0,0.0,8.avi
1986,1,0.2,951,272,1689.7976,0,0.0,8.avi
1984,2,0.4,547,712,2327.312,0,38.83054884285696,8.avi
1987,2,0.4,287,506,1670.4728,0,0.0,8.avi
1988,2,0.4,891,664,1058.7991,0,0.0,8.avi
1979,3,0.6,1115,496,1889.1421,0,32.42333769290937,8.avi
1989,3,0.6,593,814,1419.557,0,0.0,8.avi
1990,3,0.6,151,296,1532.3931,0,0.0,8.avi
1991,3,0.6,83,353,2125.611,0,0.0,8.avi
1992,3,0.6,221,194,2425.2905,0,0.0,8.avi
1978,4,0.8,938,41,1298.386,0,15.281977411911198,8.avi
1982,4,0.8,326,591,1461.4425,0,25.759429686494176,8.avi
1986,4,0.8,911,284,1945.0062,0,34.93664047466857,8.avi
1989,4,0.8,620,817,1844.1481,0,106.69072197829576,8.avi
1993,4,0.8,1135,687,1395.7982,0,0.0,8.avi
1994,4,0.8,233,111,1009.63116,0,0.0,8.avi
1995,4,0.8,448,622,2627.7778,0,0.0,8.avi
1996,4,0.8,277,26,3026.0708,0,0.0,8.avi
1997,4,0.8,907,225,46526.734,0,0.0,8.avi
1998,5,1.0,1090,783,2016.1599,0,0.0,8.avi
1999,5,1.0,324,58,4109.3413,0,0.0,8.avi
1999,6,1.2,320,43,1410.8,0,62.01310935940783,8.avi
2000,6,1.2,697,193,13287.032,0,0.0,8.avi
2001,6,1.2,145,128,1469.1221,0,0.0,8.avi
2002,6,1.2,186,675,864.48413,0,0.0,8.avi
2003,6,1.2,675,916,1110.6018,0,0.0,8.avi
2004,7,1.4,737,935,3349.6912,0,0.0,8.avi
2005,7,1.4,927,607,771.51184,0,0.0,8.avi
2006,8,1.6,369,62,6010.27,0,0.0,8.avi
2007,8,1.6,1085,430,4162.234,0,0.0,8.avi
2008,8,1.6,477,86,1910.9988,0,0.0,8.avi
2009,8,1.6,849,965,2531.3403,0,0.0,8.avi
2010,8,1.6,861,739,1262.3878,0,0.0,8.avi
2011,8,1.6,473,153,2842.7666,0,0.0,8.avi
2012,8,1.6,891,123,1893.1952,0,0.0,8.avi
2007,9,1.8,1086,385,2890.6482,0,181.42886648422297,8.avi
2013,9,1.8,1066,693,2719.4612,0,0.0,8.avi
2014,9,1.8,317,327,3051.676,0,0.0,8.avi
2015,9,1.8,733,559,1150.7365,0,0.0,8.avi
2016,9,1.8,799,32,1037.8208,0,0.0,8.avi
2017,9,1.8,1011,202,1028.7617,0,0.0,8.avi
1989,10,2.0,1039,838,1301.5146,0,99.38580424757602,8.avi
2000,10,2.0,685,198,649.0654,0,6.603533244116542,8.avi
2003,10,2.0,680,908,2977.7122,0,4.801142183149483,8.avi
2007,10,2.0,1091,303,1976.7744,0,391.6094794243367,8.avi
2018,10,2.0,1144,211,3549.3677,0,0.0,8.avi
2019,10,2.0,678,960,1965.4012,0,0.0,8.avi
2020,10,2.0,507,495,3260.5503,0,0.0,8.avi
2021,10,2.0,497,604,1929.7236,0,0.0,8.avi
2022,10,2.0,827,267,3366.8362,0,0.0,8.avi
2013,11,2.2,1103,670,1161.3928,0,71.62065731817532,8.avi
2023,11,2.2,807,342,3872.803,0,0.0,8.avi
2024,11,2.2,1073,369,2107.3442,0,0.0,8.avi
2025,11,2.2,200,302,1654.4626,0,0.0,8.avi
2026,11,2.2,888,517,1672.8872,0,0.0,8.avi
2027,11,2.2,935,423,3671.8188,0,0.0,8.avi
2028,11,2.2,1128,9,638.714,0,0.0,8.avi
2020,12,2.4,460,488,6339.3154,0,78.46154076301491,8.avi
2021,12,2.4,490,616,1523.1738,0,23.47377271277657,8.avi
2029,12,2.4,187,448,2749.467,0,0.0,8.avi
2030,12,2.4,685,723,1587.8035,0,0.0,8.avi
2031,12,2.4,340,9,553.8449,0,0.0,8.avi
2032,12,2.4,612,100,1111.6992,0,0.0,8.avi
2033,12,2.4,394,658,1350.738,0,0.0,8.avi
2034,0,0.0,530,663,7596.728,0,0.0,9.avi
2035,0,0.0,1166,76,1440.7886,0,0.0,9.avi
2036,0,0.0,771,613,1252.0854,0,0.0,9.avi
2037,0,0.0,1191,336,1017.79565,0,0.0,9.avi
2038,0,0.0,998,935,1573.6486,0,0.0,9.avi
2039,0,0.0,1071,521,992.4946,0,0.0,9.avi
2040,0,0.0,248,452,3634.632,0,0.0,9.avi
2041,1,0.2,787,704,1436.2079,0,0.0,9.avi
2042,1,0.2,1196,23,2265.437,0,0.0,9.avi
2043,1,0.2,1171,1003,2037.2291,0,0.0,9.avi
2044,1,0.2,1002,993,2424.8691,0,0.0,9.avi
2045,1,0.2,1129,686,4711.112,0,0.0,9.avi
2037,2,0.4,1162,368,1250.386,0,70.72403178464164,9.avi
2046,2,0.4,526,720,2895.695,0,0.0,9.avi
2047,2,0.4,781,89,2444.9014,0,0.0,9.avi
2048,2,0.4,1011,413,4308.626,0,0.0,9.avi
2049,2,0.4,594,243,2590.0012,0,0.0,9.avi
2050,2,0.4,709,789,5292.225,0,0.0,9.avi
2034,3,0.6,528,616,2183.2632,0,39.91889207300144,9.avi
2039,3,0.6,1099,518,877.5162,0,23.446262684844225,9.avi
2051,3,0.6,648,227,2021.3467,0,0.0,9.avi
2052,3,0.6,271,182,1527.7972,0,0.0,9.avi
2053,3,0.6,192,10,1182.5236,0,0.0,9.avi
2054,4,0.8,981,340,1502.8009,0,0.0,9.avi
2055,4,0.8,264,518,1433.3452,0,0.0,9.avi
2056,4,0.8,345,31,1998.865,0,0.0,9.avi
2057,4,0.8,629,845,1729.1525,0,0.0,9.avi
2058,4,0.8,727,902,1615.9915,0,0.0,9.avi
2036,5,1.0,799,627,1202.3884,0,10.728258014213267,9.avi
2059,5,1.0,842,716,2927.4536,0,0.0,9.avi
2060,5,1.0,1202,127,10145.999,0,0.0,9.avi
2061,5,1.0,383,318,3410.657,0,0.0,9.avi
2062,5,1.0,1085,339,933.95166,0,0.0,9.avi
2063,5,1.0,1121,850,2093.8481,0,0.0,9.avi
2064,5,1.0,639,693,2075.32,0,0.0,9.avi
2039,6,1.2,1128,545,2433.3132,0,36.7055494888886,9.avi
2048,6,1.2,1056,403,1773.8215,0,23.37094325801873,9.avi
2057,6,1.2,609,850,899.907,0,34.139334214729494,9.avi
2062,6,1.2,1096,341,1826.1436,0,45.492565176390364,9.avi
2065,6,1.2,863,247,9307.539,0,0.0,9.avi
2066,6,1.2,395,232,7280.07,0,0.0,9.avi
2067,6,1.2,632,154,3303.3025,0,0.0,9.avi
2068,6,1.2,1204,456,2779.2476,0,0.0,9.avi
2069,6,1.2,966,745,1631.774,0,0.0,9.avi
2070,6,1.2,326,131,1339.6548,0,0.0,9.avi
2071,6,1.2,123,335,1104.7965,0,0.0,9.avi
2072,6,1.2,669,926,3661.9277,0,0.0,9.avi
2073,6,1.2,566,513,1184.8171,0,0.0,9.avi
2074,6,1.2,350,797,2044.985,0,0.0,9.avi
2036,7,1.4,820,623,2266.1035,0,38.28084183455871,9.avi
2041,7,1.4,781,665,2800.338,0,9.545220214477563,9.avi
2044,7,1.4,1032,999,1337.2423,0,7.542108203193696,9.avi
2070,7,1.4,276,131,4654.8794,0,196.88976135137145,9.avi
2075,7,1.4,515,372,8468.859,0,0.0,9.avi
2076,7,1.4,1007,84,3664.1921,0,0.0,9.avi
2077,7,1.4,565,556,2082.2214,0,0.0,9.avi
2078,7,1.4,342,601,3001.385,0,0.0,9.avi
2079,7,1.4,718,89,1570.077,0,0.0,9.avi
2080,7,1.4,952,166,2240.5994,0,0.0,9.avi
2081,7,1.4,374,143,1894.5978,0,0.0,9.avi
2082,7,1.4,595,41,11782.377,0,0.0,9.avi
2083,7,1.4,1262,9,658.3925,0,0.0,9.avi
2046,8,1.6,497,719,2080.875,0,7.206660728957947,9.avi
2057,8,1.6,591,856,4722.0786,0,32.19366787081836,9.avi
2061,8,1.6,414,304,819.8762,0,28.600281016429715,9.avi
2067,8,1.6,624,121,3498.532,0,55.560915946908,9.avi
2070,8,1.6,215,101,17738.17,0,325.536252301491,9.avi
2084,8,1.6,848,42,5517.4023,0,0.0,9.avi
2085,8,1.6,156,498,8951.098,0,0.0,9.avi
2086,8,1.6,555,753,7057.57,0,0.0,9.avi
2087,8,1.6,763,170,2367.164,0,0.0,9.avi
2088,8,1.6,443,21,4370.732,0,0.0,9.avi
2058,9,1.8,746,895,2305.062,0,6.9156333733674735,9.avi
2089,9,1.8,790,513,1645.3452,0,0.0,9.avi
2090,9,1.8,351,529,5333.4663,0,0.0,9.avi
2091,9,1.8,942,920,1722.3771,0,0.0,9.avi
2092,9,1.8,1037,276,12243.13,0,0.0,9.avi
2063,10,2.0,1096,846,2080.129,0,8.961030302756155,9.avi
2069,10,2.0,935,754,3110.6328,0,16.605236725766662,9.avi
2093,10,2.0,631,412,12134.3955,0,0.0,9.avi
2094,10,2.0,1255,326,2312.1284,0,0.0,9.avi
2095,10,2.0,715,567,1856.1511,0,0.0,9.avi
2096,10,2.0,523,793,2958.1318,0,0.0,9.avi
2041,11,2.2,799,661,1319.834,0,10.69020554947104,9.avi
2097,11,2.2,274,817,1988.0428,0,0.0,9.avi
2076,12,2.4,966,101,1511.9309,0,15.463926114161882,9.avi
2087,12,2.4,731,192,1075.5853,0,19.59162932727305,9.avi
2096,12,2.4,475,799,2012.7161,0,79.49115209706518,9.avi
2098,12,2.4,1202,974,11286.673,0,0.0,9.avi
2099,12,2.4,1183,596,1653.3375,0,0.0,9.avi
2100,12,2.4,357,866,2097.6394,0,0.0,9.avi
2101,12,2.4,646,86,2314.199,0,0.0,9.avi
2088,13,2.6,465,60,2026.4358,0,15.574622890260558,9.avi
2090,14,2.8,374,513,829.2178,0,9.53092500726664,9.avi
2095,14,2.8,667,555,3220.436,0,25.34877319978967,9.avi
2102,14,2.8,568,1016,505.64484,0,0.0,9.avi
2103,14,2.8,994,575,1460.9288,0,0.0,9.avi
2104,14,2.8,482,831,2609.5964,0,0.0,9.avi
2101,15,3.0,618,49,4556.448,0,39.11974867414315,9.avi
2105,15,3.0,445,21,2093.4563,0,0.0,9.avi
2106,15,3.0,146,453,2812.323,0,0.0,9.avi
2107,16,3.2,359,168,14399.324,0,0.0,9.avi
2108,16,3.2,983,64,6327.934,0,0.0,9.avi
2109,16,3.2,635,635,1079.5765,0,0.0,9.avi
2110,16,3.2,1073,349,1177.9818,0,0.0,9.avi
2111,16,3.2,868,260,834.46246,0,0.0,9.avi
2112,16,3.2,1202,687,1326.3755,0,0.0,9.avi
2113,16,3.2,663,363,5035.045,0,0.0,9.avi
2112,17,3.4,1222,668,1697.4813,0,113.18668898108116,9.avi
2114,17,3.4,235,481,5238.736,0,0.0,9.avi
2115,17,3.4,1039,962,3104.2253,0,0.0,9.avi
2116,17,3.4,329,490,5289.3413,0,0.0,9.avi
2117,17,3.4,1091,912,1248.1439,0,0.0,9.avi
2113,18,3.6,657,317,1738.0337,0,75.92669354692558,9.avi
2115,18,3.6,1051,957,910.9282,0,54.32485115603171,9.avi
2118,18,3.6,363,744,4628.045,0,0.0,9.avi
2119,18,3.6,427,77,2362.4949,0,0.0,9.avi
2120,18,3.6,551,117,1638.6342,0,0.0,9.avi
2121,18,3.6,937,259,2342.2776,0,0.0,9.avi
2122,18,3.6,149,86,5298.4683,0,0.0,9.avi
2123,18,3.6,403,601,1266.3796,0,0.0,9.avi
2124,18,3.6,886,845,4695.0596,0,0.0,9.avi
2125,18,3.6,373,326,1828.1776,0,0.0,9.avi
2126,18,3.6,963,682,2283.7126,0,0.0,9.avi
2127,18,3.6,251,191,4475.6865,0,0.0,9.avi
2102,19,3.8,530,984,5508.74,0,17.160911607692384,9.avi
2108,19,3.8,1003,63,4118.5117,0,16.89076141104722,9.avi
2128,19,3.8,736,440,3550.0374,0,0.0,9.avi
2129,19,3.8,1242,14,1436.2008,0,0.0,9.avi
2130,19,3.8,1207,105,3270.109,0,0.0,9.avi
2131,19,3.8,1020,636,3267.8884,0,0.0,9.avi
2132,19,3.8,269,241,2535.4688,0,0.0,9.avi
2114,20,4.0,247,465,1448.3542,0,16.981762247288632,9.avi
2125,20,4.0,340,293,2335.1304,0,76.8210430562486,9.avi
2126,20,4.0,994,701,4003.3247,0,60.43672440040079,9.avi
2129,20,4.0,1233,14,1229.249,0,35.29471171159622,9.avi
2133,20,4.0,621,76,2730.9514,0,0.0,9.avi
2134,20,4.0,1007,318,949.3926,0,0.0,9.avi
2135,20,4.0,467,273,1957.5458,0,0.0,9.avi
2136,20,4.0,461,887,2067.133,0,0.0,9.avi
2116,21,4.2,343,468,1223.8105,0,13.480547418091234,9.avi
2130,21,4.2,1214,79,18510.672,0,44.1777098087408,9.avi
2137,21,4.2,906,316,1754.0878,0,0.0,9.avi
2138,21,4.2,810,260,1485.1958,0,0.0,9.avi
2139,21,4.2,485,764,4072.9841,0,0.0,9.avi
2140,21,4.2,1068,422,3494.7935,0,0.0,9.avi
2141,21,4.2,1173,644,2120.016,0,0.0,9.avi
2142,21,4.2,892,500,1066.7706,0,0.0,9.avi
2121,22,4.4,943,229,26172.512,0,15.94713681152048,9.avi
2126,22,4.4,1065,723,1925.5864,0,127.99607080150938,9.avi
2138,22,4.4,838,239,771.96124,0,138.48754738694018,9.avi
2143,22,4.4,681,536,4203.8613,0,0.0,9.avi
2144,22,4.4,207,166,4419.616,0,0.0,9.avi
2124,23,4.6,909,838,951.23975,0,8.272737554492334,9.avi
2145,23,4.6,534,245,4182.3643,0,0.0,9.avi
2146,23,4.6,292,25,1582.3357,0,0.0,9.avi
2147,23,4.6,638,379,17795.086,0,0.0,9.avi
2148,24,4.8,1070,933,5877.6,0,0.0,9.avi
2149,24,4.8,827,681,1231.7228,0,0.0,9.avi
2150,24,4.8,896,759,2556.4336,0,0.0,9.avi
2151,24,4.8,1192,693,1361.8169,0,0.0,9.avi
2152,24,4.8,946,292,760.70374,0,0.0,9.avi
2153,24,4.8,323,521,21189.787,0,0.0,9.avi
2128,25,5.0,768,406,1860.92,0,11.45676288361963,9.avi
2129,25,5.0,1134,9,817.5284,0,32.92870605743851,9.avi
2148,25,5.0,1063,893,1857.6013,0,159.89772121578218,9.avi
2154,25,5.0,537,44,1394.4799,0,0.0,9.avi
2155,25,5.0,1016,777,1305.6947,0,0.0,9.avi
2156,25,5.0,1150,437,2834.055,0,0.0,9.avi
2157,25,5.0,457,187,936.7502,0,0.0,9.avi
2144,26,5.2,203,139,4715.373,0,13.814507109899113,9.avi
2158,26,5.2,678,140,5296.8105,0,0.0,9.avi
2159,26,5.2,990,578,1777.2124,0,0.0,9.avi
2160,26,5.2,789,725,1208.7705,0,0.0,9.avi
2161,26,5.2,590,16,2714.657,0,0.0,9.avi
2121,27,5.4,918,181,5788.2266,0,19.084413633905548,9.avi
2158,27,5.4,653,153,1894.5488,0,111.67075455048648,9.avi
2162,27,5.4,284,296,5063.3438,0,0.0,9.avi
2163,27,5.4,1151,512,3047.687,0,0.0,9.avi
2164,27,5.4,477,13,1446.4016,0,0.0,9.avi
2165,27,5.4,346,408,2587.3027,0,0.0,9.avi
2166,27,5.4,1264,365,2135.7744,0,0.0,9.avi
2129,28,5.6,1069,17,1520.4285,0,57.69644389970559,9.avi
2157,28,5.6,470,146,2802.0784,0,36.30054732821704,9.avi
2167,28,5.6,1009,148,7942.5425,0,0.0,9.avi
2168,28,5.6,487,335,5480.8857,0,0.0,9.avi
2169,28,5.6,845,898,827.7087,0,0.0,9.avi
2170,28,5.6,969,364,2555.4614,0,0.0,9.avi
2171,28,5.6,1046,957,1536.979,0,0.0,9.avi
2172,28,5.6,275,171,1441.0527,0,0.0,9.avi
2173,28,5.6,446,765,2294.3076,0,0.0,9.avi
2160,29,5.8,829,753,2268.474,0,41.115075858991496,9.avi
2171,29,5.8,1019,935,6823.472,0,137.2031454632145,9.avi
2174,29,5.8,1089,808,2541.9048,0,0.0,9.avi
2175,29,5.8,428,409,3080.083,0,0.0,9.avi
2176,29,5.8,854,444,4822.7266,0,0.0,9.avi
2177,29,5.8,1168,961,5557.8145,0,0.0,9.avi
2178,29,5.8,1144,590,1393.3872,0,0.0,9.avi
2179,29,5.8,1156,84,7998.4204,0,0.0,9.avi
2180,29,5.8,667,828,1480.0745,0,0.0,9.avi
2181,29,5.8,197,521,3324.9297,0,0.0,9.avi
2172,30,6.0,320,182,6222.9873,0,76.24261939177293,9.avi
2173,30,6.0,474,799,921.0835,0,71.82748089498023,9.avi
2174,30,6.0,1113,773,1267.6515,0,171.9603651644762,9.avi
2179,30,6.0,1146,45,13351.926,0,162.1104465326032,9.avi
2182,30,6.0,777,183,8272.331,0,0.0,9.avi
2183,30,6.0,1076,452,4003.101,0,0.0,9.avi
2184,30,6.0,848,236,1684.9995,0,0.0,9.avi
2185,30,6.0,66,508,13562.965,0,0.0,9.avi
2186,30,6.0,642,17,1962.8197,0,0.0,9.avi
2174,31,6.2,1123,768,1127.2769,0,65.10565706627382,9.avi
2187,31,6.2,546,928,12479.318,0,0.0,9.avi
2188,31,6.2,462,472,4782.991,0,0.0,9.avi
2189,31,6.2,1248,550,9061.052,0,0.0,9.avi
2190,31,6.2,339,760,2935.418,0,0.0,9.avi
2191,31,6.2,528,456,1534.7893,0,0.0,9.avi
2192,31,6.2,738,757,2106.3848,0,0.0,9.avi
2193,31,6.2,155,9,660.41376,0,0.0,9.avi
2194,31,6.2,641,78,1219.8411,0,0.0,9.avi
2195,31,6.2,392,276,11196.236,0,0.0,9.avi
2196,31,6.2,864,74,23519.53,0,0.0,9.avi
2157,32,6.4,536,77,4186.1562,0,50.87274929757335,9.avi
2175,32,6.4,428,374,807.89966,0,29.958696542659467,9.avi
2197,32,6.4,402,544,2612.1143,0,0.0,9.avi
2198,32,6.4,667,982,1628.8137,0,0.0,9.avi
2199,32,6.4,972,660,20164.057,0,0.0,9.avi
2157,33,6.6,524,73,3337.842,0,49.09720607663179,9.avi
2176,33,6.6,813,460,2049.7935,0,22.52324577723639,9.avi
2185,33,6.6,18,494,3438.5518,0,41.7341731790328,9.avi
2188,33,6.6,484,485,857.91895,0,40.96115728650742,9.avi
2190,33,6.6,309,724,3853.6816,0,76.34105731027047,9.avi
2200,33,6.6,1186,306,3558.4534,0,0.0,9.avi
2201,33,6.6,709,75,4256.061,0,0.0,9.avi
2202,33,6.6,564,603,2704.6252,0,0.0,9.avi
2203,33,6.6,335,46,787.0329,0,0.0,9.avi
2204,33,6.6,656,778,17065.816,0,0.0,9.avi
2205,0,0.0,1246,949,5076.0024,0,0.0,10.avi
2206,0,0.0,329,645,2504.1418,0,0.0,10.avi
2207,0,0.0,260,465,2279.7825,0,0.0,10.avi
2208,0,0.0,714,433,1241.7063,0,0.0,10.avi
2209,1,0.2,770,635,1522.8978,0,0.0,10.avi
2210,1,0.2,1055,997,3925.3787,0,0.0,10.avi
2211,1,0.2,299,526,1211.5792,0,0.0,10.avi
2212,1,0.2,382,462,814.9364,0,0.0,10.avi
2213,1,0.2,1269,216,908.0547,0,0.0,10.avi
2210,2,0.4,1024,974,16705.271,0,152.48794778194767,10.avi
2214,2,0.4,265,673,1577.1136,0,0.0,10.avi
2215,2,0.4,743,711,2037.6653,0,0.0,10.avi
2216,2,0.4,289,22,612.36914,0,0.0,10.avi
2217,4,0.8,271,601,1580.2794,0,0.0,10.avi
2218,4,0.8,1086,502,1770.825,0,0.0,10.avi
2219,4,0.8,819,1009,1755.9324,0,0.0,10.avi
2210,5,1.0,879,878,1216.6875,0,145.1379596926662,10.avi
2220,5,1.0,574,763,2330.1553,0,0.0,10.avi
2221,5,1.0,521,562,2922.0627,0,0.0,10.avi
2222,6,1.2,620,878,1466.4458,0,0.0,10.avi
2223,6,1.2,598,308,1368.8057,0,0.0,10.avi
2224,7,1.4,252,227,2633.2898,0,0.0,10.avi
2225,7,1.4,565,413,3749.7686,0,0.0,10.avi
2226,7,1.4,1079,698,1246.3313,0,0.0,10.avi
2226,8,1.6,1062,665,2112.7698,0,148.22932771132034,10.avi
2227,8,1.6,174,518,1280.2347,0,0.0,10.avi
2228,9,1.8,633,178,2707.9998,0,0.0,10.avi
2229,9,1.8,666,405,1245.3402,0,0.0,10.avi
2230,10,2.0,1006,78,3570.7322,0,0.0,10.avi
2231,12,2.4,1156,586,5086.263,0,0.0,10.avi
2232,12,2.4,972,911,970.67773,0,0.0,10.avi
2233,12,2.4,919,722,1546.4558,0,0.0,10.avi
2234,13,2.6,275,574,1007.99646,0,0.0,10.avi
2235,13,2.6,980,22,2904.7776,0,0.0,10.avi
2236,13,2.6,1257,190,2558.0745,0,0.0,10.avi
2237,13,2.6,982,635,4444.754,0,0.0,10.avi
2238,14,2.8,833,578,1312.3322,0,0.0,10.avi
2230,15,3.0,992,113,743.9961,0,12.964679566412956,10.avi
2239,15,3.0,402,240,5368.5693,0,0.0,10.avi
2240,15,3.0,1092,1008,1833.7749,0,0.0,10.avi
2241,15,3.0,555,239,1797.1965,0,0.0,10.avi
2242,15,3.0,1248,898,1665.7731,0,0.0,10.avi
2243,15,3.0,256,139,2289.1685,0,0.0,10.avi
2244,16,3.2,1194,666,1070.9918,0,0.0,10.avi
2245,17,3.4,400,117,1193.7158,0,0.0,10.avi
2246,17,3.4,269,507,1979.9886,0,0.0,10.avi
2247,18,3.6,687,22,1818.5712,0,0.0,10.avi
2248,19,3.8,1057,424,28842.81,0,0.0,10.avi
2249,19,3.8,554,476,1123.5508,0,0.0,10.avi
2243,20,4.0,277,141,894.5144,0,7.205142717079678,10.avi
2247,20,4.0,679,15,1083.728,0,17.072711501906888,10.avi
2250,20,4.0,138,516,1153.943,0,0.0,10.avi
2251,20,4.0,192,529,1366.3773,0,0.0,10.avi
2252,20,4.0,472,540,39923.957,0,0.0,10.avi
2240,21,4.2,1104,978,1433.6776,0,7.991420198152971,10.avi
2247,21,4.2,653,45,2742.8608,0,163.11509787953412,10.avi
2253,21,4.2,661,198,1367.8641,0,0.0,10.avi
2254,21,4.2,818,388,2320.4685,0,0.0,10.avi
2255,21,4.2,1151,315,958.62537,0,0.0,10.avi
2256,21,4.2,860,879,768.5638,0,0.0,10.avi
2257,21,4.2,728,1015,473.62067,0,0.0,10.avi
2258,24,4.8,470,872,1430.3955,0,0.0,10.avi
2259,24,4.8,402,14,1315.3069,0,0.0,10.avi
2260,25,5.0,752,653,5975.0703,0,0.0,10.avi
2261,25,5.0,1233,496,1366.1449,0,0.0,10.avi
2262,27,5.4,920,717,1232.706,0,0.0,10.avi
2263,27,5.4,598,169,2675.9539,0,0.0,10.avi
2264,29,5.8,567,555,536.2385,0,0.0,10.avi
2265,31,6.2,951,1004,1363.0531,0,0.0,10.avi
2266,32,6.4,1225,785,11261.138,0,0.0,10.avi
2267,32,6.4,864,910,869.10876,0,0.0,10.avi
2268,34,6.8,239,399,639.98926,0,0.0,10.avi
2269,35,7.0,407,57,580.3721,0,0.0,10.avi
2270,37,7.4,313,437,617.6502,0,0.0,10.avi
2271,43,8.6,798,132,851.3894,0,0.0,10.avi
2272,48,9.6,720,206,479.97333,0,0.0,10.avi
2273,50,10.0,284,445,807.1831,0,0.0,10.avi
2274,50,10.0,1251,606,538.5644,0,0.0,10.avi
2275,14,2.8,545,129,25587.846,0,0.0,11.avi
2276,13,2.6,1111,225,445.76062,0,0.0,12.avi
2277,13,2.6,940,554,8520.576,0,0.0,12.avi
2278,13,2.6,1272,157,573.12897,0,0.0,12.avi
2279,13,2.6,893,449,4185.927,0,0.0,12.avi
2276,14,2.8,1097,254,572.5478,0,130.76777484342233,12.avi
2280,14,2.8,1234,178,1552.3206,0,0.0,12.avi
2276,15,3.0,1094,289,461.83594,0,170.8668729779123,12.avi
2281,15,3.0,1171,236,1498.1833,0,0.0,12.avi
2276,17,3.4,1071,372,1697.74,0,140.61486769052908,12.avi
2282,18,3.6,1007,405,1694.7166,0,0.0,12.avi
2282,19,3.8,980,427,2206.3835,0,137.74216600908744,12.avi
2282,20,4.0,956,429,1714.2599,0,118.9417407612336,12.avi
2283,20,4.0,638,988,13994.906,0,0.0,12.avi
2282,21,4.2,946,413,1530.4961,0,89.28087263658438,12.avi
2284,21,4.2,528,1001,3807.209,0,0.0,12.avi
2282,22,4.4,946,408,1480.6849,0,36.37630373791176,12.avi
2285,24,4.8,903,432,1721.5197,0,0.0,12.avi
2285,25,5.0,904,426,1770.1609,0,24.50326578600672,12.avi
2285,26,5.2,893,415,1902.5952,0,71.77131788056076,12.avi
2285,27,5.4,886,384,1675.9563,0,133.77837023880207,12.avi
2285,28,5.6,892,366,1818.0509,0,99.72486074977743,12.avi
2285,29,5.8,902,344,1925.3639,0,115.08899834068632,12.avi
2285,30,6.0,917,320,1878.5151,0,137.09160230252982,12.avi
2286,10,2.0,1269,657,408.71793,0,0.0,13.avi
2286,11,2.2,1266,658,420.2646,0,11.241029002374583,13.avi
2286,12,2.4,1263,662,441.17917,0,26.6494899106906,13.avi
2287,12,2.4,1059,722,241.2937,0,0.0,13.avi
2288,12,2.4,773,567,189.88507,0,0.0,13.avi
2286,13,2.6,1257,665,452.90402,0,28.83579674342509,13.avi
2287,13,2.6,1057,725,258.15726,0,13.770841028131516,13.avi
2288,13,2.6,771,568,185.25372,0,10.471084744316428,13.avi
2286,14,2.8,1248,667,467.37405,0,43.612400804200746,13.avi
2287,14,2.8,1055,726,257.5088,0,12.20639748354801,13.avi
2288,14,2.8,769,570,192.82227,0,12.109407762052456,13.avi
2286,15,3.0,1240,668,479.14612,0,39.47584741708371,13.avi
2287,15,3.0,1052,729,261.77243,0,16.423123763176875,13.avi
2286,16,3.2,1232,667,537.18243,0,41.13099251078042,13.avi
2287,16,3.2,1050,730,246.7846,0,12.588853513647932,13.avi
2286,17,3.4,1221,664,482.86,0,50.49399765148453,13.avi
2287,17,3.4,1048,732,232.20601,0,14.45186702717988,13.avi
2288,17,3.4,763,577,194.44177,0,6.746655235934218,13.avi
2286,18,3.6,1215,662,524.9608,0,40.34843359722903,13.avi
2287,18,3.6,1047,732,229.23851,0,8.300073958837233,13.avi
2288,18,3.6,762,578,192.58177,0,8.950667917913043,13.avi
2286,19,3.8,1207,660,512.7806,0,37.26665191195156,13.avi
2287,19,3.8,1044,732,231.73843,0,10.753242535934035,13.avi
2288,19,3.8,762,580,174.51733,0,7.456512513060102,13.avi
2286,20,4.0,1195,660,475.50317,0,55.89980398836386,13.avi
2287,20,4.0,1041,732,232.63274,0,14.414891892635447,13.avi
2288,20,4.0,760,581,173.736,0,9.016630278659054,13.avi
2286,21,4.2,1176,661,515.7615,0,85.6370800100999,13.avi
2287,21,4.2,1037,731,265.6191,0,20.27094156119404,13.avi
2288,21,4.2,757,581,179.36133,0,12.132516949474947,13.avi
2286,22,4.4,1161,659,496.5991,0,78.35450040919794,13.avi
2287,22,4.4,1031,730,283.5376,0,27.02921325419268,13.avi
2288,22,4.4,754,581,181.77786,0,15.167990378718804,13.avi
2286,23,4.6,1151,657,479.55212,0,56.060407482548456,13.avi
2287,23,4.6,1026,729,284.8586,0,25.310680634847,13.avi
2288,23,4.6,749,580,210.2439,0,21.955957196088814,13.avi
2286,24,4.8,1141,656,444.30896,0,52.395594660655874,13.avi
2287,24,4.8,1023,728,269.47852,0,20.1807430521455,13.avi
2286,25,5.0,1130,650,428.37057,0,58.48913368964893,13.avi
2287,25,5.0,1020,725,255.75337,0,19.581218112855066,13.avi
2286,26,5.2,1120,638,457.677,0,72.87662814433376,13.avi
2287,26,5.2,1016,723,257.69205,0,20.94093954957012,13.avi
2286,27,5.4,1110,633,521.9909,0,59.71622754353501,13.avi
2287,27,5.4,1015,719,252.74365,0,18.22745825327821,13.avi
2286,28,5.6,1104,630,510.55707,0,39.89568612625148,13.avi
2287,28,5.6,1018,713,250.0326,0,26.37590712302612,13.avi
2286,29,5.8,1095,629,467.78427,0,42.88575792057166,13.avi
2287,29,5.8,1020,707,256.2214,0,31.34332743670792,13.avi
2286,30,6.0,1088,631,483.62265,0,36.279722459229895,13.avi
2287,30,6.0,1021,703,260.12128,0,24.15824599612677,13.avi
2286,31,6.2,1082,635,482.94003,0,36.774327951562384,13.avi
2287,31,6.2,1023,699,262.33765,0,21.89279340504934,13.avi
2286,32,6.4,1069,641,474.79285,0,61.95219301001378,13.avi
2287,32,6.4,1029,689,263.01584,0,49.65669740987866,13.avi
2289,32,6.4,721,572,157.20206,0,0.0,13.avi
2286,33,6.6,1052,653,607.6065,0,95.44780355317243,13.avi
2289,33,6.6,720,570,160.50082,0,7.060262409985309,13.avi
2287,34,6.8,1049,649,679.53864,0,76.55130657972143,13.avi
2289,34,6.8,719,568,193.90053,0,10.490029460331048,13.avi
2290,42,8.4,1061,590,589.5578,0,0.0,13.avi
2290,43,8.6,1054,587,539.9566,0,29.90217101721828,13.avi
2290,44,8.8,1040,585,547.81024,0,66.82408985070428,13.avi
2291,44,8.8,1045,921,299.85016,0,0.0,13.avi
2290,45,9.0,1034,580,540.8232,0,44.546398191064505,13.avi
2291,45,9.0,1044,920,260.80203,0,5.992725412826384,13.avi
2290,46,9.2,1031,573,571.8854,0,38.15059815584072,13.avi
2291,46,9.2,1042,918,271.15524,0,12.913195203030211,13.avi
2290,47,9.4,1029,566,645.0478,0,34.24729117937651,13.avi
2291,47,9.4,1041,916,299.6051,0,11.594010589221003,13.avi
2290,48,9.6,1024,563,764.3172,0,30.787876031757616,13.avi
2291,48,9.6,1038,917,356.59787,0,14.173574999677546,13.avi
2290,49,9.8,1016,559,775.4496,0,42.77046151176869,13.avi
2290,50,10.0,1010,557,774.6106,0,32.48643233925222,13.avi
2290,51,10.2,1000,557,766.2661,0,45.74478870165841,13.avi
2290,52,10.4,987,552,656.50476,0,64.23298960133336,13.avi
2290,53,10.6,979,553,613.4325,0,44.26196954770752,13.avi
2291,53,10.6,1014,926,374.20197,0,7.473225932283925,13.avi
2290,54,10.8,974,554,634.75916,0,30.42021374508856,13.avi
2291,54,10.8,1011,928,350.37555,0,17.073754479932514,13.avi
2290,55,11.0,965,551,619.9471,0,40.920423740493725,13.avi
2291,55,11.0,1007,929,335.19992,0,20.87028770025479,13.avi
2290,56,11.2,958,546,677.93054,0,45.2039148846473,13.avi
2291,56,11.2,1005,930,303.54575,0,12.397534131393328,13.avi
2292,16,3.2,696,68,12181.754,0,0.0,14.avi
2293,16,3.2,747,35,7494.224,0,0.0,14.avi
2292,17,3.4,665,42,9679.081,0,161.1260303496924,14.avi
2293,17,3.4,740,10,1730.4717,0,102.57836657435378,14.avi
2292,18,3.6,639,14,3329.329,0,187.95623659511807,14.avi
2294,20,4.0,784,248,308.42245,0,0.0,14.avi
2294,21,4.2,771,263,287.95496,0,78.48120047581459,14.avi
2295,21,4.2,873,452,169.27238,0,0.0,14.avi
2294,22,4.4,758,274,312.58694,0,85.46700181027471,14.avi
2295,22,4.4,866,452,179.28795,0,28.14673639218675,14.avi
2296,32,6.4,323,37,13166.492,0,0.0,14.avi
2297,32,6.4,168,18,2873.2246,0,0.0,14.avi
2296,33,6.6,371,70,27577.53,0,231.68179282153355,14.avi
2296,34,6.8,386,79,32049.479,0,102.6564878231644,14.avi
2296,35,7.0,398,124,38133.758,0,196.57294288634944,14.avi
2296,36,7.2,353,200,37215.88,0,369.7647267182201,14.avi
2296,37,7.4,247,287,48690.89,0,604.289148504257,14.avi
2298,37,7.4,422,265,3638.153,0,0.0,14.avi
2299,37,7.4,353,216,1994.5737,0,0.0,14.avi
2296,38,7.6,185,338,52884.074,0,449.73083964189067,14.avi
2298,38,7.6,387,296,1098.4587,0,186.74000140569777,14.avi
2300,38,7.6,266,466,3990.2415,0,0.0,14.avi
2301,38,7.6,189,180,4297.476,0,0.0,14.avi
2302,40,8.0,120,338,5445.673,0,0.0,14.avi
2303,40,8.0,257,517,1067.3121,0,0.0,14.avi
2304,41,8.2,293,556,1152.9282,0,0.0,14.avi
2304,45,9.0,319,571,2499.6704,0,14.946028186274836,14.avi
2305,49,9.8,257,648,1740.3748,0,0.0,14.avi
2306,9,1.8,891,527,20153.785,0,0.0,15.avi
2306,11,2.2,887,509,26043.312,0,29.45235513748487,15.avi
2307,11,2.2,161,648,301.63135,0,0.0,16.avi
2307,12,2.4,162,650,314.12732,0,9.079315370132928,16.avi
2307,13,2.6,162,653,336.07886,0,12.707857983980448,16.avi
2308,16,3.2,1184,403,23379.875,0,0.0,16.avi
2309,1,0.2,151,501,49026.465,0,0.0,17.avi
2309,2,0.4,148,409,44567.758,0,368.58013036516223,17.avi
2309,3,0.6,111,307,51383.957,0,525.5743881697433,17.avi
2309,4,0.8,118,250,54539.5,0,335.6498826902819,17.avi
2310,4,0.8,231,625,1430.6505,0,0.0,17.avi
2311,4,0.8,7,223,697.5857,0,0.0,17.avi
2309,5,1.0,170,228,51735.652,0,254.2224511869477,17.avi
2310,5,1.0,233,635,1523.0715,0,39.57038268132967,17.avi
2309,6,1.2,157,234,44853.8,0,15.517028314874256,17.avi
2310,6,1.2,232,636,1344.285,0,8.815227546373148,17.avi
2309,7,1.4,134,252,48140.367,0,112.6583781005656,17.avi
2310,7,1.4,244,645,1496.4783,0,58.00388507327548,17.avi
2309,8,1.6,100,285,47370.34,0,207.2937039263373,17.avi
2310,8,1.6,261,655,1665.5768,0,89.40318611492546,17.avi
2309,9,1.8,81,317,42281.168,0,186.80668692862685,17.avi
2310,9,1.8,279,638,1553.9751,0,100.01839186338432,17.avi
2309,10,2.0,65,291,30691.742,0,109.7595916936192,17.avi
2310,10,2.0,287,629,1594.9938,0,69.37681585461385,17.avi
2309,11,2.2,81,282,32517.98,0,65.84762832669071,17.avi
2310,11,2.2,310,631,1559.0809,0,100.87447722912869,17.avi
2309,12,2.4,82,266,31605.035,0,75.82755028887917,17.avi
2310,12,2.4,316,633,1455.41,0,46.37976148483976,17.avi
2309,13,2.6,95,239,33563.984,0,130.25464842952823,17.avi
2310,13,2.6,339,635,1712.2876,0,100.10656431398492,17.avi
2310,14,2.8,336,605,1948.48,0,111.6936772564253,17.avi
2310,15,3.0,343,588,1736.9082,0,97.01707827265516,17.avi
2310,16,3.2,371,585,1546.8583,0,120.35196998673308,17.avi
2312,16,3.2,64,191,33218.332,0,0.0,17.avi
2310,17,3.4,392,574,1380.6632,0,117.02528355952614,17.avi
2312,17,3.4,58,155,26705.207,0,149.21567077974754,17.avi
2310,18,3.6,413,564,1358.9966,0,118.50271538951122,17.avi
2312,18,3.6,86,134,37308.17,0,166.28006072211426,17.avi
2313,18,3.6,117,14,1945.9362,0,0.0,17.avi
2310,19,3.8,461,548,1467.1019,0,220.8884846619443,17.avi
2312,19,3.8,94,114,42682.316,0,117.35008305147252,17.avi
2310,20,4.0,524,545,1462.848,0,290.76747851590966,17.avi
2312,20,4.0,91,119,45324.707,0,3.875508059758416,17.avi
2312,21,4.2,78,98,36611.867,0,93.9726678597958,17.avi
2314,21,4.2,546,900,407.44434,0,0.0,17.avi
2312,22,4.4,84,93,33334.98,0,39.87227838968291,17.avi
2314,22,4.4,554,896,403.12518,0,33.68945669178267,17.avi
2315,22,4.4,641,531,1416.0107,0,0.0,17.avi
2312,23,4.6,78,95,30433.123,0,20.859537394030788,17.avi
2314,23,4.6,569,884,445.4326,0,92.29982563634668,17.avi
2312,24,4.8,61,94,24527.139,0,69.44137801389564,17.avi
2314,24,4.8,578,879,427.2163,0,59.82514601489181,17.avi
2316,24,4.8,788,479,1699.087,0,0.0,17.avi
2312,25,5.0,45,71,15589.385,0,117.14878943970145,17.avi
2314,25,5.0,588,874,408.82117,0,56.90160349646352,17.avi
2317,26,5.2,966,392,1631.6847,0,0.0,17.avi
2318,27,5.4,1062,329,1857.9875,0,0.0,17.avi
2319,28,5.6,1122,247,1580.6763,0,0.0,17.avi
2320,7,1.4,1082,147,30896.121,0,0.0,18.avi
