tracker_id,frame_idx,timestamp,centroid_x,centroid_y,area,class,speed_px_per_sec,confidence,track_length,frames_lost,bbox_x1,bbox_y1,bbox_x2,bbox_y2,kalman_area,velocity_x,velocity_y,displacement,trajectory_angle,source_video
0,2,0.4,1200,194,27610.877,0,0.0,0.8535628914833069,1,0,1120.0161,108.64795,1280.0,281.2333,27610.877,0.0,0.0,0.0,0.0,1.avi
1,3,0.6,1182,373,1130.4462,0,0.0,0.691486120223999,1,0,1165.5918,357.10297,1199.4741,390.46686,1130.4462,0.0,0.0,0.0,0.0,1.avi
1,6,1.2,1158,405,997.355,0,199.60978103441727,0.5091044306755066,5,0,1143.4779,388.64224,1173.0907,422.32217,997.355,-20.442741,26.722345,39.7019872115801,231.8350359677741,1.avi
2,6,1.2,1087,432,5127.1064,0,0.0,0.5315536856651306,1,0,1048.1465,400.1664,1126.2607,465.8024,5127.1064,0.0,0.0,0.0,0.0,1.avi
3,7,1.4,940,332,3547.4858,0,0.0,0.8603551387786865,1,0,908.8551,304.49628,971.1603,361.43353,3547.4858,0.0,0.0,0.0,0.0,1.avi
4,7,1.4,919,439,2601.003,0,0.0,0.8291316628456116,1,0,893.08954,414.25107,945.06525,464.29373,2601.003,0.0,0.0,0.0,0.0,1.avi
5,7,1.4,1018,375,3430.7136,0,0.0,0.7809067368507385,1,0,989.3613,346.09283,1047.7745,404.82465,3430.7136,0.0,0.0,0.0,0.0,1.avi
6,7,1.4,985,432,3581.764,0,0.0,0.759882926940918,1,0,956.96313,400.78314,1013.2749,464.3891,3581.764,0.0,0.0,0.0,0.0,1.avi
7,7,1.4,936,383,1505.6155,0,0.0,0.6964560747146606,1,0,915.90576,365.54037,956.7241,402.42612,1505.6155,0.0,0.0,0.0,0.0,1.avi
8,7,1.4,971,385,542.6428,0,0.0,0.6479485034942627,1,0,960.1561,374.23425,983.53015,397.4499,542.6428,0.0,0.0,0.0,0.0,1.avi
9,8,1.6,765,364,680.21313,0,0.0,0.6051102876663208,1,0,752.8041,351.8916,778.9291,377.92847,680.21313,0.0,0.0,0.0,0.0,1.avi
10,8,1.6,812,361,23972.168,0,0.0,0.7257353663444519,1,0,730.7588,288.1974,894.09546,434.96277,23972.168,0.0,0.0,0.0,0.0,1.avi
9,9,1.8,762,345,2494.909,0,100.44178804969276,0.1614873707294464,3,0,738.99866,318.935,786.3534,371.62048,2494.909,-12.736807,-78.3724,20.28200877332281,100.9901793687871,1.avi
11,10,2.0,609,420,16451.674,0,0.0,0.8514652252197266,1,0,546.85187,354.9674,672.67377,485.72107,16451.674,0.0,0.0,0.0,0.0,1.avi
12,11,2.2,524,468,3757.2341,0,0.0,0.8568081855773926,1,0,494.60962,436.90817,554.397,499.7515,3757.2341,0.0,0.0,0.0,0.0,1.avi
13,12,2.4,300,500,21526.309,0,0.0,0.6001250743865967,1,0,224.2286,429.38574,376.5413,570.71545,21526.309,0.0,0.0,0.0,0.0,1.avi
14,13,2.6,74,635,24037.184,0,0.0,0.6428557634353638,1,0,0.112091064,554.6376,148.05856,717.10974,24037.184,0.0,0.0,0.0,0.0,1.avi
15,3,0.6,823,78,2556.9731,0,0.0,0.8286288976669312,1,0,799.4818,52.312546,848.2633,104.729416,2556.9731,0.0,0.0,0.0,0.0,2.avi
16,3,0.6,840,138,677.27704,0,0.0,0.706227719783783,1,0,827.1317,126.03032,853.4994,151.7162,677.27704,0.0,0.0,0.0,0.0,2.avi
15,4,0.8,829,65,1056.984,0,71.93496875148088,0.6385172605514526,3,0,813.7458,48.322044,844.8012,82.35743,1056.984,21.56061,-52.619724,14.460552483010735,69.23221497637564,2.avi
16,4,0.8,815,150,2846.655,0,137.69030950282655,0.4504964649677276,3,0,783.5536,128.66193,847.9912,172.83884,2846.655,-97.97662,47.413643,27.65287494541585,203.7265406330905,2.avi
15,5,1.0,805,57,1375.035,0,144.65772065238536,0.6926633715629578,5,0,787.08685,39.254204,824.83417,75.68157,1375.035,-104.938194,-40.475433,28.668957769630754,184.36943964109247,2.avi
16,5,1.0,772,175,1183.8047,0,149.40986123927766,0.6314074993133545,5,0,751.9764,161.1542,792.289,190.5198,1183.8047,-208.0788,118.86585,28.330045158919496,211.41579384906763,2.avi
17,5,1.0,801,216,3825.5964,0,0.0,0.861266016960144,1,0,769.9165,186.93604,833.8959,246.73026,3825.5964,0.0,0.0,0.0,0.0,2.avi
18,5,1.0,748,130,3591.2095,0,0.0,0.81789231300354,1,0,718.2744,101.16896,779.4502,159.87209,3591.2095,0.0,0.0,0.0,0.0,2.avi
19,5,1.0,844,168,1272.4753,0,0.0,0.7984760403633118,1,0,827.536,150.38852,862.3817,186.90594,1272.4753,0.0,0.0,0.0,0.0,2.avi
20,5,1.0,737,185,1305.0673,0,0.0,0.7210478186607361,1,0,719.82227,167.08484,754.3926,204.83594,1305.0673,0.0,0.0,0.0,0.0,2.avi
21,5,1.0,724,97,691.2098,0,0.0,0.7113520503044128,1,0,710.67664,84.51977,738.1068,109.71865,691.2098,0.0,0.0,0.0,0.0,2.avi
22,5,1.0,742,77,683.9125,0,0.0,0.6787316203117371,1,0,730.7815,63.722748,754.7766,92.2249,683.9125,0.0,0.0,0.0,0.0,2.avi
23,5,1.0,823,117,2802.6262,0,0.0,0.5472303032875061,1,0,797.48535,91.024445,850.2705,144.11942,2802.6262,0.0,0.0,0.0,0.0,2.avi
24,5,1.0,708,145,717.7378,0,0.0,0.5120483040809631,1,0,696.77747,130.84865,721.161,160.28398,717.7378,0.0,0.0,0.0,0.0,2.avi
20,6,1.2,726,163,2687.511,0,125.96727233322406,0.7270812392234802,3,0,704.04987,133.82211,749.8117,192.55026,2687.511,-40.62529,-90.915,25.505964915104467,115.8160512527059,2.avi
24,6,1.2,688,154,1118.1116,0,113.74974864008338,0.2243597209453582,3,0,671.9865,136.89774,704.32855,171.46918,1118.1116,-83.08067,34.399765,22.60168139500684,201.9096566348872,2.avi
25,6,1.2,635,214,7795.018,0,0.0,0.8094302415847778,1,0,589.23157,172.357,682.50183,255.93152,7795.018,0.0,0.0,0.0,0.0,2.avi
26,7,1.4,552,256,1263.6454,0,0.0,0.7077361345291138,1,0,535.54266,237.7096,569.70245,274.70178,1263.6454,0.0,0.0,0.0,0.0,2.avi
27,8,1.6,363,354,24744.531,0,0.0,0.8652107119560242,1,0,295.17688,263.32654,431.3341,445.06152,24744.531,0.0,0.0,0.0,0.0,2.avi
28,8,1.6,404,346,2557.2546,0,0.0,0.5031532645225525,1,0,381.16278,318.82004,427.2884,374.26114,2557.2546,0.0,0.0,0.0,0.0,2.avi
29,9,1.8,154,491,25568.713,0,0.0,0.9114271998405457,1,0,70.56082,415.6657,238.93973,567.51794,25568.713,0.0,0.0,0.0,0.0,2.avi
30,9,1.8,140,451,3301.9148,0,0.0,0.628136396408081,1,0,113.48897,421.04956,167.72585,481.92908,3301.9148,0.0,0.0,0.0,0.0,2.avi
31,11,2.2,583,910,1604.8535,0,0.0,0.7257181406021118,1,0,563.1869,890.549,604.11536,929.7602,1604.8535,0.0,0.0,0.0,0.0,2.avi
32,6,1.2,657,501,3212.407,0,0.0,0.8584226369857788,1,0,628.916,473.4278,685.3314,530.3698,3212.407,0.0,0.0,0.0,0.0,3.avi
33,7,1.4,601,493,1273.0201,0,0.0,0.761087954044342,1,0,582.78516,476.01154,619.9441,510.27032,1273.0201,0.0,0.0,0.0,0.0,3.avi
33,8,1.6,572,473,2509.6838,0,175.76448315896516,0.7385266423225403,3,0,547.19556,448.78372,598.26306,497.9282,2509.6838,-114.31258,-78.9819,35.60812003439017,145.55412601114108,3.avi
33,9,1.8,533,455,2898.7622,0,88.47353880443879,0.8333337306976318,5,0,506.23474,428.10117,559.9092,482.1075,2898.7622,-191.21829,-90.22469,17.05992557374748,171.3710981990357,3.avi
33,10,2.0,522,457,2691.4084,0,191.79400543005636,0.7185694575309753,7,0,497.89615,430.10272,547.70636,484.136,2691.4084,-83.94737,-13.298561,33.70354401202408,323.72600287980777,3.avi
33,11,2.2,497,435,2922.4915,0,118.36666643585887,0.6318066120147705,9,0,471.90408,406.89386,523.4532,463.58722,2922.4915,-115.93327,-87.069305,21.445054843966812,114.84888657306794,3.avi
33,12,2.4,462,388,3735.805,0,179.1985684586375,0.8808872103691101,11,0,433.10132,356.91278,492.479,419.82874,3735.805,-160.9452,-200.3736,32.33700125777302,112.72489375365508,3.avi
33,13,2.6,420,364,2528.5337,0,109.44405459005075,0.4043878316879272,13,0,397.2216,337.60867,443.72812,391.97806,2528.5337,-199.8914,-136.92416,18.94724470915887,235.97821955598403,3.avi
34,15,3.0,319,394,1586.4833,0,0.0,0.6524091958999634,1,0,300.06976,374.1116,339.81256,414.03036,1586.4833,0.0,0.0,0.0,0.0,3.avi
35,0,0.0,656,42,1166.2328,0,0.0,0.583608865737915,1,0,639.30115,25.870152,673.4159,60.055744,1166.2328,0.0,0.0,0.0,0.0,4.avi
35,1,0.2,637,67,1335.2646,0,156.90943299505628,0.275101363658905,3,0,618.72205,49.222023,655.5222,85.50626,1335.2646,-76.79188,97.40996,30.86312026564265,231.15336326732373,4.avi
35,2,0.4,644,83,1571.9989,0,118.95941499416996,0.7623921036720276,5,0,625.11646,63.61839,663.69653,104.36481,1571.9989,26.892128,84.33867,22.566443042926995,9.813179547091408,4.avi
35,3,0.6,631,84,1104.042,0,138.90669153721993,0.7285970449447632,7,0,614.82306,67.4031,647.26227,101.43731,1104.042,-44.98091,21.297745,25.241041224180695,138.09222947100795,4.avi
35,4,0.8,643,91,801.65594,0,120.66662523614366,0.3188857436180115,9,0,628.8123,77.99338,657.4787,105.95842,801.65594,36.005753,33.94967,21.081563637044933,353.6812067021056,4.avi
35,5,1.0,618,100,832.691,0,180.4012301309344,0.7492499351501465,11,0,603.92175,85.997665,633.02966,114.604706,832.691,-86.58804,39.855522,32.370215630143,182.18502771615093,4.avi
36,7,1.4,682,151,1310.647,0,0.0,0.8462912440299988,1,0,664.9601,133.38704,700.78235,169.97453,1310.647,0.0,0.0,0.0,0.0,4.avi
37,7,1.4,768,131,868.59454,0,0.0,0.613210916519165,1,0,755.09814,115.658936,782.86475,146.94092,868.59454,0.0,0.0,0.0,0.0,4.avi
36,8,1.6,693,134,1937.305,0,101.1134487197146,0.8742110729217529,3,0,670.1189,113.679855,716.46094,155.48433,1937.305,41.59172,-68.25823,20.37651754429453,60.19291784884865,4.avi
36,9,1.8,680,156,2000.7775,0,215.88052586720465,0.8664353489875793,5,0,657.8645,134.54042,703.23083,178.64317,2000.7775,-54.84758,95.03959,41.19213497960938,238.3605066421682,4.avi
36,10,2.0,652,205,2082.7144,0,192.73210392463656,0.8556908965110779,7,0,629.1696,183.01715,675.38116,228.08633,2082.7144,-121.200195,209.89986,34.25444740217826,239.1252342846197,4.avi
38,11,2.2,613,193,2125.0986,0,0.0,0.8499230742454529,1,0,587.32935,172.69351,639.6096,213.3417,2125.0986,0.0,0.0,0.0,0.0,4.avi
38,12,2.4,615,184,3632.744,0,43.932491829495895,0.8762364983558655,3,0,586.83,153.50816,645.09454,215.85728,3632.744,9.951385,-33.272964,9.146570378434165,80.36724474829987,4.avi
38,13,2.6,636,192,2277.6235,0,123.44408672648422,0.7089695930480957,5,0,613.0967,168.38359,660.23486,216.70161,2277.6235,95.64146,33.190613,22.823726127912508,322.2538629186671,4.avi
39,22,4.4,513,242,1544.7349,0,0.0,0.5530679821968079,1,0,495.39844,221.2966,532.14526,263.33383,1544.7349,0.0,0.0,0.0,0.0,4.avi
39,23,4.6,542,244,1831.3472,0,143.76187543465568,0.8684614300727844,3,0,518.8729,224.44164,565.4977,263.72006,1831.3472,113.42696,7.0484753,28.27838249002432,356.5843800268956,4.avi
40,24,4.8,510,277,2532.047,0,0.0,0.8552271127700806,1,0,484.96222,252.64813,536.75995,301.5315,2532.047,0.0,0.0,0.0,0.0,4.avi
41,24,4.8,526,248,269.6168,0,0.0,0.517427921295166,1,0,518.94,240.46027,534.78986,257.47095,269.6168,0.0,0.0,0.0,0.0,4.avi
40,25,5.0,491,297,2001.968,0,141.97574677713442,0.8625342845916748,3,0,469.83167,274.41245,513.2029,320.57138,2001.968,-77.22081,81.44551,28.122556678834165,225.07073902234464,4.avi
40,26,5.2,445,305,1827.8733,0,165.7108083754102,0.8532394170761108,5,0,425.42746,282.41385,465.4778,328.05325,1827.8733,-217.43584,42.305668,32.290011733035044,164.2201484162107,4.avi
40,27,5.4,400,318,1658.2681,0,26.473012165507907,0.85857093334198,7,0,380.10052,297.6301,420.51288,338.6638,1658.2681,-223.79683,59.379326,4.732743621988828,245.46251262957563,4.avi
40,28,5.6,382,340,1534.6913,0,164.07435864281786,0.8450679779052734,9,0,363.26044,320.43015,402.31494,359.7263,1534.6913,-119.237274,97.97612,28.271685322688118,339.33493290723,4.avi
40,29,5.8,346,368,1459.757,0,84.85644095613453,0.8263636827468872,11,0,327.1586,349.11115,365.76797,386.91956,1459.757,-167.23073,130.06384,15.387713485532007,212.75977779398744,4.avi
40,30,6.0,325,384,1522.8651,0,88.89060546203741,0.8429921269416809,13,0,306.21014,364.88763,344.92206,404.22607,1522.8651,-118.96685,93.63701,15.625351094741896,39.92500730286372,4.avi
42,30,6.0,1078,359,587.2117,0,0.0,0.5367036461830139,1,0,1066.399,347.31708,1089.9777,372.2215,587.2117,0.0,0.0,0.0,0.0,4.avi
40,31,6.2,313,397,1788.1036,0,74.7233770615864,0.8683993220329285,15,0,292.69138,375.54944,334.2009,418.62634,1788.1036,-74.07165,69.80621,12.866357194803928,29.237063902571208,4.avi
40,32,6.4,283,404,2197.6228,0,94.68469390772351,0.8754427433013916,17,0,260.38504,380.386,306.1362,428.42023,2197.6228,-133.18854,44.24591,17.147700165867203,155.72709532897056,4.avi
43,32,6.4,1206,660,1310.1218,0,0.0,0.657305121421814,1,0,1188.7028,641.6461,1224.3656,678.38245,1310.1218,0.0,0.0,0.0,0.0,4.avi
44,32,6.4,1070,471,1560.9572,0,0.0,0.618956983089447,1,0,1052.7422,450.2591,1088.7246,493.6402,1560.9572,0.0,0.0,0.0,0.0,4.avi
40,33,6.6,244,404,2029.5426,0,86.82322918826816,0.8620986938476562,19,0,222.26271,381.13986,265.8818,427.6686,2029.5426,-181.45786,10.21674,15.650657462328311,143.75951411512688,4.avi
40,34,6.8,219,417,1738.0587,0,90.9556413906381,0.7862100601196289,21,0,198.91545,396.35983,240.03877,438.62436,1738.0587,-136.47389,52.693485,15.402179194135366,316.75450442801326,4.avi
40,35,7.0,175,447,1590.7678,0,146.23047848045593,0.8632054328918457,23,0,154.92375,428.1574,195.7324,467.13855,1590.7678,-201.29456,128.14029,25.59420273445113,227.8296850446972,4.avi
45,35,7.0,1066,666,3579.6921,0,0.0,0.5494855046272278,1,0,1035.7147,636.6199,1096.3868,695.6205,3579.6921,0.0,0.0,0.0,0.0,4.avi
40,36,7.2,153,456,1284.6366,0,139.21142796847838,0.818500280380249,25,0,135.21014,438.8944,171.31375,474.47638,1284.6366,-131.32596,64.333405,24.899317202320933,43.93449823114884,4.avi
45,36,7.2,1035,701,2255.446,0,236.9671422829273,0.8526691794395447,3,0,1010.454,678.44434,1059.6708,724.271,2255.446,-123.70644,140.66867,46.69853299039077,228.32382369643355,4.avi
40,37,7.4,133,470,1825.5122,0,37.05012944940934,0.4191582798957824,27,0,111.76911,449.16364,155.27678,491.122,1825.5122,-106.22652,66.60543,6.019938504221181,355.7327400405437,4.avi
45,37,7.4,1011,716,2736.7603,0,66.46645027526051,0.8552674055099487,5,0,986.1181,690.3691,1037.8008,743.3223,2736.7603,-116.20437,82.76251,13.508467463808188,87.11901753347513,4.avi
40,38,7.6,120,482,1466.3728,0,48.887247984289374,0.3540235459804535,29,0,100.24716,465.09552,141.55658,500.59283,1466.3728,-73.05816,64.22204,7.8598792996089,10.733983125015412,4.avi
45,38,7.6,991,731,2865.9202,0,18.63741734072295,0.8650988936424255,7,0,964.7401,704.8899,1018.35767,758.34106,2865.9202,-105.35066,75.9262,3.3100254385244736,46.42927690783336,4.avi
40,39,7.8,110,491,1631.6863,0,30.40482155572294,0.7369319200515747,31,0,89.56024,472.23306,130.84023,511.76035,1631.6863,-58.020493,50.023197,5.978736947670448,51.64787773807655,4.avi
45,39,7.8,945,728,2242.9907,0,172.17334700859018,0.4477935433387756,9,0,922.57214,704.78674,969.0338,753.063,2242.9907,-200.06638,7.311363,31.66440082792134,143.57646633340295,4.avi
40,40,8.0,101,501,1372.0836,0,15.94306964493745,0.5453681349754333,33,0,82.72799,482.58014,119.79871,519.5927,1372.0836,-47.762505,46.504417,2.604081385558444,22.614454554894,4.avi
45,40,8.0,905,741,1756.5044,0,62.5305569888317,0.3463992476463318,11,0,883.8933,720.7836,926.43274,762.0749,1756.5044,-202.47672,49.78569,10.642192129478014,265.74462257161986,4.avi
45,41,8.2,840,752,2077.0767,0,139.642916713639,0.2150573134422302,13,0,816.5443,730.8357,863.4939,775.0763,2077.0767,-297.27625,55.822334,24.67529360540096,181.42488827818704,4.avi
45,42,8.4,804,772,2084.0046,0,143.91337500556523,0.7514274716377258,15,0,780.62573,750.5296,828.8043,793.78534,2084.0046,-204.3922,86.7322,24.7252956993937,341.41673920632604,4.avi
46,0,0.0,1041,249,29007.857,0,0.0,0.7799738645553589,1,0,946.3208,173.13623,1136.2656,325.85352,29007.857,0.0,0.0,0.0,0.0,6.avi
46,1,0.2,1045,241,21475.34,0,45.81332451437542,0.8933793902397156,3,0,969.9138,169.88045,1120.3252,312.65784,21475.34,15.274712,-32.837276,9.26839461593819,66.42567105557362,6.avi
46,2,0.4,1004,205,24584.232,0,275.0118627352716,0.8987434506416321,5,0,923.3685,129.35214,1085.6129,280.8781,24584.232,-184.75851,-168.31784,53.231292837765466,146.08420074115696,6.avi
46,3,0.6,977,138,21563.29,0,189.26246599632665,0.9155604243278505,7,0,901.8042,67.74397,1053.1699,210.2022,21563.29,-146.60956,-292.86658,34.76372986975528,74.20767078066814,6.avi
47,3,0.6,1230,476,16012.342,0,0.0,0.6273453235626221,1,0,1182.2267,394.50684,1279.4095,559.2719,16012.342,0.0,0.0,0.0,0.0,6.avi
46,4,0.8,986,91,23822.584,0,224.88492967020795,0.8743363618850708,9,0,907.51526,15.727684,1065.4581,166.5581,23822.584,0.48416138,-251.63005,39.29172958589013,344.3486541287607,6.avi
47,4,0.8,1202,497,23746.672,0,176.24523559057198,0.4319057762622833,3,0,1126.9236,418.29517,1277.7146,575.7759,23746.672,-113.76857,80.42371,35.14144351973249,214.90913386357028,6.avi
47,5,1.0,1130,467,29582.785,0,349.3323925046293,0.1928769946098327,5,0,1040.634,385.11203,1221.1465,548.99414,29582.785,-336.65814,-130.5235,67.70382773008019,137.0620604950147,6.avi
48,5,1.0,1040,135,18983.957,0,0.0,0.9258052110671996,1,0,966.82227,70.75485,1113.521,200.16269,18983.957,0.0,0.0,0.0,0.0,6.avi
49,5,1.0,1129,515,3255.211,0,0.0,0.7485789656639099,1,0,1094.1317,492.87073,1164.8358,538.91064,3255.211,0.0,0.0,0.0,0.0,6.avi
50,5,1.0,1080,485,2417.8125,0,0.0,0.7181971669197083,1,0,1055.3204,461.59314,1106.3488,508.9749,2417.8125,0.0,0.0,0.0,0.0,6.avi
47,6,1.2,1023,408,14613.92,0,287.74281213148,0.5983231663703918,7,0,960.15393,350.81686,1086.0197,466.92404,14613.92,-491.85968,-253.53622,52.25510736045356,140.91078971724187,6.avi
48,6,1.2,1108,185,24542.133,0,429.4203170575748,0.9069711565971376,3,0,1027.0835,110.653404,1190.2158,261.09644,24542.133,273.36514,201.2621,83.99417274837836,323.85594463913327,6.avi
50,6,1.2,1046,489,3841.8218,0,173.50423999791164,0.7138819098472595,3,0,1014.78314,459.12204,1078.621,519.30304,3841.8218,-136.25798,15.682658,35.03223436151759,186.08898806297196,6.avi
51,6,1.2,984,476,2817.1013,0,0.0,0.807475745677948,1,0,957.4724,450.4381,1011.5156,502.56494,2817.1013,0.0,0.0,0.0,0.0,6.avi
47,7,1.4,924,406,8135.193,0,270.7750657407773,0.2308583408594131,9,0,876.07294,364.00885,972.7508,448.1563,8135.193,-493.02267,-69.60213,47.842132787854766,269.1438706502367,6.avi
48,7,1.4,1192,212,21636.023,0,168.69769239142846,0.9101489186286926,5,0,1117.9331,140.81454,1267.8528,285.1319,21636.023,408.77136,141.02768,31.96831961021432,26.22626928375928,6.avi
51,7,1.4,945,505,4265.9434,0,245.01814007240617,0.2326617389917373,3,0,914.1392,471.77615,977.19904,539.4253,4265.9434,-154.9895,116.16438,48.7025720966424,215.81382553728668,6.avi
52,7,1.4,950,456,34771.945,0,0.0,0.7953867316246033,1,0,853.7543,366.94415,1048.2437,545.73,34771.945,0.0,0.0,0.0,0.0,6.avi
47,8,1.6,828,432,2785.483,0,229.256276778594,0.2767339050769806,11,0,800.4042,407.67285,856.1997,457.5959,2785.483,-483.427,86.076935,39.89812711197586,273.150400869749,6.avi
48,8,1.6,1238,242,13974.26,0,201.61232658096492,0.8999886512756348,7,0,1182.3741,180.2995,1294.6041,304.81412,13974.26,270.11197,146.31223,36.65641743940855,181.2837509694937,6.avi
53,8,1.6,872,490,4177.628,0,0.0,0.7589877247810364,1,0,832.0308,464.5219,912.8582,516.2077,4177.628,0.0,0.0,0.0,0.0,6.avi
48,9,1.8,1256,265,8047.8584,0,207.33466314061215,0.643602192401886,9,0,1217.7532,213.52927,1294.9199,317.821,8047.8584,131.25784,122.72865,37.14283069624867,169.42076112967493,6.avi
52,9,1.8,928,409,8206.58,0,262.0034151235273,0.5287371873855591,4,0,886.57544,360.17734,970.4967,457.96634,8206.58,-36.82445,-77.484,52.62841580978802,115.91304263214096,6.avi
54,9,1.8,897,324,4032.5076,0,0.0,0.5183289647102356,1,0,862.874,294.94354,931.37524,353.81122,4032.5076,0.0,0.0,0.0,0.0,6.avi
48,10,2.0,1250,299,7082.6045,0,187.12523284787105,0.8420253992080688,11,0,1216.7008,247.26942,1284.8029,351.2693,7082.6045,8.79734,157.5342,33.7499535715371,195.07731598876344,6.avi
54,10,2.0,884,367,4154.473,0,226.60440735506856,0.6582223773002625,3,0,850.6051,336.8019,918.4055,398.077,4154.473,-50.376442,171.90456,44.59757522699441,252.8850144638894,6.avi
55,10,2.0,849,316,1965.1674,0,0.0,0.7822316884994507,1,0,827.86755,293.0594,870.68835,338.9522,1965.1674,0.0,0.0,0.0,0.0,6.avi
48,11,2.2,1236,355,9176.348,0,167.89527594841692,0.8274224400520325,13,0,1197.9006,296.5959,1275.324,415.11774,9176.348,-52.351315,253.99551,29.315832246362064,235.7210122907113,6.avi
48,12,2.4,1220,418,13966.415,0,75.0760175053953,0.9175803065299988,15,0,1171.5536,348.04236,1270.1859,489.64307,13966.415,-72.62825,300.86526,12.900137513491,241.56731608050163,6.avi
56,12,2.4,955,190,3699.9104,0,0.0,0.8266900777816772,1,0,922.75366,162.52927,987.7627,219.44305,3699.9104,0.0,0.0,0.0,0.0,6.avi
57,12,2.4,1027,218,7576.0312,0,0.0,0.7725000977516174,1,0,982.0978,176.77069,1072.3522,260.71155,7576.0312,0.0,0.0,0.0,0.0,6.avi
58,12,2.4,944,254,3768.0354,0,0.0,0.7250877022743225,1,0,912.4273,225.39075,976.2028,284.47354,3768.0354,0.0,0.0,0.0,0.0,6.avi
59,12,2.4,1013,312,7314.5503,0,0.0,0.6960629224777222,1,0,961.7534,277.15692,1065.94,347.36322,7314.5503,0.0,0.0,0.0,0.0,6.avi
48,13,2.6,1184,489,16582.855,0,135.48143371049426,0.9063233137130736,17,0,1127.637,417.24442,1242.1228,562.0908,16582.855,-155.17874,341.83182,24.47333705121447,204.07695415679277,6.avi
57,13,2.6,993,209,3259.377,0,178.58416715631265,0.3011582493782043,3,0,967.5376,177.71478,1018.558,241.59857,3259.377,-136.43578,-36.26526,35.58424315235993,164.1125762889984,6.avi
60,13,2.6,1033,212,767.5066,0,0.0,0.6802577376365662,1,0,1020.18835,198.46341,1047.1122,226.97,767.5066,0.0,0.0,0.0,0.0,6.avi
61,13,2.6,1001,148,3427.3562,0,0.0,0.6483330726623535,1,0,971.92236,119.68518,1031.1421,177.56042,3427.3562,0.0,0.0,0.0,0.0,6.avi
62,13,2.6,1061,173,5454.003,0,0.0,0.5184693932533264,1,0,1022.59204,138.17471,1100.6001,208.0906,5454.003,0.0,0.0,0.0,0.0,6.avi
48,14,2.8,1125,510,20103.207,0,313.7367384093962,0.9249533414840698,19,0,1060.276,433.1658,1190.3505,587.71747,20103.207,-264.90717,158.79367,56.02899131371773,120.98455461189997,6.avi
62,14,2.8,1064,186,3451.3032,0,67.85071421474132,0.7665882110595703,3,0,1036.5032,155.30078,1092.2012,217.26523,3451.3032,11.002251,52.496387,13.089970342787533,280.5822458780303,6.avi
63,14,2.8,1141,164,6711.4185,0,0.0,0.5845168828964233,1,0,1098.8154,125.71741,1184.321,204.20837,6711.4185,0.0,0.0,0.0,0.0,6.avi
48,15,3.0,1049,500,21986.639,0,270.2236667367659,0.9223246574401855,21,0,980.267,420.9295,1119.0969,579.30054,21986.639,-352.01706,-3.0647125,48.22078626834034,118.93737177111213,6.avi
63,15,3.0,1176,153,3347.0403,0,184.46524762372763,0.8416410684585571,3,0,1147.2106,124.75047,1205.3241,182.34529,3347.0403,138.51941,-45.568897,36.4507480638193,19.15915167459372,6.avi
64,15,3.0,1186,278,5062.5874,0,0.0,0.8248573541641235,1,0,1148.7847,245.24658,1224.7173,311.9187,5062.5874,0.0,0.0,0.0,0.0,6.avi
65,15,3.0,1157,210,3049.0798,0,0.0,0.8364535570144653,1,0,1131.0823,181.43967,1184.3215,238.71094,3049.0798,0.0,0.0,0.0,0.0,6.avi
66,15,3.0,1225,203,5653.496,0,0.0,0.75238037109375,1,0,1188.3013,166.001,1262.8071,241.88089,5653.496,0.0,0.0,0.0,0.0,6.avi
48,16,3.2,1011,454,26434.086,0,311.3668502642373,0.8959446549415588,23,0,933.623,369.1756,1088.4836,539.87146,26434.086,-229.81277,-176.0501,55.46790351396398,55.1180040610526,6.avi
64,16,3.2,1209,281,3991.174,0,117.82989892596994,0.80497807264328,3,0,1177.8234,250.46771,1241.9572,312.69983,3991.174,92.37249,11.980502,22.379961249942337,353.7991321498856,6.avi
67,16,3.2,1232,347,4277.6533,0,0.0,0.7605732679367065,1,0,1198.5557,316.06213,1265.9182,379.5641,4277.6533,0.0,0.0,0.0,0.0,6.avi
68,16,3.2,1261,264,2940.6582,0,0.0,0.5594972372055054,1,0,1242.293,225.81226,1280.0,303.79926,2940.6582,0.0,0.0,0.0,0.0,6.avi
48,17,3.4,992,430,24198.547,0,170.4292800997168,0.9023035764694214,25,0,916.7024,351.53186,1069.1233,510.2932,24198.547,-122.81058,-131.4407,28.953498620748807,338.3403956383037,6.avi
67,17,3.4,1257,366,6297.1675,0,159.7656146436562,0.7478407025337219,3,0,1235.6368,294.87924,1279.3917,438.79837,6297.1675,100.90776,75.9509,30.72413011133096,323.70509109649964,6.avi
48,18,3.6,985,400,23468.55,0,100.3187390294034,0.9127250909805298,27,0,908.7133,323.65665,1062.2832,476.4767,23468.55,-56.86193,-148.96942,17.279580534888417,15.522789346284526,6.avi
67,18,3.6,1254,426,8325.841,0,264.483329799174,0.6457306146621704,5,0,1228.5596,345.17902,1279.4937,508.6419,8325.841,-7.476204,281.4688,49.94937983250705,241.6799497999569,6.avi
48,19,3.8,987,369,22716.918,0,73.79155674089255,0.8327862620353699,29,0,912.0155,293.42035,1062.2217,444.6585,22716.918,-6.8923874,-153.71295,12.936909747689196,5.646173679412925,6.avi
48,20,4.0,998,313,31792.46,0,158.48427273821483,0.8361353874206543,31,0,910.2406,223.63484,1087.2152,403.2791,31792.46,43.058056,-249.24594,28.11112212398347,64.14326986876074,6.avi
67,20,4.0,1208,566,22565.844,0,256.9539641660625,0.848224937915802,8,0,1151.967,466.0977,1264.4619,666.69226,22565.844,-80.027885,229.86047,51.11941010037536,144.35316680011238,6.avi
48,21,4.2,1029,285,33114.855,0,177.37311104342655,0.2782787084579468,33,0,938.885,194.45053,1120.6077,376.67795,33114.855,129.23361,-164.80249,30.443428186620427,315.3569898173094,6.avi
49,21,4.2,1102,554,5642.7773,0,236.4419401550432,0.2485524117946624,18,0,1064.7476,516.9015,1139.7148,592.17126,5642.7773,-1.0805806,1.532325,46.98592480862474,234.20152254426856,6.avi
59,21,4.2,1016,306,3708.1667,0,33.24923316261314,0.6139686107635498,11,0,983.37744,278.05582,1049.4365,334.18997,3708.1667,0.29906586,-0.7168797,6.620066072103745,71.01796181159784,6.avi
67,21,4.2,1143,578,25569.686,0,341.83365832044564,0.721613347530365,10,0,1076.819,482.61212,1210.7003,673.5998,25569.686,-265.76498,98.51564,60.0217236970925,145.06986790821418,6.avi
69,21,4.2,1148,614,5924.7144,0,0.0,0.6644191741943359,1,0,1107.6833,578.7257,1189.5593,651.08777,5924.7144,0.0,0.0,0.0,0.0,6.avi
48,22,4.4,1078,276,27895.502,0,188.43582365148276,0.9142953753471376,35,0,994.9463,193.35715,1162.6941,359.65152,27895.502,218.56427,-72.88194,32.39533349659523,313.76269968826483,6.avi
67,22,4.4,1069,583,18665.824,0,145.52621873249993,0.7623894810676575,12,0,1003.9892,511.82285,1134.7896,654.5275,18665.824,-348.08722,41.73651,26.19461661739058,145.57351846934,6.avi
70,22,4.4,1010,500,7763.8003,0,0.0,0.5764282941818237,1,0,968.2197,455.5334,1053.7256,546.33185,7763.8003,0.0,0.0,0.0,0.0,6.avi
48,23,4.6,1143,279,22048.477,0,151.97467080354934,0.9180498719215392,37,0,1068.4736,205.34608,1217.9622,352.83887,22048.477,298.11725,-6.8680115,26.65238696010891,320.1675325784297,6.avi
67,23,4.6,963,576,14542.851,0,221.58221324767757,0.8289735317230225,14,0,901.79047,517.6234,1025.3452,635.32715,14542.851,-487.28467,-16.11681,39.91396706152135,157.11405448868186,6.avi
71,23,4.6,926,489,8827.986,0,0.0,0.6934536099433899,1,0,874.22894,447.7406,979.6607,531.47235,8827.986,0.0,0.0,0.0,0.0,6.avi
48,24,4.8,1183,301,21014.436,0,173.1741988365199,0.8316810727119446,39,0,1111.4663,227.98245,1254.9333,374.45816,21014.436,222.57692,83.51737,30.589024900949244,229.560750976944,6.avi
53,24,4.8,842,469,6002.7227,0,181.91228522825472,0.3225280046463012,18,0,805.44714,429.16083,879.7732,509.9229,6002.7227,-1.18295,-0.82564205,37.1930601512305,144.94028002852394,6.avi
67,24,4.8,877,543,13439.172,0,182.07031123976327,0.8377203941345215,16,0,815.9064,488.63782,939.1791,597.6577,13439.172,-443.32275,-131.88406,32.151974351267384,70.20377622065655,6.avi
48,25,5.0,1197,350,19299.908,0,253.72631458199837,0.865473210811615,41,0,1128.2916,281.0783,1266.3885,420.83447,19299.908,105.755745,210.55933,44.41068385705252,226.24170839856143,6.avi
71,25,5.0,882,462,19002.043,0,258.7431751422179,0.3803152441978454,4,0,824.94226,380.6619,940.3635,545.2939,19002.043,-72.60968,-43.65341,52.74613475707034,148.44049062904287,6.avi
48,26,5.2,1171,386,17981.518,0,265.9396841101285,0.9110152125358582,43,0,1105.3718,318.63705,1238.5664,453.6389,17981.518,-73.16627,183.90567,48.01432626120453,171.53462845073216,6.avi
48,27,5.4,1168,443,17776.506,0,135.79131792339007,0.9192991256713868,45,0,1102.3608,377.16782,1235.3906,510.79575,17776.506,-28.7845,264.91183,22.73691847379032,297.9710297187206,6.avi
48,28,5.6,1133,518,19143.133,0,207.6406974102392,0.9208444356918336,47,0,1063.6494,449.04437,1202.4131,586.9992,19143.133,-144.49966,345.89868,36.73755436189084,214.93160684368632,6.avi
48,29,5.8,1063,587,22467.34,0,230.9292329862264,0.919701337814331,49,0,988.1356,512.795,1138.443,662.27094,22467.34,-301.57623,347.17325,41.13184140807928,179.71926061306056,6.avi
72,29,5.8,953,257,6185.7686,0,0.0,0.5237528085708618,1,0,909.9031,222.04297,996.5033,293.472,6185.7686,0.0,0.0,0.0,0.0,6.avi
73,29,5.8,956,174,4417.672,0,0.0,0.646145761013031,1,0,925.0432,139.34824,987.2776,210.33267,4417.672,0.0,0.0,0.0,0.0,6.avi
48,30,6.0,982,588,23229.64,0,401.6441979525973,0.9284547567367554,51,0,906.2566,512.802,1058.8185,665.0657,23229.64,-380.17407,85.51849,72.08633512357518,106.9152890146521,6.avi
73,30,6.0,967,219,5359.045,0,234.39690656525664,0.5860071182250977,3,0,927.6083,186.46432,1008.07983,253.05981,5359.045,46.641235,179.3278,45.47045649262574,283.7914033162565,6.avi
74,30,6.0,1035,232,3484.3186,0,0.0,0.7554892301559448,1,0,1006.2471,203.15414,1064.6987,262.7644,3484.3186,0.0,0.0,0.0,0.0,6.avi
75,30,6.0,996,296,8022.0864,0,0.0,0.6992166042327881,1,0,950.3744,252.97852,1043.1991,339.4004,8022.0864,0.0,0.0,0.0,0.0,6.avi
75,31,6.2,1022,279,6413.49,0,154.2358869255956,0.7085787057876587,3,0,980.1709,241.86803,1064.8613,317.59668,6413.49,102.712036,-65.69699,30.515334161885256,34.284699207452206,6.avi
76,31,6.2,932,508,19769.57,0,0.0,0.9335800409317015,1,0,866.99677,433.58057,998.53485,583.876,19769.57,0.0,0.0,0.0,0.0,6.avi
77,31,6.2,1091,300,2953.454,0,0.0,0.7223398685455322,1,0,1063.3169,273.8426,1119.2773,326.62012,2953.454,0.0,0.0,0.0,0.0,6.avi
78,31,6.2,1039,363,8240.78,0,0.0,0.7560880780220032,1,0,992.4929,319.76715,1087.2048,406.77606,8240.78,0.0,0.0,0.0,0.0,6.avi
76,32,6.4,936,424,18445.643,0,424.1285648817965,0.8914095759391785,3,0,864.8028,360.04858,1007.22906,489.55872,18445.643,12.974434,-335.02838,84.78997573970997,87.81400445041658,6.avi
78,32,6.4,1038,337,7067.8975,0,128.78569329561006,0.6087849140167236,3,0,992.6364,299.31195,1084.4501,376.2929,7067.8975,-5.212354,-101.673355,26.336583893990163,94.02558098232834,6.avi
79,32,6.4,1055,428,7351.936,0,0.0,0.785269021987915,1,0,1010.9104,387.3819,1100.4553,469.48517,7351.936,0.0,0.0,0.0,0.0,6.avi
73,33,6.6,1044,470,5600.681,0,204.7570946782331,0.722457766532898,7,0,1003.9021,435.77576,1085.2483,504.62573,5600.681,64.903366,210.3299,40.44272673810228,299.942922594226,6.avi
76,33,6.6,931,399,16021.879,0,219.74838233796396,0.8777289390563965,5,0,864.409,340.16824,999.5798,458.69882,16021.879,-17.323135,-144.37389,41.899067530073104,259.53429249343327,6.avi
78,33,6.6,1012,315,8309.232,0,128.44411367250046,0.8486658334732056,5,0,964.10315,272.9046,1061.7827,357.9709,8309.232,-117.66572,-110.96911,25.619860651277893,174.47254750200457,6.avi
79,33,6.6,1058,391,4137.073,0,184.95078232010792,0.17458276450634,3,0,1027.0011,359.25613,1090.3102,424.60336,4137.073,11.867357,-145.72372,37.50517968411798,86.45790603392197,6.avi
76,34,6.8,901,369,22571.27,0,148.5727548230156,0.5879167318344116,7,0,823.21185,297.42657,980.59357,440.84393,22571.27,-119.4328,-149.83266,27.573878234575023,176.75935242571074,6.avi
79,34,6.8,1053,395,3328.9575,0,175.64097650204337,0.3006291091442108,5,0,1025.6674,366.30893,1082.2416,425.15128,3328.9575,-20.528048,5.1361084,33.200477057742425,256.0051037839537,6.avi
76,35,7.0,874,351,18493.367,0,69.83035975440977,0.8649025559425354,9,0,805.529,284.44238,944.2078,417.79626,18493.367,-131.51523,-103.96139,12.494341358227407,251.2500004314764,6.avi
79,35,7.0,1043,379,3274.0767,0,102.3077910419717,0.7490248680114746,7,0,1016.02594,350.01935,1071.769,408.75446,3274.0767,-43.350754,-61.47612,19.03233246159945,111.0912815225576,6.avi
80,35,7.0,976,417,9075.939,0,0.0,0.7009785771369934,1,0,929.26184,370.02835,1023.9348,465.89456,9075.939,0.0,0.0,0.0,0.0,6.avi
81,35,7.0,982,321,7491.8384,0,0.0,0.7747349143028259,1,0,938.29675,279.34192,1027.1051,363.70154,7491.8384,0.0,0.0,0.0,0.0,6.avi
76,36,7.2,849,340,21872.057,0,56.59755279259852,0.8723319172859192,11,0,774.72076,266.74542,923.3461,413.90784,21872.057,-129.71469,-65.49736,9.682702769316302,272.5727229937383,6.avi
80,36,7.2,960,424,10511.993,0,87.21378807366722,0.6204144954681396,3,0,910.7413,371.20807,1010.1539,476.94916,10511.993,-64.47411,24.419733,17.662629769284752,199.9916066038253,6.avi
81,36,7.2,972,304,5276.956,0,101.53068224593564,0.1586806923151016,3,0,936.19336,267.72186,1008.12866,341.07886,5276.956,-42.075417,-68.34876,20.530972323579377,121.41338440860773,6.avi
76,37,7.4,858,329,17808.7,0,201.40312167938995,0.8465944528579712,13,0,792.25037,262.40598,925.0338,396.52432,17808.7,7.018326,-56.88997,34.95447109480988,357.0928150705233,6.avi
79,37,7.4,1010,383,2477.5828,0,212.8014304523452,0.704393744468689,10,0,987.0567,357.76266,1034.5514,409.92807,2477.5828,-55.95671,12.107353,41.25960867695048,258.9798285601568,6.avi
80,37,7.4,943,411,7813.426,0,91.56900528544044,0.6475914716720581,5,0,898.1219,369.038,989.4799,454.56332,7813.426,-81.65411,-54.166794,18.53053614878732,104.2225088146514,6.avi
81,37,7.4,966,330,5615.3926,0,206.28482491047413,0.5366834402084351,5,0,927.9164,293.8987,1005.2527,366.50882,5615.3926,-29.07688,112.40368,39.3340186013401,273.2852122507044,6.avi
76,38,7.6,856,305,16708.307,0,74.56535610946993,0.8070192337036133,15,0,793.11993,239.74142,920.56085,370.8477,16708.307,-5.3093357,-106.089554,13.698248656193789,107.17852007157605,6.avi
80,38,7.6,927,406,8069.702,0,29.44781952576634,0.42330402135849,7,0,881.8958,362.41434,973.9792,450.0491,8069.702,-79.86165,-33.9787,5.0546222325847205,264.6636344836156,6.avi
81,38,7.6,960,324,5227.292,0,156.7060710327496,0.4403936564922333,7,0,923.8321,288.8625,997.0452,360.2608,5227.292,-30.344248,4.557884,28.694819869435243,91.53599812896653,6.avi
76,39,7.8,844,287,13939.082,0,64.52529997707369,0.8245124816894531,17,0,785.69543,228.80774,904.1737,346.45862,13939.082,-47.014694,-92.41134,12.135858379577352,193.9387485114266,6.avi
80,39,7.8,905,378,7808.3096,0,123.10232650631556,0.1913234293460846,9,0,860.7399,335.06567,950.3996,422.154,7808.3096,-104.40981,-113.917946,22.539172258060248,108.00043209424848,6.avi
81,39,7.8,950,313,4943.3516,0,73.67714733139887,0.6911309361457825,9,0,914.7113,278.27606,985.62805,347.98242,4943.3516,-46.466038,-42.823402,13.216537951542806,109.30714731177407,6.avi
72,40,8.0,981,291,4729.63,0,218.7936017147647,0.7863674759864807,13,0,946.7854,257.09247,1016.49304,324.94196,4729.63,2.2834444,2.6707919,43.33276144970649,309.9017754219829,6.avi
82,40,8.0,950,359,3126.1936,0,0.0,0.5519510507583618,1,0,922.0342,332.04688,979.06494,386.8628,3126.1936,0.0,0.0,0.0,0.0,6.avi
72,41,8.2,989,294,4558.88,0,43.84050991475598,0.6671525835990906,15,0,954.73145,261.58167,1024.8431,326.60474,4558.88,36.993504,14.141695,7.3254774235989,340.4722487040325,6.avi
81,41,8.2,886,274,11615.531,0,191.5234508977329,0.7772712707519531,12,0,831.2606,222.30026,942.3186,326.8901,11615.531,-109.691376,-65.69118,38.69718122361184,159.68456076633674,6.avi
83,41,8.2,870,373,8545.312,0,0.0,0.656052827835083,1,0,825.32605,326.2105,916.5431,419.8916,8545.312,0.0,0.0,0.0,0.0,6.avi
72,42,8.4,1012,297,5765.51,0,84.5055444278123,0.7883269786834717,17,0,972.6269,261.2368,1051.9982,333.87656,5765.51,95.400406,16.59406,14.8141726219274,359.6965414323657,6.avi
81,42,8.4,896,246,15845.948,0,200.34056823102924,0.85047447681427,14,0,829.1917,186.71935,962.8162,305.305,15845.948,9.609917,-124.83807,34.772939949821826,26.392030053972576,6.avi
82,42,8.4,957,356,2640.6226,0,37.13801121330988,0.2743537425994873,4,0,931.6226,331.15735,983.2686,382.28662,2640.6226,11.304974,-4.4800606,7.317379790473089,28.173354337576995,6.avi
83,42,8.4,877,367,10261.345,0,45.298949546548016,0.7436252236366272,3,0,827.5707,316.2226,928.04504,418.35156,10261.345,27.438318,-23.009893,8.567655157521589,44.93203008442288,6.avi
72,43,8.6,993,310,5321.0654,0,222.28031039475965,0.7005671262741089,19,0,955.3124,275.48242,1031.2018,345.5985,5321.0654,-50.962555,53.68802,39.46196610902496,193.36908187048093,6.avi
81,43,8.6,909,220,17291.0,0,65.92325535255632,0.1806961894035339,16,0,839.2651,159.22333,979.92535,282.15067,17291.0,54.883015,-126.225204,11.123188846486311,5.38838898993356,6.avi
82,43,8.6,961,385,3182.5747,0,164.61356207099135,0.7367483377456665,6,0,932.1202,357.85153,990.0859,412.756,3182.5747,17.055094,116.902695,29.202698250666725,272.5384771203125,6.avi
72,44,8.8,985,322,4443.566,0,13.536012644461756,0.6139199137687683,21,0,950.7143,290.1931,1019.5878,354.71094,4443.566,-42.9376,58.203304,2.065682257321852,339.54421496094506,6.avi
81,44,8.8,914,225,16343.803,0,174.1127200541454,0.506102979183197,18,0,846.08167,165.61722,982.3501,285.5555,16343.803,30.445307,-10.324585,30.27981258886468,257.4649414190212,6.avi
82,44,8.8,956,394,3405.9116,0,92.41888980053,0.6863484382629395,8,0,925.1124,367.05148,986.9923,422.0922,3405.9116,-15.682802,62.301903,16.974047238381523,120.10534982473143,6.avi
72,45,9.0,990,330,4054.7917,0,82.26697829180944,0.2150457352399826,23,0,958.3749,299.1427,1022.9673,361.9178,4054.7917,11.320911,44.501976,14.045944856060268,16.94048382801492,6.avi
81,45,9.0,931,289,34699.25,0,375.4274027042189,0.575864851474762,20,0,835.4761,198.3165,1026.7162,379.7598,34699.25,71.94344,241.62398,66.34624700883568,279.2766020422199,6.avi
72,46,9.2,994,327,4478.948,0,66.10880431751433,0.4069796204566955,25,0,960.23535,294.91568,1028.3063,360.7139,4478.948,16.457409,-0.17198563,12.476151672980718,85.10422294287343,6.avi
84,46,9.2,945,383,3541.2122,0,0.0,0.6560218930244446,1,0,912.18384,356.24084,978.28784,409.81116,3541.2122,0.0,0.0,0.0,0.0,6.avi
83,47,9.4,955,283,50488.42,0,79.20348016446216,0.6697517037391663,9,0,847.70764,165.95998,1063.158,400.29907,50488.42,25.729696,-28.521072,16.094476174781157,108.56034637607178,6.avi
83,48,9.6,976,284,47213.45,0,96.6498990768858,0.8860042095184326,11,0,871.7116,171.3169,1080.8962,397.01917,47213.45,91.3695,-0.37576485,16.76431256878481,336.90949320672485,6.avi
72,49,9.8,1060,333,4992.2393,0,235.3344427522813,0.5630113482475281,29,0,1025.9825,297.61853,1095.1068,369.83978,4992.2393,61.102753,5.7014766,46.29537038534944,353.3121420073199,6.avi
83,49,9.8,991,277,45706.223,0,40.33613935225802,0.6184310913085938,13,0,886.67737,168.64584,1096.5195,386.45822,45706.223,79.79852,-25.77796,7.9441780703591025,116.76792108127688,6.avi
83,50,10.0,972,324,24156.785,0,354.4925242580372,0.1543720513582229,15,0,896.1604,245.81052,1049.4181,403.43246,24156.785,-53.741302,174.80696,62.6682469804981,235.43065629691156,6.avi
85,51,10.2,1039,305,39743.164,0,0.0,0.7290911674499512,1,0,948.55237,195.95435,1130.36,414.55444,39743.164,0.0,0.0,0.0,0.0,6.avi
85,53,10.6,1057,357,43575.3,0,275.9134208344957,0.4256124496459961,4,0,947.7041,257.8795,1166.4878,457.0502,43575.3,28.917646,85.590904,54.63875382254475,288.7287076523702,6.avi
85,55,11.0,1127,366,23740.87,0,341.7824040123712,0.8793340921401978,7,0,1047.4192,292.8355,1207.4832,441.15656,23740.87,123.42289,11.021408,67.78914094065631,39.17238266176941,6.avi
86,55,11.0,1126,491,8493.198,0,0.0,0.8166759014129639,1,0,1080.3215,445.19836,1172.6409,537.1964,8493.198,0.0,0.0,0.0,0.0,6.avi
87,55,11.0,1032,446,10274.728,0,0.0,0.8886821866035461,1,0,984.08984,393.3069,1080.9373,499.3988,10274.728,0.0,0.0,0.0,0.0,6.avi
85,56,11.2,1146,404,18683.45,0,204.5854418706657,0.8444920182228088,9,0,1075.6002,338.30634,1217.255,470.2005,18683.45,101.56777,145.23155,35.33645769525363,260.0006080270912,6.avi
86,56,11.2,1150,514,5979.8164,0,171.13194515432048,0.604344367980957,3,0,1106.4788,481.07907,1195.041,548.60016,5979.8164,96.92094,94.380135,32.75809863584423,315.8857933046463,6.avi
87,56,11.2,1047,478,10889.192,0,176.01141705179774,0.8958508968353271,3,0,995.66315,425.0788,1098.5212,530.945,10889.192,58.19811,126.38342,34.80516782128421,294.5958854177382,6.avi
87,57,11.4,1084,454,16037.131,0,285.2651076092815,0.6205615401268005,5,0,1027.407,384.38666,1141.1431,525.3895,16037.131,175.16376,-95.248535,55.38812957127468,62.8576851727251,6.avi
87,58,11.6,1141,506,50114.562,0,414.3135141826423,0.2173046767711639,7,0,1042.4235,380.446,1240.7675,633.11096,50114.562,260.63275,176.79324,73.43845893406257,287.18033236664576,6.avi
87,59,11.8,1178,498,38313.04,0,260.689086829036,0.908984899520874,9,0,1087.2145,393.83585,1270.2279,603.18134,38313.04,203.05345,9.329208,46.85371259476745,109.60635352265842,6.avi
88,59,11.8,1134,605,7644.68,0,0.0,0.8051372766494751,1,0,1089.7555,562.98376,1180.2272,647.4818,7644.68,0.0,0.0,0.0,0.0,6.avi
87,60,12.0,1186,505,35602.555,0,186.42242995262797,0.8434216976165771,11,0,1093.7056,409.37463,1279.69,600.80225,35602.555,77.52382,27.46184,33.65132799818519,187.900615066475,6.avi
88,60,12.0,1137,619,8021.911,0,73.9445341933773,0.8773101568222046,3,0,1094.9637,572.6545,1180.3453,666.6082,8021.911,10.631698,57.479195,13.91297477077451,278.30101051329115,6.avi
87,61,12.2,1196,537,34315.754,0,155.48199401389334,0.3428369760513305,13,0,1107.2565,441.51062,1285.9882,633.5066,34315.754,56.06227,131.02747,27.137515717622215,256.7877702062455,6.avi
88,61,12.2,1157,605,7395.7207,0,163.42134710663024,0.5969738364219666,5,0,1115.3447,561.54724,1199.8228,649.09326,7395.7207,92.15318,-60.693954,31.291027468631533,56.61314062966164,6.avi
87,62,12.4,1213,557,25357.203,0,47.032161145262194,0.8694871068000793,15,0,1137.3169,474.48947,1289.7598,640.8286,25357.203,77.99823,107.74013,8.471094468540752,52.428286863771405,6.avi
88,62,12.4,1165,639,7482.772,0,265.8921730862699,0.8123304843902588,7,0,1122.6116,595.56824,1207.5239,683.69165,7482.772,50.17503,117.427124,47.12383618774619,256.48303989802923,6.avi
87,63,12.6,1200,593,30175.098,0,177.5839750874603,0.6848147511482239,17,0,1119.97,499.88312,1281.9163,686.2109,30175.098,-30.437737,160.96773,32.23761496767673,205.3312797437084,6.avi
88,63,12.6,1151,671,7987.81,0,142.32635450278806,0.248546227812767,9,0,1106.0981,627.28284,1196.5579,715.5853,7987.81,-41.08241,149.35788,25.359648304369674,198.11425886556475,6.avi
87,64,12.8,1211,628,28214.111,0,98.84936736924192,0.7343876957893372,19,0,1136.9098,534.975,1286.951,723.0172,28214.111,35.231506,175.41153,16.378539914533913,350.30053085011406,6.avi
88,64,12.8,1132,682,7970.8086,0,123.10766806250064,0.8348042964935303,11,0,1088.9297,636.5499,1176.042,728.0502,7970.8086,-81.954895,76.2514,22.2750017532729,119.9230187027752,6.avi
87,65,13.0,1196,681,34555.13,0,160.024185761325,0.331939548254013,21,0,1114.2737,576.027,1278.5793,786.33716,34555.13,-51.495186,241.1916,28.5354100160588,216.37051853470587,6.avi
88,65,13.0,1094,699,5535.271,0,123.44367274448636,0.747338056564331,13,0,1058.0142,660.99384,1130.6206,737.2305,5535.271,-165.71185,82.258156,22.14235329907115,183.75380366355165,6.avi
87,66,13.2,1223,743,25600.96,0,223.79411265873617,0.6711540222167969,23,0,1155.377,648.9601,1290.9624,837.7781,25600.96,90.967354,294.8375,39.293648819803,339.7820323973805,6.avi
89,66,13.2,1166,816,8042.696,0,0.0,0.8696873188018799,1,0,1124.3179,768.2654,1207.8267,864.57495,8042.696,0.0,0.0,0.0,0.0,6.avi
87,67,13.4,1227,814,20395.955,0,102.86581687871686,0.8543224334716797,25,0,1168.1299,728.37897,1286.9812,899.9881,20395.955,37.86409,340.40042,18.5023365454186,219.0779613160598,6.avi
90,67,13.4,1187,912,7575.9976,0,0.0,0.8094905614852905,1,0,1146.331,865.71313,1227.9487,958.53613,7575.9976,0.0,0.0,0.0,0.0,6.avi
87,68,13.6,1224,881,18929.656,0,58.129295356566615,0.6291472315788269,27,0,1168.5763,797.0341,1281.2689,965.00995,18929.656,-1.3869934,335.62534,11.199928519493708,173.52191839132297,6.avi
87,69,13.8,1202,928,25278.0,0,166.93561319308216,0.8080257177352905,29,0,1135.4391,834.40436,1269.7059,1022.6712,25278.0,-86.277794,260.20874,30.31028526242906,138.3410699703128,6.avi
87,70,14.0,1186,934,32080.668,0,258.7414905075232,0.8683888912200928,31,0,1106.6548,833.95355,1265.6724,1035.6963,32080.668,-83.02161,84.2388,46.584537532447946,89.1597971089464,6.avi
91,0,0.0,634,553,7892.0376,0,0.0,0.6629774570465088,1,0,586.8495,511.41486,681.29504,594.9766,7892.0376,0.0,0.0,0.0,0.0,7.avi
92,5,1.0,568,559,4357.0674,0,0.0,0.754797637462616,1,0,532.8799,529.19055,604.57983,589.9586,4357.0674,0.0,0.0,0.0,0.0,7.avi
93,5,1.0,1131,719,1828.3477,0,0.0,0.7983359694480896,1,0,1107.4841,700.13904,1154.72,738.8458,1828.3477,0.0,0.0,0.0,0.0,7.avi
94,5,1.0,982,308,2194.4836,0,0.0,0.7661966681480408,1,0,962.431,281.3059,1002.1173,336.60168,2194.4836,0.0,0.0,0.0,0.0,7.avi
92,6,1.2,571,574,4325.373,0,78.83494833480282,0.5066097378730774,3,0,536.12933,544.49744,607.26056,605.3058,4325.373,11.8367195,61.185696,14.602949768466482,278.94334476054763,7.avi
91,7,1.4,617,574,2322.4443,0,133.51290671209492,0.8643705248832703,9,0,595.05457,548.89795,640.6063,599.8827,2322.4443,-3.020843,3.9420123,26.912441328924807,230.62722093372884,7.avi
95,7,1.4,847,373,2768.913,0,0.0,0.8411185145378113,1,0,820.0676,348.33142,875.38916,398.3827,2768.913,0.0,0.0,0.0,0.0,7.avi
91,8,1.6,616,592,4159.2896,0,98.71063397768076,0.8778439164161682,11,0,585.6101,558.9494,646.7383,626.9915,4159.2896,-7.5807123,81.056175,16.865926382780824,265.83056298658005,7.avi
96,8,1.6,824,684,2449.7666,0,0.0,0.8932841420173645,1,0,799.55066,660.1715,850.3225,708.422,2449.7666,0.0,0.0,0.0,0.0,7.avi
97,8,1.6,753,487,2072.1458,0,0.0,0.8636779189109802,1,0,731.23486,464.45062,776.12,510.61615,2072.1458,0.0,0.0,0.0,0.0,7.avi
91,9,1.8,618,612,2568.5767,0,30.69251937305421,0.8196648955345154,13,0,594.25836,586.615,643.1989,639.09863,2568.5767,8.193642,95.29789,4.371639025514876,319.85848264545075,7.avi
92,9,1.8,612,638,393.68628,0,143.4352084327545,0.5819211602210999,7,0,602.1154,629.9518,623.87286,648.046,393.68628,35.669792,52.982838,28.06874127984575,21.58171329561509,7.avi
98,9,1.8,654,616,719.18054,0,0.0,0.784753143787384,1,0,641.1243,603.63245,668.31256,630.08435,719.18054,0.0,0.0,0.0,0.0,7.avi
99,9,1.8,637,653,1761.3032,0,0.0,0.8517907857894897,1,0,617.52026,631.8819,658.1848,675.1949,1761.3032,0.0,0.0,0.0,0.0,7.avi
100,11,2.2,458,755,2448.6128,0,0.0,0.8141148686408997,1,0,434.80292,729.56006,482.6084,780.7804,2448.6128,0.0,0.0,0.0,0.0,7.avi
101,12,2.4,489,828,5014.815,0,0.0,0.8478649854660034,1,0,453.67334,793.11084,525.0011,863.4175,5014.815,0.0,0.0,0.0,0.0,7.avi
101,13,2.6,467,864,1838.814,0,213.04886050190007,0.7079448699951172,3,0,444.8085,843.99005,490.04147,884.64215,1838.814,-87.474,143.91994,42.14263414450018,237.991942803044,7.avi
102,13,2.6,492,895,2203.6882,0,0.0,0.7830661535263062,1,0,467.3277,873.98596,518.3581,917.1698,2203.6882,0.0,0.0,0.0,0.0,7.avi
101,14,2.8,436,910,1570.5752,0,115.37966607082518,0.4193999469280243,5,0,416.97888,890.09485,455.48615,930.88135,1570.5752,-150.19727,223.5417,21.90106153876589,230.5020764709556,7.avi
103,3,0.6,805,369,7020.9946,0,0.0,0.690670371055603,1,0,764.9579,326.35858,845.45105,413.5833,7020.9946,0.0,0.0,0.0,0.0,8.avi
104,4,0.8,692,414,5256.109,0,0.0,0.5693627595901489,1,0,656.8041,377.06076,727.2269,451.69717,5256.109,0.0,0.0,0.0,0.0,8.avi
105,5,1.0,527,514,10363.524,0,0.0,0.9363236427307128,1,0,474.87122,464.9474,579.7672,563.7455,10363.524,0.0,0.0,0.0,0.0,8.avi
106,6,1.2,940,693,3217.284,0,0.0,0.7004572749137878,1,0,910.5894,666.0509,970.0302,720.17676,3217.284,0.0,0.0,0.0,0.0,8.avi
107,6,1.2,480,549,6957.828,0,0.0,0.8430222868919373,1,0,439.2398,507.28442,522.3575,590.995,6957.828,0.0,0.0,0.0,0.0,8.avi
108,7,1.4,413,600,3121.6108,0,0.0,0.8328969478607178,1,0,384.89264,573.6879,442.10596,628.24884,3121.6108,0.0,0.0,0.0,0.0,8.avi
109,8,1.6,443,666,3996.882,0,0.0,0.8548224568367004,1,0,414.07642,632.45557,473.48438,699.73413,3996.882,0.0,0.0,0.0,0.0,8.avi
110,9,1.8,389,716,2839.4285,0,0.0,0.6799118518829346,1,0,358.43445,693.4527,419.61145,739.866,2839.4285,0.0,0.0,0.0,0.0,8.avi
110,10,2.0,400,757,2941.6694,0,213.82769482024773,0.325664758682251,3,0,374.7359,728.55646,425.51715,786.4847,2941.6694,44.325638,163.11852,41.8074473523971,285.22214201124905,8.avi
111,11,2.2,463,830,4260.457,0,0.0,0.8282209634780884,1,0,430.68268,797.5842,496.15735,862.65454,4260.457,0.0,0.0,0.0,0.0,8.avi
112,12,2.4,511,852,5732.8667,0,0.0,0.5571171045303345,1,0,474.75592,813.37683,547.71686,891.9513,5732.8667,0.0,0.0,0.0,0.0,8.avi
113,1,0.2,433,649,2550.5183,0,0.0,0.8703795075416565,1,0,408.6142,624.6018,458.88885,675.3335,2550.5183,0.0,0.0,0.0,0.0,9.avi
114,1,0.2,1069,606,3197.2927,0,0.0,0.856954038143158,1,0,1040.883,578.0387,1097.8108,634.20276,3197.2927,0.0,0.0,0.0,0.0,9.avi
115,1,0.2,691,336,1619.528,0,0.0,0.7750384211540222,1,0,669.03735,318.68085,714.7815,354.0849,1619.528,0.0,0.0,0.0,0.0,9.avi
115,2,0.4,716,336,1385.8926,0,124.86014731611012,0.2782180905342102,3,0,696.96497,319.22742,736.2958,354.4643,1385.8926,98.68637,1.8481832,24.09361850027585,0.9105299412067324,9.avi
116,3,0.6,306,690,1324.0237,0,0.0,0.8422849178314209,1,0,287.9599,672.6279,325.33783,708.05054,1324.0237,0.0,0.0,0.0,0.0,9.avi
117,3,0.6,326,654,692.7059,0,0.0,0.7436996102333069,1,0,312.36066,641.35815,339.64655,666.7451,692.7059,0.0,0.0,0.0,0.0,9.avi
116,4,0.8,308,718,7122.424,0,140.87802004703988,0.6611031293869019,3,0,261.31412,680.6495,356.2681,755.6586,7122.424,8.551918,111.037186,27.69374614349716,272.79648307180287,9.avi
118,4,0.8,922,181,954.8062,0,0.0,0.8274326324462891,1,0,906.3679,167.56123,939.5344,196.3495,954.8062,0.0,0.0,0.0,0.0,9.avi
119,5,1.0,907,229,459.7759,0,0.0,0.622657299041748,1,0,896.22644,218.67758,917.777,240.01236,459.7759,0.0,0.0,0.0,0.0,9.avi
120,5,1.0,868,551,1487.9578,0,0.0,0.5669320821762085,1,0,849.4883,531.78314,886.7827,571.6807,1487.9578,0.0,0.0,0.0,0.0,9.avi
116,6,1.2,374,782,7106.93,0,304.67677888137644,0.8340399861335754,6,0,328.92685,743.59076,420.1265,821.5179,7106.93,111.60798,107.25868,60.1418460726152,2.645922712436459,9.avi
121,6,1.2,770,558,1776.9176,0,0.0,0.8528231382369995,1,0,748.35,538.4416,793.1139,578.1369,1776.9176,0.0,0.0,0.0,0.0,9.avi
116,7,1.4,424,818,3529.5981,0,178.20263110232025,0.7846519351005554,8,0,389.70343,792.7365,458.94434,843.7121,3529.5981,216.94885,161.77112,30.545825796633352,332.7334979882569,9.avi
121,7,1.4,761,535,2005.4438,0,123.1192404110454,0.5000972747802734,3,0,739.24854,513.18665,783.7318,558.2698,2005.4438,-36.89322,-90.06401,25.240829866409012,112.67870506600856,9.avi
122,7,1.4,427,787,879.5968,0,0.0,0.5859887599945068,1,0,411.3723,773.1964,442.76855,801.2124,879.5968,0.0,0.0,0.0,0.0,9.avi
123,9,1.8,763,414,1525.6827,0,0.0,0.6478107571601868,1,0,743.727,395.31277,784.04315,433.15573,1525.6827,0.0,0.0,0.0,0.0,9.avi
124,9,1.8,422,857,2906.422,0,0.0,0.6238194108009338,1,0,399.2071,826.29834,446.4524,887.81604,2906.422,0.0,0.0,0.0,0.0,9.avi
124,10,2.0,441,867,15003.071,0,109.20755222019046,0.4141889214515686,3,0,375.99063,810.3504,507.8027,924.17206,15003.071,76.115425,40.734818,20.712743226376222,331.31241181332774,9.avi
125,10,2.0,699,474,1424.1526,0,0.0,0.8550514578819275,1,0,679.56384,455.84912,718.683,492.25464,1424.1526,0.0,0.0,0.0,0.0,9.avi
126,10,2.0,585,571,3247.8762,0,0.0,0.743959367275238,1,0,559.3932,540.70215,611.6737,602.8262,3247.8762,0.0,0.0,0.0,0.0,9.avi
127,10,2.0,395,904,958.6103,0,0.0,0.6606921553611755,1,0,381.3321,887.7053,410.30255,920.79456,958.6103,0.0,0.0,0.0,0.0,9.avi
126,11,2.2,574,555,2843.7876,0,99.89694145610524,0.635358989238739,3,0,547.30096,529.31274,602.4272,580.89954,2843.7876,-42.592407,-66.49913,20.34840218723212,124.5272875126048,9.avi
128,11,2.2,1033,150,2458.612,0,0.0,0.8595984578132629,1,0,1009.01,125.54648,1057.8235,175.91397,2458.612,0.0,0.0,0.0,0.0,9.avi
129,12,2.4,514,589,1353.8073,0,0.0,0.6436806917190552,1,0,496.28934,571.05725,532.1504,608.8087,1353.8073,0.0,0.0,0.0,0.0,9.avi
129,13,2.6,477,601,1807.9375,0,192.04019707056224,0.6880303025245667,3,0,456.85114,580.07587,499.11322,622.85504,1807.9375,-144.6614,46.03788,38.83034881003176,196.5594138345388,9.avi
113,14,2.8,452,658,1892.5513,0,104.1920591079283,0.5735849738121033,15,0,430.13138,637.6234,475.3492,679.47754,1892.5513,1.1141491,0.5035888,19.938039831118637,336.24256184944403,9.avi
127,14,2.8,420,905,4121.584,0,124.32597207778542,0.2568855285644531,6,0,389.7964,872.19635,451.48944,939.0042,4121.584,12.6943865,0.6905005,24.194307544895608,358.2234573775331,9.avi
127,16,3.2,401,883,10750.429,0,177.2658131147466,0.5229958891868591,9,0,352.0262,829.208,450.41745,938.4701,10750.429,-36.299397,-39.492718,35.675683716605995,139.82639802553427,9.avi
130,5,1.0,800,272,574.7803,0,0.0,0.5565653443336487,1,0,788.3458,260.11688,811.88635,284.5335,574.7803,0.0,0.0,0.0,0.0,10.avi
130,6,1.2,768,294,594.8889,0,193.6654135246308,0.7402750253677368,3,0,756.65436,281.5173,780.378,306.59317,594.8889,-126.14737,86.74664,38.74584264622924,214.01499237580288,10.avi
131,6,1.2,1151,666,6007.558,0,0.0,0.702037513256073,1,0,1115.176,624.8394,1188.0432,707.2847,6007.558,0.0,0.0,0.0,0.0,10.avi
130,7,1.4,763,293,543.5609,0,140.08130407630298,0.7996758222579956,5,0,752.1696,281.8562,774.9714,305.6947,543.5609,-33.265137,6.020729,26.969300228362897,43.03356905748461,10.avi
132,7,1.4,1031,624,1270.2607,0,0.0,0.6199044585227966,1,0,1011.77405,607.8115,1050.8649,640.30664,1270.2607,0.0,0.0,0.0,0.0,10.avi
130,8,1.6,761,290,454.23715,0,32.606950198738126,0.7108981013298035,7,0,750.6277,280.1024,771.63025,301.73007,454.23715,-17.11491,-9.561449,6.439194044990746,50.65333300940671,10.avi
133,8,1.6,861,576,3013.105,0,0.0,0.7316639423370361,1,0,834.105,549.28906,889.249,603.9297,3013.105,0.0,0.0,0.0,0.0,10.avi
130,9,1.8,756,290,483.59464,0,12.539853419407766,0.7415591478347778,9,0,745.2721,279.99765,767.60376,301.65274,483.59464,-21.982254,-2.5706687,1.975488877422468,210.2789911194526,10.avi
134,9,1.8,737,576,3716.9495,0,0.0,0.8807545304298401,1,0,705.6448,547.4492,769.0947,606.03,3716.9495,0.0,0.0,0.0,0.0,10.avi
130,11,2.2,734,293,601.94086,0,51.5062418720656,0.4875670671463012,12,0,721.2845,282.16025,747.06366,305.5101,601.94086,-38.14373,5.536958,9.967650665914796,201.89616943327115,10.avi
135,11,2.2,565,473,4856.6934,0,0.0,0.8681554794311523,1,0,530.8109,437.8756,599.56067,508.51868,4856.6934,0.0,0.0,0.0,0.0,10.avi
130,12,2.4,727,294,553.5554,0,4.569337549309182,0.7897568941116333,14,0,714.8856,283.5449,739.7112,305.84268,553.5554,-35.25998,4.5842276,1.0464883809228356,64.24945505251696,10.avi
135,12,2.4,555,486,983.79736,0,81.95933214378422,0.6009001135826111,3,0,540.64087,469.7745,570.47437,502.75082,983.79736,-38.435745,52.1578,16.360423948457655,231.4946852017419,10.avi
130,13,2.6,716,294,566.5787,0,21.166247824458026,0.7323903441429138,16,0,704.0561,283.57077,729.0789,306.21323,566.5787,-49.533054,1.796123,4.5415879006898665,159.22865146837682,10.avi
135,13,2.6,537,501,3264.416,0,62.8079183722962,0.8595134615898132,5,0,509.88968,471.90576,564.1834,532.0308,3264.416,-88.04573,76.30851,11.692185575726452,201.6084622202521,10.avi
130,14,2.8,706,295,602.7055,0,0.9311432700472706,0.7269792556762695,18,0,693.6714,283.6536,719.8994,306.6331,602.7055,-49.054302,1.3813158,0.7070259389098259,159.18692091782623,10.avi
135,14,2.8,502,490,3851.2708,0,177.3620345851008,0.8905273079872131,7,0,472.0636,458.6438,532.96405,521.88257,3851.2708,-152.90613,-27.10402,32.32935391903601,122.61960385987707,10.avi
130,15,3.0,702,295,832.54553,0,29.751445332072013,0.776348888874054,20,0,686.15027,282.3774,718.3207,308.25662,832.54553,-28.822996,0.9867399,5.042939873013602,4.773028597576968,10.avi
136,15,3.0,458,433,4502.116,0,0.0,0.8548732399940491,1,0,424.62228,400.0956,492.8854,466.048,4502.116,0.0,0.0,0.0,0.0,10.avi
136,16,3.2,434,425,2502.1687,0,125.63499126838454,0.8599255084991455,3,0,410.0539,400.80875,459.76245,451.14554,2502.1687,-95.19229,-28.322002,26.03664600271397,161.93973348661166,10.avi
136,17,3.4,403,423,1881.0309,0,68.06479727722687,0.8422872424125671,5,0,381.34372,401.8356,425.0081,444.9149,1881.0309,-153.31882,-14.2984085,13.147282941587068,191.79416074059284,10.avi
136,18,3.6,367,397,2599.291,0,128.82225125343075,0.8360785841941833,7,0,341.21716,373.26617,393.9093,422.59595,2599.291,-172.297,-100.9056,24.152960523855253,103.19219439821175,10.avi
136,19,3.8,343,367,2137.1343,0,82.67487923657036,0.610075056552887,9,0,319.38733,346.0688,368.40283,389.66998,2137.1343,-130.87576,-138.83124,14.611486936342782,47.36795009011337,10.avi
137,19,3.8,341,398,918.0971,0,0.0,0.8070355653762817,1,0,324.65833,384.5721,358.64502,411.58554,918.0971,0.0,0.0,0.0,0.0,10.avi
137,20,4.0,330,406,2120.2026,0,71.22280424951624,0.737962543964386,3,0,304.25415,386.88696,357.10974,427.00006,2120.2026,-43.79128,35.387966,14.08923177725965,214.2090972007377,10.avi
137,21,4.2,335,420,2114.5466,0,80.85472012003412,0.8675424456596375,5,0,310.9078,399.68488,360.7471,442.11218,2114.5466,19.875813,66.88043,14.378361849212697,335.4287206919132,10.avi
137,22,4.4,349,420,3196.4148,0,95.91824658965226,0.7648873329162598,7,0,320.0207,392.83524,378.8438,447.17465,3196.4148,56.803608,12.15897,16.98107581924264,57.205621513515496,10.avi
138,23,4.6,293,414,3124.0857,0,0.0,0.8958231210708618,1,0,266.52063,385.23465,320.3119,443.3126,3124.0857,0.0,0.0,0.0,0.0,10.avi
138,24,4.8,286,390,2520.498,0,124.61600921320928,0.6068034172058105,3,0,256.6569,369.50098,316.48666,411.62878,2520.498,-27.323244,-94.64563,25.38128377780496,106.98935555392694,10.avi
139,24,4.8,327,419,2227.7134,0,0.0,0.8624324798583984,1,0,303.68817,396.36218,352.08038,442.39673,2227.7134,0.0,0.0,0.0,0.0,10.avi
139,25,5.0,328,392,6129.007,0,137.28914338626043,0.6795134544372559,3,0,293.1976,349.07822,364.254,435.3337,6129.007,3.3593462,-108.47697,27.37970012337578,89.75783374147812,10.avi
139,26,5.2,326,382,3727.8462,0,63.02957152223936,0.7208733558654785,5,0,297.47083,350.49252,356.04987,414.1304,3727.8462,-8.717349,-54.43914,11.981295632229513,253.52591947969,10.avi
139,27,5.4,337,342,2941.162,0,177.36534859430478,0.6296141147613525,7,0,308.9919,316.16095,365.72678,368.0014,2941.162,38.613617,-166.96185,31.770208399463424,67.8408143921215,10.avi
140,31,6.2,378,316,5365.9053,0,0.0,0.6976706981658936,1,0,341.57202,279.47296,414.78613,352.76355,5365.9053,0.0,0.0,0.0,0.0,10.avi
140,32,6.4,400,292,2851.2444,0,162.20821442917511,0.7841302156448364,3,0,374.3604,265.52078,426.41107,320.29904,2851.2444,88.649345,-92.64811,32.52449735223632,47.86287032039797,10.avi
140,33,6.6,400,260,3782.3018,0,115.03834382254918,0.7851966619491577,5,0,368.539,231.39043,433.03864,290.0311,3782.3018,9.307869,-155.24255,23.12936281584453,141.55722911996014,10.avi
140,34,6.8,406,263,5024.541,0,187.9438420738649,0.8935563564300537,7,0,370.43076,228.26863,442.38492,298.0984,5024.541,23.716988,-26.694962,33.50562184426665,275.7375329340362,10.avi
140,35,7.0,401,288,2534.594,0,178.9320765544428,0.6148329973220825,9,0,376.50403,263.14163,427.23846,313.0997,2534.594,-11.903404,89.51728,31.818252266396296,251.39521707030823,10.avi
141,35,7.0,436,317,1530.3164,0,0.0,0.8552488088607788,1,0,416.93323,297.26328,455.4148,337.0308,1530.3164,0.0,0.0,0.0,0.0,10.avi
140,36,7.2,394,290,2080.5396,0,93.4809233724868,0.8532361388206482,11,0,371.18604,268.06598,418.1734,312.34467,2080.5396,-30.408724,28.66927,16.93866657352292,108.913733038768,10.avi
142,36,7.2,401,318,720.7021,0,0.0,0.7725973725318909,1,0,388.80078,304.55362,415.0298,332.0309,720.7021,0.0,0.0,0.0,0.0,10.avi
140,37,7.4,411,299,2757.772,0,130.88943725465828,0.8646645545959473,13,0,384.63672,274.03516,438.22223,325.50006,2757.772,57.402344,43.393646,22.61017383256716,352.2197737716076,10.avi
142,38,7.6,387,295,709.96783,0,134.73437401620538,0.2871048152446747,4,0,374.58627,281.86545,400.61356,309.14328,709.96783,-23.467808,-37.357204,27.65854963371839,122.63360698884571,10.avi
143,38,7.6,370,276,777.06,0,0.0,0.5647136569023132,1,0,355.61298,262.78992,384.65082,289.55017,777.06,0.0,0.0,0.0,0.0,10.avi
144,38,7.6,382,264,2810.9243,0,0.0,0.6538500189781189,1,0,353.72742,240.07239,410.5528,289.5384,2810.9243,0.0,0.0,0.0,0.0,10.avi
142,39,7.8,395,292,624.59924,0,75.74251320348623,0.2068525403738021,6,0,383.8177,279.09943,407.93872,304.99384,624.59924,29.947323,-20.829664,12.727695439028617,341.8390057436534,10.avi
144,39,7.8,414,266,3465.6577,0,163.89551125747948,0.7109358906745911,3,0,387.1405,235.12537,441.9334,298.3755,3465.6577,129.3288,7.7646127,31.88228234220337,357.8526577677484,10.avi
144,40,8.0,436,269,3837.7715,0,18.76353798577578,0.622302234172821,5,0,405.3869,238.9159,468.5094,299.71466,3837.7715,113.50991,12.398349,4.457486238918362,188.9915513499648,10.avi
142,41,8.2,413,285,3600.5764,0,30.935339799574837,0.8938500881195068,9,0,384.14536,254.80292,442.54495,316.45703,3600.5764,29.059101,-10.058623,5.516524082543949,261.17195211590484,10.avi
142,42,8.4,400,258,4688.8135,0,180.11518168097797,0.901472508907318,11,0,367.25122,223.36162,434.2741,293.32,4688.8135,-41.40286,-106.88741,31.98882611599737,126.78863917070304,10.avi
142,43,8.6,413,243,3220.3625,0,123.85724298228918,0.7081432342529297,13,0,385.17624,215.1973,441.47427,272.39932,3220.3625,39.464993,-80.3689,21.38752286634413,343.605354630008,10.avi
145,43,8.6,450,262,1198.8047,0,0.0,0.8038305640220642,1,0,433.92133,244.17499,467.30585,280.08398,1198.8047,0.0,0.0,0.0,0.0,10.avi
145,44,8.8,444,256,4844.588,0,42.21091533800984,0.8689929842948914,3,0,408.3143,222.94455,480.9066,289.6815,4844.588,-23.964622,-23.219414,9.01721271042422,137.17558008792514,10.avi
141,45,9.0,478,296,2185.0723,0,237.40287263066747,0.8022136688232422,12,0,454.5416,273.67337,503.0311,318.73618,2185.0723,4.0897784,-2.0099614,46.86801009744733,26.820957701107204,10.avi
145,45,9.0,454,261,2005.7249,0,89.66274228131682,0.8304448127746582,5,0,431.93762,238.6507,476.17383,283.99194,2005.7249,41.233955,20.979229,16.97669968602277,326.65849561034406,10.avi
146,45,9.0,498,259,1499.2382,0,0.0,0.7704486846923828,1,0,479.7323,239.04266,516.7638,279.52814,1499.2382,0.0,0.0,0.0,0.0,10.avi
146,46,9.2,482,264,5392.493,0,82.76493146677738,0.8247336745262146,3,0,442.15976,231.0999,523.1803,297.65698,5392.493,-62.187588,20.331583,16.918229125086235,196.18083054616167,10.avi
146,47,9.4,496,244,3601.7708,0,184.31741556716585,0.8513200283050537,5,0,464.60297,215.94287,527.79425,272.94077,3601.7708,56.714375,-89.58092,35.51773938968906,43.49102669154951,10.avi
146,48,9.6,493,251,3119.472,0,160.9997165616195,0.8627088069915771,7,0,464.23715,224.78673,522.2996,278.51285,3119.472,1.9798927,6.7654114,28.468401596876976,239.28323229387587,10.avi
146,49,9.8,463,242,3335.9834,0,177.39143289516423,0.8646755218505859,9,0,434.4345,214.6307,493.4508,271.1572,3335.9834,-112.10414,-32.036766,32.57862641851806,160.26117129946977,10.avi
141,50,10.0,457,279,2214.7542,0,173.83675856540697,0.8143742680549622,18,0,434.54352,255.8348,481.44507,303.05615,2214.7542,-8.587452,-6.1241198,35.84228398657145,161.83343292222196,10.avi
146,50,10.0,440,248,1663.889,0,69.94881617622814,0.7210627198219299,11,0,419.05563,228.96582,461.06058,268.57758,1663.889,-117.73445,15.2186775,11.613537436638648,262.4703949058488,10.avi
147,50,10.0,413,284,1441.7948,0,0.0,0.8175436854362488,1,0,393.79156,266.01065,432.70013,303.06662,1441.7948,0.0,0.0,0.0,0.0,10.avi
141,51,10.2,451,306,3408.5454,0,161.79054775286892,0.2966388761997223,20,0,421.90924,277.66678,481.21478,335.14108,3408.5454,-28.178095,110.981895,28.27609034847227,259.2445880931924,10.avi
141,52,10.4,446,302,2137.766,0,144.5701627163168,0.692963719367981,22,0,423.75607,279.52002,469.55533,326.1969,2137.766,-25.345064,10.9859085,26.6004131237056,89.84145148686224,10.avi
147,52,10.4,404,297,3195.162,0,76.67727523338814,0.8049514889717102,4,0,379.19925,265.85797,430.1318,328.5912,3195.162,-14.066116,20.79665,15.51680850994714,233.4260173331093,10.avi
147,53,10.6,407,322,3748.6792,0,123.90885781679144,0.6121141314506531,6,0,377.9301,291.4989,437.89856,354.00977,3748.6792,10.896015,108.795074,21.249046749233862,284.01971855698605,10.avi
147,54,10.8,413,346,4879.425,0,22.641647093872923,0.8311027884483337,8,0,377.00195,313.15973,450.22424,379.79828,4879.425,24.51305,116.40018,3.2646133156797674,332.9101360479501,10.avi
148,54,10.8,246,831,2945.4014,0,0.0,0.5696040391921997,1,0,219.95868,804.31647,273.64297,859.1817,2945.4014,0.0,0.0,0.0,0.0,10.avi
147,55,11.0,407,378,2780.4678,0,76.90586566308895,0.8085806965827942,10,0,379.71454,353.29733,435.7915,402.8804,2780.4678,-16.838257,148.4042,14.16069424393157,215.5885626525095,10.avi
149,55,11.0,276,758,6611.265,0,0.0,0.7922496795654297,1,0,239.94131,713.8978,314.0153,803.15,6611.265,0.0,0.0,0.0,0.0,10.avi
150,55,11.0,448,386,1853.5488,0,0.0,0.7299866676330566,1,0,429.26196,362.7749,467.69537,411.00244,1853.5488,0.0,0.0,0.0,0.0,10.avi
151,55,11.0,412,412,855.486,0,0.0,0.7018373012542725,1,0,396.1828,399.694,428.7719,425.94467,855.486,0.0,0.0,0.0,0.0,10.avi
152,56,11.2,326,663,3662.548,0,0.0,0.7845291495323181,1,0,292.61365,636.4679,360.51843,690.4044,3662.548,0.0,0.0,0.0,0.0,10.avi
153,56,11.2,386,463,4211.869,0,0.0,0.6694449186325073,1,0,349.71338,434.93195,423.17053,492.2697,4211.869,0.0,0.0,0.0,0.0,10.avi
154,57,11.4,232,505,12596.72,0,0.0,0.8810076117515564,1,0,175.85101,449.77606,289.18454,560.9234,12596.72,0.0,0.0,0.0,0.0,10.avi
155,58,11.6,58,381,15263.476,0,0.0,0.6374816298484802,1,0,0.8689041,315.09558,116.13663,447.51318,15263.476,0.0,0.0,0.0,0.0,10.avi
156,0,0.0,735,926,1614.5306,0,0.0,0.8353171348571777,1,0,715.9491,906.4968,755.89,946.9198,1614.5306,0.0,0.0,0.0,0.0,11.avi
157,0,0.0,857,9,1380.5204,0,0.0,0.6209580302238464,1,0,822.8005,0.0,892.00653,19.947971,1380.5204,0.0,0.0,0.0,0.0,11.avi
158,0,0.0,973,265,1126.98,0,0.0,0.5573611259460449,1,0,956.6421,248.8473,989.7522,282.88464,1126.98,0.0,0.0,0.0,0.0,11.avi
157,1,0.2,869,47,9474.4375,0,201.55331370124037,0.8064694404602051,3,0,818.93933,1.3745689,920.7722,94.41365,9474.4375,49.709637,151.37775,38.79954395656706,287.3904832938716,11.avi
158,1,0.2,967,267,1434.8578,0,30.36054202254118,0.6244168281555176,3,0,948.70746,248.38313,986.14264,286.71228,1434.8578,-23.04234,6.7135053,6.300049169902944,190.36998495717677,11.avi
157,2,0.4,846,71,9210.865,0,178.27001517665258,0.8374442458152771,5,0,798.145,23.956524,894.2095,119.8387,9210.865,-104.2428,122.65724,34.54982747917717,168.02314219820337,11.avi
158,2,0.4,955,263,1262.6567,0,50.20997633674568,0.2473657876253128,5,0,937.599,245.07584,972.6813,281.06717,1262.6567,-58.19375,-19.931953,9.787543887092726,142.99911728021254,11.avi
157,3,0.6,827,125,6231.587,0,164.54535234574286,0.4263724982738495,7,0,789.9159,84.57984,865.3773,167.15958,6231.587,-95.354,235.55649,28.61978046816885,273.3478390801598,11.avi
159,3,0.6,509,987,1785.4454,0,0.0,0.7215513586997986,1,0,489.04657,966.4043,530.4576,1009.51953,1785.4454,0.0,0.0,0.0,0.0,11.avi
157,4,0.8,832,172,5804.7476,0,132.76939289396276,0.7952806949615479,9,0,794.72955,133.48473,869.399,211.22401,5804.7476,-5.195694,233.15117,23.444728122424067,2.398177110369886,11.avi
160,4,0.8,466,974,2475.9397,0,0.0,0.710192084312439,1,0,444.82645,945.72705,488.1064,1002.9346,2475.9397,0.0,0.0,0.0,0.0,11.avi
160,5,1.0,436,974,3397.5867,0,149.6759538043096,0.6702866554260254,3,0,404.96362,948.3215,468.7044,1001.6247,3397.5867,-118.29313,2.5639591,30.46822661439375,179.37789551001356,11.avi
161,5,1.0,845,129,15018.186,0,0.0,0.8247081637382507,1,0,789.99133,61.67575,900.3678,197.73904,15018.186,0.0,0.0,0.0,0.0,11.avi
158,6,1.2,817,212,1043.1959,0,119.17176265696877,0.3842736780643463,10,0,799.97925,197.54956,835.07117,227.27704,1043.1959,-70.64592,-26.26398,24.470129124254264,152.7411047553353,11.avi
160,6,1.2,377,956,3245.2805,0,213.7999739065929,0.1587025970220565,5,0,347.71967,928.4323,406.3084,983.8232,3245.2805,-283.88043,-86.07944,41.08964320044421,151.69083708950933,11.avi
161,6,1.2,828,165,13881.594,0,201.93273084712007,0.7127618193626404,3,0,771.567,104.6926,884.911,227.16571,13881.594,-67.62695,144.59784,39.25181858631718,244.044327398874,11.avi
162,7,1.4,920,33,1794.1814,0,0.0,0.798329770565033,1,0,898.99335,11.953583,941.5157,54.147438,1794.1814,0.0,0.0,0.0,0.0,11.avi
163,7,1.4,755,119,2477.068,0,0.0,0.6836706399917603,1,0,730.678,94.49707,780.2273,144.48904,2477.068,0.0,0.0,0.0,0.0,11.avi
164,7,1.4,770,157,1174.4307,0,0.0,0.6802365183830261,1,0,753.19763,140.46869,786.85,175.36761,1174.4307,0.0,0.0,0.0,0.0,11.avi
164,8,1.6,797,167,9638.275,0,146.30870591874128,0.8604249358177185,3,0,746.6892,119.96227,848.0325,215.0675,9638.275,109.1299,38.310356,28.463926853938396,341.3935992171682,11.avi
164,9,1.8,812,198,9721.387,0,125.83188261411688,0.4425368309020996,5,0,762.1776,149.9982,862.6959,246.71078,9721.387,78.220535,144.44313,23.92783187776363,252.52111199847587,11.avi
164,10,2.0,797,237,10161.574,0,182.2127704215524,0.6413871645927429,7,0,744.54504,189.34561,849.63904,286.03595,10161.574,-40.615692,184.50789,32.57633065704475,197.42807343459577,11.avi
164,11,2.2,771,263,15647.193,0,118.37703124354998,0.8721392154693604,9,0,705.26215,204.28452,836.81964,323.22263,15647.193,-109.43058,142.90422,21.383705331412227,147.17252654421543,11.avi
165,12,2.4,725,380,1496.315,0,0.0,0.697184681892395,1,0,700.6343,365.12518,750.71655,395.00232,1496.315,0.0,0.0,0.0,0.0,11.avi
166,12,2.4,680,353,1617.7601,0,0.0,0.5684098601341248,1,0,660.86035,332.6339,699.50024,374.50153,1617.7601,0.0,0.0,0.0,0.0,11.avi
167,12,2.4,725,342,1708.2971,0,0.0,0.512855052947998,1,0,702.7825,323.016,747.5193,361.20148,1708.2971,0.0,0.0,0.0,0.0,11.avi
164,13,2.6,725,387,11267.22,0,220.35258573767223,0.8606964945793152,12,0,667.45026,339.56354,784.1938,436.0761,11267.22,-73.0284,211.15776,42.32477534711063,297.61303232851736,11.avi
164,14,2.8,749,415,5975.9214,0,237.6988623049572,0.7180048823356628,14,0,705.1239,381.8808,794.40137,448.81726,5975.9214,74.58728,154.85394,40.67120742199602,21.720234482917988,11.avi
164,15,3.0,755,449,6511.901,0,58.23964101017923,0.829358696937561,16,0,708.7881,414.71497,801.24866,485.14392,6511.901,37.10272,168.85811,10.044300061026687,195.476046799374,11.avi
164,16,3.2,750,521,5979.535,0,225.51532384290252,0.6794588565826416,18,0,706.3471,487.60504,794.0777,555.763,5979.535,-9.906273,314.89682,39.31841824936311,251.55686653587924,11.avi
168,16,3.2,681,497,1500.375,0,0.0,0.5756291747093201,1,0,659.39374,480.60944,704.1628,514.1231,1500.375,0.0,0.0,0.0,0.0,11.avi
164,17,3.4,739,583,7959.737,0,47.898976694950655,0.915452778339386,20,0,690.291,543.3629,789.3812,623.69116,7959.737,-42.18989,310.527,9.379809071590044,169.78528986991682,11.avi
169,18,3.6,776,595,764.5188,0,0.0,0.5766171813011169,1,0,760.8817,583.23126,791.66296,608.0684,764.5188,0.0,0.0,0.0,0.0,11.avi
170,18,3.6,734,593,1463.2233,0,0.0,0.6522359848022461,1,0,716.1749,573.6621,753.5475,612.81445,1463.2233,0.0,0.0,0.0,0.0,11.avi
171,18,3.6,701,591,786.3515,0,0.0,0.5107549428939819,1,0,686.2362,578.2809,715.932,604.7611,786.3515,0.0,0.0,0.0,0.0,11.avi
172,18,3.6,738,586,9687.698,0,0.0,0.6443879008293152,1,0,678.5648,545.6687,798.1293,626.6936,9687.698,0.0,0.0,0.0,0.0,11.avi
173,19,3.8,680,673,2419.3472,0,0.0,0.8266851902008057,1,0,653.40454,650.554,706.6998,695.94916,2419.3472,0.0,0.0,0.0,0.0,11.avi
174,19,3.8,694,626,2169.879,0,0.0,0.8136071562767029,1,0,669.1985,605.0465,719.005,648.6127,2169.879,0.0,0.0,0.0,0.0,11.avi
165,20,4.0,753,380,627.70746,0,139.2831788649003,0.3987652063369751,10,0,740.3172,368.85397,766.73016,392.61905,627.70746,4.047954,0.09778985,27.3246593300929,0.1336770261171977,11.avi
175,20,4.0,617,723,8056.804,0,0.0,0.6965892910957336,1,0,571.7755,679.1871,663.39124,767.12836,8056.804,0.0,0.0,0.0,0.0,11.avi
165,21,4.2,752,384,704.93475,0,20.00319874469443,0.599682629108429,12,0,738.98444,371.39948,766.76385,396.7757,704.93475,-2.3473716,14.699955,3.9958887710698634,234.27375471950637,11.avi
176,21,4.2,1118,430,673.7536,0,0.0,0.8065133094787598,1,0,1105.9465,417.615,1131.3538,444.13318,673.7536,0.0,0.0,0.0,0.0,11.avi
177,21,4.2,615,793,7250.2637,0,0.0,0.8591123223304749,1,0,579.1606,744.4208,652.69806,843.01355,7250.2637,0.0,0.0,0.0,0.0,11.avi
165,22,4.4,751,387,648.1824,0,4.098918246918329,0.4368019104003906,14,0,738.7128,375.25046,765.06537,399.84702,648.1824,-4.3439846,16.718233,1.4049339759236366,178.87484299988603,11.avi
177,22,4.4,646,816,7534.9346,0,193.341315032944,0.880657970905304,3,0,604.5115,771.8779,688.67896,861.4011,7534.9346,122.41867,91.50642,37.42686921284141,323.4609835320225,11.avi
165,23,4.6,749,392,632.7159,0,12.515240267163412,0.3532777428627014,16,0,736.7072,380.27536,762.4394,404.86392,632.7159,-9.899141,23.157188,2.3040183841714645,208.7329264781006,11.avi
178,23,4.6,587,839,3147.6113,0,0.0,0.7907964587211609,1,0,563.0243,807.93805,612.29895,871.81696,3147.6113,0.0,0.0,0.0,0.0,11.avi
179,24,4.8,568,927,6343.269,0,0.0,0.7827233076095581,1,0,532.95325,883.4214,604.645,971.9011,6343.269,0.0,0.0,0.0,0.0,11.avi
180,0,0.0,936,265,1156.6372,0,0.0,0.8352014422416687,1,0,917.64716,249.60968,954.40497,281.0761,1156.6372,0.0,0.0,0.0,0.0,12.avi
181,0,0.0,724,910,1040.2025,0,0.0,0.7274877429008484,1,0,709.9032,893.3085,740.0687,927.7916,1040.2025,0.0,0.0,0.0,0.0,12.avi
180,1,0.2,904,260,958.1898,0,160.4246592474565,0.7502085566520691,3,0,889.58203,244.5798,919.67725,276.41843,958.1898,-125.33509,-19.336445,32.46867999142955,170.52859426384998,12.avi
181,1,0.2,693,926,1296.4512,0,177.9963406426456,0.5024039149284363,3,0,676.7971,907.6669,710.64014,945.97473,1296.4512,-124.81979,64.95323,35.52186299704984,205.78160516235204,12.avi
180,2,0.4,859,248,922.1802,0,110.50012509745407,0.8380343317985535,5,0,845.18427,232.99062,874.68866,264.24628,922.1802,-215.20583,-56.030804,22.30089724783331,157.22817161154387,12.avi
181,2,0.4,661,921,1316.9385,0,102.19522794258594,0.7812485694885254,5,0,644.8218,902.1315,678.8899,940.7875,1316.9385,-156.41039,-19.082703,20.347126053723944,112.40289861520164,12.avi
182,2,0.4,650,23,2642.0986,0,0.0,0.7005323171615601,1,0,622.425,0.0,678.2603,47.31948,2642.0986,0.0,0.0,0.0,0.0,12.avi
181,3,0.6,627,927,1644.9055,0,56.47979177994253,0.8368982076644897,7,0,608.0491,905.94604,646.6492,948.56006,1644.9055,-168.77615,17.770317,10.01628874202597,249.09669553827365,12.avi
183,3,0.6,781,201,1305.9567,0,0.0,0.8003860712051392,1,0,764.1614,182.67104,799.6311,219.48994,1305.9567,0.0,0.0,0.0,0.0,12.avi
184,3,0.6,731,130,938.0997,0,0.0,0.7066512107849121,1,0,717.0048,114.12671,745.55597,146.98352,938.0997,0.0,0.0,0.0,0.0,12.avi
185,3,0.6,708,97,5230.281,0,0.0,0.7056970596313477,1,0,673.6902,59.601685,743.2738,134.76709,5230.281,0.0,0.0,0.0,0.0,12.avi
180,4,0.8,705,195,5634.922,0,163.10787539122094,0.8525623083114624,8,0,669.52496,155.99554,741.01215,234.8197,5634.922,-260.05103,-90.42663,32.654379996492935,142.23140496000758,12.avi
181,4,0.8,584,930,1285.6075,0,52.89602386284855,0.5944147109985352,9,0,567.2809,911.295,601.21936,949.1756,1285.6075,-204.64137,15.575359,9.627763934207495,175.19105152517795,12.avi
181,5,1.0,554,940,1068.2292,0,73.66333746414216,0.2020473480224609,11,0,538.5124,923.332,570.5125,956.71405,1068.2292,-161.59587,41.242126,12.579391472745694,328.08805930105376,12.avi
186,5,1.0,585,309,3380.8113,0,0.0,0.8298619985580444,1,0,555.247,281.7656,616.40985,337.04117,3380.8113,0.0,0.0,0.0,0.0,12.avi
181,6,1.2,529,956,1005.0609,0,62.22342140934995,0.3929236531257629,13,0,513.5453,940.7004,544.78284,972.87506,1005.0609,-134.78607,73.9962,10.298644798335642,311.3709745631892,12.avi
187,7,1.4,483,421,4105.4204,0,0.0,0.7383700013160706,1,0,453.69952,387.9776,514.06506,455.98694,4105.4204,0.0,0.0,0.0,0.0,12.avi
181,8,1.6,471,977,1869.556,0,167.43577857061945,0.7397698163986206,16,0,448.90677,956.3551,493.38107,998.39185,1869.556,-94.08839,31.587975,33.174824613899986,46.805092690230765,12.avi
188,8,1.6,417,456,7948.07,0,0.0,0.6992829442024231,1,0,370.77072,413.3103,463.356,499.15625,7948.07,0.0,0.0,0.0,0.0,12.avi
189,10,2.0,315,583,2773.491,0,0.0,0.5161965489387512,1,0,293.93158,551.57043,336.72943,616.3749,2773.491,0.0,0.0,0.0,0.0,12.avi
190,11,2.2,258,649,3626.5251,0,0.0,0.7440434694290161,1,0,223.53824,623.9107,293.82492,675.5069,3626.5251,0.0,0.0,0.0,0.0,12.avi
191,13,2.6,183,736,1275.9624,0,0.0,0.6226177215576172,1,0,165.97418,718.2163,201.73822,753.89355,1275.9624,0.0,0.0,0.0,0.0,12.avi
192,3,0.6,674,39,2022.2516,0,0.0,0.6048039793968201,1,0,650.505,18.1008,698.5775,60.167496,2022.2516,0.0,0.0,0.0,0.0,13.avi
193,4,0.8,713,521,1320.3207,0,0.0,0.7574747800827026,1,0,693.327,505.29053,733.40955,538.2306,1320.3207,0.0,0.0,0.0,0.0,13.avi
194,4,0.8,586,98,3982.8062,0,0.0,0.7074287533760071,1,0,554.2029,68.345245,619.31445,129.51419,3982.8062,0.0,0.0,0.0,0.0,13.avi
193,5,1.0,685,540,2252.0552,0,169.87884720792485,0.767163872718811,3,0,661.32025,516.46686,708.99506,563.70465,2252.0552,-112.61735,73.15437,33.72590789160753,212.73906405030684,13.avi
195,5,1.0,485,149,3082.4824,0,0.0,0.8484213352203369,1,0,457.29865,121.713806,513.18634,176.86874,3082.4824,0.0,0.0,0.0,0.0,13.avi
193,6,1.2,649,563,2712.331,0,83.3316145049718,0.8670397400856018,5,0,622.08984,538.9553,676.79346,588.5376,2712.331,-173.0275,114.50331,15.953202733724751,211.2806356483064,13.avi
196,6,1.2,492,205,1964.5513,0,0.0,0.7559676170349121,1,0,473.19714,179.21866,511.25818,230.83447,1964.5513,0.0,0.0,0.0,0.0,13.avi
197,6,1.2,474,236,1003.8833,0,0.0,0.7533076405525208,1,0,459.50906,220.31726,489.95145,253.29376,1003.8833,0.0,0.0,0.0,0.0,13.avi
193,7,1.4,616,584,2132.2852,0,16.161014983704085,0.8497853875160217,7,0,591.8079,562.50195,640.9582,605.885,2132.2852,-167.09561,105.094246,2.891640306990708,66.26688840559376,13.avi
198,7,1.4,476,302,932.058,0,0.0,0.6672383546829224,1,0,461.29498,286.54993,491.11676,317.8042,932.058,0.0,0.0,0.0,0.0,13.avi
193,8,1.6,577,572,1534.1858,0,188.75480249754847,0.5604752898216248,9,0,555.5561,554.71826,599.25226,589.8286,1534.1858,-188.43613,-21.338707,33.7435631646025,100.18008804395612,13.avi
199,8,1.6,494,390,2904.0715,0,0.0,0.6913020014762878,1,0,461.6836,368.62927,527.99817,412.42163,2904.0715,0.0,0.0,0.0,0.0,13.avi
200,9,1.8,479,465,2106.258,0,0.0,0.7644277811050415,1,0,454.1366,445.3587,505.50262,486.3636,2106.258,0.0,0.0,0.0,0.0,13.avi
201,10,2.0,454,521,3283.964,0,0.0,0.8237898945808411,1,0,423.8103,495.08978,485.11853,548.6546,3283.964,0.0,0.0,0.0,0.0,13.avi
201,11,2.2,458,552,3145.015,0,154.80641113099446,0.7521181702613831,3,0,431.89035,522.7037,485.09042,581.8204,3145.015,16.071787,121.316666,30.334553606013586,276.6932083347192,13.avi
202,12,2.4,412,592,3866.9211,0,0.0,0.8747145533561707,1,0,380.7971,562.2697,444.9086,622.58527,3866.9211,0.0,0.0,0.0,0.0,13.avi
202,13,2.6,410,625,854.2505,0,168.11669781746204,0.4251235723495483,3,0,397.56006,608.8806,423.07343,642.36304,854.2505,-10.124116,132.51239,32.697203438209065,264.99455551914645,13.avi
203,13,2.6,374,630,2524.866,0,0.0,0.8340095281600952,1,0,348.72168,606.1992,400.27087,655.17896,2524.866,0.0,0.0,0.0,0.0,13.avi
204,14,2.8,360,684,1706.575,0,0.0,0.7961047291755676,1,0,342.56067,661.3422,379.17365,707.9534,1706.575,0.0,0.0,0.0,0.0,13.avi
204,15,3.0,328,714,1624.385,0,222.5340800010993,0.7272258400917053,3,0,309.73236,692.6961,347.0735,736.1973,1624.385,-129.59778,118.95776,44.06586047287816,221.76660106065947,13.avi
205,15,3.0,289,699,1425.2125,0,0.0,0.753666341304779,1,0,269.47778,681.86487,310.4298,716.6669,1425.2125,0.0,0.0,0.0,0.0,13.avi
204,16,3.2,294,741,2971.3135,0,44.03281953961404,0.831016480922699,5,0,266.70245,714.5871,322.46423,767.873,2971.3135,-165.77304,132.65736,8.921581794662938,198.03240463160333,13.avi
205,16,3.2,284,688,1917.6705,0,58.87472390269705,0.844064474105835,3,0,261.5829,668.1695,308.07,709.4211,1917.6705,-20.46849,-41.79871,12.742350603722686,117.85559523759878,13.avi
204,17,3.4,300,767,3719.2388,0,217.2036652990342,0.8635112047195435,7,0,268.9225,737.71783,331.8935,796.7806,3719.2388,-16.295135,130.69267,38.578775541443775,1.1310782135638533,13.avi
206,19,3.8,1044,100,2273.506,0,0.0,0.5912409424781799,1,0,1020.2496,77.08344,1069.5952,123.15653,2273.506,0.0,0.0,0.0,0.0,13.avi
207,20,4.0,1022,155,3329.8508,0,0.0,0.8398629426956177,1,0,993.11914,126.70001,1051.5497,183.6882,3329.8508,0.0,0.0,0.0,0.0,13.avi
207,21,4.2,1047,189,3813.705,0,213.43327964507455,0.4686718881130218,3,0,1015.72437,159.11171,1078.9587,219.42235,3813.705,99.82867,136.01962,41.84769584865501,306.11538501823804,13.avi
208,21,4.2,476,947,3833.7031,0,0.0,0.7420048117637634,1,0,444.9489,917.1207,507.13312,978.7715,3833.7031,0.0,0.0,0.0,0.0,13.avi
207,22,4.4,1041,188,3421.743,0,197.4415029161188,0.6238552927970886,5,0,1011.901,159.85999,1071.8197,216.96637,3421.743,-16.695702,7.5395355,38.7642398628665,132.7380370798557,13.avi
209,22,4.4,423,1002,1863.2347,0,0.0,0.6028473973274231,1,0,401.18494,981.32263,446.05444,1022.84827,1863.2347,0.0,0.0,0.0,0.0,13.avi
210,22,4.4,461,995,1031.9237,0,0.0,0.5561862587928772,1,0,446.11725,978.9331,477.78204,1011.5221,1031.9237,0.0,0.0,0.0,0.0,13.avi
207,23,4.6,1070,168,3041.7727,0,214.31351314009683,0.5485771298408508,7,0,1039.9407,143.447,1100.8716,193.36858,3041.7727,105.57696,-74.95979,38.35943342119923,34.852462387513754,13.avi
211,0,0.0,1000,69,13312.109,0,0.0,0.8495823740959167,1,0,939.8152,14.227379,1060.2887,124.72561,13312.109,0.0,0.0,0.0,0.0,14.avi
211,1,0.2,1023,81,2679.4844,0,130.51251705140507,0.7590710520744324,3,0,994.5115,57.842,1051.5046,104.85611,2679.4844,91.64127,47.39546,25.678874779803667,333.33620909970267,14.avi
212,2,0.4,1031,160,14994.832,0,0.0,0.902096688747406,1,0,968.28784,101.23932,1094.6062,219.94598,14994.832,0.0,0.0,0.0,0.0,14.avi
213,3,0.6,1129,236,9242.873,0,0.0,0.8315621614456177,1,0,1079.3611,190.39401,1179.717,282.4949,9242.873,0.0,0.0,0.0,0.0,14.avi
214,4,0.8,1114,363,15894.735,0,0.0,0.8652546405792236,1,0,1049.7375,302.52405,1179.887,424.65088,15894.735,0.0,0.0,0.0,0.0,14.avi
215,4,0.8,1114,406,2510.6821,0,0.0,0.715527355670929,1,0,1077.1406,389.46814,1151.918,423.04358,2510.6821,0.0,0.0,0.0,0.0,14.avi
214,5,1.0,1154,392,19199.684,0,249.2000766705168,0.4168839156627655,3,0,1080.2009,328.22382,1229.1543,457.12097,19199.684,159.14302,116.10757,48.40404454253883,324.0565252629103,14.avi
215,5,1.0,1132,434,2693.6519,0,167.96534349874014,0.8065117597579956,3,0,1103.514,411.03354,1161.7699,457.27182,2693.6519,72.30615,111.364555,32.78662542412165,302.19894318300226,14.avi
214,6,1.2,1175,462,12785.332,0,247.61362075611063,0.8375481367111206,5,0,1113.7799,410.1279,1236.8693,513.99817,12785.332,107.94083,327.5218,47.52014054434205,255.98749497174603,14.avi
216,7,1.4,1210,307,2055.9841,0,0.0,0.761817455291748,1,0,1186.3313,286.10513,1234.9155,328.42307,2055.9841,0.0,0.0,0.0,0.0,14.avi
217,7,1.4,1226,338,946.26855,0,0.0,0.7239684462547302,1,0,1208.4917,324.6469,1243.6855,351.53424,946.26855,0.0,0.0,0.0,0.0,14.avi
218,7,1.4,1219,448,12021.48,0,0.0,0.8724012970924377,1,0,1166.2548,392.64136,1273.1554,505.09607,12021.48,0.0,0.0,0.0,0.0,14.avi
219,8,1.6,1160,352,11428.597,0,0.0,0.7996245622634888,1,0,1103.5306,301.98364,1216.5929,403.06598,11428.597,0.0,0.0,0.0,0.0,14.avi
219,9,1.8,1104,362,13947.721,0,283.153192279034,0.6678297519683838,3,0,1044.3214,304.99875,1165.4716,420.12625,13947.721,-220.22064,40.070667,56.85684650532213,189.59309539788524,14.avi
219,10,2.0,1050,333,21008.773,0,200.7692163095789,0.3460354208946228,5,0,977.588,261.46777,1123.4838,405.46625,21008.773,-267.46094,-129.85896,39.1123433211725,106.1089486737486,14.avi
220,10,2.0,1022,371,1362.6233,0,0.0,0.612979531288147,1,0,1002.9503,353.38177,1041.4996,388.7293,1362.6233,0.0,0.0,0.0,0.0,14.avi
221,10,2.0,1027,328,2148.2158,0,0.0,0.5095888376235962,1,0,1001.8501,307.77734,1053.354,349.48706,2148.2158,0.0,0.0,0.0,0.0,14.avi
219,11,2.2,1024,338,20189.28,0,229.36328537878467,0.4811664223670959,7,0,952.1179,268.40192,1096.1106,408.61237,20189.28,-163.6506,-10.934204,40.70852903646908,311.46620392643115,14.avi
220,11,2.2,1043,368,1182.5667,0,107.8602564872014,0.4663006067276001,3,0,1023.5338,353.3593,1063.2618,383.12592,1182.5667,84.522354,-11.229262,20.998523192617952,8.366942565611623,14.avi
221,11,2.2,1032,328,1458.7845,0,23.600311679345943,0.3899550139904022,3,0,1013.90826,308.68814,1050.641,348.40164,1458.7845,18.653116,-0.3486,4.443156185325104,8.180190929605601,14.avi
222,11,2.2,1072,334,999.7371,0,0.0,0.7244961261749268,1,0,1057.6555,317.93518,1087.2488,351.71777,999.7371,0.0,0.0,0.0,0.0,14.avi
219,12,2.4,1051,356,14875.477,0,355.05577565731033,0.8556026220321655,9,0,989.6044,295.50867,1112.4908,416.55927,14875.477,65.36182,64.73485,62.780084760688766,341.73151245135307,14.avi
219,13,2.6,1077,366,18106.473,0,76.84174051044079,0.5613371133804321,11,0,1007.58777,301.2185,1147.201,430.9087,18106.473,116.42253,53.513165,13.220455690375646,13.03100835293492,14.avi
221,13,2.6,1024,354,2396.6494,0,163.60752891380108,0.7784105539321899,6,0,1000.1497,330.41116,1049.0935,379.37857,2396.6494,-13.39226,44.814472,32.21182615562484,232.8194004393889,14.avi
223,13,2.6,1061,400,3170.4673,0,0.0,0.5384303331375122,1,0,1030.1995,375.01935,1092.3804,426.00714,3170.4673,0.0,0.0,0.0,0.0,14.avi
220,14,2.8,1164,357,2606.161,0,97.79663592194927,0.7089526653289795,7,0,1136.0004,334.19177,1192.3947,380.4049,2606.161,101.56291,-9.00312,19.30493516861541,353.3592794673401,14.avi
224,14,2.8,1165,432,1564.5101,0,0.0,0.6635924577713013,1,0,1145.7249,411.92142,1184.4648,452.3063,1564.5101,0.0,0.0,0.0,0.0,14.avi
212,15,3.0,1022,183,573.3291,0,121.62366631401235,0.3169948160648346,15,0,1010.7587,171.58939,1035.0835,195.15909,573.3291,-0.50024754,1.3366889,24.317390642884508,247.139531016566,14.avi
218,15,3.0,1185,460,3247.0312,0,183.01765914538072,0.1887207627296447,10,0,1151.8992,436.4688,1218.3679,485.31927,3247.0312,-5.0252223,1.7479696,36.44650860512285,197.78309373579867,14.avi
219,15,3.0,1158,456,16726.025,0,300.7683749958066,0.7762057781219482,14,0,1091.207,393.96472,1225.0496,518.9326,16726.025,135.79976,157.3013,58.81956746474025,280.53275412022106,14.avi
212,16,3.2,1018,182,412.34976,0,21.8616003252199,0.331686407327652,17,0,1008.83514,172.35439,1028.9193,192.88542,412.34976,-18.418367,-3.3050413,5.092918430963538,161.19645676144444,14.avi
225,16,3.2,1245,536,1743.4802,0,0.0,0.5854856967926025,1,0,1221.9463,517.4864,1269.0132,554.529,1743.4802,0.0,0.0,0.0,0.0,14.avi
219,17,3.4,1207,534,14148.82,0,184.0567794795415,0.8011611104011536,17,0,1146.8323,475.86288,1267.9478,592.6838,14148.82,77.25351,127.215744,36.694995737647645,152.701187231973,14.avi
219,18,3.6,1172,530,12503.676,0,336.8616224843979,0.8801062107086182,19,0,1114.8582,475.9651,1229.5437,584.99084,12503.676,-116.54909,15.317566,58.88842396144512,149.69362711095732,14.avi
223,18,3.6,1039,367,272.86377,0,198.09217344735544,0.1726068705320358,7,0,1032.6068,357.84888,1047.3029,376.41608,272.86377,-7.3253574,-11.4612055,40.24894986301534,123.628184496396,14.avi
219,19,3.8,1187,520,15547.49,0,231.31436092651072,0.7439441084861755,21,0,1123.8718,459.20886,1251.3577,581.16345,15547.49,33.66591,-36.489746,40.44328837997109,19.562016728674905,14.avi
223,19,3.8,1046,367,259.33194,0,45.70819196163737,0.2776485979557037,9,0,1038.9722,358.47217,1053.3655,376.4897,259.33194,24.944502,-0.36419773,7.814632104391467,343.9560999614531,14.avi
225,19,3.8,1216,546,3732.713,0,154.07115351596005,0.6195234060287476,5,0,1180.8987,520.2522,1252.1086,572.67065,3732.713,-24.428207,8.812982,31.127176301822363,198.7243559487027,14.avi
226,20,4.0,1208,638,1701.7365,0,0.0,0.8111068606376648,1,0,1188.117,617.80237,1229.5879,658.8368,1701.7365,0.0,0.0,0.0,0.0,14.avi
227,20,4.0,1168,644,1374.7393,0,0.0,0.7742946147918701,1,0,1150.3418,625.9907,1187.5476,662.9403,1374.7393,0.0,0.0,0.0,0.0,14.avi
226,21,4.2,1233,664,14207.802,0,182.5791606477869,0.5354902148246765,3,0,1188.6456,585.45306,1278.048,744.37286,14207.802,97.78218,106.161125,35.2503862742386,313.23799083991474,14.avi
228,21,4.2,1259,719,2044.2151,0,0.0,0.6760734915733337,1,0,1239.644,693.818,1279.6995,744.85266,2044.2151,0.0,0.0,0.0,0.0,14.avi
226,22,4.4,1228,738,11997.654,0,298.4249481949418,0.8650330901145935,5,0,1180.1022,676.6477,1277.6879,799.5924,11997.654,-12.154045,344.1605,57.52468419971248,244.34741483906103,14.avi
226,23,4.6,1215,805,4513.907,0,60.01783389674729,0.3955397307872772,7,0,1182.285,771.5151,1249.4073,838.764,4513.907,-52.87239,337.2095,11.62925324068074,170.33627201552395,14.avi
229,23,4.6,1212,882,1024.9475,0,0.0,0.6949213147163391,1,0,1196.2611,867.6133,1229.6774,898.2854,1024.9475,0.0,0.0,0.0,0.0,14.avi
230,23,4.6,1235,857,810.349,0,0.0,0.5403947830200195,1,0,1220.3506,843.8508,1250.5742,870.6626,810.349,0.0,0.0,0.0,0.0,14.avi
231,23,4.6,1193,804,1028.3274,0,0.0,0.5284733176231384,1,0,1179.1973,786.2516,1207.2017,822.9718,1028.3274,0.0,0.0,0.0,0.0,14.avi
232,23,4.6,1189,847,2272.0874,0,0.0,0.6789585947990417,1,0,1165.3689,824.49976,1214.2278,871.0028,2272.0874,0.0,0.0,0.0,0.0,14.avi
233,24,4.8,1121,939,1207.799,0,0.0,0.7966306209564209,1,0,1102.3759,923.4031,1140.5651,955.0298,1207.799,0.0,0.0,0.0,0.0,14.avi
234,24,4.8,1168,963,8060.054,0,0.0,0.7925766110420227,1,0,1119.1909,923.13116,1218.2532,1004.4947,8060.054,0.0,0.0,0.0,0.0,14.avi
235,24,4.8,1117,969,491.8091,0,0.0,0.5713872313499451,1,0,1107.769,956.4556,1126.2524,983.0638,491.8091,0.0,0.0,0.0,0.0,14.avi
236,24,4.8,1149,897,2514.878,0,0.0,0.6082874536514282,1,0,1126.8936,869.3489,1172.2515,924.79407,2514.878,0.0,0.0,0.0,0.0,14.avi
234,25,5.0,1176,998,6811.4893,0,181.26649225489888,0.8107072114944458,3,0,1107.6774,974.1588,1246.0367,1023.38916,6811.4893,32.475048,139.56522,34.95317667087399,282.0180661885562,14.avi
237,0,0.0,887,494,1421.1664,0,0.0,0.8731972575187683,1,0,868.1334,476.4124,907.01624,512.9624,1421.1664,0.0,0.0,0.0,0.0,15.avi
238,0,0.0,952,46,952.852,0,0.0,0.8404109477996826,1,0,937.1492,31.493649,967.90063,62.47923,952.852,0.0,0.0,0.0,0.0,15.avi
237,1,0.2,868,520,1540.6202,0,162.11807734891835,0.8517192006111145,3,0,848.54266,500.42438,887.5549,539.9151,1540.6202,-77.94841,101.725945,31.998456610763867,232.2843660076399,15.avi
238,1,0.2,954,50,909.75726,0,18.36453647438236,0.8385199308395386,3,0,939.5436,34.676888,968.786,65.78775,909.75726,6.546443,12.957607,3.3552145230399915,296.08112584464624,15.avi
237,2,0.4,856,555,1475.7322,0,82.1620075342994,0.6156631112098694,5,0,837.63855,536.50726,876.2252,574.7519,1475.7322,-57.467102,170.93762,14.911555787074043,283.73665811797935,15.avi
238,2,0.4,957,54,1031.7529,0,14.99071875355427,0.8276430368423462,5,0,941.91187,38.30431,973.51917,70.94711,1031.7529,16.810421,21.208603,1.92661192285651,322.3758928170037,15.avi
239,2,0.4,1211,353,5664.06,0,0.0,0.7162078022956848,1,0,1175.7587,313.89493,1246.5714,393.88138,5664.06,0.0,0.0,0.0,0.0,15.avi
237,3,0.6,846,567,1999.8362,0,126.57017776519052,0.8827316761016846,7,0,824.2828,544.53467,868.5517,589.70935,1999.8362,-53.713726,83.906364,22.823986077171373,88.59024758339655,15.avi
238,3,0.6,966,61,1245.264,0,35.61585013718538,0.8277602195739746,7,0,949.3815,43.75677,984.381,79.33624,1245.264,39.066235,31.482338,5.364523180875903,336.576032509474,15.avi
240,3,0.6,1088,332,9181.366,0,0.0,0.7957412004470825,1,0,1038.4604,286.4837,1138.0664,378.66058,9181.366,0.0,0.0,0.0,0.0,15.avi
241,3,0.6,1025,78,620.18475,0,0.0,0.7091584801673889,1,0,1012.7401,66.70557,1038.0282,91.23035,620.18475,0.0,0.0,0.0,0.0,15.avi
237,4,0.8,842,569,1918.8278,0,91.54563242819717,0.8489267230033875,9,0,820.07056,548.16797,865.4166,590.48315,1918.8278,-26.579622,27.951305,16.19009244924126,67.00181694753184,15.avi
238,4,0.8,983,80,1646.4042,0,87.64548432794403,0.8536719083786011,9,0,963.1919,60.20803,1003.0287,101.53681,1646.4042,71.36952,81.49465,14.723286891702372,304.34045730713626,15.avi
242,4,0.8,1077,278,5781.2666,0,0.0,0.7201119065284729,1,0,1034.2468,245.0539,1120.2478,312.27716,5781.2666,0.0,0.0,0.0,0.0,15.avi
237,5,1.0,821,569,2184.936,0,97.3254923385015,0.8530218005180359,11,0,795.9544,547.8516,846.1431,591.3859,2184.936,-89.58217,7.5758953,17.46039878581691,160.19534966974015,15.avi
238,5,1.0,987,112,1615.7837,0,101.80502069545796,0.8023484945297241,11,0,967.7404,91.5554,1006.99677,132.71524,1615.7837,32.843834,139.05453,18.10305568836897,234.99717889187588,15.avi
240,5,1.0,1043,317,653.792,0,235.3122778515338,0.2237613797187805,4,0,1031.341,304.43222,1056.0355,330.90744,653.792,-73.074135,-24.43004,47.86720740917297,161.0150574949214,15.avi
243,5,1.0,1019,348,1241.7365,0,0.0,0.6786181926727295,1,0,999.6233,333.0095,1039.2598,364.33762,1241.7365,0.0,0.0,0.0,0.0,15.avi
244,5,1.0,1011,320,8132.5103,0,0.0,0.5140058994293213,1,0,967.49414,274.51797,1056.164,366.23477,8132.5103,0.0,0.0,0.0,0.0,15.avi
238,6,1.2,974,135,1466.5985,0,114.62854813368524,0.7320422530174255,13,0,955.4285,115.72685,993.00433,154.75725,1466.5985,-43.00376,120.96204,20.54176746070481,166.06689794879583,15.avi
245,6,1.2,907,468,4825.8667,0,0.0,0.8527203798294067,1,0,870.9335,434.69638,943.3248,501.35995,4825.8667,0.0,0.0,0.0,0.0,15.avi
246,6,1.2,860,508,896.7036,0,0.0,0.818446695804596,1,0,844.4911,493.9414,875.8771,522.5116,896.7036,0.0,0.0,0.0,0.0,15.avi
238,7,1.4,972,143,1407.7649,0,95.59934950479244,0.81394362449646,15,0,953.6967,125.0007,990.9245,162.81561,1407.7649,-17.255295,61.248726,17.630977485701298,68.77021685465974,15.avi
247,7,1.4,834,581,1065.2211,0,0.0,0.8397183418273926,1,0,818.7826,564.41504,850.85535,597.6277,1065.2211,0.0,0.0,0.0,0.0,15.avi
248,7,1.4,854,605,769.9699,0,0.0,0.7719504237174988,1,0,840.6979,591.75775,867.9169,620.0457,769.9699,0.0,0.0,0.0,0.0,15.avi
249,7,1.4,881,543,779.36926,0,0.0,0.6055391430854797,1,0,867.714,529.0969,894.6582,558.0222,779.36926,0.0,0.0,0.0,0.0,15.avi
250,7,1.4,857,548,427.61682,0,0.0,0.5062528252601624,1,0,847.83514,537.89185,867.1806,559.9961,427.61682,0.0,0.0,0.0,0.0,15.avi
238,8,1.6,975,149,1922.6519,0,55.92544587830564,0.8913960456848145,17,0,953.8758,127.02338,997.55914,171.03671,1922.6519,9.119883,33.83531,9.430828686363917,49.37517658346263,15.avi
251,8,1.6,778,660,1637.9441,0,0.0,0.8227132558822632,1,0,758.89355,639.6266,798.6493,680.8268,1637.9441,0.0,0.0,0.0,0.0,15.avi
252,8,1.6,783,605,1888.1138,0,0.0,0.7719165682792664,1,0,763.61426,582.1438,803.3113,629.7069,1888.1138,0.0,0.0,0.0,0.0,15.avi
238,9,1.8,969,159,1802.3145,0,47.87264008697869,0.8535175919532776,19,0,948.84076,138.16428,991.0346,180.87936,1802.3145,-20.123716,48.16042,9.122214087813806,200.55519271915955,15.avi
253,9,1.8,643,712,4375.9043,0,0.0,0.6759153604507446,1,0,611.3788,677.6181,674.82654,746.58673,4375.9043,0.0,0.0,0.0,0.0,15.avi
254,9,1.8,989,592,319.45282,0,0.0,0.5888186097145081,1,0,980.20544,583.6459,997.8883,601.71155,319.45282,0.0,0.0,0.0,0.0,15.avi
238,10,2.0,963,176,1459.7899,0,44.713418890881336,0.8253977298736572,21,0,944.7212,157.2382,982.2599,196.12581,1459.7899,-29.44015,77.11319,7.44005656536606,246.950613131203,15.avi
254,10,2.0,978,599,337.2912,0,63.74661324716724,0.4003245532512665,3,0,968.9919,591.2529,988.4329,608.6024,337.2912,-41.255424,28.937902,12.72761339282849,209.7792338957925,15.avi
255,10,2.0,518,780,4841.153,0,0.0,0.8202000260353088,1,0,479.7884,749.8346,557.76434,811.9198,4841.153,0.0,0.0,0.0,0.0,15.avi
238,11,2.2,959,191,1328.4453,0,10.418020131177892,0.843144416809082,23,0,941.05505,173.13876,977.51697,209.57251,1328.4453,-22.96556,74.23253,1.7813301635677152,38.3251569265604,15.avi
250,11,2.2,865,559,480.0141,0,68.57995443129532,0.2992855310440063,6,0,855.28015,548.46674,876.3605,571.2375,480.0141,4.2505083,5.5778036,12.54016362833849,306.6875173266365,15.avi
256,11,2.2,402,837,2080.4023,0,0.0,0.7476118803024292,1,0,378.85788,815.7322,426.93307,859.0061,2080.4023,0.0,0.0,0.0,0.0,15.avi
257,11,2.2,431,865,1524.1377,0,0.0,0.7154155373573303,1,0,413.6706,843.8687,449.66437,886.2132,1524.1377,0.0,0.0,0.0,0.0,15.avi
238,12,2.4,953,211,1365.8591,0,32.90596783357172,0.8198490142822266,25,0,935.0873,193.44272,972.0608,230.38431,1365.8591,-27.2686,96.19818,5.087749222970607,250.5651504758477,15.avi
250,12,2.4,886,573,681.16833,0,133.38052303796715,0.3985650837421417,8,0,873.15594,560.8013,899.9393,586.23376,681.16833,86.188774,57.311333,22.7686287937844,328.098422051567,15.avi
238,13,2.6,952,223,1428.778,0,47.54608050187779,0.8254635334014893,27,0,933.0879,204.87727,971.00684,242.55708,1428.778,-12.165307,67.59976,9.02917299356094,64.55243233357072,15.avi
250,13,2.6,891,579,772.8975,0,78.12141337864126,0.7524864673614502,10,0,876.8219,565.7863,905.31287,592.9141,772.8975,36.78251,35.44185,14.114633503580723,154.93416182861515,15.avi
258,0,0.0,913,180,2543.3752,0,0.0,0.639340341091156,1,0,886.20874,156.5993,939.975,203.90363,2543.3752,0.0,0.0,0.0,0.0,16.avi
258,1,0.2,931,170,3751.5605,0,105.54298461059314,0.2163054198026657,3,0,900.0706,140.3953,962.84515,200.15771,3751.5605,73.31746,-39.820194,20.634778519593457,29.78885650732218,16.avi
258,2,0.4,918,194,2605.2434,0,220.12023371650835,0.3651291728019714,5,0,893.5225,169.09637,944.4549,220.24744,2605.2434,-50.926674,108.35776,42.366409664324586,228.4122441139174,16.avi
258,3,0.6,924,227,4213.8896,0,108.57982155623806,0.4869574308395386,7,0,892.5881,194.72191,957.2236,259.91656,4213.8896,10.823177,150.44775,18.56071589411744,324.960230721646,16.avi
259,5,1.0,899,233,2616.1516,0,0.0,0.8692728281021118,1,0,873.5116,208.41849,924.8622,259.36536,2616.1516,0.0,0.0,0.0,0.0,16.avi
260,6,1.2,957,290,3450.755,0,0.0,0.8746880292892456,1,0,930.3468,258.08087,984.2816,322.06097,3450.755,0.0,0.0,0.0,0.0,16.avi
260,7,1.4,945,311,2430.6838,0,122.49728911198662,0.8587685823440552,3,0,918.26086,288.59375,972.2301,333.63214,2430.6838,-48.17845,84.00006,24.2830396201981,239.52838005411868,16.avi
260,8,1.6,908,329,994.22705,0,143.89701848987545,0.7708054780960083,5,0,891.09296,314.32965,924.9578,343.6883,994.22705,-174.49094,89.01878,27.631193018442826,182.25464964936933,16.avi
261,8,1.6,883,348,2567.6082,0,0.0,0.8744815587997437,1,0,856.85706,324.18512,910.54016,372.0141,2567.6082,0.0,0.0,0.0,0.0,16.avi
261,9,1.8,856,344,697.8893,0,139.06690922488357,0.6396925449371338,3,0,844.79736,329.317,868.0415,359.34128,697.8893,-108.899025,-15.051801,28.00035185917456,171.58090124642672,16.avi
262,9,1.8,826,347,1058.9996,0,0.0,0.8281697034835815,1,0,808.8657,331.81256,843.6841,362.22754,1058.9996,0.0,0.0,0.0,0.0,16.avi
263,9,1.8,811,373,707.23,0,0.0,0.7472702860832214,1,0,797.181,361.89136,826.6936,385.85504,707.23,0.0,0.0,0.0,0.0,16.avi
262,10,2.0,812,354,2115.8638,0,79.22095684019844,0.8665812015533447,3,0,787.8242,333.22095,837.27295,376.01,2115.8638,-54.795578,30.321085,15.890013789939376,206.05708714112356,16.avi
262,11,2.2,811,359,1316.423,0,51.690702439472645,0.804315984249115,5,0,792.7152,342.2239,830.2147,377.32895,1316.423,-9.574558,26.18493,9.559251178071714,10.120169996297308,16.avi
263,11,2.2,829,382,663.1496,0,96.66867377000725,0.8226267695426941,4,0,815.835,370.01205,842.75653,394.6448,663.1496,28.45649,13.861019,18.899207436493462,334.53196524658523,16.avi
264,11,2.2,844,357,561.9702,0,0.0,0.6927132606506348,1,0,833.3242,344.88745,855.53467,370.1895,561.9702,0.0,0.0,0.0,0.0,16.avi
262,12,2.4,810,371,584.083,0,38.2838004513118,0.6941499710083008,7,0,798.0468,359.97717,822.67206,383.69598,584.083,-6.47083,52.350388,6.003457632783139,274.29827307741976,16.avi
263,12,2.4,848,379,601.65204,0,83.88017061986294,0.7802127599716187,6,0,836.4233,367.58704,861.52057,391.5598,601.65204,86.04285,-8.898859,14.372003572768726,25.117836747617105,16.avi
264,12,2.4,840,363,481.9393,0,34.873978985382124,0.6499723196029663,3,0,828.85767,352.53998,851.73755,373.60382,481.9393,-16.49445,22.08954,7.031937148703982,230.95698056897464,16.avi
265,12,2.4,830,347,275.09808,0,0.0,0.6733013987541199,1,0,821.92053,339.082,838.2328,355.9465,275.09808,0.0,0.0,0.0,0.0,16.avi
266,13,2.6,821,430,1335.6431,0,0.0,0.7878624796867371,1,0,800.2615,414.31976,841.7578,446.50677,1335.6431,0.0,0.0,0.0,0.0,16.avi
266,14,2.8,846,421,3181.955,0,136.11539426640852,0.8943990468978882,3,0,819.3972,391.9218,873.41064,450.83228,3181.955,101.37433,-36.072742,26.70444811897609,20.64019057641559,16.avi
266,15,3.0,859,392,3832.507,0,120.95053624987148,0.5141515731811523,5,0,828.7167,361.0777,890.5918,423.01703,3832.507,69.208145,-137.34082,23.455068019437046,109.10996300970696,16.avi
266,16,3.2,880,368,2724.5945,0,42.22170823182179,0.7882723212242126,7,0,854.94934,341.25244,905.12976,395.54846,2724.5945,94.30199,-122.68701,7.348870120414922,332.2582258288203,16.avi
266,17,3.4,861,346,3865.9395,0,211.56873608256976,0.8377364873886108,9,0,830.9874,314.82117,892.10645,378.07373,3865.9395,-49.074112,-112.767,37.960161149794175,183.2271653702416,16.avi
267,19,3.8,845,328,4439.9165,0,0.0,0.9020453691482544,1,0,813.8528,293.19812,877.3512,363.1198,4439.9165,0.0,0.0,0.0,0.0,16.avi
267,20,4.0,854,329,3531.6934,0,47.68259130436733,0.8245857357978821,3,0,820.6889,304.11252,889.06085,355.76663,3531.6934,37.01746,7.1081834,8.440018619970928,354.28107868500706,16.avi
267,22,4.4,853,360,4726.442,0,176.24555378326224,0.5154033899307251,6,0,816.85455,328.2653,890.52313,392.4235,4726.442,-2.7676468,51.55837,35.29186034776322,226.96358990914348,16.avi
268,1,0.2,200,632,1489.9663,0,0.0,0.8419791460037231,1,0,180.56174,614.5687,221.3953,651.0575,1489.9663,0.0,0.0,0.0,0.0,17.avi
269,1,0.2,866,42,8562.291,0,0.0,0.5125223398208618,1,0,815.14655,0.7191582,918.76227,83.3542,8562.291,0.0,0.0,0.0,0.0,17.avi
268,2,0.4,171,629,1267.07,0,149.9820213099193,0.6798256635665894,3,0,154.14731,610.83856,188.88129,647.3178,1267.07,-117.62162,-14.909948,30.220046486257463,172.75120094513034,17.avi
270,3,0.6,665,257,4697.4053,0,0.0,0.8496212363243103,1,0,630.98315,222.87091,699.40283,291.52667,4697.4053,0.0,0.0,0.0,0.0,17.avi
271,4,0.8,778,635,2201.6462,0,0.0,0.839825451374054,1,0,753.97363,612.7312,802.37756,658.21606,2201.6462,0.0,0.0,0.0,0.0,17.avi
272,4,0.8,671,316,1126.8818,0,0.0,0.6227442622184753,1,0,652.2325,301.93707,690.45575,331.41864,1126.8818,0.0,0.0,0.0,0.0,17.avi
273,4,0.8,673,351,4974.1797,0,0.0,0.5040158629417419,1,0,634.4701,319.65103,712.0134,383.79813,4974.1797,0.0,0.0,0.0,0.0,17.avi
274,5,1.0,641,587,895.9026,0,0.0,0.840542733669281,1,0,626.3162,572.55273,657.179,601.5813,895.9026,0.0,0.0,0.0,0.0,17.avi
275,5,1.0,561,487,1191.216,0,0.0,0.5279446244239807,1,0,544.86304,469.19046,578.0681,505.06497,1191.216,0.0,0.0,0.0,0.0,17.avi
276,6,1.2,494,560,2723.8127,0,0.0,0.7968653440475464,1,0,469.06885,534.4941,520.5437,587.4095,2723.8127,0.0,0.0,0.0,0.0,17.avi
277,6,1.2,517,595,1089.087,0,0.0,0.7726060748100281,1,0,500.2992,580.1763,535.2853,611.3054,1089.087,0.0,0.0,0.0,0.0,17.avi
278,6,1.2,438,781,707.1842,0,0.0,0.6212378144264221,1,0,425.85742,767.5152,452.00427,794.5618,707.1842,0.0,0.0,0.0,0.0,17.avi
279,7,1.4,1038,453,1799.9816,0,0.0,0.8319644927978516,1,0,1016.0477,433.8739,1060.7726,474.11957,1799.9816,0.0,0.0,0.0,0.0,17.avi
280,7,1.4,419,699,3730.7397,0,0.0,0.7451462149620056,1,0,381.52515,674.6885,457.1106,724.0464,3730.7397,0.0,0.0,0.0,0.0,17.avi
281,7,1.4,207,818,1763.4685,0,0.0,0.739243745803833,1,0,186.44601,797.23584,228.47025,839.199,1763.4685,0.0,0.0,0.0,0.0,17.avi
282,7,1.4,420,648,2158.5547,0,0.0,0.5328191518783569,1,0,398.03323,624.0365,442.3013,672.7975,2158.5547,0.0,0.0,0.0,0.0,17.avi
270,8,1.6,622,234,765.7412,0,243.89543358000796,0.3870802819728851,7,0,608.3231,220.4141,635.9652,248.11606,765.7412,-14.780722,-7.8742375,49.02875264283666,151.75992455907476,17.avi
279,8,1.6,1002,466,1239.2875,0,190.08310741073444,0.2118847370147705,3,0,982.4377,451.30725,1023.3438,481.60315,1239.2875,-141.79408,49.734364,38.33768195852159,198.2457369569587,17.avi
283,8,1.6,538,549,962.2285,0,0.0,0.5460032224655151,1,0,521.7594,535.3265,554.6913,564.5452,962.2285,0.0,0.0,0.0,0.0,17.avi
284,8,1.6,342,774,5021.1216,0,0.0,0.5386441946029663,1,0,298.7992,745.23645,385.71875,803.0039,5021.1216,0.0,0.0,0.0,0.0,17.avi
285,0,0.0,292,643,2065.0605,0,0.0,0.5098849534988403,1,0,269.9904,620.54425,314.87253,666.555,2065.0605,0.0,0.0,0.0,0.0,18.avi
286,2,0.4,989,223,2644.0098,0,0.0,0.8345150351524353,1,0,963.70087,198.70943,1016.2083,249.06438,2644.0098,0.0,0.0,0.0,0.0,18.avi
286,3,0.6,976,184,4321.983,0,209.43993538342784,0.5747489929199219,3,0,943.91235,151.44818,1008.9365,217.91556,4321.983,-54.012497,-156.50711,42.25749066538484,109.28259063380888,18.avi
287,4,0.8,935,216,1839.9413,0,0.0,0.7574426531791687,1,0,914.60657,194.36087,957.0436,237.71786,1839.9413,0.0,0.0,0.0,0.0,18.avi
287,5,1.0,899,231,1380.8073,0,201.34801150013416,0.7233095765113831,3,0,879.6971,214.2969,918.82623,249.58533,1380.8073,-145.96184,63.48006,39.74803817590162,202.11004439366675,18.avi
287,6,1.2,828,259,2410.6482,0,229.3792675234242,0.8583627343177795,5,0,803.5318,235.29831,853.65656,283.39127,2410.6482,-335.88147,130.82828,44.45352521753756,198.8504155676971,18.avi
287,7,1.4,770,258,2194.163,0,156.09429889434537,0.8582731485366821,7,0,746.35034,235.81862,793.91235,281.95126,2194.163,-302.4672,28.724602,28.8179883504502,72.6742875694618,18.avi
287,8,1.6,709,266,2263.463,0,12.802672910688257,0.8727755546569824,9,0,685.0127,243.45615,733.3845,290.2491,2263.463,-304.15363,37.256393,1.5113529876691063,245.0328700949541,18.avi
288,8,1.6,586,13,1034.2621,0,0.0,0.7250459790229797,1,0,566.8373,-9.536743e-07,605.23694,26.934147,1034.2621,0.0,0.0,0.0,0.0,18.avi
289,8,1.6,550,29,2219.0369,0,0.0,0.7425939440727234,1,0,526.0322,6.763771,574.8479,52.221237,2219.0369,0.0,0.0,0.0,0.0,18.avi
290,9,1.8,644,205,2421.6956,0,0.0,0.8669813275337219,1,0,619.71545,180.95496,669.6627,229.44,2421.6956,0.0,0.0,0.0,0.0,18.avi
291,9,1.8,606,95,4245.46,0,0.0,0.8257785439491272,1,0,567.6487,67.95033,645.7085,122.3376,4245.46,0.0,0.0,0.0,0.0,18.avi
292,9,1.8,1148,995,2734.8633,0,0.0,0.6641116142272949,1,0,1123.6682,967.9763,1174.2153,1022.08154,2734.8633,0.0,0.0,0.0,0.0,18.avi
291,10,2.0,578,125,1272.2732,0,208.240403242255,0.7025967836380005,3,0,559.89734,107.9502,596.88525,142.34714,1272.2732,-112.92324,119.77927,41.39860124845215,226.15236929301705,18.avi
293,10,2.0,540,158,1150.1884,0,0.0,0.8195735216140747,1,0,525.0421,139.83499,556.0685,176.90631,1150.1884,0.0,0.0,0.0,0.0,18.avi
294,10,2.0,628,143,814.7888,0,0.0,0.7975004315376282,1,0,613.3174,129.57578,643.58276,156.49725,814.7888,0.0,0.0,0.0,0.0,18.avi
295,10,2.0,572,158,827.4441,0,0.0,0.7385873794555664,1,0,558.0272,144.16844,586.9396,172.78749,827.4441,0.0,0.0,0.0,0.0,18.avi
296,10,2.0,556,189,1031.5999,0,0.0,0.6896613240242004,1,0,539.74896,174.31448,573.27496,205.08463,1031.5999,0.0,0.0,0.0,0.0,18.avi
297,10,2.0,1088,1011,1211.6664,0,0.0,0.6434905529022217,1,0,1061.8918,1000.2595,1114.1641,1023.43945,1211.6664,0.0,0.0,0.0,0.0,18.avi
298,10,2.0,456,387,357.7437,0,0.0,0.589744508266449,1,0,446.72583,378.31183,466.83008,396.10626,357.7437,0.0,0.0,0.0,0.0,18.avi
299,11,2.2,519,228,2057.3735,0,0.0,0.7992112636566162,1,0,493.02893,209.76016,546.4955,248.23978,2057.3735,0.0,0.0,0.0,0.0,18.avi
299,12,2.4,512,260,9094.164,0,162.3636917078412,0.5179665088653564,3,0,461.77487,215.85872,563.8745,304.93018,9094.164,-27.69452,125.327255,31.95706103644016,255.94253728946563,18.avi
299,13,2.6,556,300,10917.711,0,269.0270768035406,0.8759636282920837,5,0,502.7752,249.90317,610.4904,351.26035,10917.711,198.27158,194.57217,50.83786062736503,343.380812242014,18.avi
299,14,2.8,626,309,6996.3223,0,237.99926095240963,0.8549002408981323,7,0,585.6425,267.01917,667.8719,352.10217,6996.3223,315.11853,79.77518,42.57784855193983,45.74535187224416,18.avi
300,15,3.0,636,358,3002.9634,0,0.0,0.8465139865875244,1,0,611.46216,327.56372,660.7296,388.516,3002.9634,0.0,0.0,0.0,0.0,18.avi
301,16,3.2,622,443,5156.0454,0,0.0,0.888080894947052,1,0,586.16187,407.9391,658.4636,479.25195,5156.0454,0.0,0.0,0.0,0.0,18.avi
302,17,3.4,673,516,6458.0957,0,0.0,0.8376436829566956,1,0,627.31946,481.4447,719.4852,551.51514,6458.0957,0.0,0.0,0.0,0.0,18.avi
303,18,3.6,674,569,4422.316,0,0.0,0.8038331866264343,1,0,636.0626,540.7047,712.93787,598.2306,4422.316,0.0,0.0,0.0,0.0,18.avi
304,19,3.8,749,569,10418.829,0,0.0,0.6607897281646729,1,0,693.43585,523.4845,805.89435,616.1305,10418.829,0.0,0.0,0.0,0.0,18.avi
305,22,4.4,861,797,8109.2085,0,0.0,0.7029562592506409,1,0,814.62427,754.1605,909.2219,839.88367,8109.2085,0.0,0.0,0.0,0.0,18.avi
306,0,0.0,629,805,17945.111,0,0.0,0.6715252995491028,1,0,562.50836,738.81854,697.1186,872.1302,17945.111,0.0,0.0,0.0,0.0,20.avi
306,3,0.6,662,851,15720.681,0,282.28404101581884,0.646533727645874,5,0,595.1426,793.16016,730.18005,909.5773,15720.681,27.692297,38.691162,55.75442324879543,305.26022653862964,20.avi
306,5,1.0,682,862,20590.799,0,60.73403864734397,0.780551552772522,8,0,608.1145,793.3361,756.03015,932.5424,20590.799,32.75905,17.587711,12.874696704413576,77.78823010928124,20.avi
306,6,1.2,688,817,22360.457,0,284.0367312752411,0.9061587452888488,10,0,613.0539,742.9397,763.70294,891.3672,22360.457,31.818903,-171.03297,49.46072531612293,90.7230353443141,20.avi
306,7,1.4,634,835,26471.854,0,450.1021514344491,0.7718639969825745,12,0,552.03046,755.0479,717.1175,915.39874,26471.854,-201.59454,31.765717,79.99465592798599,220.59500243542996,20.avi
306,8,1.6,582,819,23544.75,0,143.68145672480378,0.7786833047866821,14,0,505.9345,742.1886,659.1962,895.813,23544.75,-246.5404,-55.03569,25.688206567960552,118.49419607192316,20.avi
306,9,1.8,585,802,19758.258,0,295.48552409859457,0.5952566266059875,16,0,515.8336,730.7998,654.52014,873.2667,19758.258,-46.88005,-77.95682,52.0887193322088,6.6074448686223946,20.avi
307,12,2.4,536,783,15111.036,0,0.0,0.810385525226593,1,0,477.64307,719.3568,594.58325,848.577,15111.036,0.0,0.0,0.0,0.0,20.avi
307,13,2.6,563,761,26614.232,0,181.3749212091534,0.8826184868812561,3,0,481.00635,681.01,646.8544,841.48364,26614.232,111.04659,-90.69897,35.36073493491583,40.50417375678035,20.avi
307,14,2.8,620,732,22499.516,0,188.1090147660351,0.8516388535499573,5,0,547.2909,656.29675,694.2013,809.4481,22499.516,269.51373,-137.56448,35.63551730311599,18.16080486566545,20.avi
307,15,3.0,619,677,20703.205,0,344.52765230270484,0.903598964214325,7,0,547.40936,605.7778,691.22845,749.7309,20703.205,57.333984,-243.4252,62.45847167091502,152.9958761999701,20.avi
308,15,3.0,1123,64,1439.9843,0,0.0,0.8514665961265564,1,0,1104.8857,45.301666,1142.2178,83.87402,1439.9843,0.0,0.0,0.0,0.0,20.avi
307,16,3.2,598,601,21105.648,0,242.2942486473015,0.916569709777832,9,0,526.60583,527.5241,669.43445,675.29315,21105.648,-68.43352,-349.5979,43.16001254668986,139.43172351646928,20.avi
309,16,3.2,1084,126,1323.7203,0,0.0,0.8156824707984924,1,0,1065.9875,108.58583,1102.9392,144.40886,1323.7203,0.0,0.0,0.0,0.0,20.avi
310,17,3.4,627,693,21972.326,0,0.0,0.88957679271698,1,0,549.99805,622.6935,704.723,764.7024,21972.326,0.0,0.0,0.0,0.0,20.avi
310,18,3.6,649,630,24346.855,0,335.8547398859517,0.8312476277351379,3,0,572.7808,551.3953,725.8575,710.4454,24346.855,87.65927,-250.60915,67.27327581889462,71.23634669370892,20.avi
310,19,3.8,635,597,20426.66,0,185.87762758298803,0.8652950525283813,5,0,561.6538,528.8195,709.4768,667.00275,20426.66,-55.601837,-172.24823,35.73478556600633,206.96082083454692,20.avi
311,19,3.8,946,295,1644.0524,0,0.0,0.8405003547668457,1,0,924.2458,277.1327,969.05096,313.82605,1644.0524,0.0,0.0,0.0,0.0,20.avi
312,19,3.8,582,238,828.6183,0,0.0,0.5603762269020081,1,0,568.5631,224.04895,596.6317,253.57013,828.6183,0.0,0.0,0.0,0.0,20.avi
310,20,4.0,618,581,14480.152,0,107.99233744141446,0.272150456905365,7,0,555.317,524.0089,680.71436,639.48303,14480.152,-80.25691,-102.130684,18.685202095776013,249.8229361287239,20.avi
310,21,4.2,628,536,11348.646,0,204.1231924480112,0.6536509990692139,9,0,574.08276,483.65796,681.9187,588.89795,11348.646,19.68148,-198.25153,36.31737136425208,44.2013650022152,20.avi
310,22,4.4,639,509,15446.977,0,86.76231870881335,0.886982798576355,11,0,576.7131,448.59778,702.9134,570.9983,15446.977,49.977898,-147.5908,14.246454951464155,299.72064578007263,20.avi
313,23,4.6,603,595,27947.332,0,0.0,0.897018551826477,1,0,520.1105,511.85596,687.068,679.2478,27947.332,0.0,0.0,0.0,0.0,20.avi
313,24,4.8,653,609,26569.775,0,261.233086144,0.7872918248176575,3,0,578.4306,521.1433,728.1707,698.5825,26569.775,198.4487,57.12987,51.20816136945738,344.7746132628756,20.avi
314,24,4.8,708,634,1142.5442,0,0.0,0.5186734795570374,1,0,692.35205,616.8062,723.975,652.93646,1142.5442,0.0,0.0,0.0,0.0,20.avi
315,25,5.0,613,688,5123.828,0,0.0,0.6498357653617859,1,0,573.163,656.13525,653.1612,720.1846,5123.828,0.0,0.0,0.0,0.0,20.avi
316,26,5.2,558,682,18602.479,0,0.0,0.8792441487312317,1,0,493.79846,610.3917,623.6178,753.6869,18602.479,0.0,0.0,0.0,0.0,20.avi
317,28,5.6,500,630,15117.69,0,0.0,0.5576652884483337,1,0,442.89404,565.15576,557.86163,696.651,15117.69,0.0,0.0,0.0,0.0,20.avi
316,29,5.8,551,616,18681.79,0,330.4061574490232,0.8066999316215515,5,0,488.0084,542.9243,615.20184,689.8013,18681.79,-5.9881773,-55.368443,66.48763259332374,96.65745860914558,20.avi
316,30,6.0,583,652,23852.746,0,326.9882183777651,0.786872148513794,7,0,510.82587,570.1807,656.05035,734.42816,23852.746,127.93828,135.26068,56.95769435363013,304.90542081452315,20.avi
316,31,6.2,606,697,24164.475,0,101.70009924930712,0.6976898312568665,9,0,531.11395,617.27814,682.1346,777.28595,24164.475,118.61172,204.87793,17.90100329443739,260.2687355568149,20.avi
316,32,6.4,616,673,25239.635,0,375.4028827661124,0.8319756984710693,11,0,539.0123,592.1404,694.6846,754.27356,25239.635,66.75015,-45.054398,66.81604343980393,102.39899355778384,20.avi
316,33,6.6,593,707,24639.71,0,319.30505089157435,0.8417189121246338,13,0,517.2954,627.0002,670.4553,787.8759,24639.71,-72.9362,121.23935,56.70891226558131,229.00790816270376,20.avi
317,36,7.2,543,692,29230.979,0,374.7747716721953,0.8610958456993103,10,0,453.79083,610.73035,633.01276,773.8297,29230.979,6.2538524,8.921548,74.4946004272535,304.9003597698587,20.avi
317,37,7.4,529,661,29836.379,0,196.99156314325225,0.8506906032562256,12,0,440.95996,577.1332,617.07776,746.5447,29836.379,-62.26947,-132.32379,36.58214722740743,115.33278055968076,20.avi
317,38,7.6,559,609,27681.848,0,282.7740755523874,0.8624702095985413,14,0,477.18106,525.7765,642.7202,692.9989,27681.848,105.75188,-232.96252,49.96328401058384,31.861688112587103,20.avi
315,39,7.8,594,650,2978.9233,0,210.2512591776077,0.3563147783279419,16,0,570.5895,619.5139,618.8679,681.2168,2978.9233,-0.94059515,-1.9285325,42.70088205054654,116.66364645481434,20.avi
317,39,7.8,545,603,27415.69,0,304.30254931983615,0.8470384478569031,16,0,461.37915,522.03424,629.94434,684.6757,27415.69,-30.299591,-77.253265,54.034357853065714,228.0784705683346,20.avi
318,40,8.0,626,550,2271.4817,0,0.0,0.7651327848434448,1,0,604.16064,525.0292,649.37964,575.2621,2271.4817,0.0,0.0,0.0,0.0,20.avi
319,42,8.4,653,447,19040.16,0,0.0,0.8160597085952759,1,0,586.1008,376.90216,720.521,518.54877,19040.16,0.0,0.0,0.0,0.0,20.avi
319,44,8.8,629,452,11595.566,0,123.64950765118218,0.2632081806659698,4,0,575.0834,398.3428,682.9264,505.8654,11595.566,-39.8459,7.1780996,24.683843992026983,189.97226315432064,20.avi
319,45,9.0,620,477,14588.638,0,131.5973753170488,0.8551101088523865,6,0,561.04425,415.933,680.2415,538.3237,14588.638,-41.463432,104.31072,23.483147234308195,267.4721951710493,20.avi
320,46,9.2,672,555,20270.682,0,0.0,0.81683349609375,1,0,597.6714,487.198,746.4105,623.48145,20270.682,0.0,0.0,0.0,0.0,20.avi
320,47,9.4,654,547,24062.754,0,96.18289349497468,0.8752868175506592,3,0,579.6901,467.25223,729.72955,627.6284,24062.754,-69.18613,-31.53467,19.87528616668082,155.19049971518564,20.avi
321,47,9.4,907,341,1107.9612,0,0.0,0.7862050533294678,1,0,891.1148,325.01324,924.01105,358.69373,1107.9612,0.0,0.0,0.0,0.0,20.avi
320,48,9.6,638,546,24873.986,0,28.38497955710445,0.8838858604431152,5,0,564.0399,463.0477,713.6365,629.32153,24873.986,-78.50212,-8.4043255,5.651204362115226,239.44801629676164,20.avi
322,48,9.6,1175,199,479.40543,0,0.0,0.5285166501998901,1,0,1164.8474,188.08405,1186.3923,210.33548,479.40543,0.0,0.0,0.0,0.0,20.avi
320,49,9.8,652,528,23592.133,0,185.74796722548905,0.8462135791778564,7,0,576.4172,451.51135,728.80096,606.3319,23592.133,34.5148,-68.15881,33.247616469409664,29.76145002712883,20.avi
323,52,10.4,748,520,17459.547,0,0.0,0.8551718592643738,1,0,681.05286,455.8849,815.3683,585.874,17459.547,0.0,0.0,0.0,0.0,20.avi
323,53,10.6,686,514,22111.129,0,312.3581234262756,0.8830488324165344,3,0,618.47876,433.10193,754.98035,595.0863,22111.129,-245.43323,-27.087065,62.5897922108844,173.6896777132829,20.avi
323,54,10.8,696,521,25825.59,0,315.63763829725644,0.9012666940689088,5,0,619.22577,437.99393,774.5887,604.22144,25825.59,25.94571,29.835989,59.64408496878602,348.07600234077603,20.avi
323,55,11.0,671,481,30339.34,0,305.3723257384672,0.8782420754432678,7,0,586.27124,392.49182,756.09106,571.1478,30339.34,-92.60823,-143.70848,55.586689134034366,124.01578201370457,20.avi
323,56,11.2,649,428,25938.008,0,140.66539688359336,0.8154062032699585,9,0,571.0543,345.74014,727.9829,511.02554,25938.008,-104.66412,-238.49905,25.343720780110598,98.30219698117264,20.avi
323,57,11.4,596,379,21378.771,0,180.00602702893792,0.8666063547134399,11,0,522.5501,307.34827,671.0009,451.36078,21378.771,-227.02455,-243.60936,32.62925076956427,177.04332301868303,20.avi
324,60,12.0,695,405,19077.246,0,0.0,0.8425881862640381,1,0,625.02795,338.08154,766.4866,472.9425,19077.246,0.0,0.0,0.0,0.0,20.avi
325,61,12.2,712,299,30334.172,0,0.0,0.7466136813163757,1,0,637.19946,198.19913,787.1997,400.4266,30334.172,0.0,0.0,0.0,0.0,20.avi
326,5,1.0,704,974,10054.549,0,0.0,0.5423864126205444,1,0,653.1209,925.79675,756.2347,1023.306,10054.549,0.0,0.0,0.0,0.0,21.avi
327,7,1.4,631,897,16158.037,0,0.0,0.5519903302192688,1,0,568.59174,833.1832,694.6766,961.3353,16158.037,0.0,0.0,0.0,0.0,21.avi
328,8,1.6,988,592,507.2318,0,0.0,0.5607732534408569,1,0,976.83545,581.1119,999.4015,603.58954,507.2318,0.0,0.0,0.0,0.0,21.avi
327,9,1.8,618,870,10177.4795,0,149.46957576828115,0.5255066752433777,4,0,569.33716,818.55695,667.171,922.58514,10177.4795,-21.934551,-43.75119,30.478818732419494,116.57264536389482,21.avi
328,9,1.8,966,608,532.3695,0,135.781131044784,0.6581358909606934,3,0,954.16974,597.3204,978.6307,619.0844,532.3695,-86.6996,63.28019,27.094778487773944,215.28022674393347,21.avi
327,10,2.0,615,885,11289.356,0,134.7280770062817,0.5171116590499878,6,0,564.9741,829.705,665.3522,942.1734,11289.356,-16.598051,55.562737,23.20686408334088,272.797929892558,21.avi
328,10,2.0,949,622,527.0367,0,10.942819774708711,0.2424580454826355,5,0,938.26385,611.4565,961.5257,634.1132,527.0367,-82.878456,72.10129,1.1431321862940211,266.97611816662163,21.avi
327,11,2.2,589,926,17145.0,0,205.8559761330023,0.6779350638389587,8,0,530.5321,854.16815,649.2245,998.61725,17145.0,-101.58099,169.08186,36.87586303005096,231.7224081431306,21.avi
328,11,2.2,929,634,590.6758,0,27.58358569020159,0.6369422674179077,7,0,916.91034,622.4528,941.4539,646.5192,590.6758,-98.74303,61.67417,5.378390069266679,143.42191568150037,21.avi
327,12,2.4,601,932,18617.012,0,241.00323377848665,0.5854917168617249,10,0,540.14136,856.4294,663.14453,1007.78326,18617.012,21.676666,61.108604,42.23853113548033,41.90142012130008,21.avi
328,12,2.4,915,642,672.94965,0,44.01745767649264,0.5437458753585815,9,0,902.8766,629.08,928.5287,655.31366,672.94965,-74.67954,43.925232,7.3638486329906705,40.89433417196631,21.avi
327,13,2.6,598,932,19238.021,0,77.82455196006755,0.8977664709091187,12,0,534.7357,857.45764,662.6748,1007.8262,19238.021,-6.2943935,16.165218,14.684480821590876,122.90946519897476,21.avi
328,13,2.6,892,657,679.01465,0,57.04738703242338,0.4351852238178253,11,0,880.0535,643.72406,905.4339,670.4776,679.01465,-105.5405,67.462166,10.6335930500993,214.46858411352304,21.avi
327,14,2.8,573,921,16044.721,0,159.27688052000724,0.5106346011161804,14,0,513.65125,854.16626,632.7731,988.85803,16044.721,-99.499825,-39.07428,28.61626856321987,148.6806883920417,21.avi
328,14,2.8,870,669,750.7818,0,9.812775278671989,0.1746815145015716,13,0,857.13635,655.22266,883.6239,683.56726,750.7818,-110.36915,62.85336,2.2833606969076645,135.75159710716753,21.avi
329,17,3.4,677,862,16138.858,0,0.0,0.741356611251831,1,0,608.7439,803.78955,746.10645,921.2805,16138.858,0.0,0.0,0.0,0.0,21.avi
329,18,3.6,651,822,17830.264,0,243.54817226478264,0.8928849697113037,3,0,584.6033,755.1367,717.8539,888.94666,17830.264,-104.57711,-161.65004,48.387794462654135,123.10070879518912,21.avi
330,25,5.0,710,647,12424.16,0,0.0,0.7758749127388,1,0,654.16,592.41693,767.42035,702.1125,12424.16,0.0,0.0,0.0,0.0,21.avi
330,27,5.4,667,611,17541.305,0,281.0648417863637,0.5968230962753296,4,0,608.1361,537.6597,727.3778,684.7669,17541.305,-70.54622,-59.10065,56.85690252883854,140.37023230959284,21.avi
330,28,5.6,659,623,16088.258,0,135.65678005102868,0.5860758423805237,6,0,594.4343,561.0037,724.0624,685.1147,16088.258,-47.48401,38.350414,24.20596230753552,282.77451512651,21.avi
330,30,6.0,579,619,16402.605,0,291.7982344099408,0.3502410054206848,9,0,512.8696,558.3386,646.1504,681.40674,16402.605,-138.25507,-8.049736,58.40924026060837,152.39038220594125,21.avi
330,32,6.4,520,568,10576.514,0,265.61140341728134,0.4042364060878753,12,0,463.41895,522.66705,578.2062,614.8072,10576.514,-94.177185,-92.197754,52.56048689906277,63.5113891513505,21.avi
331,33,6.6,791,258,702.34906,0,0.0,0.7758243680000305,1,0,777.6957,245.28741,805.1261,270.89215,702.34906,0.0,0.0,0.0,0.0,21.avi
331,34,6.8,779,283,885.81757,0,142.17282878331716,0.8171515464782715,3,0,764.1078,268.84573,794.3773,298.11002,885.81757,-48.576267,101.349724,27.83072192415016,243.51637456975817,21.avi
332,34,6.8,836,376,405.6246,0,0.0,0.6165540814399719,1,0,825.58746,367.2268,846.6757,386.46143,405.6246,0.0,0.0,0.0,0.0,21.avi
333,34,6.8,530,671,2679.0886,0,0.0,0.7202491760253906,1,0,496.04224,651.39795,564.03284,690.80176,2679.0886,0.0,0.0,0.0,0.0,21.avi
331,35,7.0,771,313,1061.1608,0,51.161346203450506,0.8333860635757446,5,0,755.17786,297.43253,788.6948,329.093,1061.1608,-37.545006,144.91968,9.368643751134009,279.0442038645899,21.avi
333,35,7.0,539,655,15120.89,0,90.43779270520852,0.7577043175697327,3,0,480.29846,591.21173,597.7184,719.988,15120.89,35.81196,-61.87614,18.426367874402658,60.89619663190763,21.avi
331,36,7.2,773,349,1294.3077,0,65.96202035661413,0.8490409851074219,7,0,755.37885,331.91376,792.21893,367.04694,1294.3077,-1.6071205,172.65936,10.913158208620542,321.7698817676737,21.avi
333,36,7.2,513,653,5531.0166,0,180.68390194994996,0.4314672648906708,5,0,475.8197,616.34973,550.29895,690.6123,5531.0166,-115.80979,-14.910633,34.581248037687494,196.4201576385137,21.avi
334,36,7.2,472,697,2330.6826,0,0.0,0.7836865186691284,1,0,446.78525,674.31683,497.44608,720.32245,2330.6826,0.0,0.0,0.0,0.0,21.avi
331,37,7.4,765,368,1015.7195,0,96.2690108556646,0.7705206274986267,9,0,749.48914,353.17136,781.8303,384.5778,1015.7195,-31.614902,114.554955,18.11790296131724,117.898465131401,21.avi
334,37,7.4,513,724,15157.828,0,248.65815486912584,0.8145209550857544,3,0,446.43713,667.77057,579.7521,781.4699,15157.828,163.5887,108.98443,48.8197774985202,326.87228073068337,21.avi
331,38,7.6,755,378,990.548,0,79.8057452341574,0.7979787588119507,11,0,739.2067,362.87817,771.4118,393.63562,990.548,-47.106735,62.516113,14.45159874606039,107.46280386456029,21.avi
335,38,7.6,485,813,13312.75,0,0.0,0.8596239686012268,1,0,429.3512,753.9005,540.6631,873.49915,13312.75,0.0,0.0,0.0,0.0,21.avi
331,39,7.8,740,381,926.04333,0,59.98146876067794,0.799618661403656,13,0,725.0701,366.694,756.3288,396.31918,926.04333,-67.06177,26.926613,11.398596600395448,121.10108253314957,21.avi
331,40,8.0,722,394,1015.6338,0,52.9923411326253,0.6957363486289978,15,0,705.4183,379.45407,738.75214,409.92264,1015.6338,-87.06801,56.911274,8.85881004201492,233.35756060679924,21.avi
336,40,8.0,586,813,8355.306,0,0.0,0.8064913153648376,1,0,540.3692,768.53516,632.25995,859.4617,8355.306,0.0,0.0,0.0,0.0,21.avi
331,41,8.2,707,422,1005.02856,0,92.18594023831687,0.7150782942771912,17,0,690.9329,406.73834,723.4827,437.615,1005.02856,-77.31399,118.85434,16.09864975972046,278.31593096691466,21.avi
337,41,8.2,635,867,3324.9448,0,0.0,0.7029123306274414,1,0,605.18976,840.249,666.3505,894.61304,3324.9448,0.0,0.0,0.0,0.0,21.avi
331,42,8.4,701,465,1085.1903,0,126.4879951094661,0.8390470743179321,19,0,685.39545,449.4346,718.368,482.34653,1085.1903,-38.32882,195.55435,21.18136461334439,295.90867835791914,21.avi
336,42,8.4,622,822,1217.4863,0,184.7277704562091,0.6016833782196045,4,0,606.4208,803.41565,637.89197,842.1013,1217.4863,58.757004,14.360796,36.5715044349327,347.3618536478567,21.avi
337,42,8.4,665,845,11392.977,0,187.47358728181243,0.6026201844215393,3,0,614.7726,789.95776,716.9662,901.442,11392.977,120.15675,-86.750984,36.844751880296016,37.50267847365927,21.avi
338,42,8.4,63,480,824.31146,0,0.0,0.5249194502830505,1,0,49.70629,465.93698,77.76061,495.31967,824.31146,0.0,0.0,0.0,0.0,21.avi
339,42,8.4,612,852,592.28076,0,0.0,0.6668033599853516,1,0,601.0834,839.98926,624.5962,865.17896,592.28076,0.0,0.0,0.0,0.0,21.avi
337,43,8.6,706,803,19757.154,0,156.46809802797824,0.757839024066925,5,0,641.92773,726.9374,771.17065,879.8058,19757.154,196.39197,-201.12872,30.029842163407466,57.58090524943475,21.avi
338,43,8.6,70,479,869.278,0,34.22402458446986,0.5910311937332153,3,0,55.52555,464.65015,85.22637,493.91797,869.278,26.517002,-5.3663898,6.474648462875359,14.565856346251508,21.avi
340,43,8.6,702,543,1254.4536,0,0.0,0.7866628170013428,1,0,686.2654,524.7927,719.709,562.30225,1254.4536,0.0,0.0,0.0,0.0,21.avi
341,43,8.6,695,845,5434.554,0,0.0,0.6220757961273193,1,0,655.9325,811.4752,735.02563,880.18604,5434.554,0.0,0.0,0.0,0.0,21.avi
337,44,8.8,720,794,7701.1074,0,228.12432030721877,0.326869249343872,7,0,677.04224,750.2236,763.0951,839.71625,7701.1074,97.611404,-79.08942,40.237352321516845,230.0678058400877,21.avi
338,44,8.8,85,478,649.348,0,51.3388778563125,0.1567011028528213,5,0,73.62824,464.82755,97.42188,492.11838,649.348,71.60173,-4.165865,9.323023694156303,1.2955147803397722,21.avi
342,44,8.8,667,797,1461.9834,0,0.0,0.5040525794029236,1,0,647.35767,779.0108,687.5857,815.3532,1461.9834,0.0,0.0,0.0,0.0,21.avi
343,45,9.0,765,866,17615.273,0,0.0,0.824732780456543,1,0,701.3856,797.80554,830.1205,934.6393,17615.273,0.0,0.0,0.0,0.0,21.avi
343,46,9.2,743,848,13344.238,0,141.9514631278137,0.5329587459564209,3,0,685.3818,791.5835,802.04706,905.964,13344.238,-87.97868,-69.65535,29.1506032077827,141.30954061246752,21.avi
343,48,9.6,693,814,11155.29,0,38.50778334128548,0.7515615224838257,6,0,640.7917,761.411,746.5927,866.84753,11155.29,-83.27683,-57.49907,7.319120430652549,286.4516107105948,21.avi
343,49,9.8,659,766,11905.243,0,231.21637238118043,0.8000014424324036,8,0,604.19434,712.8447,715.3694,819.9303,11905.243,-149.43182,-196.4497,40.8294418381183,116.21621439813538,21.avi
343,50,10.0,629,755,13304.7295,0,162.522389637271,0.8439207673072815,10,0,570.7608,699.50397,688.7487,812.2675,13304.7295,-149.97815,-84.71926,27.916771429321106,268.16176373744906,21.avi
343,51,10.2,593,695,16695.725,0,246.78041284960065,0.2731879353523254,12,0,527.5628,632.0553,658.53156,759.53394,16695.725,-175.78395,-250.6098,44.45870302883269,98.74471503034944,21.avi
344,51,10.2,188,493,953.06757,0,0.0,0.6487836837768555,1,0,173.51639,478.4613,204.31186,509.4096,953.06757,0.0,0.0,0.0,0.0,21.avi
343,52,10.4,573,649,18846.057,0,90.52648776927563,0.8394275903701782,14,0,505.2038,580.21155,641.8177,718.16284,18846.057,-115.71515,-237.09442,15.471642633268653,347.5809523076456,21.avi
344,52,10.4,218,505,962.76245,0,161.28195420624627,0.206924170255661,3,0,203.88054,489.0823,233.69801,521.37085,962.76245,119.26209,45.074223,31.119324521167417,339.17270801655445,21.avi
345,53,10.6,497,639,4131.3247,0,0.0,0.7557803392410278,1,0,466.25183,606.5294,528.8243,672.5541,4131.3247,0.0,0.0,0.0,0.0,21.avi
346,54,10.8,585,646,17054.535,0,0.0,0.8905556201934814,1,0,520.01,581.4016,650.06714,712.5327,17054.535,0.0,0.0,0.0,0.0,21.avi
345,55,11.0,509,682,17223.201,0,225.7939827845292,0.3406232595443725,4,0,451.83466,608.6177,567.6813,757.29004,17223.201,20.03262,71.16736,43.978168816718885,285.1073319319278,21.avi
347,55,11.0,478,713,691.89905,0,0.0,0.6257504820823669,1,0,466.1162,699.5236,491.7755,726.48846,691.89905,0.0,0.0,0.0,0.0,21.avi
348,58,11.6,437,565,9868.715,0,0.0,0.6313087940216064,1,0,388.51944,515.0597,486.02267,616.2739,9868.715,0.0,0.0,0.0,0.0,21.avi
349,59,11.8,521,537,14485.461,0,0.0,0.8958039283752441,1,0,458.28516,479.94507,584.16064,595.0227,14485.461,0.0,0.0,0.0,0.0,21.avi
349,60,12.0,571,552,17795.635,0,267.3107575076549,0.8456597328186035,3,0,508.12662,482.88327,635.7899,622.2784,17795.635,202.53636,60.267273,51.85052738705483,343.7421369807732,21.avi
349,61,12.2,559,554,12910.53,0,282.7656757074259,0.8301716446876526,5,0,500.66232,499.253,617.7224,609.5428,12910.53,-41.407974,13.393452,54.51283485068903,168.75069566797504,21.avi
350,61,12.2,626,561,1017.49603,0,0.0,0.5831249952316284,1,0,611.22406,545.4115,642.0975,578.3685,1017.49603,0.0,0.0,0.0,0.0,21.avi
349,62,12.4,536,564,13090.555,0,91.44372143984684,0.3137577176094055,7,0,480.29114,506.26578,592.4061,623.0259,13090.555,-97.25093,42.420044,16.43972142027691,204.90649147693296,21.avi
349,63,12.6,532,590,6284.733,0,131.25847944651642,0.3366222679615021,9,0,490.09186,553.28577,575.16034,627.1643,6284.733,-36.881702,108.038475,22.64199865748586,311.8337338042732,21.avi
346,64,12.8,564,629,10954.368,0,136.00812907936415,0.6351863145828247,12,0,515.7893,572.9121,612.7516,685.8877,10954.368,-1.9932488,-1.6860422,27.66659636663909,139.5023256013443,21.avi
346,65,13.0,594,652,11705.053,0,211.51152387484075,0.5096513628959656,14,0,544.60754,594.3652,644.875,711.10345,11705.053,135.97305,104.11071,37.8659129632162,322.7170930677894,21.avi
346,66,13.2,575,660,14643.384,0,270.7653857838395,0.9003980755805969,16,0,517.85834,596.8264,632.50934,724.54785,14643.384,-44.79152,54.352154,48.854451974098886,163.88974361300507,21.avi
346,67,13.4,579,670,17423.227,0,75.59211906087185,0.2445663213729858,18,0,514.84845,603.6158,644.3294,738.1778,17423.227,6.501335,51.815895,12.869079034194463,6.95160217599522,21.avi
346,68,13.6,567,688,19581.305,0,86.2325382724151,0.8669087886810303,20,0,498.27936,617.2641,636.3243,759.1114,19581.305,-45.75736,78.46091,15.438223875165118,205.8860043210856,21.avi
346,69,13.8,539,691,20105.703,0,127.97000490123206,0.870543360710144,22,0,469.09033,619.79114,609.3844,763.1023,20105.703,-118.497894,30.641823,23.07873646711239,146.0763928437724,21.avi
346,70,14.0,549,672,20226.543,0,238.3632228658577,0.7199804782867432,24,0,480.2521,598.59875,617.93353,745.5071,20226.543,10.55307,-67.51501,42.11655835528415,37.39057044990187,21.avi
346,72,14.4,611,647,10853.086,0,294.0720918633853,0.5774811506271362,27,0,559.27216,595.26807,662.97003,699.9286,10853.086,109.74666,-38.922623,57.68453457126383,344.4582160865371,21.avi
351,73,14.6,601,709,13724.331,0,0.0,0.8151584267616272,1,0,538.8915,654.14984,663.27454,764.4891,13724.331,0.0,0.0,0.0,0.0,21.avi
351,74,14.8,629,738,20716.016,0,207.08783014116875,0.8849360346794128,3,0,555.492,668.9009,703.9554,808.437,20716.016,114.334045,117.16362,40.02414198658813,314.2270771496812,21.avi
351,75,15.0,628,786,21453.65,0,179.0976970407835,0.9361340403556824,5,0,556.65466,712.6882,701.084,861.22906,21453.65,5.711746,230.98666,34.29027435098812,224.1821327186356,21.avi
351,76,15.2,676,807,22808.354,0,298.7862124397829,0.6302005052566528,7,0,601.2534,731.73016,752.52734,882.50543,22808.354,185.48267,131.13533,52.90615347749509,29.62912515037993,21.avi
352,77,15.4,739,947,762.14233,0,0.0,0.6580921411514282,1,0,726.38965,932.40564,751.646,962.5819,762.14233,0.0,0.0,0.0,0.0,21.avi
353,77,15.4,633,736,20602.58,0,0.0,0.621171236038208,1,0,557.37427,668.68665,710.1433,803.5476,20602.58,0.0,0.0,0.0,0.0,21.avi
353,78,15.6,623,704,16731.576,0,166.54111503481164,0.6068794131278992,3,0,561.69794,637.34985,685.9733,771.9829,16731.576,-39.613506,-125.55197,33.87124672122561,108.52013041440114,21.avi
354,82,16.4,557,689,20177.424,0,0.0,0.8809649348258972,1,0,481.3048,623.7283,633.5792,756.2352,20177.424,0.0,0.0,0.0,0.0,21.avi
354,83,16.6,563,694,20591.184,0,38.22779450359846,0.4355135262012481,3,0,495.67,618.6665,630.7202,771.1371,20591.184,22.966589,19.640776,6.858389650328627,324.13423849115424,21.avi
355,83,16.6,561,748,2132.7917,0,0.0,0.6566289663314819,1,0,537.17786,726.533,586.74854,769.5583,2132.7917,0.0,0.0,0.0,0.0,21.avi
354,84,16.8,542,713,4440.4043,0,151.66777829276583,0.2348245084285736,5,0,512.96014,676.9247,572.90875,750.9949,4440.4043,-90.843056,88.92216,29.42506430960412,208.78758206766972,21.avi
356,84,16.8,469,660,2477.5696,0,0.0,0.5822117924690247,1,0,443.6576,636.8816,495.64807,684.5359,2477.5696,0.0,0.0,0.0,0.0,21.avi
357,84,16.8,502,695,1802.8628,0,0.0,0.67750084400177,1,0,481.95667,674.0286,523.4444,717.48395,1802.8628,0.0,0.0,0.0,0.0,21.avi
358,84,16.8,538,637,2336.009,0,0.0,0.573578953742981,1,0,515.36487,612.1645,562.1908,662.0516,2336.009,0.0,0.0,0.0,0.0,21.avi
356,86,17.2,485,635,2574.4187,0,146.039322395091,0.2742069065570831,4,0,460.54272,609.7452,509.6432,662.1768,2574.4187,25.311684,-40.57006,29.941190509056213,59.164359354705255,21.avi
359,86,17.2,488,587,1536.9497,0,0.0,0.5782784223556519,1,0,468.39224,568.271,507.83133,607.2412,1536.9497,0.0,0.0,0.0,0.0,21.avi
358,87,17.4,535,628,15761.889,0,46.14897818514867,0.4816196262836456,5,0,475.78278,562.71704,595.8112,694.03503,15761.889,-2.512983,-7.361486,9.860439437288765,112.52770909929274,21.avi
358,88,17.6,553,635,12852.936,0,116.23556320990026,0.1844256520271301,7,0,500.2989,575.6688,606.924,696.21204,12852.936,71.75569,29.278852,19.468912313964918,335.4268029487071,21.avi
358,89,17.8,576,593,12014.3125,0,274.17236390932766,0.7620837688446045,9,0,523.96533,537.0715,629.75085,650.64386,12014.3125,106.30318,-156.90019,49.45371087926478,80.64657173586966,21.avi
358,90,18.0,568,600,14985.539,0,273.68924244218124,0.8828429579734802,11,0,508.28897,538.35284,628.45905,663.0556,14985.539,-7.979477,-10.029053,48.11514719952661,231.24646761450543,21.avi
358,91,18.2,540,647,17680.791,0,315.2267405831296,0.8723279237747192,13,0,474.90137,580.28516,605.8413,715.31494,17680.791,-109.531006,178.799,55.22780777341712,240.9962460793184,21.avi
358,92,18.4,507,684,19986.123,0,60.32459813496855,0.8556884527206421,15,0,438.5786,611.95557,577.043,756.29675,19986.123,-150.50775,180.97702,11.473593572902894,182.19839280015512,21.avi
360,97,19.4,558,620,17046.951,0,0.0,0.6672375798225403,1,0,490.76404,557.4268,626.6637,682.86456,17046.951,0.0,0.0,0.0,0.0,21.avi
360,98,19.6,602,575,20428.375,0,316.43364493166337,0.8412017226219177,3,0,535.3772,499.13574,669.5282,651.4147,20428.375,174.60614,-179.12372,62.5445657297431,46.204647001030594,21.avi
360,99,19.8,560,548,17629.506,0,403.71457455489576,0.8670623302459717,5,0,498.64584,477.5581,622.3374,620.08606,17629.506,-177.44736,-136.20992,77.84481741467405,186.30541538717088,21.avi
360,100,20.0,515,511,20200.1,0,77.84876877523793,0.9005739688873291,7,0,445.92938,438.71216,584.1546,584.8512,20200.1,-215.64273,-173.78494,14.559601755253464,133.39175030058607,21.avi
361,100,20.0,731,1008,1056.071,0,0.0,0.6834765672683716,1,0,713.3008,994.27014,749.4619,1023.47473,1056.071,0.0,0.0,0.0,0.0,21.avi
362,100,20.0,581,158,2261.5093,0,0.0,0.5868948101997375,1,0,561.3616,131.19897,602.3213,186.41199,2261.5093,0.0,0.0,0.0,0.0,21.avi
360,101,20.2,517,442,19934.447,0,323.6859449005044,0.8866870403289795,9,0,450.4201,368.63373,585.0677,516.6828,19934.447,-39.72682,-305.69733,57.09225531675364,37.841216558130384,21.avi
363,102,20.4,461,457,16624.117,0,0.0,0.8265277743339539,1,0,392.7964,396.93945,530.4128,517.73987,16624.117,0.0,0.0,0.0,0.0,21.avi
364,104,20.8,745,844,1261.1852,0,0.0,0.5585256814956665,1,0,728.65594,826.2025,762.7409,863.20374,1261.1852,0.0,0.0,0.0,0.0,21.avi
365,105,21.0,368,413,2090.3743,0,0.0,0.6739582419395447,1,0,345.11108,391.3416,392.40454,435.5417,2090.3743,0.0,0.0,0.0,0.0,21.avi
366,105,21.0,365,468,2331.567,0,0.0,0.5330169796943665,1,0,344.1822,440.5103,386.50232,495.60388,2331.567,0.0,0.0,0.0,0.0,21.avi
366,106,21.2,375,477,12896.473,0,68.2726895724964,0.6627339720726013,3,0,319.50082,419.41083,431.37564,534.68677,12896.473,40.30335,35.895065,13.16235293152976,317.2008580510883,21.avi
366,107,21.4,421,519,17636.754,0,270.2072722853165,0.8913094401359558,5,0,353.9441,454.17828,489.69592,584.09735,17636.754,215.7805,195.7524,51.14136740092904,317.1623357487445,21.avi
366,108,21.6,456,581,20562.043,0,139.7709221467286,0.8910390734672546,7,0,384.55707,510.82947,529.01514,653.1686,20562.043,184.37344,286.6786,24.421162529701647,248.43513289129623,21.avi
363,109,21.8,474,516,23865.188,0,300.2284715714204,0.9051132798194884,9,0,399.7986,435.72513,548.2949,596.4375,23865.188,2.3141387,10.925437,59.9556649329454,281.9315538459253,21.avi
363,110,22.0,442,446,22428.682,0,432.6642798485112,0.8774449229240417,11,0,369.11676,370.6848,516.18463,523.1904,22428.682,-135.77077,-298.23218,79.24203032873653,114.2209681750349,21.avi
367,110,22.0,612,271,800.2364,0,0.0,0.787213146686554,1,0,597.7611,257.93927,626.93274,285.37128,800.2364,0.0,0.0,0.0,0.0,21.avi
363,111,22.2,437,436,22116.703,0,301.1498643548045,0.4365931451320648,13,0,364.51425,360.57147,510.2568,512.32336,22116.703,-50.946373,-107.74138,53.2442073649224,293.81999430450105,21.avi
368,111,22.2,487,460,1512.3397,0,0.0,0.5879328846931458,1,0,467.12067,441.23804,507.2021,478.96973,1512.3397,0.0,0.0,0.0,0.0,21.avi
369,112,22.4,519,476,19231.129,0,0.0,0.8576752543449402,1,0,452.90198,404.01013,585.4923,549.0519,19231.129,0.0,0.0,0.0,0.0,21.avi
369,113,22.6,522,502,14454.886,0,134.98274996012043,0.3225080966949463,3,0,465.52234,440.10883,580.4602,565.87146,14454.886,15.146128,105.62532,25.62275681475786,276.2801148775333,21.avi
