tracker_id,frame_idx,timestamp,centroid_x,centroid_y,area,class,speed_px_per_sec,confidence,track_length,frames_lost,bbox_x1,bbox_y1,bbox_x2,bbox_y2,kalman_area,velocity_x,velocity_y,displacement,trajectory_angle,source_video
1095,5,1.0,637,528,4980.599,0,0.0,0.6241720914840698,1,0,601.963,494.0481,673.75085,563.4275,4980.599,0.0,0.0,0.0,0.0,1.avi
1096,9,1.8,344,498,74480.36,0,0.0,0.8727079033851624,1,0,207.21045,363.36414,482.34106,634.07324,74480.36,0.0,0.0,0.0,0.0,1.avi
1097,11,2.2,761,820,36685.598,0,0.0,0.8904141783714294,1,0,669.2314,720.4944,853.5079,919.5735,36685.598,0.0,0.0,0.0,0.0,1.avi
1098,13,2.6,519,38,14430.297,0,0.0,0.7076212167739868,1,0,426.64783,0.0,612.69763,77.56146,14430.297,0.0,0.0,0.0,0.0,1.avi
1099,14,2.8,34,493,12087.9,0,0.0,0.7056277394294739,1,0,0.107559204,406.69507,69.464294,580.98096,12087.9,0.0,0.0,0.0,0.0,1.avi
1100,3,0.6,657,448,2295.3237,0,0.0,0.7554805278778076,1,0,634.8844,423.43536,679.83093,474.50323,2295.3237,0.0,0.0,0.0,0.0,2.avi
1101,4,0.8,563,850,81947.19,0,0.0,0.7375234365463257,1,0,428.97314,697.5685,697.1842,1003.10095,81947.19,0.0,0.0,0.0,0.0,2.avi
1102,6,1.2,1163,674,6834.3433,0,0.0,0.6620364189147949,1,0,1122.2704,633.14246,1205.2936,715.46094,6834.3433,0.0,0.0,0.0,0.0,2.avi
1103,19,3.8,319,691,3178.345,0,0.0,0.8146116137504578,1,0,291.97345,662.32733,346.8537,720.2415,3178.345,0.0,0.0,0.0,0.0,2.avi
1104,20,4.0,844,112,12975.736,0,0.0,0.5609481334686279,1,0,786.62573,57.2386,903.16846,168.57748,12975.736,0.0,0.0,0.0,0.0,2.avi
1105,22,4.4,569,731,2384.4006,0,0.0,0.6788823008537292,1,0,544.4623,707.5891,594.23425,755.4956,2384.4006,0.0,0.0,0.0,0.0,2.avi
1106,7,1.4,312,550,40695.805,0,0.0,0.885054886341095,1,0,211.26068,449.24707,412.92993,651.0419,40695.805,0.0,0.0,0.0,0.0,3.avi
1107,11,2.2,66,468,37831.39,0,0.0,0.8464889526367188,1,0,0.0,326.25488,132.83794,611.04846,37831.39,0.0,0.0,0.0,0.0,3.avi
1108,0,0.0,1084,29,6612.967,0,0.0,0.7805434465408325,1,0,1028.1741,0.011375427,1140.073,59.109055,6612.967,0.0,0.0,0.0,0.0,4.avi
1109,0,0.0,687,599,3022.934,0,0.0,0.7553774118423462,1,0,659.5818,572.26587,714.79175,627.0193,3022.934,0.0,0.0,0.0,0.0,4.avi
1110,0,0.0,1014,537,1805.2687,0,0.0,0.6471946835517883,1,0,992.8833,517.16064,1036.6055,558.4502,1805.2687,0.0,0.0,0.0,0.0,4.avi
1111,1,0.2,571,908,2061.743,0,0.0,0.8568046689033508,1,0,548.66614,885.6809,593.4938,931.6736,2061.743,0.0,0.0,0.0,0.0,4.avi
1112,1,0.2,1158,723,4448.9727,0,0.0,0.6971229910850525,1,0,1128.0074,686.26245,1188.2545,760.1079,4448.9727,0.0,0.0,0.0,0.0,4.avi
1113,2,0.4,19,77,2855.3445,0,0.0,0.820554792881012,1,0,0.0,41.660736,39.55642,113.84483,2855.3445,0.0,0.0,0.0,0.0,4.avi
1114,2,0.4,169,986,2263.75,0,0.0,0.798911988735199,1,0,147.67867,960.7169,191.57567,1012.2865,2263.75,0.0,0.0,0.0,0.0,4.avi
1115,3,0.6,921,883,6843.8794,0,0.0,0.774303674697876,1,0,882.90326,839.40137,959.7066,928.5105,6843.8794,0.0,0.0,0.0,0.0,4.avi
1116,4,0.8,455,287,3424.3203,0,0.0,0.5846009850502014,1,0,428.13348,256.43655,483.10443,318.72983,3424.3203,0.0,0.0,0.0,0.0,4.avi
1117,5,1.0,1056,699,117759.27,0,0.0,0.8279738426208496,1,0,893.8887,518.60266,1219.2109,880.57996,117759.27,0.0,0.0,0.0,0.0,4.avi
1118,8,1.6,276,975,2024.9712,0,0.0,0.8458415865898132,1,0,255.62637,950.9264,297.50674,999.2777,2024.9712,0.0,0.0,0.0,0.0,4.avi
1119,6,1.2,361,392,16247.503,0,0.0,0.962642252445221,1,0,297.7431,328.044,424.51495,456.20734,16247.503,0.0,0.0,0.0,0.0,10.avi
1120,7,1.4,306,583,18311.73,0,0.0,0.8646858334541321,1,0,240.2757,514.24225,373.1458,652.059,18311.73,0.0,0.0,0.0,0.0,10.avi
1121,8,1.6,254,746,22443.904,0,0.0,0.7222626209259033,1,0,183.93973,666.55756,324.70352,826.0013,22443.904,0.0,0.0,0.0,0.0,10.avi
1122,5,1.0,553,70,27478.322,0,0.0,0.9012401103973388,1,0,457.0205,0.0,650.66235,141.90283,27478.322,0.0,0.0,0.0,0.0,11.avi
1123,6,1.2,50,998,5158.5537,0,0.0,0.7473299503326416,1,0,0.0,972.71313,101.27611,1023.6487,5158.5537,0.0,0.0,0.0,0.0,11.avi
1124,1,0.2,1017,556,6156.5986,0,0.0,0.7158594131469727,1,0,978.0504,517.2556,1057.3069,594.93506,6156.5986,0.0,0.0,0.0,0.0,12.avi
1125,2,0.4,900,494,11018.865,0,0.0,0.845044732093811,1,0,848.2059,442.1175,953.7524,546.5157,11018.865,0.0,0.0,0.0,0.0,12.avi
1126,2,0.4,442,880,6958.0186,0,0.0,0.8054866790771484,1,0,404.05634,834.75366,480.62665,925.62463,6958.0186,0.0,0.0,0.0,0.0,12.avi
1127,3,0.6,1191,392,20137.707,0,0.0,0.8996798992156982,1,0,1118.2905,323.9314,1264.2695,461.88074,20137.707,0.0,0.0,0.0,0.0,12.avi
1126,4,0.8,446,847,17602.867,0,165.6276247600553,0.81654953956604,4,0,379.9383,781.49774,513.49524,913.29816,17602.867,7.172604,-53.756035,33.3901815595845,83.70956448183557,12.avi
1128,6,1.2,1126,250,43630.92,0,0.0,0.93670254945755,1,0,1019.3015,148.3648,1233.4353,352.12018,43630.92,0.0,0.0,0.0,0.0,12.avi
1128,7,1.4,1091,275,6484.824,0,217.02342548552056,0.3770296573638916,3,0,1048.1061,237.63763,1134.5697,312.63818,6484.824,-139.8424,99.38285,43.1724271697993,214.9916087696697,12.avi
1129,7,1.4,428,418,5366.9937,0,0.0,0.8568946719169617,1,0,391.23206,382.01807,464.81238,454.95868,5366.9937,0.0,0.0,0.0,0.0,12.avi
1130,7,1.4,341,713,40207.938,0,0.0,0.9132959842681884,1,0,239.11761,614.883,443.81854,811.30585,40207.938,0.0,0.0,0.0,0.0,12.avi
1131,8,1.6,25,620,3455.2603,0,0.0,0.7328275442123413,1,0,0.30636597,585.6708,49.698063,655.6271,3455.2603,0.0,0.0,0.0,0.0,12.avi
1132,0,0.0,1190,392,20148.643,0,0.0,0.9000063538551331,1,0,1117.3717,323.773,1263.6615,461.50403,20148.643,0.0,0.0,0.0,0.0,13.avi
1133,1,0.2,446,847,17877.65,0,0.0,0.8159795999526978,1,0,378.90546,780.88416,513.8909,913.32544,17877.65,0.0,0.0,0.0,0.0,13.avi
1134,2,0.4,170,767,4741.76,0,0.0,0.5225095152854919,1,0,136.17862,733.4966,205.0682,802.3279,4741.76,0.0,0.0,0.0,0.0,13.avi
1135,3,0.6,1126,250,43641.125,0,0.0,0.9333520531654358,1,0,1019.49365,148.42358,1233.4722,352.3746,43641.125,0.0,0.0,0.0,0.0,13.avi
1135,4,0.8,1090,275,6401.1523,0,219.7635540036704,0.3740255236625671,3,0,1047.9788,237.88437,1133.5737,312.66867,6401.1523,-142.54146,99.311134,44.002355934613085,213.9923061669381,13.avi
1136,4,0.8,427,418,5394.722,0,0.0,0.8573954701423645,1,0,390.98322,381.82806,464.9333,454.77893,5394.722,0.0,0.0,0.0,0.0,13.avi
1137,4,0.8,341,712,40329.74,0,0.0,0.9142653942108154,1,0,238.54291,614.8179,443.96783,811.14136,40329.74,0.0,0.0,0.0,0.0,13.avi
1138,5,1.0,25,620,3491.4856,0,0.0,0.7438958287239075,1,0,0.29169083,585.0395,49.878128,655.4516,3491.4856,0.0,0.0,0.0,0.0,13.avi
1139,6,1.2,1137,856,7917.544,0,0.0,0.8394200801849365,1,0,1092.7615,812.3478,1181.7024,901.36804,7917.544,0.0,0.0,0.0,0.0,13.avi
1140,7,1.4,182,294,18124.992,0,0.0,0.933253288269043,1,0,115.42251,226.27423,249.17856,361.78204,18124.992,0.0,0.0,0.0,0.0,13.avi
1141,7,1.4,604,25,3451.7446,0,0.0,0.8240444660186768,1,0,570.3028,0.0,639.2098,50.092815,3451.7446,0.0,0.0,0.0,0.0,13.avi
1142,8,1.6,845,158,3625.188,0,0.0,0.5424152612686157,1,0,813.1432,130.11801,877.3602,186.57013,3625.188,0.0,0.0,0.0,0.0,13.avi
1143,9,1.8,1017,58,11708.733,0,0.0,0.818337082862854,1,0,963.1914,4.661457,1072.5823,111.697205,11708.733,0.0,0.0,0.0,0.0,13.avi
1144,9,1.8,976,456,10712.362,0,0.0,0.7051356434822083,1,0,925.5746,404.11078,1027.68,509.02545,10712.362,0.0,0.0,0.0,0.0,13.avi
1145,9,1.8,302,203,4573.327,0,0.0,0.5147685408592224,1,0,267.56995,171.04471,338.09338,235.89304,4573.327,0.0,0.0,0.0,0.0,13.avi
1144,10,2.0,928,450,7729.527,0,242.49638946055347,0.8654128909111023,3,0,883.188,408.29324,974.802,492.66385,7729.527,-190.14912,-24.309603,49.06889364486701,172.3075864894372,13.avi
1142,11,2.2,803,131,5674.921,0,249.69658476610013,0.8626295328140259,5,0,764.43353,94.95878,841.5904,168.50919,5674.921,-35.61014,-22.433584,50.32797532219091,147.09023675354626,13.avi
1146,11,2.2,242,782,7424.3535,0,0.0,0.764713704586029,1,0,199.86005,738.5924,285.02966,825.7638,7424.3535,0.0,0.0,0.0,0.0,13.avi
1147,12,2.4,246,327,5543.4307,0,0.0,0.8610190153121948,1,0,208.78131,291.01807,284.62354,364.10968,5543.4307,0.0,0.0,0.0,0.0,13.avi
1148,13,2.6,1074,363,7391.177,0,0.0,0.7635509967803955,1,0,1030.1047,322.5132,1119.7727,404.9415,7391.177,0.0,0.0,0.0,0.0,13.avi
1149,13,2.6,1122,517,5291.219,0,0.0,0.823333203792572,1,0,1084.2693,483.1112,1161.5378,551.5895,5291.219,0.0,0.0,0.0,0.0,13.avi
1150,13,2.6,1161,282,4922.375,0,0.0,0.8573625087738037,1,0,1124.1946,249.67212,1198.0593,316.3125,4922.375,0.0,0.0,0.0,0.0,13.avi
1151,2,0.4,882,90,18501.33,0,0.0,0.9091901183128356,1,0,811.74963,25.260803,952.72815,156.49591,18501.33,0.0,0.0,0.0,0.0,14.avi
1152,3,0.6,950,569,46665.414,0,0.0,0.8929226398468018,1,0,838.91724,464.36084,1061.5834,673.9365,46665.414,0.0,0.0,0.0,0.0,14.avi
1153,4,0.8,158,399,13699.829,0,0.0,0.8483055233955383,1,0,98.57489,342.33752,219.11902,455.98743,13699.829,0.0,0.0,0.0,0.0,14.avi
1154,4,0.8,216,205,29944.994,0,0.0,0.7439913153648376,1,0,138.79614,109.30875,293.93384,302.33078,29944.994,0.0,0.0,0.0,0.0,14.avi
1155,4,0.8,492,52,20033.984,0,0.0,0.6736981868743896,1,0,396.6372,0.49329376,587.6494,105.376564,20033.984,0.0,0.0,0.0,0.0,14.avi
1156,6,1.2,21,920,6613.3467,0,0.0,0.7598200440406799,1,0,0.0,842.58386,42.678585,997.5409,6613.3467,0.0,0.0,0.0,0.0,14.avi
1157,7,1.4,1194,18,5864.9966,0,0.0,0.5900633335113525,1,0,1116.2764,0.17392349,1272.1948,37.78972,5864.9966,0.0,0.0,0.0,0.0,14.avi
1158,7,1.4,661,191,44208.113,0,0.0,0.831841230392456,1,0,538.27075,102.34003,785.45483,281.18695,44208.113,0.0,0.0,0.0,0.0,14.avi
1159,3,0.6,1121,691,42246.92,0,0.0,0.7956458330154419,1,0,1021.79565,585.10986,1220.8435,797.355,42246.92,0.0,0.0,0.0,0.0,15.avi
1160,4,0.8,593,779,43741.24,0,0.0,0.8802337050437927,1,0,486.72235,677.14954,700.1235,882.12146,43741.24,0.0,0.0,0.0,0.0,15.avi
1161,5,1.0,74,882,32762.783,0,0.0,0.8844118118286133,1,0,0.0,772.01953,148.94373,991.98706,32762.783,0.0,0.0,0.0,0.0,15.avi
1162,10,2.0,488,301,12064.756,0,0.0,0.7889037728309631,1,0,432.55902,248.03433,545.2394,355.10495,12064.756,0.0,0.0,0.0,0.0,15.avi
1163,1,0.2,1102,997,7279.39,0,0.0,0.8085625767707825,1,0,1033.3708,971.1587,1171.8835,1023.71265,7279.39,0.0,0.0,0.0,0.0,16.avi
1164,2,0.4,616,217,5271.1,0,0.0,0.8763740658760071,1,0,576.4419,184.53046,656.15173,250.65906,5271.1,0.0,0.0,0.0,0.0,16.avi
1165,2,0.4,1261,684,1809.3473,0,0.0,0.8184651136398315,1,0,1243.6653,658.979,1279.4905,709.4839,1809.3473,0.0,0.0,0.0,0.0,16.avi
1166,3,0.6,218,946,30562.357,0,0.0,0.8449791073799133,1,0,119.41803,869.7673,318.15814,1023.5478,30562.357,0.0,0.0,0.0,0.0,16.avi
1167,3,0.6,977,661,2823.7173,0,0.0,0.8324342966079712,1,0,950.49963,635.9037,1005.3551,687.3793,2823.7173,0.0,0.0,0.0,0.0,16.avi
1168,3,0.6,743,882,2804.4802,0,0.0,0.7935276627540588,1,0,716.60046,856.5689,771.2169,907.91754,2804.4802,0.0,0.0,0.0,0.0,16.avi
1169,3,0.6,645,447,34412.55,0,0.0,0.6937319040298462,1,0,555.104,352.2827,735.7676,542.76135,34412.55,0.0,0.0,0.0,0.0,16.avi
1170,4,0.8,387,459,18234.361,0,0.0,0.915734887123108,1,0,317.2284,394.77258,457.01257,525.2191,18234.361,0.0,0.0,0.0,0.0,16.avi
1171,4,0.8,439,328,10748.749,0,0.0,0.7617997527122498,1,0,387.90567,276.81415,491.35617,380.7165,10748.749,0.0,0.0,0.0,0.0,16.avi
1172,5,1.0,493,151,17080.797,0,0.0,0.9359028935432434,1,0,427.28436,86.717285,559.9713,215.44733,17080.797,0.0,0.0,0.0,0.0,16.avi
1173,5,1.0,92,313,27175.566,0,0.0,0.8942146301269531,1,0,6.3142548,234.81033,178.0237,393.07516,27175.566,0.0,0.0,0.0,0.0,16.avi
1174,6,1.2,670,655,26180.555,0,0.0,0.92097806930542,1,0,590.0149,574.38165,751.04736,736.961,26180.555,0.0,0.0,0.0,0.0,16.avi
1175,6,1.2,941,178,4627.0527,0,0.0,0.7943587303161621,1,0,907.4311,144.10925,975.6784,211.90756,4627.0527,0.0,0.0,0.0,0.0,16.avi
1176,6,1.2,699,852,2289.2612,0,0.0,0.5616624355316162,1,0,675.6564,828.52026,723.2445,876.626,2289.2612,0.0,0.0,0.0,0.0,16.avi
1177,7,1.4,223,327,4123.3877,0,0.0,0.8390958905220032,1,0,189.4679,296.78024,257.13327,357.71817,4123.3877,0.0,0.0,0.0,0.0,16.avi
1178,7,1.4,1214,559,14970.979,0,0.0,0.7684841156005859,1,0,1149.9161,501.1582,1278.6381,617.463,14970.979,0.0,0.0,0.0,0.0,16.avi
1179,8,1.6,1239,220,9572.189,0,0.0,0.7813991904258728,1,0,1200.2252,160.0747,1279.2079,281.26825,9572.189,0.0,0.0,0.0,0.0,16.avi
1180,8,1.6,805,657,18504.031,0,0.0,0.8863323330879211,1,0,738.8093,588.5475,872.32654,727.1366,18504.031,0.0,0.0,0.0,0.0,16.avi
1181,8,1.6,975,132,10150.991,0,0.0,0.91311115026474,1,0,922.0803,84.82965,1028.3213,180.37653,10150.991,0.0,0.0,0.0,0.0,16.avi
1166,9,1.8,254,928,708.46484,0,201.3302095158862,0.2758748531341553,8,0,242.83496,914.25616,267.01984,943.54987,708.46484,8.915382,-4.379942,39.849496640608365,27.917513730482256,16.avi
1182,9,1.8,252,447,9851.023,0,0.0,0.9196599125862122,1,0,200.54031,399.79962,303.6414,495.34686,9851.023,0.0,0.0,0.0,0.0,16.avi
1183,10,2.0,921,293,11646.83,0,0.0,0.9003071188926697,1,0,865.04175,241.55936,977.95264,344.71,11646.83,0.0,0.0,0.0,0.0,16.avi
1171,11,2.2,424,385,11341.689,0,295.18529679906857,0.274648368358612,9,0,371.0944,332.3542,477.30106,439.143,11341.689,-2.8704422,10.598401,58.366642248300046,254.46626421313783,16.avi
1184,11,2.2,1048,508,15383.003,0,0.0,0.9010760188102722,1,0,984.01526,448.93842,1112.7743,568.40967,15383.003,0.0,0.0,0.0,0.0,16.avi
1185,11,2.2,736,549,2738.4773,0,0.0,0.7885532379150391,1,0,707.08484,525.9147,765.9027,572.47327,2738.4773,0.0,0.0,0.0,0.0,16.avi
1186,11,2.2,417,223,2041.6936,0,0.0,0.8466897010803223,1,0,392.9073,203.12149,442.9754,243.89981,2041.6936,0.0,0.0,0.0,0.0,16.avi
1187,12,2.4,425,812,19522.947,0,0.0,0.8117008805274963,1,0,349.57703,748.2645,501.04297,877.15784,19522.947,0.0,0.0,0.0,0.0,16.avi
1188,12,2.4,286,737,13715.461,0,0.0,0.6563672423362732,1,0,225.30908,680.8342,346.70935,793.8114,13715.461,0.0,0.0,0.0,0.0,16.avi
1169,13,2.6,697,453,9614.068,0,261.2117139095105,0.8922849297523499,12,0,646.00385,406.77292,748.64056,500.44376,9614.068,4.979871,0.5841423,51.854370722846376,353.93588062786097,16.avi
1189,13,2.6,1036,740,11780.598,0,0.0,0.8921729326248169,1,0,980.1931,688.44617,1092.9773,792.8987,11780.598,0.0,0.0,0.0,0.0,16.avi
1190,14,2.8,789,31,6126.989,0,0.0,0.8295753598213196,1,0,740.08606,0.13883018,838.3229,62.508408,6126.989,0.0,0.0,0.0,0.0,16.avi
1191,14,2.8,91,941,11062.683,0,0.0,0.7839367985725403,1,0,40.01732,887.944,142.55573,995.83215,11062.683,0.0,0.0,0.0,0.0,16.avi
1192,14,2.8,511,383,37289.62,0,0.0,0.6853629946708679,1,0,408.36584,293.7036,615.58887,473.65283,37289.62,0.0,0.0,0.0,0.0,16.avi
1188,15,3.0,334,764,15782.119,0,278.2248099408757,0.7110989093780518,5,0,268.93478,704.1808,400.5679,824.07556,15782.119,41.091957,22.598227,54.90708079989139,330.9311306073589,16.avi
1193,15,3.0,1185,657,12397.497,0,0.0,0.9027169942855836,1,0,1128.139,603.3176,1242.3685,711.8491,12397.497,0.0,0.0,0.0,0.0,16.avi
1194,15,3.0,587,314,3431.1526,0,0.0,0.6281797289848328,1,0,552.9767,289.35913,622.15173,338.96014,3431.1526,0.0,0.0,0.0,0.0,16.avi
1195,16,3.2,388,948,11184.437,0,0.0,0.8565938472747803,1,0,334.77725,896.80347,441.9418,1001.1704,11184.437,0.0,0.0,0.0,0.0,16.avi
1196,16,3.2,643,150,13078.945,0,0.0,0.5236810445785522,1,0,587.17114,92.709015,700.07007,208.55551,13078.945,0.0,0.0,0.0,0.0,16.avi
1197,16,3.2,1086,350,3348.7932,0,0.0,0.8516526222229004,1,0,1053.707,325.227,1120.0142,375.73126,3348.7932,0.0,0.0,0.0,0.0,16.avi
1198,16,3.2,688,566,8804.258,0,0.0,0.8759932518005371,1,0,638.9468,522.65906,738.64307,610.96985,8804.258,0.0,0.0,0.0,0.0,16.avi
1199,17,3.4,260,531,3060.4854,0,0.0,0.8689348101615906,1,0,230.17197,505.78906,290.06894,556.8849,3060.4854,0.0,0.0,0.0,0.0,16.avi
1200,17,3.4,1011,445,7336.7563,0,0.0,0.6576237678527832,1,0,961.1001,408.67743,1062.07,481.34027,7336.7563,0.0,0.0,0.0,0.0,16.avi
1200,18,3.6,1018,466,12613.093,0,112.18452738068528,0.8797601461410522,3,0,959.94696,412.20587,1076.8477,520.1017,12613.093,27.19466,84.4109,21.94949469381856,286.99335853773914,16.avi
1201,18,3.6,252,661,13949.833,0,0.0,0.8797200918197632,1,0,193.59595,602.447,310.99774,721.2683,13949.833,0.0,0.0,0.0,0.0,16.avi
1202,0,0.0,1142,80,17381.664,0,0.0,0.92595237493515,1,0,1077.0203,13.838715,1207.2239,147.33473,17381.664,0.0,0.0,0.0,0.0,1.avi
1203,0,0.0,56,242,28093.484,0,0.0,0.856468677520752,1,0,0.7740631,116.73579,112.662964,367.81952,28093.484,0.0,0.0,0.0,0.0,1.avi
1202,1,0.2,1137,72,15181.341,0,45.68740887092528,0.9386035799980164,3,0,1077.4111,9.862881,1198.4751,135.26218,15181.341,-16.682621,-32.032692,9.99837095688965,120.81651863027918,1.avi
1203,1,0.2,73,205,34932.38,0,203.73994425224907,0.8939366936683655,3,0,1.0212708,85.99921,146.83174,325.57306,34932.38,68.69459,-145.67476,40.67812572438877,66.40608938344087,1.avi
1202,2,0.4,1131,72,15518.475,0,37.79378958762589,0.9475752711296082,5,0,1070.2234,9.212814,1192.5381,136.08617,15518.475,-31.454063,-2.2981548,6.867297441294276,238.3196373412959,1.avi
1203,2,0.4,83,182,40913.15,0,35.3539290078985,0.9015578627586364,5,0,2.8984833,55.625877,164.55185,308.7177,40913.15,50.65166,-120.39517,7.097603853895839,228.90394793025328,1.avi
1202,3,0.6,1120,75,15502.107,0,30.059867210148248,0.935036599636078,7,0,1059.7666,11.778133,1181.6787,138.93628,15502.107,-48.202057,9.848016,5.814176899467847,208.90285068083375,1.avi
1203,3,0.6,92,174,44306.516,0,92.22523268418529,0.9228625893592834,7,0,5.6037064,47.391052,179.74847,301.8145,44306.516,46.128864,-57.08238,16.01510865850365,263.3468094127364,1.avi
1202,4,0.8,1113,75,16259.971,0,18.179932541118166,0.9476671814918518,9,0,1051.177,10.376396,1176.1702,140.46323,16259.971,-38.255505,2.5281887,3.015248783052192,50.50515821748616,1.avi
1203,4,0.8,117,166,59716.805,0,89.35382938486917,0.8707751631736755,9,0,11.871162,25.142624,222.75522,308.31622,59716.805,105.2838,-43.482414,15.358071493133004,349.4434462777489,1.avi
1202,5,1.0,1112,73,16774.668,0,40.31204602824364,0.9496148824691772,11,0,1049.0846,8.258125,1176.6847,139.72083,16774.668,-11.859554,-4.9186673,6.655016873562127,26.07747829280072,1.avi
1203,5,1.0,117,175,63173.176,0,154.73548224515375,0.9077699780464172,11,0,6.0594406,33.075256,228.18008,317.48453,63173.176,23.543518,22.85913,27.28654858072673,218.4484511839455,1.avi
1202,6,1.2,1122,69,17326.822,0,70.75315418077118,0.9417009353637696,13,0,1057.1191,3.1902008,1187.8948,135.68294,17326.822,34.270874,-18.645887,12.165698606461469,19.224238954472582,1.avi
1203,6,1.2,132,182,80168.125,0,59.66063043698285,0.8621480464935303,13,0,6.6587143,22.44159,257.5774,341.94,80168.125,63.11777,31.855347,10.395921542836764,348.07407624472773,1.avi
1202,7,1.4,1126,66,17436.967,0,14.6758563674934,0.933806538581848,15,0,1060.9531,-0.107292175,1192.6375,132.30768,17436.967,24.4031,-17.135185,3.373797009410403,184.97552686652728,1.avi
1203,7,1.4,154,210,65810.14,0,136.47299076431827,0.874542236328125,15,0,37.019073,70.72705,272.33783,350.39087,65810.14,101.334335,116.45498,23.35191025451876,293.3578474077267,1.avi
1202,8,1.6,1127,63,16434.355,0,21.82058156937164,0.938627302646637,17,0,1063.6477,-0.16540146,1192.2742,127.60272,16434.355,10.115411,-13.114243,4.687311957984687,183.99834920364808,1.avi
1203,8,1.6,177,223,62337.652,0,63.32948441632294,0.9010273814201356,17,0,60.348785,90.54918,295.56348,355.57367,62337.652,112.91381,74.96275,11.042797644770609,79.27672004597412,1.avi
1202,9,1.8,1125,61,15330.518,0,28.343857988049443,0.9293158650398254,19,0,1062.4985,0.33842087,1187.5063,122.97496,15330.518,-9.043481,-10.957119,4.984929603654286,178.89871202480094,1.avi
1203,9,1.8,182,227,65350.883,0,119.72388290509232,0.8417571187019348,19,0,60.38906,93.39116,303.86545,361.79865,65350.883,42.103508,34.737625,21.584281607617164,149.19410273644314,1.avi
1202,10,2.0,1116,61,14600.801,0,42.662151806048016,0.9309282898902892,21,0,1054.9087,2.2742538,1177.2329,121.63571,14600.801,-36.437695,-1.3817883,7.355615604502651,192.04308970305985,1.avi
1203,10,2.0,184,234,67546.36,0,31.818774713947622,0.8238012194633484,21,0,59.76866,99.36221,310.0838,369.2075,67546.36,20.482607,33.74703,6.570401626837426,175.26455820295166,1.avi
1202,11,2.2,1104,66,14245.393,0,37.85967398881144,0.9080995917320251,23,0,1044.2485,7.6751404,1164.7048,125.93703,14245.393,-53.00052,18.338177,6.4461846558841405,222.0961571903377,1.avi
1203,11,2.2,191,222,62830.004,0,107.85221811045724,0.9160924553871156,23,0,69.454956,92.98216,312.80563,351.16925,62830.004,28.588089,-39.166615,19.13667564155216,84.06951880078799,1.avi
1202,12,2.4,1094,75,14480.282,0,26.364103269070267,0.9373537302017212,25,0,1033.5732,15.570732,1155.1763,134.64911,14480.282,-51.084507,36.168808,4.527965434629215,271.56183275711976,1.avi
1203,12,2.4,206,215,60556.348,0,54.298867895729735,0.9280323386192322,25,0,84.77888,90.94169,327.9733,339.94556,60556.348,65.23299,-34.54675,9.183388652284972,355.2678162070653,1.avi
1202,13,2.6,1088,75,15086.397,0,45.61898031893122,0.9397290349006652,27,0,1026.1111,15.001125,1150.7776,136.01506,15086.397,-34.5989,9.879412,8.288062788813116,62.3817723774431,1.avi
1203,13,2.6,212,215,56120.574,0,54.39762174645404,0.9223712086677552,27,0,95.07525,95.417915,329.621,334.69138,56120.574,38.02456,-9.469704,9.843875351708004,221.05837194218677,1.avi
1202,14,2.8,1090,79,15626.475,0,52.280359226477785,0.925919771194458,29,0,1027.0134,17.952465,1154.1172,140.89516,15626.475,0.17165375,17.339928,8.609983138504534,349.8586493840981,1.avi
1203,14,2.8,213,221,56689.758,0,60.38232283035887,0.8902574777603149,29,0,95.383255,101.43826,331.34253,341.69058,56689.758,12.679161,22.850616,10.47851188553835,228.42869530984456,1.avi
1202,15,3.0,1094,79,15802.424,0,29.62935955459005,0.9396028518676758,31,0,1030.907,18.215221,1158.937,141.64267,15802.424,16.795507,5.9449425,5.168052154583969,48.85524409405633,1.avi
1203,15,3.0,224,219,66179.82,0,61.70118401327501,0.8306789994239807,31,0,95.79436,90.426865,352.81097,347.91925,66179.82,45.000416,-3.9230213,10.79503112381892,41.36936799217153,1.avi
1202,16,3.2,1100,78,16392.447,0,17.388487109998334,0.9407303333282472,33,0,1035.0527,16.093197,1165.6597,141.60303,16392.447,24.776337,-2.7846718,3.560342818454849,61.13269441103603,1.avi
1203,16,3.2,203,228,61181.85,0,177.98127136083147,0.8907520174980164,33,0,79.77172,104.356186,326.95624,351.8711,61181.85,-70.142685,33.479614,31.790548230337816,197.59823716273175,1.avi
1202,17,3.4,1106,75,16823.2,0,17.121662521596363,0.9412283301353456,35,0,1040.187,11.951874,1172.6216,138.98213,16823.2,28.97911,-13.646346,3.36242302831892,78.1847793515397,1.avi
1203,17,3.4,176,238,54072.78,0,73.89629980170473,0.9244399070739746,35,0,61.289085,121.0373,292.11832,355.29178,54072.78,-118.7238,46.38271,13.711788534730305,193.4548458765589,1.avi
1202,18,3.6,1106,77,16845.92,0,40.71152188492509,0.929485321044922,37,0,1040.3698,13.575722,1172.7401,140.83932,16845.92,7.2681656,3.5442438,7.523817998755412,214.50675155170916,1.avi
1203,18,3.6,163,244,59352.508,0,64.37173720282193,0.86324143409729,37,0,43.384407,120.85842,284.2725,367.2488,59352.508,-76.92014,33.35475,10.61432431395447,18.916581408397636,1.avi
1202,19,3.8,1102,76,15699.327,0,33.03647523407623,0.9375776052474976,39,0,1038.3285,15.238094,1166.3175,137.89969,15699.327,-14.598049,-1.6380739,6.306748206183712,162.31042650664517,1.avi
1203,19,3.8,149,251,63358.72,0,8.321932432073599,0.8567341566085815,39,0,23.728874,125.680305,275.8346,376.99835,63358.72,-71.776855,35.719097,0.6201152955424365,333.6297737724123,1.avi
1202,20,4.0,1095,75,14604.873,0,23.50249439338084,0.9364798069000244,41,0,1033.5712,16.335526,1157.068,134.59668,14604.873,-30.304375,-4.619364,4.57504971221262,164.25746813817534,1.avi
1203,20,4.0,153,262,68776.28,0,104.50181030958905,0.8578085899353027,41,0,21.443954,132.52536,285.33356,393.15054,68776.28,-2.6943054,52.4674,17.922081030117223,348.683428153061,1.avi
1202,21,4.2,1086,77,14735.844,0,23.24698585556332,0.9277374148368835,43,0,1024.0063,17.66389,1148.0286,136.4801,14735.844,-42.76988,5.1100082,4.081615836649563,217.0246327461121,1.avi
1203,21,4.2,151,272,58383.867,0,6.892260227343179,0.9294520020484924,43,0,30.084564,152.77368,273.5786,392.549,58383.867,-6.6106634,49.89033,2.2792247484590704,144.25667163636103,1.avi
1202,22,4.4,1084,77,15629.523,0,37.6001335552803,0.9360312223434448,45,0,1020.2172,16.366241,1147.964,138.71396,15629.523,-17.282537,2.9797404,6.627417246273638,9.501423696195616,1.avi
1203,22,4.4,162,283,55557.96,0,65.20846224471359,0.921330749988556,45,0,43.758636,165.81659,280.2933,400.69952,55557.96,37.681324,52.269676,11.496196259162437,358.20253579631213,1.avi
1202,23,4.6,1088,80,16335.21,0,46.62419252800412,0.928067147731781,47,0,1023.2299,17.646858,1154.0701,142.49542,16335.21,13.546391,10.422041,7.598143607789717,345.7994408022507,1.avi
1203,23,4.6,166,286,60172.65,0,45.18435157698901,0.8752949237823486,47,0,43.24379,164.29413,289.79645,408.3501,60172.65,25.981445,23.848532,8.494967921961,114.79252099139978,1.avi
1202,24,4.8,1093,81,16441.104,0,11.540806237725535,0.9422251582145692,49,0,1027.7106,19.255276,1159.0438,144.44131,16441.104,21.307178,9.240335,2.006828339082599,35.15651290532753,1.avi
1203,24,4.8,159,285,63422.484,0,73.66346128551662,0.8967261910438538,49,0,34.3916,159.30267,285.3572,412.01654,63422.484,-19.562325,2.9564114,14.10025509224826,154.4031174495782,1.avi
1202,25,5.0,1101,85,17081.762,0,22.900350660622703,0.9395310878753662,51,0,1034.3247,21.803848,1167.9922,149.5967,17081.762,34.84424,16.947254,3.605272534468369,338.8020537805481,1.avi
1203,25,5.0,140,267,63366.47,0,139.4957977021095,0.9093526601791382,51,0,14.46302,141.30246,266.191,393.0284,63366.47,-79.69359,-70.445366,25.007603812374832,129.663954164735,1.avi
1202,26,5.2,1109,88,17245.764,0,7.969942554418909,0.9468446373939514,53,0,1042.2817,24.168442,1176.4648,152.69255,17245.764,39.63614,14.41191,1.3960891377736282,51.31124302662994,1.avi
1203,26,5.2,114,257,55156.367,0,62.03013399921,0.9127492308616638,53,0,-1.677185,139.25166,230.75067,376.557,55156.367,-117.582184,-51.877163,11.104574182902672,200.69149164762752,1.avi
1202,27,5.4,1111,87,16910.395,0,36.57377065557869,0.9436596035957336,55,0,1045.5654,24.02105,1178.2341,151.48425,16910.395,18.865139,0.7194443,7.635293998172057,145.60734538510155,1.avi
1203,27,5.4,110,251,55975.7,0,110.82008525606084,0.8986349701881409,55,0,-4.6009064,129.8782,224.88277,373.79837,55975.7,-44.045143,-35.303436,19.294485938567032,349.6359989458207,1.avi
1202,28,5.6,1111,88,15858.291,0,26.71270853621641,0.9487427473068236,57,0,1046.8679,26.924095,1175.1743,150.52103,15858.291,0.974596,3.8962798,4.6739966385651615,181.2682926268016,1.avi
1203,28,5.6,100,235,50688.312,0,50.321254094935256,0.9528902173042296,57,0,-6.7481613,118.149864,208.5087,353.6281,50688.312,-45.78209,-69.488655,9.867901757065916,97.75706591686026,1.avi
1202,29,5.8,1104,88,14989.167,0,36.919422348700735,0.9262058138847352,59,0,1042.4114,28.432274,1167.1047,148.64053,14989.167,-23.862581,0.1833036,7.370689234556895,168.2433037568901,1.avi
1203,29,5.8,107,229,50778.664,0,101.02988928183991,0.9304282665252686,59,0,0.09049225,111.86761,215.6387,347.44675,50778.664,16.294483,-40.00587,16.807227135511933,335.3541847236771,1.avi
1202,30,6.0,1097,90,14745.714,0,20.81362220551765,0.9439335465431212,61,0,1035.1024,31.412243,1159.1105,150.32162,14745.714,-34.9356,9.005449,3.309069670752183,205.5450840882016,1.avi
1203,30,6.0,119,230,54465.66,0,67.92196728972822,0.9281374216079712,61,0,6.3652115,109.853584,231.80893,351.44675,54465.66,46.92202,-5.414776,11.474380915579184,313.3491069180915,1.avi
1202,31,6.2,1095,94,15252.811,0,32.989505952028495,0.9366438984870912,63,0,1032.4509,34.471592,1158.5107,155.4682,15252.811,-14.315727,17.858345,5.059107633126122,344.7350371913384,1.avi
1203,31,6.2,121,227,56362.207,0,38.548901035487,0.8612521290779114,63,0,6.134506,105.90515,237.77412,349.22366,56362.207,21.857302,-13.117439,7.90022452208405,161.03728743654096,1.avi
1202,32,6.4,1100,99,16203.328,0,44.08119907039276,0.9299185276031494,65,0,1035.3383,37.514133,1165.2614,162.229,16203.328,15.229494,22.973457,7.396544705042393,356.4465515767408,1.avi
1203,32,6.4,115,231,59545.445,0,70.26296748527474,0.8754334449768066,65,0,-1.7851639,104.47296,233.03714,358.0496,59545.445,-19.293608,11.19035,12.8446742944358,208.145964407486,1.avi
1202,33,6.6,1105,94,16583.428,0,57.84624647371484,0.943691611289978,67,0,1039.846,31.78798,1171.9431,157.32768,16583.428,25.032093,-15.133881,10.596187796123962,81.01813196542173,1.avi
1203,33,6.6,114,217,56462.18,0,94.17977796274452,0.9210553169250488,67,0,-0.51810455,94.44008,229.67471,339.72217,56462.18,-8.482455,-51.95335,16.64974444098221,82.2933793063948,1.avi
1202,34,6.8,1112,91,16642.191,0,10.958644871761786,0.9414457082748412,69,0,1046.6213,28.50317,1179.0388,154.18297,16642.191,32.451195,-15.856849,1.2205796546481642,25.790480417550896,1.avi
1203,34,6.8,118,211,53907.07,0,39.18743566751763,0.9279004335403442,69,0,5.724991,91.30383,230.82082,330.78882,53907.07,12.251409,-35.200897,6.6908813178000885,319.90240649071256,1.avi
1202,35,7.0,1117,89,16171.171,0,12.791809104603438,0.9345982670783995,71,0,1052.263,27.992882,1183.1611,151.53305,16171.171,26.26598,-9.736894,2.463723153343538,199.64544564478948,1.avi
1203,35,7.0,114,213,53467.523,0,64.93220788223314,0.9069011211395264,71,0,2.7096329,93.437996,225.54675,333.37793,53467.523,-13.112596,0.95803833,11.229011878428668,233.22082209856015,1.avi
1202,36,7.2,1124,93,15569.418,0,35.53780317358143,0.9165559411048888,73,0,1060.1184,33.52129,1189.0828,154.24777,15569.418,32.5554,13.603957,5.286671775352481,281.2877003400979,1.avi
1203,36,7.2,107,223,56147.664,0,62.5805018560118,0.899096667766571,73,0,-4.1323013,98.40552,219.43845,349.546,56147.664,-27.929523,40.86441,10.424444172407796,244.3913301236508,1.avi
1202,37,7.4,1125,99,15516.738,0,36.91637274155493,0.9149954915046692,75,0,1060.7324,39.091267,1189.5947,159.50465,15516.738,9.6790695,23.959694,6.564090325358705,201.3961754011485,1.avi
1203,37,7.4,93,226,50262.08,0,57.78052000904418,0.9111044406890868,75,0,-9.02478,103.92132,196.82632,348.08847,50262.08,-59.337124,17.235893,10.95533112696305,145.85798861498972,1.avi
1202,38,7.6,1117,100,15452.655,0,54.71044083947693,0.8976985812187195,77,0,1053.6217,40.840363,1182.3258,160.90372,15452.655,-25.417812,11.58397,10.896074379427215,157.95373773622157,1.avi
1203,38,7.6,86,218,45015.62,0,69.84676952589169,0.9128193259239196,77,0,-8.494095,99.92107,182.04866,336.17053,45015.62,-41.092155,-26.632149,12.11958016111279,70.89549362420632,1.avi
1202,39,7.8,1114,104,15650.233,0,11.46750522001975,0.9241580963134766,79,0,1049.5815,44.18308,1179.1985,164.92519,15650.233,-19.64943,16.834843,1.374694484824467,323.8380819817982,1.avi
1203,39,7.8,65,216,34838.746,0,74.403039154654,0.913731575012207,79,0,-14.061226,107.165,145.77072,325.1361,34838.746,-89.951584,-13.435893,13.950093018696176,193.6016281521468,1.avi
1202,40,8.0,1115,104,16468.375,0,34.946793507617166,0.927348256111145,81,0,1049.0883,42.43444,1181.9838,166.35416,16468.375,-0.12768364,3.2709532,5.998820419441487,40.8169589561204,1.avi
1203,40,8.0,65,215,31080.686,0,100.70295117240202,0.921059250831604,81,0,-7.5284424,109.36583,138.5923,322.07135,31080.686,-22.003174,-4.762456,17.204334116016724,354.8757457490329,1.avi
1202,41,8.2,1121,106,17414.266,0,35.36345074721943,0.9311134815216064,83,0,1053.2195,42.85075,1189.9551,170.20802,17414.266,23.24311,8.966422,5.5713551624365465,350.16649788211333,1.avi
1203,41,8.2,67,215,29205.092,0,34.90184813713276,0.930663287639618,83,0,-2.2667007,110.7677,136.6785,320.95914,29205.092,1.359499,-0.54219294,5.87336507544428,357.717638712542,1.avi
1202,42,8.4,1133,104,17904.916,0,46.64023409699842,0.9312376379966736,85,0,1063.6798,39.997635,1203.0956,168.42578,17904.916,50.748184,-6.844142,8.027308827319747,32.581282189330864,1.avi
1203,42,8.4,64,230,31335.643,0,83.65824967381558,0.8977598547935486,85,0,-4.5040283,116.960754,133.76512,343.58862,31335.643,-9.590893,55.29995,14.663418342147292,256.2801247447238,1.avi
1202,43,8.6,1147,106,18718.14,0,29.666920017757512,0.9416856169700624,87,0,1076.3748,40.52272,1218.2017,172.50137,18718.14,65.17371,7.267308,4.685864466431019,317.6425371840332,1.avi
1203,43,8.6,53,239,26761.93,0,52.75007319914271,0.8567506074905396,87,0,-7.913498,130.91362,114.91565,348.7929,26761.93,-45.017097,49.60251,9.98904031989832,166.48353499092923,1.avi
1202,44,8.8,1156,112,19297.357,0,34.57964556193161,0.943144917488098,89,0,1084.6251,44.86898,1227.5502,179.88629,19297.357,48.884903,24.236145,5.913158359687512,223.02290064651672,1.avi
1203,44,8.8,38,253,18863.68,0,41.73463689347476,0.476420909166336,89,0,-10.761127,156.8551,86.91626,349.9774,18863.68,-69.70847,63.611305,7.2545224501910655,206.40538688796207,1.avi
1204,0,0.0,45,55,2962.052,0,0.0,0.7403915524482727,1,0,18.996887,26.888916,71.21059,83.61832,2962.052,0.0,0.0,0.0,0.0,2.avi
1205,0,0.0,419,492,1998.5902,0,0.0,0.7246719002723694,1,0,397.1256,469.8833,441.32214,515.1038,1998.5902,0.0,0.0,0.0,0.0,2.avi
1204,1,0.2,41,71,3275.3706,0,83.39375649025794,0.8304455876350403,3,0,13.949945,41.21408,68.3963,101.37184,3275.3706,-15.6910715,64.02932,16.27234632581887,255.3928065469917,2.avi
1205,1,0.2,418,491,2378.6426,0,4.231757805266255,0.5086343884468079,3,0,393.6944,468.0766,443.85962,515.49274,2378.6426,-1.7838912,-2.8299325,1.9309579572972977,129.3324127592923,2.avi
1206,1,0.2,63,689,1324.5182,0,0.0,0.7962757349014282,1,0,46.74791,670.28284,81.07338,708.8699,1324.5182,0.0,0.0,0.0,0.0,2.avi
1204,2,0.4,40,88,4163.235,0,25.231988177787503,0.7694795727729797,5,0,9.523352,54.666676,71.48335,121.85898,4163.235,-4.387743,83.0968,4.36815328542092,296.7352053423412,2.avi
1205,2,0.4,417,490,2427.2651,0,5.8452906013750034,0.3020281791687011,5,0,391.97455,466.7807,443.1557,514.2057,2427.2651,-5.6995378,-6.152019,1.871429311730138,139.36728930909806,2.avi
1206,2,0.4,68,686,1281.3926,0,27.03569919723644,0.7728515267372131,3,0,51.446358,668.29474,85.73754,705.6628,1281.3926,18.687855,-10.369704,5.432600030935387,41.17139177376612,2.avi
1204,3,0.6,44,115,4453.0024,0,68.42976508056883,0.6641997694969177,7,0,13.11307,80.990425,76.8134,150.8959,4453.0024,16.080269,125.513535,11.02287280608105,293.3800902325029,2.avi
1205,3,0.6,415,489,2433.0715,0,4.72946466309523,0.3763672411441803,7,0,389.52527,465.88098,441.62885,512.57776,2433.0715,-8.952078,-6.280142,1.4492560164012047,169.55303235299596,2.avi
1206,3,0.6,75,681,1446.0577,0,23.741079005374598,0.7321047186851501,5,0,57.028694,662.1815,94.08715,701.2025,1446.0577,33.471127,-25.08163,4.7306744668054925,55.63223039522188,2.avi
1204,4,0.8,49,144,6214.8467,0,21.74402942341459,0.4212217628955841,9,0,11.48011,103.61569,87.0447,185.86118,6214.8467,20.237717,139.68712,3.066018999844037,285.5263547365012,2.avi
1205,4,0.8,413,486,2185.1577,0,7.920506106851902,0.5589665770530701,9,0,388.64035,464.71985,438.61984,508.44092,2185.1577,-9.553059,-11.626881,2.124345244879735,111.73431092338608,2.avi
1206,4,0.8,87,674,1450.206,0,30.96863071260015,0.7276973128318787,7,0,68.34812,654.73987,105.93406,693.3236,1450.206,52.219284,-35.220787,5.449912306549555,29.404076479968356,2.avi
1204,5,1.0,58,150,6694.7734,0,127.59565156470693,0.6655150055885315,11,0,18.848553,107.868126,97.17728,193.33835,6694.7734,38.32799,54.783264,23.15580141568968,78.3142675351582,2.avi
1205,5,1.0,412,483,1768.215,0,5.430177919020196,0.8062300682067871,11,0,389.452,463.9127,434.83572,502.8741,1768.215,-7.9207006,-14.941116,1.2859733152442676,77.40040217457499,2.avi
1206,5,1.0,98,666,1341.2598,0,6.50000354339487,0.7835298180580139,9,0,79.98292,647.67224,116.49296,684.40894,1341.2598,54.72572,-38.855904,1.0712811636872617,67.20486328214645,2.avi
1204,6,1.2,74,148,4091.9092,0,90.63675008677131,0.6953707933425903,13,0,44.244743,114.64465,105.07189,181.91574,4091.9092,72.86473,3.7089195,15.9096759887237,58.463227119179805,2.avi
1205,6,1.2,407,484,1503.6171,0,28.94115841012275,0.8442297577857971,13,0,385.95755,466.24786,428.07382,501.94946,1503.6171,-21.551258,-0.7358322,5.05908533325765,225.2810510918108,2.avi
1206,6,1.2,107,658,1262.8141,0,7.874926623860605,0.8367984294891357,11,0,89.9838,640.4533,125.60236,675.90717,1262.8141,49.379005,-39.198902,2.1996433482890745,172.96483021420318,2.avi
1204,7,1.4,75,156,3879.1265,0,88.66955442515501,0.8173835277557373,15,0,44.724136,124.577835,105.92406,187.96233,3879.1265,19.37856,31.58467,15.849967718047152,206.12009005604904,2.avi
1205,7,1.4,400,487,1371.8212,0,21.81149978350332,0.839439868927002,15,0,380.1535,470.0871,420.62323,503.98456,1371.8212,-30.462585,11.126319,4.0758723189798856,228.41191955535663,2.avi
1206,7,1.4,114,655,1186.3137,0,30.726893626356468,0.8153021335601807,13,0,97.52107,638.01013,132.35384,672.0675,1186.3137,38.873783,-21.12883,5.930605350230776,231.78342458833805,2.avi
1204,8,1.6,79,165,3713.713,0,13.905656414225309,0.8185703754425049,17,0,48.590492,134.76729,109.91624,195.32445,3713.713,19.584536,41.041275,2.421237449178298,265.2664344612817,2.avi
1205,8,1.6,391,489,1378.6284,0,14.465739629129429,0.8464011549949646,17,0,371.41998,472.60623,412.08875,506.50516,1378.6284,-40.236954,12.259424,3.3061617992109853,175.47080514425022,2.avi
1206,8,1.6,119,653,1186.6614,0,23.32184876161329,0.8296580910682678,15,0,101.90617,636.40826,136.97688,670.24457,1186.6614,26.294918,-11.46262,4.308504575584062,210.50338509122523,2.avi
1204,9,1.8,85,171,3191.068,0,15.48571942592461,0.8277767300605774,19,0,57.459282,142.8271,113.09612,200.18242,3191.068,27.689606,34.313328,2.9032667685102984,50.93287194101436,2.avi
1205,9,1.8,384,493,1461.172,0,8.216445656071478,0.8407544493675232,19,0,363.84885,475.53537,405.13968,510.9227,1461.172,-37.209007,16.957083,1.034788392040782,286.44999720468445,2.avi
1206,9,1.8,121,651,1152.9563,0,17.1300667844814,0.8315852880477905,17,0,104.5169,635.2535,139.09338,668.5986,1152.9563,15.159414,-8.031441,3.700670787419429,179.47552922947511,2.avi
1204,10,2.0,94,178,3108.08,0,22.27269207830042,0.8032856583595276,21,0,67.49924,150.25826,121.96492,207.32317,3108.08,42.752132,35.94121,3.2055076516836123,6.582001969516966,2.avi
1205,10,2.0,378,496,1356.8528,0,10.938135113753816,0.7639362215995789,21,0,359.4396,478.82324,398.44846,513.60645,1356.8528,-29.934072,15.397182,1.1326051234474246,33.216927473870214,2.avi
1206,10,2.0,124,649,1216.6013,0,3.0177401382276723,0.8469896912574768,19,0,106.755905,632.7653,142.10762,667.1795,1216.6013,13.600811,-9.367253,1.5628111863947192,122.38370819163418,2.avi
1207,10,2.0,161,852,527.4888,0,0.0,0.5379365086555481,1,0,149.82565,840.4441,172.4556,863.7534,527.4888,0.0,0.0,0.0,0.0,2.avi
1204,11,2.2,100,182,4015.4802,0,23.84967056491999,0.6204090118408203,23,0,69.87232,150.09607,131.63855,215.107,4015.4802,33.033142,22.951815,5.158189804890669,129.5214382645708,2.avi
1206,11,2.2,130,646,1215.2319,0,18.7709730018331,0.8055328726768494,21,0,112.74956,629.46765,147.70613,664.2317,1215.2319,25.430662,-14.171818,3.5379542506046824,36.388916906226825,2.avi
1207,11,2.2,153,866,400.1405,0,83.92733558769459,0.3567636609077453,3,0,143.49434,856.24915,162.7295,877.05176,400.1405,-32.050694,58.09051,16.109450369232164,239.64658884000087,2.avi
1204,12,2.4,112,185,5326.1875,0,31.7314250077034,0.7036387324333191,25,0,77.02092,148.49037,148.53859,222.9641,5326.1875,53.869347,17.318775,5.129803505688798,25.295461969090923,2.avi
1205,12,2.4,378,488,2543.1826,0,121.85974508362276,0.2607349753379822,24,0,351.96088,464.6218,404.5913,512.9433,2543.1826,0.8633156,-14.292641,24.375647681293863,45.72596132290863,2.avi
1206,12,2.4,139,640,1446.9508,0,29.99607146335009,0.7789843082427979,23,0,120.471245,621.54034,158.34618,659.7437,1446.9508,41.178818,-27.145283,5.450645464093407,47.44840647329568,2.avi
1207,12,2.4,152,868,436.098,0,57.10095524282332,0.4084213078022003,5,0,142.16783,858.38293,162.78435,879.53577,436.098,-5.6093884,15.462498,11.554839979201237,62.70783664785176,2.avi
1204,13,2.6,124,191,5636.1445,0,12.186442470110087,0.8183093070983887,27,0,87.421646,153.08882,161.4457,229.2282,5636.1445,57.25395,24.88573,1.863263427454329,283.8608766998266,2.avi
1205,13,2.6,376,487,2418.7695,0,13.80101299418609,0.4958563446998596,26,0,350.82697,463.36667,401.85876,510.764,2418.7695,-7.201414,-9.921892,2.6747303042213555,203.7207492282372,2.avi
1206,13,2.6,149,634,1705.8727,0,11.950750434540495,0.6136804223060608,25,0,128.95078,613.229,169.88724,654.90027,1705.8727,48.003605,-31.561663,1.818986731210965,41.82273374659502,2.avi
1204,14,2.8,131,199,5169.952,0,31.89754828584405,0.8367379307746887,29,0,96.15971,163.4563,167.15038,236.2821,5169.952,40.987816,39.244774,5.662371514312779,210.38824789159568,2.avi
1205,14,2.8,372,487,2067.2964,0,20.413634301055968,0.728554904460907,28,0,348.4962,466.04907,396.28256,509.31024,2067.2964,-16.951916,0.16021729,3.4796147707657905,213.47055895821896,2.avi
1206,14,2.8,159,628,1577.0964,0,4.814817838414958,0.7685974836349487,27,0,139.98868,608.2726,179.26813,648.4232,1577.0964,50.344547,-29.271166,0.2484652270020959,265.44558017512577,2.avi
1204,15,3.0,138,204,4252.5127,0,20.84029319113728,0.8282273411750793,31,0,105.88377,171.58818,170.74965,237.14674,4252.5127,35.08087,26.358185,4.1541308400156245,116.48514407890669,2.avi
1205,15,3.0,365,490,1674.3591,0,23.523089802890546,0.7859652042388916,30,0,343.6107,471.38385,387.86826,509.216,1674.3591,-29.484264,10.111544,4.607413510027541,209.7790081985197,2.avi
1206,15,3.0,165,625,1414.504,0,30.01423648376908,0.8480880260467529,29,0,146.70837,606.8785,184.25085,644.55585,1414.504,34.12346,-16.87375,5.324144342089538,208.0830734873875,2.avi
1207,15,3.0,157,867,553.7447,0,115.54916484439332,0.5576985478401184,9,0,145.3255,855.90857,169.13788,879.1631,553.7447,5.27806,-3.4735794,23.399138805228453,61.24874384373618,2.avi
1204,16,3.2,137,214,3599.332,0,50.26846586787421,0.8165904879570007,33,0,107.84816,184.05025,167.54845,244.34029,3599.332,5.718643,43.88099,9.405022130117349,207.6246912990018,2.avi
1205,16,3.2,355,494,1251.6846,0,29.12608655899202,0.5528630614280701,32,0,335.53745,478.8684,375.02615,510.56573,1251.6846,-47.023174,19.321083,5.125024070952166,199.1090542573508,2.avi
1206,16,3.2,167,625,1171.378,0,31.65209961009588,0.852927565574646,31,0,150.5074,608.7918,185.14412,642.6108,1171.378,16.899164,-3.9557114,5.932829157511817,206.61203901214216,2.avi
1207,16,3.2,157,869,447.656,0,14.300259492005384,0.4014149010181427,11,0,146.40198,858.8312,168.17105,879.395,447.656,1.328639,5.4922895,2.5135433898983983,239.1929465256477,2.avi
1204,17,3.4,136,228,4306.2314,0,34.21688402818546,0.8532611131668091,35,0,104.56382,195.20929,168.94608,262.09467,4306.2314,-2.3081665,65.72795,5.776094177163789,240.52574376890743,2.avi
1205,17,3.4,337,499,1535.0088,0,49.28315276710207,0.6453457474708557,34,0,314.36478,482.75037,360.06357,516.3401,1535.0088,-80.34094,23.028374,8.887035509322478,182.70041611876795,2.avi
1206,17,3.4,168,624,1197.645,0,13.482124410987026,0.8365881443023682,33,0,151.11707,608.0816,186.52792,641.903,1197.645,7.7338533,-3.6397665,3.3323019127129525,164.1493119503,2.avi
1207,17,3.4,154,869,409.70093,0,18.484867892703203,0.4182162880897522,13,0,143.903,859.96924,164.68523,879.6832,409.70093,-11.339525,3.994063,3.753172059363632,161.16727252127976,2.avi
1204,18,3.6,133,239,4521.448,0,19.546238224500563,0.8435181975364685,37,0,100.90159,205.07191,166.19589,274.31912,4521.448,-12.8636265,57.64359,4.321134725632491,139.65311448616046,2.avi
1205,18,3.6,324,502,1501.376,0,19.850170599099396,0.7934008240699768,36,0,301.74173,486.4419,347.16232,519.4968,1501.376,-67.62611,18.484219,3.5737401089392966,37.002979555953175,2.avi
1206,18,3.6,164,623,1427.1675,0,33.12185379662763,0.6973987817764282,35,0,144.42363,606.12805,184.6241,641.6293,1427.1675,-14.747287,-5.1229644,6.493540726395197,168.77234331528632,2.avi
1204,19,3.8,132,242,3906.5723,0,52.095437127758935,0.7572510838508606,39,0,102.35263,210.18117,163.35065,274.2254,3906.5723,-5.650086,22.949425,9.28090571818977,83.66550892504358,2.avi
1205,19,3.8,315,504,1627.7314,0,27.938529394403773,0.846063494682312,38,0,292.34042,487.09494,338.5773,522.29913,1627.7314,-50.196095,10.910881,4.868205046026875,33.207717757761884,2.avi
1206,19,3.8,167,619,1470.2524,0,37.26302231736115,0.8407561779022217,37,0,146.87822,601.19995,187.415,637.4695,1470.2524,6.683158,-18.658157,6.655143259052934,35.38802114770078,2.avi
1204,20,4.0,137,244,3322.11,0,33.159528112427616,0.7378939390182495,41,0,109.13254,215.07318,165.24771,274.2748,3322.11,15.381533,14.799103,5.971865489140322,27.886631095414828,2.avi
1205,20,4.0,305,505,1630.0371,0,9.562685531730338,0.7794622778892517,40,0,282.6087,487.18533,327.85474,523.21136,1630.0371,-50.918804,4.4464626,1.925497174589504,102.58820104781051,2.avi
1206,20,4.0,174,609,1445.3473,0,49.28534336319876,0.8237780928611755,39,0,155.09735,590.90656,194.14542,627.9211,1445.3473,30.290184,-42.46177,8.60438962702803,50.12181034239899,2.avi
1207,20,4.0,129,886,400.55353,0,84.15000435463114,0.2864875197410583,17,0,118.97364,877.29724,139.68095,896.64087,400.55353,-22.23544,15.840164,16.312697586666424,224.24056487371908,2.avi
1204,21,4.2,141,250,3944.2458,0,18.41247014357246,0.7361823916435242,43,0,111.10997,218.04214,171.44218,283.4176,3944.2458,19.264574,26.70641,2.477282638882139,287.22454857835925,2.avi
1205,21,4.2,291,509,1707.1547,0,26.282656974699712,0.7870149612426758,42,0,268.76642,490.3153,314.23138,527.86414,1707.1547,-64.568375,15.992364,4.986771854809334,215.7334906390751,2.avi
1206,21,4.2,187,594,1507.5605,0,56.31905896448881,0.8089900016784668,41,0,168.46388,574.81775,207.48112,613.45605,1507.5605,58.339073,-68.55484,9.373167075993903,47.59802804760926,2.avi
1204,22,4.4,147,255,4743.126,0,13.02186151508081,0.8499161005020142,45,0,115.13772,219.26431,179.7232,292.7038,4743.126,28.115913,26.371367,2.155933196396589,29.791557846881005,2.avi
1205,22,4.4,271,518,1649.867,0,50.33669474897512,0.7986226081848145,44,0,249.72398,499.54312,294.0509,536.76355,1649.867,-90.32775,38.549423,9.495281291480469,216.980275480429,2.avi
1206,22,4.4,208,571,1548.9884,0,70.78552500088936,0.7347248792648315,43,0,189.0945,551.486,227.76851,591.5385,1548.9884,92.14954,-102.83632,12.598885111200444,48.43070334136502,2.avi
1204,23,4.6,153,267,5154.8936,0,32.77499972466041,0.847219705581665,47,0,119.7661,228.491,186.60411,305.61618,5154.8936,28.621489,48.65971,5.741919346876811,269.46464631109416,2.avi
1205,23,4.6,249,522,1243.0095,0,29.309239096341837,0.7040523290634155,46,0,230.78868,506.23074,268.90338,538.8431,1243.0095,-105.618805,25.756765,6.178606994113938,141.29891199089525,2.avi
1206,23,4.6,230,547,1200.4954,0,27.981930716638733,0.7338003516197205,45,0,213.18361,529.6184,247.17952,564.9314,1200.4954,104.91869,-116.9513,5.041207120070805,51.49484279415088,2.avi
1204,24,4.8,156,275,5203.9927,0,11.815915759001618,0.8084586262702942,49,0,123.45474,237.17227,190.51135,314.77823,5203.9927,21.212818,45.543438,3.413612262960996,148.46229591620914,2.avi
1205,24,4.8,230,540,857.77893,0,73.66685939358894,0.7193517684936523,48,0,215.743,526.4196,246.1457,554.6335,857.77893,-97.07272,75.13199,12.377832553828512,275.9250909933785,2.avi
1206,24,4.8,244,516,1008.1567,0,58.90781399266591,0.7495867013931274,47,0,228.65727,499.91165,259.6174,532.47473,1008.1567,77.889465,-146.53223,10.654054972894611,132.26344406169346,2.avi
1204,25,5.0,157,284,5064.8135,0,21.402823294539974,0.8607003688812256,51,0,124.682785,246.17398,190.21648,323.45963,5064.8135,6.6905584,44.516098,4.362421831057269,165.6131100936757,2.avi
1205,25,5.0,225,540,744.7522,0,114.2873876276871,0.794562041759491,50,0,211.1752,527.132,238.95105,553.945,744.7522,-45.02415,17.387115,20.57526227211149,49.10465801753799,2.avi
1206,25,5.0,238,508,860.04694,0,171.09886929973945,0.7311466932296753,49,0,223.97723,492.85394,252.23514,523.28955,860.04694,-5.217865,-65.05558,30.2873073875708,224.1947952580232,2.avi
1204,26,5.2,158,294,5216.2397,0,4.540683365178371,0.8715749979019165,53,0,125.01659,254.52979,191.06648,333.50403,5216.2397,3.8206904,45.657818,0.8360075566145588,199.56568110344955,2.avi
1206,26,5.2,222,515,1651.4731,0,142.67061387437303,0.8382249474525452,51,0,202.71771,494.836,242.3263,536.5308,1651.4731,-61.140385,14.258751,24.98920294583433,232.9318451170689,2.avi
1204,27,5.4,157,309,4938.276,0,38.31706649768306,0.8803778290748596,55,0,125.04741,271.30402,189.30919,348.15027,4938.276,-2.4381664,70.95906,6.123798196596375,252.85069897145337,2.avi
1206,27,5.4,209,505,1971.5417,0,71.62180603744538,0.83970707654953,53,0,188.2272,483.03857,231.38995,528.7155,1971.5417,-63.007046,-34.423763,13.596863965481544,95.46075100569284,2.avi
1204,28,5.6,160,328,5623.7617,0,36.104849433973264,0.8176498413085938,57,0,126.84688,287.42267,194.88588,370.07764,5623.7617,13.621472,89.53962,5.25421241168221,309.03871612167,2.avi
1206,28,5.6,199,481,2316.7979,0,97.30036250545258,0.8542202115058899,55,0,176.14528,456.62195,221.99953,507.14722,2316.7979,-55.833412,-100.21921,18.08135094108272,84.3095656854855,2.avi
1204,29,5.8,176,352,3723.5637,0,79.50838265709356,0.7639029622077942,59,0,147.6439,320.09772,205.13918,384.86066,3723.5637,62.853046,111.92729,13.51027851449925,336.70928523046234,2.avi
1208,29,5.8,193,389,704.3364,0,0.0,0.6811700463294983,1,0,181.14545,375.2456,206.45502,403.07446,704.3364,0.0,0.0,0.0,0.0,2.avi
1204,30,6.0,199,352,2883.61,0,139.76278016381437,0.795231282711029,61,0,173.46391,324.42563,225.0291,380.34726,2883.61,102.40621,25.477104,24.971003214727503,66.29795063641171,2.avi
1208,30,6.0,184,384,1726.9219,0,50.74355175810425,0.7554737329483032,3,0,163.84085,364.03375,205.87741,405.11517,1726.9219,-35.693024,-18.305723,11.075671477963487,152.232224294513,2.avi
1209,30,6.0,219,392,976.6892,0,0.0,0.7720900177955627,1,0,204.9916,375.0441,233.60628,409.17654,976.6892,0.0,0.0,0.0,0.0,2.avi
1204,31,6.2,217,355,2628.8457,0,18.98594695775423,0.7840307354927063,63,0,191.97534,329.21048,242.62823,381.1097,2628.8457,93.07608,16.547714,3.687861997229408,137.70219952284333,2.avi
1208,31,6.2,201,386,1288.2927,0,128.2221391687223,0.703552782535553,5,0,183.93268,368.27298,219.4667,404.52817,1288.2927,74.11063,6.8211174,23.82873053805328,347.6743400210744,2.avi
1209,31,6.2,229,394,728.92126,0,54.46659026732098,0.820784330368042,3,0,217.43,379.55743,242.3335,408.82727,728.92126,42.24676,8.311517,9.883397691030686,348.9773344886212,2.avi
1204,32,6.4,230,365,5382.334,0,48.9581171213994,0.8159151673316956,65,0,193.96556,328.9156,267.62427,401.98682,5382.334,73.376686,43.398476,8.812300722576314,227.82102880572,2.avi
1204,33,6.6,238,372,5263.5415,0,38.33431232810106,0.8282178640365601,67,0,201.64874,336.90533,276.32468,407.39044,5263.5415,48.441315,35.77189,7.768220999220863,164.0791840115603,2.avi
1204,34,6.8,240,378,4779.2866,0,44.54948054667224,0.7167146801948547,69,0,204.5418,345.6548,277.1156,411.5089,4779.2866,18.264936,33.001144,8.77216097106437,171.46256182032698,2.avi
1204,35,7.0,236,391,5324.364,0,58.1251307722132,0.8304944038391113,71,0,198.04346,357.0877,274.99365,426.28003,5324.364,-12.360916,58.00678,10.285299715409923,214.44779425241907,2.avi
1204,36,7.2,229,402,6268.9185,0,28.261156044421774,0.8250988125801086,73,0,187.33765,364.8549,270.93494,439.8444,6268.9185,-31.244856,54.408596,5.207460838256269,165.71158578178927,2.avi
1204,37,7.4,228,408,5510.308,0,43.17883630564184,0.7764368057250977,75,0,189.68858,373.19904,267.93298,443.62335,5510.308,-8.463495,35.87049,7.314822069067029,45.65727265102282,2.avi
1204,38,7.6,234,412,4572.026,0,42.21195929857459,0.8487100005149841,77,0,199.16736,380.29474,269.07358,445.69702,4572.026,18.467392,25.911684,7.759850379491552,27.51828536120581,2.avi
1210,38,7.6,219,451,576.92175,0,0.0,0.5182941555976868,1,0,206.72168,440.94025,232.96112,462.92706,576.92175,0.0,0.0,0.0,0.0,2.avi
1204,39,7.8,240,411,4325.115,0,40.639808727415456,0.8053534030914307,79,0,206.88359,379.54684,274.4099,443.59763,4325.115,29.362251,0.50530624,7.503712209286365,73.06245042601716,2.avi
1204,40,8.0,248,423,5407.677,0,66.1127444774441,0.8681347370147705,81,0,211.98439,386.3595,285.46405,459.95367,5407.677,37.842636,44.66941,11.423075690448936,277.44829230509856,2.avi
1204,41,8.2,256,428,6256.094,0,17.83460339009374,0.8357691764831543,83,0,218.22131,388.2704,295.10144,469.64508,6256.094,39.26034,32.621155,4.100917009809735,94.09369731732232,2.avi
1204,42,8.4,261,435,6989.751,0,15.698152459542234,0.8885125517845154,85,0,221.78725,391.40094,301.73538,478.82953,6989.751,28.675768,31.210716,3.5463612750008733,172.1891122515899,2.avi
1204,43,8.6,262,438,6553.779,0,31.571548134946674,0.7993916869163513,87,0,224.75168,395.36783,300.49576,481.8931,6553.779,9.9352665,20.723085,6.440767369444733,148.5823899691768,2.avi
1204,44,8.8,263,446,7005.8057,0,23.168976943514007,0.8195266723632812,89,0,224.32228,401.79343,302.37292,491.5532,7005.8057,5.0771456,35.715527,3.60481375802625,243.4588103130294,2.avi
1204,45,9.0,250,452,5855.7812,0,77.93424116570267,0.7973765730857849,91,0,214.67728,412.11508,286.5485,493.5911,5855.7812,-47.80534,32.010647,14.477436467493906,172.79241147870675,2.avi
1204,46,9.2,240,460,7165.119,0,6.480675970893152,0.8027856349945068,93,0,199.49202,417.01508,282.11688,503.73376,7165.119,-48.756653,36.315033,1.288806565121106,215.30189532014091,2.avi
1204,47,9.4,227,466,5926.005,0,19.332675288981072,0.8145714402198792,95,0,188.70569,428.6673,266.9152,504.43823,5926.005,-61.227867,32.1435,4.371386295147547,158.0018302825165,2.avi
1204,48,9.6,224,478,4018.2603,0,58.6948273982375,0.7773702144622803,97,0,192.02779,447.5431,256.27814,510.08374,4018.2603,-28.198483,54.5729,9.815145715561467,329.2492662297127,2.avi
1210,48,9.6,255,450,726.3423,0,180.27288391600692,0.7583203315734863,12,0,242.75232,437.12653,269.01288,464.78558,726.3423,3.4591038,-0.0938262,35.21173333546343,3.1479852824217005,2.avi
1204,49,9.8,225,492,4003.0803,0,41.5409456165996,0.6801215410232544,99,0,192.52298,461.7685,258.3637,522.56793,4003.0803,-1.5457115,63.957836,6.873121249219143,340.6970173996259,2.avi
1204,50,10.0,227,503,4143.528,0,14.253718712111178,0.8234207630157471,101,0,194.25284,472.62143,260.55905,535.11224,4143.528,7.1912985,59.754333,2.7059074029742844,46.407241526374776,2.avi
1210,50,10.0,259,473,830.3938,0,116.65224262846206,0.7648046612739563,15,0,245.02855,459.34906,273.39746,488.6203,830.3938,5.6759305,40.685196,22.12479788336748,272.69924933345766,2.avi
1204,51,10.2,232,527,3860.1042,0,67.99198151130231,0.7501663565635681,103,0,199.39523,497.88336,264.79367,556.9078,3860.1042,19.691572,104.28223,11.619084583834404,285.75974874270094,2.avi
1210,51,10.2,251,486,899.37646,0,54.88040158043417,0.653039276599884,17,0,237.02554,470.92923,266.45938,501.48508,899.37646,-27.26112,56.321552,10.120776965610196,202.532126251014,2.avi
1204,52,10.4,239,543,2891.917,0,35.15242634889568,0.7816077470779419,105,0,211.37416,517.52893,267.8048,568.77625,2891.917,33.37057,84.67018,6.032260130001781,60.53478075396572,2.avi
1210,52,10.4,253,504,776.7481,0,57.14159229573264,0.3388753831386566,19,0,240.15323,490.0209,267.5643,518.3579,776.7481,2.1062336,82.38857,9.361734129008395,315.7843832077794,2.avi
1204,53,10.6,238,547,3252.902,0,83.30612046971162,0.6990494728088379,107,0,209.3006,519.74255,267.87405,575.27795,3252.902,3.8479786,36.302155,15.47729292435629,122.27058688333034,2.avi
1210,53,10.6,256,513,739.88916,0,41.6252157086708,0.4884319603443146,21,0,243.37923,500.01938,270.30048,527.50287,739.88916,11.948456,55.83593,7.857667609536562,77.35611063032343,2.avi
1204,54,10.8,237,547,5235.7925,0,41.98900719793542,0.8677664399147034,109,0,200.45612,512.029,273.90826,583.3107,5235.7925,-4.515897,8.992634,8.120264858997954,106.87300824340817,2.avi
1204,55,11.0,238,559,6905.798,0,57.66200178428414,0.8524039387702942,111,0,197.70076,517.4622,280.2141,601.15533,6905.798,5.785269,46.83836,9.685738208479108,280.2348422419858,2.avi
1204,56,11.2,243,584,4864.3135,0,90.04916672506036,0.8016438484191895,113,0,208.7473,549.6007,279.18387,618.66016,4864.3135,20.596333,106.27359,15.592857428106088,280.66419625905576,2.avi
1204,57,11.4,244,597,3842.6624,0,46.95117705401579,0.8133152723312378,115,0,213.60577,566.9138,275.8191,628.6797,3842.6624,7.6261864,77.08894,9.327183094425576,115.9731494338538,2.avi
1204,58,11.6,258,615,3104.3093,0,71.83757867182058,0.7937936186790466,117,0,230.48706,588.1164,286.94403,643.10187,3104.3093,55.615578,86.29847,11.8970693196441,351.3686844473041,2.avi
1204,59,11.8,266,629,4099.037,0,25.60840700427575,0.8285952210426331,119,0,234.07642,598.19916,299.65808,660.70197,4099.037,44.18769,73.15188,5.4500595337134,134.77563564831553,2.avi
1211,59,11.8,291,592,987.8264,0,0.0,0.671293318271637,1,0,276.34796,576.64856,307.2815,608.5824,987.8264,0.0,0.0,0.0,0.0,2.avi
1204,60,12.0,270,639,3153.0225,0,37.904513404397946,0.7840564846992493,121,0,241.89981,612.29926,299.06406,667.4565,3153.0225,24.100897,56.987206,7.639392034876716,138.31027385053682,2.avi
1211,60,12.0,288,605,943.49396,0,64.85026661047915,0.1526596844196319,3,0,274.59872,588.0685,302.42014,621.98096,943.49396,-13.194812,49.537872,12.95872372021596,252.87992043410952,2.avi
1204,61,12.2,270,636,3027.2427,0,86.71006810714225,0.8275176882743835,123,0,242.90909,609.3949,298.434,663.9153,3027.2427,6.291834,0.75854874,16.16936032248243,109.14207907046466,2.avi
1211,61,12.2,301,609,1047.657,0,86.61613809353054,0.6222432255744934,5,0,286.57788,592.5004,316.7953,627.1711,1047.657,59.229298,26.200024,16.251016024688393,21.410200122020346,2.avi
1212,61,12.2,1149,8,736.4329,0,0.0,0.6018205285072327,1,0,1127.3572,0.0,1171.9275,16.522947,736.4329,0.0,0.0,0.0,0.0,2.avi
1204,62,12.4,277,632,3363.107,0,39.227996638568335,0.7807042598724365,125,0,247.817,603.5835,306.49252,660.9005,3363.107,26.386415,-16.797575,6.986519662741875,43.47310906048,2.avi
1212,62,12.4,1106,14,1636.2917,0,221.7877155762748,0.5524522662162781,3,0,1077.829,0.21941376,1134.5497,29.067625,1636.2917,-173.4653,25.477228,44.01799632204936,187.49084264681028,2.avi
1204,63,12.6,271,635,4623.02,0,72.91066670491375,0.7558640837669373,127,0,236.29144,602.97754,306.77307,668.56934,4623.02,-15.533697,9.704649,12.96592436698648,208.15205180717305,2.avi
1212,63,12.6,1094,15,1829.4525,0,122.93386943737428,0.6437926292419434,5,0,1064.7563,0.15264511,1124.6128,30.716625,1829.4525,-67.28293,5.767164,22.99734947695421,11.891889091894484,2.avi
1204,64,12.8,261,644,7493.1533,0,53.31752457683623,0.8970495462417603,129,0,216.29346,603.4899,307.55292,685.5982,7493.1533,-40.5413,35.971466,9.72869340240774,220.247703913993,2.avi
1212,64,12.8,1086,16,1876.9194,0,30.64249113529984,0.7145137190818787,7,0,1057.2322,0.5655689,1116.2207,32.38394,1876.9194,-46.197655,5.3326354,4.808071028440418,7.025352106624951,2.avi
1204,65,13.0,247,658,6107.5,0,50.05999031414832,0.8298517465591431,131,0,206.03549,621.3507,289.2089,694.7816,6107.5,-64.358246,60.307945,9.254813651998026,222.5772685636339,2.avi
1212,65,13.0,1072,17,1710.5299,0,29.797250547849234,0.6719427704811096,9,0,1045.444,1.4564056,1098.9855,33.40417,1710.5299,-66.43447,4.906595,5.5135724133175295,174.36604009851635,2.avi
1204,66,13.2,245,669,5139.745,0,60.75941476900434,0.8075743913650513,133,0,206.78555,635.86487,284.1095,702.3351,5139.745,-23.218193,56.355103,10.311306981595669,6.278994174873958,2.avi
1212,66,13.2,1051,16,1594.9755,0,44.531981233525656,0.5838360786437988,11,0,1025.9832,0.9027996,1076.501,32.47529,1594.9755,-95.99838,-1.7193646,8.286540877848273,163.08054457382536,2.avi
1204,67,13.4,247,680,3923.5164,0,37.850916380443614,0.8375641703605652,135,0,213.93967,651.064,281.05624,709.5223,3923.5164,2.526865,56.055763,6.207201383706534,3.4263082310801,2.avi
1212,67,13.4,1031,20,1591.9607,0,20.858020517961844,0.1669244766235351,13,0,1008.1647,3.3021984,1055.7399,36.764214,1591.9607,-96.34506,12.464985,3.8005639364097914,254.0818334966092,2.avi
1213,67,13.4,278,702,529.82153,0,0.0,0.6640917658805847,1,0,267.61783,690.2455,290.09384,713.81824,529.82153,0.0,0.0,0.0,0.0,2.avi
1204,68,13.6,256,691,3928.1375,0,48.6557458290022,0.8627083897590637,137,0,223.30406,662.32336,289.90244,721.3058,3928.1375,35.60176,57.248962,8.012561430908075,3.6087455056963336,2.avi
1212,68,13.6,1015,27,1738.206,0,31.92912638438973,0.6470469236373901,15,0,991.76587,9.056166,1038.7625,46.041992,1738.206,-86.41895,31.782686,5.038087630622854,297.37752941498803,2.avi
1213,68,13.6,287,720,661.1585,0,100.9403464313463,0.6437342762947083,3,0,274.26672,707.37225,299.97296,733.092,661.1585,32.990105,72.65572,19.727682748088775,294.38269001671176,2.avi
1204,69,13.8,265,700,3861.7288,0,19.218485807259277,0.8502907752990723,139,0,233.13802,670.7004,298.0755,730.16876,3861.7288,42.84431,46.365883,3.505014697809028,68.64390041278062,2.avi
1212,69,13.8,992,34,1820.6921,0,31.84997337903042,0.8199589252471924,17,0,969.20544,14.459461,1015.49744,53.790028,1820.6921,-108.06741,32.625443,5.981091422574502,180.9041804203694,2.avi
1213,69,13.8,292,729,644.369,0,30.246651412535737,0.537125289440155,5,0,280.47137,716.10944,305.44482,741.91156,644.369,29.51105,46.31308,6.013821478668093,106.59787398182362,2.avi
1204,70,14.0,276,712,3071.8103,0,20.998273730216845,0.8398154973983765,141,0,247.53114,686.07196,305.17868,739.358,3071.8103,51.225883,57.931503,2.9296398267046078,308.51644979418745,2.avi
1212,70,14.0,973,38,2191.503,0,21.412339242888613,0.7889151573181152,19,0,948.34485,16.540241,998.91846,59.873165,2191.503,-96.93855,23.229269,3.484016470716705,49.514353871304365,2.avi
1213,70,14.0,299,740,699.1942,0,15.308937456911211,0.5347935557365417,7,0,287.04764,727.17236,312.62234,754.5117,699.1942,33.248672,56.164272,1.7325074834325689,274.6243436447211,2.avi
1204,71,14.2,286,724,2977.339,0,1.9918787473889312,0.816908597946167,143,0,258.89426,697.72546,315.0048,750.7875,2977.339,52.56979,57.75921,0.6714763789563546,153.34178503590113,2.avi
1212,71,14.2,958,39,2608.1624,0,27.382408215970724,0.2169365882873535,21,0,930.1907,16.607466,986.0536,63.29609,2608.1624,-82.02333,12.073007,5.380525932122277,45.72676217558899,2.avi
1213,71,14.2,307,757,688.7792,0,28.47197864998972,0.5604125261306763,9,0,294.3976,743.45294,319.6625,770.7153,688.7792,35.341843,75.391716,4.951989376512879,275.97248572526166,2.avi
1204,72,14.4,290,742,4631.7236,0,52.51874185868301,0.6763720512390137,145,0,256.1575,708.3595,324.95755,775.681,4631.7236,26.009855,81.650215,9.697457484943284,219.67917478923317,2.avi
1212,72,14.4,935,41,3276.6245,0,36.21645808918544,0.2431729286909103,23,0,902.6839,16.57086,968.02155,66.71999,3276.6245,-106.5018,9.300262,6.855025224538206,168.50250282895013,2.avi
1204,73,14.6,291,756,6539.2686,0,27.09900420776172,0.7645260691642761,147,0,251.65045,715.0941,331.42804,797.06287,6539.2686,9.778957,72.91295,5.308161067820599,153.71941305105406,2.avi
1204,74,14.8,291,767,6158.279,0,23.26536603661238,0.8024805188179016,149,0,253.76001,726.25806,329.2016,807.8878,6158.279,2.0323892,59.113087,4.430417528518112,124.2744858389152,2.avi
1204,75,15.0,301,779,5282.7686,0,56.08848803612808,0.8322188854217529,151,0,266.36273,742.1156,337.22742,816.66296,5282.7686,40.13739,61.01187,9.113330300121856,359.34342385931006,2.avi
1204,76,15.2,326,765,4542.8677,0,173.99046099623354,0.8661954998970032,153,0,292.60373,731.64124,359.68277,799.36536,4542.8677,102.90613,-39.32287,31.12599190077061,58.68510812555115,2.avi
1204,77,15.4,336,749,5716.035,0,74.58293260541554,0.880166232585907,155,0,298.49097,711.73364,374.30115,787.13293,5716.035,63.183407,-70.88063,13.771068739986015,141.1480429293125,2.avi
1214,77,15.4,832,48,2101.2063,0,0.0,0.8091538548469543,1,0,806.74615,28.218979,858.40643,68.89252,2101.2063,0.0,0.0,0.0,0.0,2.avi
1215,77,15.4,1048,250,1106.6057,0,0.0,0.778982937335968,1,0,1031.4653,234.2059,1064.7188,267.48386,1106.6057,0.0,0.0,0.0,0.0,2.avi
1204,78,15.6,321,749,5202.347,0,177.30439261526237,0.8228088021278381,157,0,283.83572,714.8331,358.52023,784.4907,5202.347,-43.94479,-15.480438,31.22020151878152,206.11608295570795,2.avi
1214,78,15.6,815,53,2160.0535,0,90.68901530178836,0.8724711537361145,3,0,789.6972,32.96283,841.189,74.91223,2160.0535,-68.39604,21.484165,18.129464548557287,194.1900913858076,2.avi
1215,78,15.6,1021,257,892.09985,0,138.2304932438029,0.7815701365470886,3,0,1006.2012,242.50848,1036.7012,271.75763,892.09985,-106.350746,25.102457,27.78244408013095,192.7999198542416,2.avi
1204,79,15.8,319,759,6799.4824,0,84.06694098724458,0.8063350319862366,159,0,276.77652,719.8605,362.3519,799.3165,6799.4824,-16.349321,34.604107,14.082369641756612,297.99871137369206,2.avi
1214,79,15.8,775,62,2328.288,0,140.06137932072951,0.8802862167358398,5,0,748.2902,40.835094,802.16095,84.05504,2328.288,-189.91849,40.765503,27.02752704781739,188.0088449699759,2.avi
1215,79,15.8,1012,259,795.76965,0,65.86268735496382,0.808236837387085,5,0,998.30634,246.03871,1026.9348,273.8351,795.76965,-49.388283,14.952285,12.232449537196,14.93960281559464,2.avi
1204,80,16.0,299,778,5415.7563,0,119.9449568355563,0.8318995237350464,161,0,260.09134,744.1707,338.05997,813.6314,5415.7563,-82.571556,82.262184,20.76365986819562,213.6007544237109,2.avi
1214,80,16.0,744,60,2268.1006,0,67.52658989869751,0.834132194519043,7,0,716.1735,40.49288,772.2957,80.90649,2268.1006,-163.10275,2.806713,12.56953886067626,57.47562476984649,2.avi
1215,80,16.0,994,272,785.2421,0,72.45521582007245,0.6958940625190735,7,0,979.68317,258.90173,1008.3814,286.26373,785.2421,-82.791855,51.978798,12.599654645695072,226.0602503389401,2.avi
1204,81,16.2,267,778,5392.472,0,130.298273443247,0.8453089594841003,163,0,227.98355,743.80005,306.24588,812.70264,5392.472,-141.97855,16.487923,23.308792707397387,131.88338950275954,2.avi
1214,81,16.2,701,55,2810.5483,0,63.65011519795978,0.8329463005065918,9,0,670.2532,33.463535,733.3384,78.01512,2810.5483,-200.78937,-18.387821,12.323110692193463,149.4645039576202,2.avi
1215,81,16.2,970,284,565.95056,0,42.80011403517116,0.2787844836711883,9,0,958.13416,272.94363,982.08813,296.57016,565.95056,-111.05329,58.80508,7.543423740479682,187.78278793669705,2.avi
1204,82,16.4,258,806,4814.9897,0,179.64412156864046,0.877051830291748,165,0,222.53842,772.98145,295.1921,839.25464,4814.9897,-64.49702,110.97957,31.13856828903975,308.25771223853667,2.avi
1204,83,16.6,252,828,3899.917,0,37.288805179891455,0.8390495777130127,167,0,220.1743,798.06085,284.94434,858.27264,3899.917,-39.138954,110.41328,6.042311654324015,2.978490051747144,2.avi
1204,84,16.8,245,834,4527.1577,0,87.05935727506557,0.8624843955039978,169,0,210.0161,802.7536,280.51648,866.9682,4527.1577,-37.08225,51.22985,16.251607446482133,89.05342418160825,2.avi
1204,85,17.0,265,836,6321.7417,0,163.4492904598405,0.8427146077156067,171,0,223.3267,799.04315,307.59955,874.0583,6321.7417,69.1172,18.323204,28.63678721367828,18.54280613495797,2.avi
1204,86,17.2,278,851,6779.879,0,66.09708180439159,0.8411526679992676,173,0,234.18564,813.7966,323.17606,889.9832,6779.879,66.78768,63.223095,10.861137140306765,263.1970338140928,2.avi
1216,86,17.2,689,46,1252.8398,0,0.0,0.5026751160621643,1,0,671.0202,29.669252,707.3151,64.18758,1252.8398,0.0,0.0,0.0,0.0,2.avi
1204,87,17.4,295,852,7318.6826,0,69.97712524531185,0.8018204569816589,175,0,248.1031,813.64044,342.15143,891.4588,7318.6826,78.667274,17.129784,12.879613270037195,76.70613790839843,2.avi
1216,87,17.4,676,50,1613.1382,0,66.25309913669591,0.850473165512085,3,0,656.4046,30.686197,696.7775,70.64216,1613.1382,-50.20588,14.913235,13.521168895465344,193.1304394543094,2.avi
1217,87,17.4,889,311,1218.4836,0,0.0,0.6618934273719788,1,0,872.5111,293.53912,907.2311,328.63373,1218.4836,0.0,0.0,0.0,0.0,2.avi
1204,88,17.6,322,839,7171.664,0,114.90094263706858,0.7758752703666687,177,0,275.30664,800.6738,368.81903,877.36597,7171.664,121.75008,-48.0811,20.30404212083049,56.727343957920425,2.avi
1216,88,17.6,660,55,1534.0033,0,30.708415730375584,0.8481191992759705,5,0,641.3022,35.83471,680.53827,74.93148,1534.0033,-75.984726,22.863846,6.6881855976261,191.67285521177564,2.avi
1217,88,17.6,869,322,748.59045,0,118.6373004799998,0.8278854489326477,3,0,856.13086,307.8211,882.1953,336.5418,748.59045,-82.666695,44.2915,23.552253746710814,207.60523896501445,2.avi
1204,89,17.8,344,822,5608.3877,0,43.09299808866976,0.8544163703918457,179,0,303.5035,787.556,384.5145,856.786,5608.3877,112.50505,-75.897545,7.786936475538826,108.05065172056356,2.avi
1216,89,17.8,646,60,1493.1337,0,7.59003890764729,0.8500198721885681,7,0,627.60406,41.31702,666.13153,80.07205,1493.1337,-71.595566,25.696507,0.2802309127980386,350.9382495902672,2.avi
1217,89,17.8,847,327,812.20447,0,33.69795520683597,0.3877293467521667,5,0,831.8338,314.406,862.3256,341.04285,812.20447,-108.08093,29.110142,6.929206481012067,144.33779869306397,2.avi
1204,90,18.0,359,812,5237.748,0,53.93905905957994,0.892859160900116,181,0,320.74976,778.6695,397.27643,847.113,5237.748,83.67227,-53.20742,9.026912956448855,213.6996302532734,2.avi
1216,90,18.0,633,66,1700.3256,0,5.546319521048517,0.8728794455528259,9,0,612.84814,45.685135,653.6599,87.34773,1700.3256,-68.888145,28.316597,0.4809138176960461,339.7860938276852,2.avi
1217,90,18.0,826,337,709.1614,0,20.471813415376623,0.8054132461547852,7,0,812.6045,324.35883,840.54785,349.73737,709.1614,-103.81402,42.538277,3.4949755819817363,278.83014784233137,2.avi
1204,91,18.2,346,810,4560.034,0,169.58477220153804,0.8023253083229065,183,0,311.96982,777.77344,381.80704,843.0686,4560.034,-27.318657,-21.781067,30.74058435566705,194.6028597474788,2.avi
1216,91,18.2,622,70,1655.4053,0,20.857294894349607,0.862166166305542,11,0,602.4779,49.4479,642.5636,90.744545,1655.4053,-57.17781,20.302143,3.334666084819227,40.8185381805796,2.avi
1217,91,18.2,812,342,582.264,0,39.31800152840238,0.8091745972633362,9,0,799.52106,330.75317,824.51166,354.0525,582.264,-80.004486,30.43605,7.135683613684632,29.888004344578576,2.avi
1204,92,18.4,327,815,3681.004,0,92.39245933055447,0.8481060266494751,185,0,296.67932,785.5062,358.9124,844.6549,3681.004,-79.7345,12.893173,16.967879128106365,211.77560202633825,2.avi
1216,92,18.4,615,73,1726.8015,0,26.130948670352705,0.8043448328971863,13,0,594.62134,52.406693,636.5083,93.63202,1726.8015,-39.948914,15.928073,4.082089040543357,16.46005215632647,2.avi
1217,92,18.4,796,351,493.5563,0,15.254155821230016,0.7322487235069275,11,0,785.2981,340.26437,808.0626,361.94534,493.5563,-77.44674,40.494095,2.5099962314092035,269.6475050621421,2.avi
1218,92,18.4,179,540,366.44116,0,0.0,0.5971564054489136,1,0,169.70847,530.61804,189.04404,549.5697,366.44116,0.0,0.0,0.0,0.0,2.avi
1204,93,18.6,327,806,3326.7207,0,107.72460940277335,0.8810898661613464,187,0,298.08936,778.7365,357.0937,835.1175,3326.7207,-19.189404,-28.382282,19.117798678766697,37.57937690457175,2.avi
1218,93,18.6,175,542,330.41742,0,20.939765726295192,0.368828147649765,3,0,166.63701,533.13025,184.928,551.1947,330.41742,-14.346277,8.257839,4.773352954793972,203.5361024529827,2.avi
1204,94,18.8,342,795,4397.827,0,109.00423296551952,0.8262240290641785,189,0,308.20178,762.8013,375.95294,827.71265,4397.827,51.282833,-51.433395,19.287284071239775,18.90961494580432,2.avi
1216,94,18.8,607,79,652.662,0,82.47948849216614,0.2145602107048034,16,0,595.1001,66.98559,620.1919,92.99653,652.662,-11.363443,11.3240185,15.814205874932652,13.069841024902985,2.avi
1204,95,19.0,368,788,5792.8833,0,93.10527356027578,0.8154501914978027,191,0,328.4823,752.5211,408.1875,825.19995,5792.8833,112.82184,-36.47168,15.956352533452929,349.05446783476475,2.avi
1216,95,19.0,622,66,938.16724,0,134.63515451931272,0.8059508204460144,18,0,607.72894,51.52565,638.242,82.27208,938.16724,56.0838,-47.486694,23.252965739252957,44.35384558726781,2.avi
1204,96,19.2,389,785,6174.5996,0,24.397346364788177,0.8462740182876587,193,0,348.29205,748.1281,430.61273,823.1348,6174.5996,107.2572,-20.836971,3.92403079015548,241.05251398953723,2.avi
1216,96,19.2,618,65,1317.5482,0,98.53903159979166,0.8624576330184937,20,0,600.5787,47.731804,637.16425,83.74453,1317.5482,-3.3948479,-15.143127,17.895484837691964,205.12552321632347,2.avi
1219,96,19.2,773,359,984.30524,0,0.0,0.6949750781059265,1,0,757.1309,344.42294,789.4462,374.88235,984.30524,0.0,0.0,0.0,0.0,2.avi
1204,97,19.4,406,789,5587.9453,0,54.16487571790889,0.8622716665267944,195,0,367.43652,754.0497,445.34174,825.7771,5587.9453,89.89382,11.658871,8.991005283987759,236.9468963996242,2.avi
1216,97,19.4,612,68,1383.9413,0,45.56084182727412,0.8500576019287109,22,0,593.7069,49.631058,630.92053,86.820145,1383.9413,-25.997898,6.0652676,8.144695805244723,220.5083441107137,2.avi
1219,97,19.4,761,366,776.7163,0,66.08227306411808,0.6991989612579346,3,0,747.08514,352.96103,776.69244,379.19492,776.7163,-45.508102,25.649965,13.83104920058898,207.3174668681846,2.avi
1204,98,19.6,416,794,4883.753,0,46.38949343388608,0.8600910902023315,197,0,380.3226,760.9704,452.7471,828.4028,4883.753,59.768295,21.048374,8.549910675134788,191.84380972302213,2.avi
1216,98,19.6,602,71,1156.8237,0,25.936110305965045,0.7795592546463013,24,0,585.9067,54.342293,619.961,88.31225,1156.8237,-42.0736,13.328055,5.347166712023119,196.9774541766032,2.avi
1220,98,19.6,575,83,541.2629,0,0.0,0.5151710510253906,1,0,564.65295,71.13867,587.016,95.34213,541.2629,0.0,0.0,0.0,0.0,2.avi
1204,99,19.8,422,802,5094.9854,0,40.4337050626121,0.891028106212616,199,0,385.83832,768.18677,459.26343,837.577,5094.9854,36.932343,36.3771,7.192655033261214,205.56393178745063,2.avi
1216,99,19.8,579,78,2082.8481,0,91.55051001491476,0.6497224569320679,26,0,555.2661,56.75187,602.771,100.59675,2082.8481,-101.68857,31.332779,16.028087395380922,194.47786800209565,2.avi
1204,100,20.0,416,812,4778.855,0,75.00533444353871,0.8743940591812134,201,0,381.53568,778.95715,452.30704,846.4824,4778.855,-13.126564,46.232426,14.058635847178891,187.5316211095785,2.avi
1216,100,20.0,563,82,2243.8003,0,27.948514872161823,0.8626021146774292,28,0,538.1858,59.96616,587.8402,105.15448,2243.8003,-85.02732,22.177288,5.225300523824809,34.25052636718493,2.avi
1204,101,20.2,411,830,4639.913,0,49.50185635513604,0.8745228052139282,203,0,377.35596,796.4163,445.83527,864.1728,4639.913,-23.512373,78.26265,8.683612764960186,247.69286348737236,2.avi
1216,101,20.2,552,83,2087.4043,0,41.30291053329252,0.8699233531951904,30,0,528.61163,61.08617,575.858,105.26749,2087.4043,-61.077362,7.489791,7.202511565946415,33.695218371115686,2.avi
1221,101,20.2,702,399,1140.8811,0,0.0,0.5438784956932068,1,0,685.5194,382.65735,719.5438,416.1886,1140.8811,0.0,0.0,0.0,0.0,2.avi
1204,102,20.4,407,851,4619.5396,0,31.51396930945498,0.865911602973938,205,0,373.08835,817.4668,440.91714,885.57263,4619.5396,-23.090767,99.69481,5.054047566872223,271.21166310901623,2.avi
1216,102,20.4,545,83,1656.8519,0,31.875063281218925,0.849605917930603,32,0,524.9104,62.801003,565.90125,103.220985,1656.8519,-40.361168,1.0909438,5.254691901596686,18.58560714718988,2.avi
1221,102,20.4,687,407,743.7268,0,86.70093557557566,0.6176137328147888,3,0,674.0548,393.43945,700.6339,421.42108,743.7268,-60.627693,31.965294,17.28127398929,206.0052178337517,2.avi
1204,103,20.6,389,872,5066.0786,0,71.14434775663042,0.8691415786743164,207,0,353.6687,837.89404,426.09308,907.8439,5066.0786,-71.17938,105.1186,13.395524529912963,182.3159858218707,2.avi
1216,103,20.6,539,81,1534.6765,0,18.50944687112645,0.8569980263710022,34,0,520.4221,61.222412,559.1271,100.87308,1534.6765,-30.973324,-7.2987514,2.7831760888815174,53.22072735335991,2.avi
1221,103,20.6,678,412,729.165,0,17.899333553376653,0.7368395924568176,5,0,665.23315,398.90317,691.6848,426.46915,729.165,-45.79057,26.75797,3.325591373943246,33.2486507306628,2.avi
1204,104,20.8,388,880,4073.0293,0,102.31048081742988,0.7842541337013245,209,0,355.12405,850.02344,421.22018,911.64624,4073.0293,-23.000782,54.89871,18.59173636592424,48.35283946785478,2.avi
1216,104,20.8,533,77,1443.7201,0,13.153427877835275,0.8403450846672058,36,0,514.947,57.824543,552.0836,96.700485,1443.7201,-31.222012,-16.242464,2.6521839598377364,102.6309938621228,2.avi
1221,104,20.8,668,418,751.58844,0,3.8324690640621504,0.5954653024673462,7,0,655.04047,404.67395,682.40216,432.14252,751.58844,-48.012978,28.178667,1.3013899230373698,178.33775175927872,2.avi
1204,105,21.0,393,882,4652.37,0,76.42744977554473,0.873756468296051,211,0,358.93542,849.2484,428.31342,916.30676,4652.37,15.660545,20.14289,13.60932827275244,46.15077307697948,2.avi
1216,105,21.0,527,70,1666.9973,0,18.89818190757341,0.8507457375526428,38,0,507.36078,49.71953,547.1419,91.623764,1666.9973,-31.297365,-29.097086,4.023156107192951,93.86144425662712,2.avi
1221,105,21.0,653,426,846.7752,0,32.55365212061689,0.4286995828151703,9,0,639.15643,411.56506,668.30853,440.61188,846.7752,-68.68742,36.026245,6.423759332861475,197.7279864842875,2.avi
1204,106,21.2,401,888,4660.868,0,26.686972845871225,0.8592873215675354,213,0,367.1838,854.39075,434.86258,923.2583,4660.868,32.06996,27.905548,4.408208638729895,344.2867085176877,2.avi
1216,106,21.2,526,50,1653.9624,0,88.37583593744644,0.8582528233528137,40,0,506.69263,29.426071,546.41565,71.06346,1653.9624,-9.905275,-85.2767,15.673859366895684,71.36607733829777,2.avi
1221,106,21.2,638,435,1266.6714,0,15.242224481383555,0.2875814139842987,11,0,619.1525,418.60117,657.15924,451.92874,1266.6714,-75.761665,43.608654,2.62513943728299,220.53952472241937,2.avi
1204,107,21.4,412,887,5034.199,0,46.58661498403669,0.8520700335502625,215,0,376.65823,852.2486,447.7147,923.0965,5034.199,50.335403,2.0103016,8.698430299464706,58.36170855572681,2.avi
1216,107,21.4,535,20,2038.2452,0,94.70251496248164,0.8506099581718445,42,0,511.40405,-0.8003597,559.4253,41.64431,2038.2452,31.791166,-134.37973,16.813148593406954,51.6717518384346,2.avi
1221,107,21.4,631,447,1443.1348,0,52.95822659087861,0.8060279488563538,13,0,611.2978,429.91287,651.93365,465.42667,1443.1348,-42.63891,57.773975,8.54537201834699,339.35208787700407,2.avi
1204,108,21.6,417,891,5313.1953,0,35.761087315410535,0.8524264097213745,217,0,380.943,855.1624,453.38904,928.5025,5313.1953,30.769024,16.462814,6.01313030731963,209.11109119082155,2.avi
1216,108,21.6,524,17,2128.572,0,166.99918138883172,0.8487604856491089,44,0,500.2946,-3.7448292,549.62463,39.4048,2128.572,-32.871902,-40.984734,29.42727222369091,232.84597611871655,2.avi
1221,108,21.6,629,454,1148.65,0,43.768305324340815,0.530646800994873,15,0,611.35504,438.1278,646.8099,470.52533,1148.65,-19.584276,38.936543,7.889774382710123,41.46758569411509,2.avi
1204,109,21.8,419,907,5941.01,0,76.45999799126142,0.8084436655044556,219,0,381.1607,868.7186,456.88385,947.17554,5941.01,14.240868,65.77597,12.63631695870672,250.00989483880545,2.avi
1216,109,21.8,512,23,2696.252,0,84.82869011607005,0.8400843143463135,46,0,484.27786,-0.9050484,540.0218,47.463467,2696.252,-56.85279,11.497807,14.81372072410173,244.4669064151585,2.avi
1221,109,21.8,625,457,1213.4283,0,25.19583440025711,0.7286733984947205,17,0,607.4596,440.98633,643.79956,474.37738,1213.4283,-17.799871,21.891083,5.116571784286846,91.85459573144226,2.avi
1204,110,22.0,432,924,5739.1187,0,62.87971653446277,0.8766933679580688,221,0,395.1329,885.831,469.9907,962.498,5739.1187,55.35928,77.55312,10.535863493738022,344.0360478992788,2.avi
1216,110,22.0,504,25,3250.0857,0,22.578452710378052,0.8514687418937683,48,0,473.68814,-0.5074291,535.8564,51.77143,3250.0857,-41.495934,11.702538,3.2722932274346346,10.18748438081542,2.avi
1204,111,22.2,439,943,3595.3545,0,30.39108329497262,0.7104746699333191,223,0,407.82416,915.38385,471.8299,971.5562,3595.3545,40.719112,92.14825,5.703136349039674,215.6613502221797,2.avi
1216,111,22.2,497,28,4088.5652,0,7.382670352813415,0.8894036412239075,50,0,462.08832,-0.1735363,533.1577,57.355637,4088.5652,-37.073326,14.081421,0.5276332447072707,357.01322991378777,2.avi
1222,111,22.2,438,978,1412.1552,0,0.0,0.7960665225982666,1,0,416.8707,962.4231,460.0853,995.1008,1412.1552,0.0,0.0,0.0,0.0,2.avi
1204,112,22.4,454,963,4492.5186,0,38.1950443689115,0.8173047304153442,225,0,418.20404,932.81067,490.70746,994.77356,4492.5186,65.659676,99.426605,6.128730121708225,349.6571316593979,2.avi
1216,112,22.4,491,29,4241.0654,0,13.704421460297004,0.8698835372924805,52,0,455.6379,0.47760963,528.21234,58.915047,4241.0654,-30.470552,7.500969,2.5341650192741443,71.79647115412456,2.avi
1204,113,22.6,472,970,5228.944,0,79.22062245073275,0.7600745558738708,227,0,433.34552,937.5912,512.33875,1003.786,5228.944,85.86812,49.47221,14.371522665978544,72.12035840212627,2.avi
1216,113,22.6,485,34,3933.296,0,20.34796102165124,0.8901340365409851,54,0,450.4609,6.6028786,520.2904,62.93001,3933.296,-32.221848,21.230728,2.924053935646302,253.4888009724856,2.avi
1204,114,22.8,469,977,5561.0117,0,118.92388460000429,0.819873571395874,229,0,429.1701,942.6142,509.30634,1012.0087,5561.0117,5.95874,36.889835,21.319005776311265,170.32442115939728,2.avi
1216,114,22.8,477,42,3346.36,0,18.59200140304172,0.8863055109977722,56,0,446.31506,15.714186,509.59937,68.592384,3346.36,-35.96814,33.309692,3.55731930240359,237.11803066325055,2.avi
1223,114,22.8,583,482,787.5878,0,0.0,0.5086938142776489,1,0,568.8573,469.1353,599.0148,495.25116,787.5878,0.0,0.0,0.0,0.0,2.avi
1204,115,23.0,491,974,5755.043,0,133.38536869672083,0.8395528197288513,231,0,451.04373,939.3261,532.5107,1009.9688,5755.043,88.05929,-1.7312202,23.1816924516854,27.459155079855066,2.avi
1216,115,23.0,466,49,2880.612,0,22.40256995757885,0.8736701011657715,58,0,438.00116,24.449356,495.6928,74.38052,2880.612,-51.03116,35.616173,4.767162654031387,182.22135386185488,2.avi
1223,115,23.0,570,491,874.01685,0,84.28132030624597,0.6637541651725769,3,0,554.6487,477.25836,585.44617,505.63782,874.01685,-55.443565,36.945568,16.485513187273966,212.2905022773495,2.avi
1204,116,23.2,507,963,5326.7646,0,63.58270015940781,0.8553794622421265,233,0,469.42596,928.6114,546.5549,997.6745,5326.7646,82.68013,-44.64535,11.550978663411708,101.93669825940538,2.avi
1216,116,23.2,452,56,2718.2375,0,22.68271525262248,0.8825286626815796,60,0,425.1395,31.42893,480.15982,80.83317,2718.2375,-66.380646,34.050396,4.671848057851965,173.38512581598457,2.avi
1223,116,23.2,549,505,1092.2024,0,59.47239198786493,0.5863679647445679,5,0,532.3332,489.5474,566.8647,521.1766,1092.2024,-98.303215,66.82343,11.711394021208074,211.7506482811696,2.avi
1204,117,23.4,530,982,4456.8833,0,162.4477468365631,0.8498976826667786,235,0,496.4777,949.6053,564.6228,1015.0081,4456.8833,105.84729,63.398304,28.32011943258049,281.1439729128925,2.avi
1216,117,23.4,438,60,2589.3416,0,16.952587071316852,0.8841084241867065,62,0,411.75504,35.702126,464.6398,84.66407,2589.3416,-70.90393,23.443142,3.246045130258046,115.03305866551182,2.avi
1223,117,23.4,533,512,894.4319,0,39.91988683931668,0.7021368145942688,7,0,518.3803,498.39127,549.4727,527.15814,894.4319,-83.0091,43.998837,7.390692272293436,65.52694944135612,2.avi
1204,118,23.6,524,991,4670.489,0,152.379264400613,0.8423391580581665,237,0,489.54422,958.6104,560.4332,1024.495,4670.489,3.0412292,50.19234,28.004850331817817,171.81622967211035,2.avi
1216,118,23.6,425,63,3012.0142,0,13.41758264689922,0.883938193321228,64,0,397.34735,36.49054,453.89478,89.75582,3012.0142,-64.73335,16.718307,2.1143259895473663,62.28346198161654,2.avi
1223,118,23.6,521,517,751.9355,0,30.5133844272193,0.7472674250602722,9,0,507.11588,504.26285,535.076,531.15594,751.9355,-68.53353,29.163174,5.868005550768372,51.22031459057888,2.avi
1204,119,23.8,517,1002,3318.0952,0,46.503481252170985,0.7968823313713074,239,0,485.88107,976.49817,549.0326,1029.0399,3318.0952,-28.26514,54.722477,8.606638586881786,182.72256161162755,2.avi
1216,119,23.8,420,63,3338.4092,0,45.48782319927874,0.8744325637817383,66,0,390.0083,36.232735,450.5302,91.39308,3338.4092,-35.523804,6.5113983,8.104550810520982,25.325800712222645,2.avi
1204,120,24.0,519,997,4160.179,0,100.18926000486312,0.6917600035667419,241,0,482.45114,969.5339,556.31287,1025.8578,4160.179,0.8802643,-6.8811874,18.19692211608922,66.70529210363713,2.avi
1216,120,24.0,419,66,4281.5728,0,35.40273770805848,0.8561797142028809,68,0,384.00388,35.962463,454.63217,96.583664,4281.5728,-11.8576145,10.96452,5.902209005061948,351.3781785830675,2.avi
1224,120,24.0,1222,656,670.16174,0,0.0,0.6619990468025208,1,0,1209.8408,643.35425,1235.0591,669.9287,670.16174,0.0,0.0,0.0,0.0,2.avi
1204,121,24.2,534,989,5994.966,0,94.30146356502269,0.7990906834602356,243,0,489.9381,955.8235,579.44763,1022.7992,5994.966,59.08804,-33.83449,16.190933669870212,26.87714480594332,2.avi
1216,121,24.2,417,68,4499.7114,0,4.2799315669623,0.853757917881012,70,0,380.55527,38.161438,454.85104,98.72629,4499.7114,-8.947578,10.879515,0.4690262214718486,83.4505671510658,2.avi
1225,121,24.2,1193,668,677.75287,0,0.0,0.5710194706916809,1,0,1181.4507,655.2836,1206.3689,682.4827,677.75287,0.0,0.0,0.0,0.0,2.avi
1204,122,24.4,548,996,5433.7383,0,81.26382995301843,0.7431350350379944,245,0,504.0896,966.40466,593.72095,1027.0278,5433.7383,68.29819,20.669765,13.537757693996696,276.3167999861607,2.avi
1216,122,24.4,415,72,4171.0596,0,9.833833513352111,0.866500973701477,72,0,379.15057,43.47347,451.57483,101.065475,4171.0596,-11.066403,17.224209,1.6552264564874306,236.49773542372355,2.avi
1204,123,24.6,564,1001,3949.3235,0,10.511644455283214,0.7516300678253174,247,0,525.5163,976.28064,602.75165,1027.4143,3949.3235,74.332695,24.505114,1.4428538726450229,354.04148539913604,2.avi
1216,123,24.6,412,80,3429.8613,0,25.261660861947323,0.8752787113189697,74,0,380.01538,53.373707,444.26245,106.7592,3429.8613,-14.952714,33.96234,4.437149321340973,254.98669399621977,2.avi
1226,123,24.6,503,522,773.75555,0,0.0,0.6487347483634949,1,0,488.89825,509.72156,518.73566,535.65393,773.75555,0.0,0.0,0.0,0.0,2.avi
1227,0,0.0,966,533,1082.0825,0,0.0,0.8665275573730469,1,0,947.7899,518.61194,984.4376,548.13855,1082.0825,0.0,0.0,0.0,0.0,3.avi
1228,0,0.0,256,45,2068.7249,0,0.0,0.8604004979133606,1,0,232.9798,23.231186,279.23993,67.95059,2068.7249,0.0,0.0,0.0,0.0,3.avi
1227,1,0.2,955,535,1308.6223,0,55.69368946356212,0.8615790605545044,3,0,934.6019,519.9367,976.07043,551.4937,1308.6223,-43.02424,9.341274,11.231905661832911,188.31732495435728,3.avi
1228,1,0.2,247,50,2225.2734,0,50.80638341483788,0.8736900091171265,3,0,223.51634,26.801422,270.90247,73.761856,2225.2734,-35.530724,18.72555,10.120764250577096,205.82666208518668,3.avi
1227,2,0.4,939,536,901.39734,0,36.918404118224345,0.7574158310890198,5,0,923.71796,522.2839,955.80255,550.37823,901.39734,-74.94565,3.6064758,7.8918075027190335,168.42544404581872,3.avi
1228,2,0.4,242,52,2165.8997,0,14.54667350043766,0.8654959201812744,5,0,219.38155,29.26256,265.68228,76.0415,2165.8997,-24.409649,12.430519,2.7758402658572936,46.89803069979075,3.avi
1229,2,0.4,938,37,11263.603,0,0.0,0.8387951850891113,1,0,863.8457,0.0,1012.5383,75.750916,11263.603,0.0,0.0,0.0,0.0,3.avi
1228,3,0.6,243,52,2784.9795,0,33.62665838787097,0.8658478856086731,7,0,216.88339,26.6087,269.68817,79.34975,2784.9795,-2.797495,4.151538,6.202453255319044,30.39442470458647,3.avi
1230,3,0.6,815,87,20709.5,0,0.0,0.8168665170669556,1,0,746.0897,13.413361,885.056,162.43869,20709.5,0.0,0.0,0.0,0.0,3.avi
1227,4,0.8,924,502,686.9776,0,235.6464805507087,0.6227713227272034,8,0,910.6418,490.01135,938.00665,515.1157,686.9776,-23.101086,-59.47381,46.74332057875272,51.32946584235202,3.avi
1228,4,0.8,248,52,3187.4858,0,34.149994942959125,0.8486279845237732,9,0,220.10599,24.45746,277.10855,80.37573,3187.4858,19.77608,-1.1951227,5.575522090859074,18.93827577006067,3.avi
1231,4,0.8,755,208,1237.11,0,0.0,0.6125680804252625,1,0,736.12256,192.13326,774.85986,224.06914,1237.11,0.0,0.0,0.0,0.0,3.avi
1227,5,1.0,895,490,807.4583,0,138.03937075678363,0.8280561566352844,10,0,880.92645,476.55563,910.5667,503.79758,807.4583,-114.94505,-61.36052,24.713029875755296,178.44932287372728,3.avi
1228,5,1.0,257,51,2961.1917,0,25.868328529822342,0.8401888608932495,11,0,229.23703,25.220018,285.0024,78.32091,2961.1917,37.305817,-2.7610924,4.591086817165903,14.861924690080002,3.avi
1232,5,1.0,632,223,18173.986,0,0.0,0.8757789134979248,1,0,565.96924,155.8097,699.7715,291.6369,18173.986,0.0,0.0,0.0,0.0,3.avi
1227,6,1.2,852,483,910.6143,0,120.76098527507044,0.845525324344635,12,0,836.43634,469.28156,867.9256,498.19983,910.6143,-194.78157,-38.716373,21.373831136664307,193.79203840404512,3.avi
1228,6,1.2,270,64,2693.0054,0,80.13510863510763,0.874341607093811,13,0,243.59387,38.926567,296.80902,89.532555,2693.0054,58.92285,47.281055,13.883093095048835,292.9756651799137,3.avi
1233,6,1.2,483,329,22176.656,0,0.0,0.8422415852546692,1,0,407.52863,257.3335,560.4008,402.40015,22176.656,0.0,0.0,0.0,0.0,3.avi
1234,6,1.2,464,360,3943.2527,0,0.0,0.7265014052391052,1,0,434.91504,326.72095,493.365,394.1847,3943.2527,0.0,0.0,0.0,0.0,3.avi
1235,6,1.2,430,321,1338.2545,0,0.0,0.6350876092910767,1,0,412.26587,302.64008,448.59552,339.4765,1338.2545,0.0,0.0,0.0,0.0,3.avi
1227,7,1.4,805,485,1033.5463,0,67.98314645840793,0.8593077063560486,14,0,788.65656,469.83102,822.2901,500.56064,1033.5463,-224.58392,-3.3503914,12.19392889839188,227.5855224899792,3.avi
1228,7,1.4,282,102,2269.3176,0,162.24455247986228,0.8703935742378235,15,0,258.32358,79.00572,306.87766,125.74365,2269.3176,61.286522,157.617,28.314227692983756,270.0282835209568,3.avi
1233,7,1.4,435,353,17973.203,0,272.3705992048955,0.9000610709190369,3,0,370.15912,284.04825,500.38013,422.06906,17973.203,-194.39166,92.58213,54.15429739588014,205.2881972149471,3.avi
1227,8,1.6,753,487,1061.7109,0,43.30287618671073,0.8169988989830017,16,0,736.6589,472.18466,770.6215,503.44583,1061.7109,-251.18095,9.299493,7.951279890825531,198.130083343522,3.avi
1228,8,1.6,295,149,2249.5159,0,86.75622127651654,0.8623100519180298,17,0,271.8554,125.572624,319.414,172.87253,2249.5159,64.27409,216.55429,15.10258187992632,270.5390646799489,3.avi
1233,8,1.6,384,455,18419.184,0,443.3822235210853,0.4011674523353576,5,0,320.48083,383.73785,448.30615,527.8344,18419.184,-249.33109,478.1951,84.34016024818716,261.5514945103032,3.avi
1236,8,1.6,418,519,1355.3593,0,0.0,0.7532919645309448,1,0,400.40625,501.39038,437.4635,537.9651,1355.3593,0.0,0.0,0.0,0.0,3.avi
1237,8,1.6,442,477,3084.832,0,0.0,0.7459149956703186,1,0,413.2329,451.41852,471.78577,504.1031,3084.832,0.0,0.0,0.0,0.0,3.avi
1238,8,1.6,455,434,1079.2002,0,0.0,0.6873824596405029,1,0,438.6237,417.74786,471.42062,450.65338,1079.2002,0.0,0.0,0.0,0.0,3.avi
1227,9,1.8,688,500,1380.1644,0,101.80899912814624,0.8212270140647888,18,0,669.3939,482.4251,708.203,517.98804,1380.1644,-307.35352,49.80331,18.544155047468752,213.8328278467821,3.avi
1228,9,1.8,294,215,2213.0388,0,152.00820700313096,0.8674575686454773,19,0,271.75424,191.8312,318.05008,239.63333,2213.0388,12.017677,305.7759,26.733734175868754,237.180494675128,3.avi
1239,9,1.8,304,453,21306.977,0,0.0,0.92474764585495,1,0,232.56018,378.59686,375.71143,527.4393,21306.977,0.0,0.0,0.0,0.0,3.avi
1239,10,2.0,332,442,28149.99,0,152.17863811918923,0.9131815433502196,3,0,250.70883,356.46902,414.1182,528.7357,28149.99,112.885124,-41.57966,29.963498617135294,21.5748434534392,3.avi
1240,10,2.0,578,497,1635.8932,0,0.0,0.8565265536308289,1,0,556.75,479.12775,601.0525,516.0533,1635.8932,0.0,0.0,0.0,0.0,3.avi
1241,11,2.2,314,543,26741.76,0,0.0,0.9101521968841552,1,0,235.00476,459.41138,393.39062,628.25073,26741.76,0.0,0.0,0.0,0.0,3.avi
1241,12,2.4,293,654,34659.543,0,566.3554887631934,0.9285017848014832,3,0,203.20776,558.4846,384.42346,749.74585,34659.543,-81.36553,440.25623,112.18974415839372,259.1087771235706,3.avi
1241,13,2.6,302,760,30746.266,0,160.68989116845933,0.9024507403373718,5,0,215.25517,672.24634,389.24353,848.9608,30746.266,31.770264,524.68195,30.268834661738747,323.90185314325475,3.avi
1241,14,2.8,304,911,27359.36,0,254.92122134974795,0.7670829892158508,7,0,223.18924,827.39246,386.53592,994.885,27359.36,17.424892,699.5445,45.692506069852456,264.2177604498723,3.avi
1242,15,3.0,329,963,20309.715,0,0.0,0.8689588308334351,1,0,246.51846,902.2827,413.3782,1024.0,20309.715,0.0,0.0,0.0,0.0,3.avi
1243,2,0.4,13,229,2075.9426,0,0.0,0.7573770880699158,1,0,0.12119293,192.23105,27.666302,267.59625,2075.9426,0.0,0.0,0.0,0.0,4.avi
1243,3,0.6,33,246,3752.1414,0,129.86076280437393,0.8558861017227173,3,0,3.6462803,215.15022,63.024155,278.34113,3752.1414,77.61066,67.19368,24.976379459973742,319.90457844414937,4.avi
1243,4,0.8,45,262,5806.6274,0,18.64627105851599,0.8507245182991028,5,0,9.846069,221.89787,81.92647,302.4555,5806.6274,64.00571,76.31665,4.263287886614588,205.2058387837818,4.avi
1243,5,1.0,58,274,4834.0107,0,14.387673349172935,0.8113588094711304,7,0,25.640957,238.39789,91.92969,311.32147,4834.0107,64.38117,66.421455,3.508041780291525,101.30035287470952,4.avi
1243,6,1.2,82,292,4496.189,0,65.93759893591186,0.8356152772903442,9,0,50.195164,257.4443,115.09686,326.72122,4496.189,106.54399,81.54009,11.034145798504204,339.5455689472408,4.avi
1243,7,1.4,113,299,3760.9128,0,73.21680393409673,0.8603520393371582,11,0,83.68777,267.7907,143.02188,331.17603,3760.9128,142.70178,47.277077,13.038487105903467,46.073903789654935,4.avi
1243,8,1.6,134,307,4495.4585,0,41.86190219349724,0.8552029728889465,13,0,101.789764,273.6942,167.31223,342.30365,4495.4585,114.455734,43.662334,8.12973661440199,166.20313830673467,4.avi
1243,9,1.8,141,312,4605.503,0,92.88425872618076,0.8866686224937439,15,0,108.35829,278.07565,174.60768,347.5933,4605.503,53.07774,28.674986,17.109351866305836,163.94631590831364,4.avi
1243,10,2.0,150,320,4087.7573,0,13.172453593159323,0.8648136854171753,17,0,119.40965,287.68283,181.89128,353.10617,4087.7573,47.508533,35.69407,2.539749162880161,214.28162824044415,4.avi
1243,11,2.2,168,332,4478.98,0,52.877761683661774,0.8763402104377747,19,0,135.67957,297.9424,200.45227,367.09158,4478.98,77.94445,54.861053,9.029923967745049,330.3531591173705,4.avi
1243,12,2.4,180,336,4544.621,0,44.356756925525005,0.8670327663421631,21,0,147.961,301.50757,213.406,370.9494,4544.621,66.51692,26.936666,8.333411425066911,116.01291747481218,4.avi
1243,13,2.6,204,326,4614.3765,0,107.24834707620582,0.8610715270042419,23,0,172.08002,290.90778,237.67023,361.25934,4614.3765,108.392555,-32.799667,18.550363101754105,57.33136448485311,4.avi
1243,14,2.8,219,319,5236.304,0,39.59224414072055,0.8678785562515259,25,0,184.07086,283.0293,255.05319,356.7984,5236.304,81.50313,-31.298824,7.571761675249757,176.03458002183106,4.avi
1243,15,3.0,235,321,4568.015,0,45.65672859540655,0.876151442527771,27,0,202.5054,287.29517,268.8397,356.1587,4568.015,80.77196,-0.25099754,7.396395583110251,263.3022407347239,4.avi
1243,16,3.2,254,325,3762.662,0,26.635390719591395,0.8793178796768188,29,0,224.8223,293.98203,285.09183,356.41263,3762.662,92.8103,13.289071,3.970686813758188,303.1803970226894,4.avi
1243,17,3.4,272,325,4075.3452,0,13.184269684665134,0.872435450553894,31,0,240.92496,293.4459,303.90048,358.1591,4075.3452,88.555115,5.394702,3.2341234462351,118.01616393128376,4.avi
1244,17,3.4,732,74,1239.612,0,0.0,0.6703836917877197,1,0,716.79407,54.823486,748.73303,93.63539,1239.612,0.0,0.0,0.0,0.0,4.avi
1243,18,3.6,279,325,4001.7883,0,59.00099651684956,0.8795972466468811,33,0,248.17795,294.18896,311.29324,357.59338,4001.7883,48.602814,1.5862365,11.281737472659628,170.40001035360376,4.avi
1244,18,3.6,719,86,1172.5292,0,92.34911287500464,0.8058487772941589,3,0,703.8522,67.44123,734.5862,105.59205,1172.5292,-54.06943,49.050705,18.11025716600844,220.5369978394967,4.avi
1243,19,3.8,279,320,4539.106,0,62.14714834568358,0.869658350944519,35,0,246.08647,287.22345,313.6981,354.35846,4539.106,11.820541,-19.249113,12.160413647320697,149.29987949169163,4.avi
1244,19,3.8,705,98,1341.8994,0,17.062284867638937,0.8446449041366577,5,0,688.88794,78.374504,722.6345,118.13851,1341.8994,-66.17683,57.88715,3.794146136021939,206.1676911724628,4.avi
1243,20,4.0,260,330,4723.1753,0,147.75528773609037,0.8723654747009277,37,0,225.9042,296.25433,294.2855,365.3255,4723.1753,-73.41165,34.01274,25.80465875610872,210.4021619333421,4.avi
1244,20,4.0,701,108,1995.2318,0,49.75228048748588,0.6783433556556702,7,0,679.47107,85.86642,723.2787,131.41167,1995.2318,-32.242702,53.304966,8.670297520563754,12.211424532998649,4.avi
1243,21,4.2,268,328,5190.04,0,142.5329712782772,0.8802539706230164,39,0,233.13405,292.05832,304.6099,364.6708,5190.04,16.812386,-1.4773026,24.53996003583591,23.00999893224906,4.avi
1244,21,4.2,695,115,1929.6465,0,20.16479393411715,0.7501198053359985,9,0,673.1934,93.97671,717.4937,137.53499,1929.6465,-30.641262,39.700935,4.300672214459664,89.01848969997121,4.avi
1243,22,4.4,288,322,4998.2397,0,97.8260513419792,0.8526629209518433,41,0,253.45149,287.1672,323.88113,358.13504,4998.2397,80.008545,-22.314621,16.89336911677912,21.05468439487464,4.avi
1244,22,4.4,685,124,1692.7574,0,22.388810595003225,0.8499451279640198,11,0,664.8011,104.28978,706.0335,145.34384,1692.7574,-45.25068,44.012062,4.226276472641162,184.12429046432607,4.avi
1243,23,4.6,309,329,4779.53,0,67.70353204573914,0.8592284917831421,43,0,274.48105,294.77448,343.6442,363.87964,4779.53,96.90994,20.524883,11.647357812162513,291.8345273829565,4.avi
1244,23,4.6,660,155,1214.9191,0,153.72212981981042,0.834240198135376,13,0,643.12164,138.15234,677.79987,173.18637,1214.9191,-106.42757,128.81793,26.926245780265592,232.5656092910366,4.avi
1243,24,4.8,331,328,4933.3516,0,30.9339703735836,0.8755000233650208,45,0,296.14688,293.64346,366.4072,363.8588,4933.3516,107.8033,2.5223465,6.003086274374355,64.80633321191476,4.avi
1244,24,4.8,641,166,1155.7731,0,86.5482848327738,0.8288723230361938,15,0,625.06116,149.29779,658.8843,183.46884,1155.7731,-95.668625,70.937904,15.540442147599574,83.25673857072661,4.avi
1243,25,5.0,345,316,4749.6685,0,84.36674605350534,0.8694632053375244,47,0,310.5826,282.20374,380.15805,350.4702,4749.6685,79.08406,-47.162083,15.399356653636396,120.59480092221384,4.avi
1244,25,5.0,617,172,1309.9507,0,53.08497245299462,0.791444718837738,17,0,599.4095,154.84796,636.23016,190.42441,1309.9507,-114.97199,40.4214,10.370824024811236,124.26496215636234,4.avi
1243,26,5.2,346,308,3968.01,0,82.77972169911254,0.8746668696403503,49,0,314.81665,276.95728,378.38507,339.37836,3968.01,22.985973,-42.30365,15.226588464024134,184.1255265114241,4.avi
1244,26,5.2,598,178,1190.0286,0,23.21974514562496,0.6451267600059509,19,0,580.81226,161.41014,615.7018,195.51863,1190.0286,-101.77433,31.744638,4.180757317931998,40.595125184544486,4.avi
1243,27,5.4,339,305,4725.5933,0,71.86704801089653,0.8775444626808167,51,0,304.58148,271.75024,374.99323,338.86395,4725.5933,-20.899033,-20.766249,13.296898790566829,203.45669342037613,4.avi
1244,27,5.4,576,187,1148.4673,0,17.07866696695346,0.8520779013633728,21,0,560.07605,170.31114,593.3213,204.85652,1148.4673,-106.40286,42.399944,2.8982466923833368,228.9806203149376,4.avi
1243,28,5.6,356,300,4476.098,0,119.12823698694784,0.8676427006721497,53,0,322.6253,267.546,390.70355,333.29532,4476.098,60.08481,-23.585985,20.425073038723543,3.238437595618109,4.avi
1244,28,5.6,551,198,994.39526,0,26.25605531454683,0.8240900039672852,23,0,536.4361,182.14767,566.6352,215.07568,994.39526,-121.33448,52.198856,4.823721632677618,203.6648287260857,4.avi
1243,29,5.8,352,294,4490.6436,0,89.87669642237971,0.8756622672080994,55,0,319.30453,261.0163,386.35703,327.98834,4490.6436,-0.87597656,-28.205488,16.76814739327929,174.16931578989931,4.avi
1244,29,5.8,521,212,1050.7108,0,36.18554438068692,0.8002540469169617,25,0,506.28604,194.84216,536.8961,229.16785,1050.7108,-143.1706,63.558086,6.927554046740273,205.19029583946372,4.avi
1243,30,6.0,345,274,5380.8516,0,92.02288286721112,0.8714961409568787,57,0,309.7004,236.9076,382.15128,311.17657,5380.8516,-26.758247,-85.19931,16.71718386454413,117.25468877145016,4.avi
1243,31,6.2,362,263,4880.559,0,129.01025685403084,0.7878180146217346,59,0,327.3311,229.00555,397.34128,298.71765,4880.559,56.937386,-58.818424,22.24946474556792,344.3613618161953,4.avi
1243,32,6.4,369,263,5015.836,0,69.52166887758821,0.8653912544250488,61,0,333.7245,228.23601,404.74988,298.85632,5015.836,39.682575,-14.78899,11.881432508044456,246.5738435399512,4.avi
1245,33,6.6,325,291,3850.0242,0,0.0,0.8643465042114258,1,0,294.72455,260.95544,356.82318,322.95398,3850.0242,0.0,0.0,0.0,0.0,4.avi
1245,34,6.8,286,307,4992.418,0,212.274127389793,0.8771024942398071,3,0,251.54248,271.42868,321.56396,342.72702,4992.418,-156.56941,60.371853,42.52435784852503,200.72016236226267,4.avi
1246,35,7.0,290,275,5285.8984,0,0.0,0.8815113306045532,1,0,257.17233,236.02127,324.7938,314.19022,5285.8984,0.0,0.0,0.0,0.0,4.avi
1246,36,7.2,290,271,4229.4233,0,17.174319849435083,0.8552982807159424,3,0,257.93436,239.01367,322.43423,304.58624,4229.4233,-3.188665,-13.196742,4.221793610886339,103.46517405686568,4.avi
1246,37,7.4,280,266,5046.393,0,48.85577588485944,0.8795760273933411,5,0,243.7756,232.5759,317.0778,301.4196,5046.393,-44.94966,-23.100803,10.056166086143518,161.6816733766832,4.avi
1246,38,7.6,267,263,5051.684,0,21.78275119944521,0.8805592656135559,7,0,231.0878,228.95735,304.2773,297.9793,5051.684,-59.346386,-18.91811,4.48021157741808,187.98555001280417,4.avi
1246,39,7.8,262,262,4648.0786,0,39.550420940948605,0.8666549324989319,9,0,228.01883,228.67642,296.16147,296.88742,4648.0786,-35.253204,-7.0297203,6.60576838941178,339.4822311471494,4.avi
1246,40,8.0,262,264,5250.567,0,48.33726818497537,0.8474664688110352,11,0,226.86743,228.19543,299.0938,300.89142,5250.567,-4.7071667,5.154104,7.438681978522857,339.3441565326484,4.avi
1246,41,8.2,273,266,5282.127,0,63.62512856735693,0.8738815784454346,13,0,236.77516,230.5288,309.68628,302.9749,5282.127,38.335915,9.6833,10.969081026678277,357.7755794617429,4.avi
1246,42,8.4,295,285,4505.0376,0,122.0089949028332,0.8666279315948486,15,0,261.51517,251.39095,328.53586,318.60953,4505.0376,92.66992,72.41734,21.56233658393928,310.845075320773,4.avi
1246,43,8.6,320,283,4798.1294,0,95.42391638048812,0.8719395995140076,17,0,285.12286,249.77293,355.28015,318.16397,4798.1294,118.21476,12.746403,17.697242880152903,68.6584845585374,4.avi
1246,44,8.8,325,302,4953.9863,0,139.73069521607718,0.8731822967529297,19,0,289.18765,268.02863,360.9105,337.0999,4953.9863,45.928627,74.460724,24.38880952100632,219.40592166067773,4.avi
1246,45,9.0,331,315,4943.8164,0,17.47100498510143,0.8777259588241577,21,0,296.32654,280.6782,367.62634,350.01663,4943.8164,37.243046,66.34953,4.061766758642557,142.78795108436964,4.avi
1246,46,9.2,329,319,5562.081,0,74.5516021312046,0.8712496161460876,23,0,292.56888,282.25153,367.2197,356.75952,5562.081,0.58823776,31.306004,14.183592155727506,137.3078630552908,4.avi
1247,46,9.2,29,37,598.4718,0,0.0,0.5895289182662964,1,0,17.618519,25.2277,41.582314,50.2017,598.4718,0.0,0.0,0.0,0.0,4.avi
1246,47,9.4,326,322,5307.4146,0,24.5194567524181,0.8520781397819519,25,0,289.92303,286.87073,363.70465,358.80487,5307.4146,-11.711511,20.041483,5.5030726228071645,136.80555290773452,4.avi
1248,47,9.4,27,67,672.0556,0,0.0,0.6023852825164795,1,0,14.910629,54.286423,39.80934,81.278,672.0556,0.0,0.0,0.0,0.0,4.avi
1246,48,9.6,327,307,4895.2314,0,110.74331044213488,0.8432608246803284,27,0,291.9233,272.83643,362.61496,342.0841,4895.2314,-0.9520464,-54.515526,20.006520302234534,82.73940290636318,4.avi
1248,48,9.6,21,90,852.364,0,118.39398376238384,0.246080070734024,3,0,8.50333,74.631744,35.234615,106.51813,852.364,-21.920208,90.988914,23.11016114666965,254.02588884310967,4.avi
1246,49,9.8,323,299,5282.7734,0,26.09887347141641,0.8584867715835571,29,0,286.51907,264.6602,361.37302,335.2346,5282.7734,-13.000199,-41.47688,4.75431931496796,210.91828074731075,4.avi
1246,50,10.0,346,299,4688.1284,0,152.400794621152,0.879069447517395,31,0,311.63834,266.79803,382.3441,333.10284,4688.1284,85.63006,-9.561455,25.72571266855053,343.4035903965332,4.avi
1246,51,10.2,357,301,5139.842,0,41.776926699596935,0.8801571726799011,33,0,320.6917,266.34558,394.26093,336.20966,5139.842,60.089478,2.8974056,7.708914687900238,202.5947927223993,4.avi
1249,51,10.2,830,128,1206.3208,0,0.0,0.5469690561294556,1,0,811.71277,112.459366,849.26,144.58745,1206.3208,0.0,0.0,0.0,0.0,4.avi
1246,52,10.4,363,308,5044.304,0,52.90927818994811,0.8926690816879272,35,0,327.28088,273.66196,399.10736,343.89096,5044.304,35.859688,29.50903,8.939241879632005,223.4076960593056,4.avi
1246,53,10.6,365,305,4494.09,0,58.06906071295634,0.8774866461753845,37,0,331.12415,272.78104,399.01508,338.97678,4494.09,15.489744,-4.332897,11.066307726975907,119.005954828114,4.avi
1246,54,10.8,353,317,4202.1484,0,108.02590764860128,0.8622965812683105,39,0,320.77713,285.9383,386.96048,349.43085,4202.1484,-39.50264,44.404003,19.332860486647107,218.3210352477416,4.avi
1250,54,10.8,747,112,812.1316,0,0.0,0.7354844212532043,1,0,734.63464,97.292046,761.31287,127.73379,812.1316,0.0,0.0,0.0,0.0,4.avi
1246,55,11.0,335,334,3947.6821,0,76.08791968477793,0.8737967014312744,41,0,303.4167,303.74268,367.1206,365.7119,3947.6821,-80.652916,75.79445,13.250528608570669,214.13064920754445,4.avi
1251,55,11.0,6,229,429.97934,0,0.0,0.6318982839584351,1,0,0.020534515,212.29001,12.36077,247.1337,429.97934,0.0,0.0,0.0,0.0,4.avi
1246,56,11.2,317,325,4810.1245,0,140.23557091378342,0.8784859776496887,43,0,283.81207,289.8692,352.0534,360.35614,4810.1245,-85.288506,-19.483307,24.977844906147123,94.91043139287308,4.avi
1251,56,11.2,11,234,887.86,0,35.882011363658734,0.8350310325622559,3,0,0.15637779,214.88124,22.893053,253.93092,887.86,21.293665,18.739422,6.44344853948035,318.2789236649418,4.avi
1246,57,11.4,292,326,5048.646,0,55.53565477539339,0.8835881352424622,45,0,258.3399,289.91705,327.05194,363.39252,5048.646,-116.744965,1.4340401,10.082300827927607,208.32644396144877,4.avi
1251,57,11.4,16,240,1317.6394,0,12.74247068815818,0.8504963517189026,5,0,1.3001509,218.48558,31.147465,262.63156,1317.6394,23.310125,29.750443,1.858696742229749,276.6905431398493,4.avi
1246,58,11.6,312,329,5808.6406,0,243.19818471505448,0.8480609655380249,47,0,274.6405,290.99203,349.91882,368.15427,5808.6406,48.372437,11.554868,42.7027160881517,357.23708527840216,4.avi
1251,58,11.6,23,244,1886.8154,0,20.682263292640805,0.8298530578613281,7,0,4.6448,219.78348,43.108925,268.83737,1886.8154,34.780144,21.320576,3.280717764700653,49.87765729310098,4.avi
1246,59,11.8,317,320,6084.8633,0,70.44538877712058,0.8362234234809875,49,0,278.37912,281.61337,357.42722,358.59012,6084.8633,32.79253,-33.759678,12.875408663683098,112.62990397712974,4.avi
1251,59,11.8,46,246,2896.0688,0,86.36871725607246,0.8445792198181152,9,0,20.407263,218.45364,71.60669,275.01813,2896.0688,93.024475,14.263094,15.384068700297613,9.633893441880616,4.avi
1246,60,12.0,328,322,5416.097,0,56.55418528618431,0.8619236350059509,51,0,290.9881,286.5758,366.71063,358.10138,5416.097,49.667355,0.8106613,9.34587298794943,292.2468748807105,4.avi
1251,60,12.0,71,250,2522.0042,0,39.97343343446163,0.660224437713623,11,0,46.413727,225.04489,96.92528,274.97415,2522.0042,120.172134,15.88258,6.4013700678040175,356.3143162613592,4.avi
1252,60,12.0,695,80,548.10004,0,0.0,0.7298874258995056,1,0,682.9609,69.07158,707.16266,91.71867,548.10004,0.0,0.0,0.0,0.0,4.avi
1246,61,12.2,335,322,5794.064,0,20.502529520239143,0.8802041411399841,53,0,295.58765,285.9898,374.72815,359.2022,5794.064,35.72602,1.1770495,3.8158338638770295,172.45961960242687,4.avi
1251,61,12.2,98,255,2479.6282,0,18.48201069036345,0.8294297456741333,13,0,72.12135,231.55034,124.040405,279.30984,2479.6282,129.31398,24.513325,2.926155982805373,321.69015082426256,4.avi
1246,62,12.4,331,320,5587.8535,0,62.88806999185472,0.8878162503242493,55,0,292.85956,284.48846,369.891,357.02838,5587.8535,-6.301937,-6.795581,11.65233998645462,165.93682464252447,4.avi
1251,62,12.4,124,262,2182.7808,0,9.69350396357271,0.8538722991943359,15,0,99.41536,240.03365,149.04851,284.01193,2182.7808,130.42259,31.013132,1.668187320917459,271.93474827820125,4.avi
1253,62,12.4,663,63,820.4348,0,0.0,0.7304118871688843,1,0,649.6612,48.057373,676.94415,78.1287,820.4348,0.0,0.0,0.0,0.0,4.avi
1246,63,12.6,325,317,4504.1406,0,29.235056474818347,0.8797692656517029,57,0,290.77475,285.09058,359.61868,350.51593,4504.1406,-25.217018,-12.933882,5.649671723845914,154.86970854903507,4.avi
1251,63,12.6,153,270,1843.4188,0,19.332028542492843,0.8527215123176575,17,0,130.32634,249.89664,176.12492,290.1472,1843.4188,141.61119,37.922302,3.2172218641970245,326.5242810581959,4.avi
1254,63,12.6,638,63,598.7289,0,0.0,0.6725839972496033,1,0,627.38666,49.925552,649.33075,77.20984,598.7289,0.0,0.0,0.0,0.0,4.avi
1246,64,12.8,321,333,4418.428,0,101.94482255306876,0.8796337842941284,59,0,287.4393,300.68213,355.3705,365.72485,4418.428,-20.403423,56.243324,17.8036522651163,272.7258158193457,4.avi
1251,64,12.8,198,287,2016.9355,0,111.9209969143299,0.871701717376709,19,0,174.2816,267.05334,222.60027,308.79572,2016.9355,206.58118,77.60538,18.944991487857045,330.2750836469503,4.avi
1246,65,13.0,315,325,3266.783,0,109.70032965689892,0.8011578321456909,61,0,286.58044,296.46094,343.43835,353.91614,3266.783,-29.306137,-17.84359,19.590509733858006,96.81362160746926,4.avi
1251,65,13.0,267,312,1553.7621,0,166.737675919263,0.8088154196739197,21,0,247.0301,294.03217,288.41602,331.57544,1553.7621,314.13666,113.596535,28.554319366767604,342.5674544562357,4.avi
1255,65,13.0,602,42,988.67285,0,0.0,0.5611457228660583,1,0,585.17346,28.181812,620.07874,56.506268,988.67285,0.0,0.0,0.0,0.0,4.avi
1246,66,13.2,305,333,3632.7964,0,71.61881397697866,0.8149757981300354,63,0,275.50156,303.6174,335.71713,363.94724,3632.7964,-42.916267,28.932873,12.112635287611246,249.97282715320603,4.avi
1256,66,13.2,286,298,1334.4208,0,0.0,0.763434112071991,1,0,267.65558,280.95502,305.38983,316.31866,1334.4208,0.0,0.0,0.0,0.0,4.avi
1246,67,13.4,282,348,4390.1265,0,97.51926473808524,0.857967734336853,65,0,248.64125,316.59528,316.47205,381.31702,4390.1265,-98.565155,65.03582,17.22983667788941,209.2967287376012,4.avi
1256,67,13.4,307,309,1793.6423,0,120.79872343583804,0.7940555810928345,3,0,285.62363,289.2759,330.113,329.59213,1793.6423,85.212074,43.10252,22.950265259926496,333.15691870177045,4.avi
1246,68,13.6,284,333,4036.1538,0,200.94662186252123,0.6692070364952087,67,0,251.89517,302.0842,316.23032,364.82053,4036.1538,-16.957306,-44.61599,35.86735497026403,53.85354995582361,4.avi
1256,68,13.6,327,319,1319.9382,0,14.079946326896884,0.1509371548891067,5,0,309.209,301.04608,345.4507,337.4665,1319.9382,96.28958,48.605553,2.2932352568336665,335.6515826895031,4.avi
1246,69,13.8,288,328,3611.9192,0,48.24066288103581,0.8051671981811523,69,0,258.0316,298.74277,318.03867,358.9343,3611.9192,11.363674,-28.042372,8.109040762018774,334.658080435922,4.avi
1256,69,13.8,334,330,1290.8455,0,70.32395436662682,0.7337778210639954,7,0,317.1571,311.40015,350.95874,349.58905,1290.8455,48.23997,54.42381,12.629238124633302,184.6444332942241,4.avi
1246,70,14.0,294,330,4874.767,0,49.34823279452406,0.7990780472755432,71,0,257.50867,298.0181,331.98578,363.47134,4874.767,28.437262,0.8586025,7.711278286162648,298.6068765432229,4.avi
1246,71,14.2,302,328,4625.555,0,19.92409986339269,0.8663610219955444,73,0,267.35635,295.90533,338.48685,360.93445,4625.555,38.00197,-8.7430525,3.309973186674642,61.77627498564283,4.avi
1257,71,14.2,449,9,663.0437,0,0.0,0.746151864528656,1,0,432.66718,0.0,466.50494,19.594782,663.0437,0.0,0.0,0.0,0.0,4.avi
1246,72,14.4,301,326,5163.4585,0,49.92691578758448,0.8753042817115784,75,0,264.7927,291.69162,338.5906,361.65915,5163.4585,4.040886,-8.727276,9.545636785584756,175.96735612529756,4.avi
1257,72,14.4,429,21,1017.2003,0,115.90396546193224,0.744282066822052,3,0,413.24454,6.2002077,446.4561,36.828094,1017.2003,-78.78541,46.773495,23.43681502322413,208.55433544265352,4.avi
1246,73,14.6,303,314,5877.0044,0,59.76370172039531,0.890367865562439,77,0,265.3051,276.11554,342.01245,352.7315,5877.0044,8.49816,-49.134403,10.941370517797662,87.37981889743685,4.avi
1257,73,14.6,410,40,972.5313,0,52.761929169911895,0.792241632938385,5,0,395.27298,23.76501,424.91776,56.5712,972.5313,-97.09207,89.35597,10.006619262213206,245.8546807187812,4.avi
1246,74,14.8,284,311,5479.055,0,125.83139729761255,0.8716859817504883,79,0,247.40176,273.89218,320.8146,348.52567,5479.055,-73.22925,-23.703947,22.29765434484493,196.6889616155649,4.avi
1246,75,15.0,274,330,5541.7617,0,140.27657633021036,0.8540458083152771,81,0,237.9819,292.98895,311.4224,368.44818,5541.7617,-53.07717,69.562096,23.965366636150883,280.9144066372588,4.avi
1246,76,15.2,280,341,7100.552,0,93.57964029923382,0.8982800245285034,83,0,237.85417,299.26135,322.6682,382.9804,7100.552,9.129219,56.0624,16.322289335748984,12.853291657389605,4.avi
1246,77,15.4,295,355,6983.222,0,75.9474782467407,0.8179427981376648,85,0,251.69568,315.14154,338.69006,395.41364,6983.222,59.533665,67.38577,13.185428697398043,348.3319995732388,4.avi
1246,78,15.6,322,351,6531.8677,0,130.7617041639992,0.8832788467407227,87,0,280.69025,313.13785,365.06482,390.55295,6531.8677,120.21483,2.3533096,23.178698973977067,49.995449607241824,4.avi
1258,78,15.6,392,159,1108.607,0,0.0,0.7092539668083191,1,0,374.38846,144.53568,411.4108,174.47995,1108.607,0.0,0.0,0.0,0.0,4.avi
1259,78,15.6,607,130,1014.76025,0,0.0,0.6268576383590698,1,0,590.8207,115.81047,624.266,146.15135,1014.76025,0.0,0.0,0.0,0.0,4.avi
1246,79,15.8,337,347,6596.546,0,57.65451936790492,0.8585034608840942,89,0,294.65353,309.4083,381.18472,385.64145,6596.546,85.59592,-16.073423,11.255085975733072,151.8146068123832,4.avi
1260,79,15.8,389,199,955.9208,0,0.0,0.8363363742828369,1,0,373.97653,183.99783,404.73227,215.07889,955.9208,0.0,0.0,0.0,0.0,4.avi
1261,79,15.8,560,135,1148.5546,0,0.0,0.6036562919616699,1,0,541.60156,119.66846,578.687,150.63895,1148.5546,0.0,0.0,0.0,0.0,4.avi
1246,80,16.0,346,349,5201.4365,0,56.227982569155735,0.8819959759712219,91,0,309.07047,315.21118,384.3608,384.29626,5201.4365,53.58739,4.8621864,10.182596149799672,207.42402797439016,4.avi
1261,80,16.0,530,140,976.8266,0,152.67572514372586,0.8113877177238464,3,0,516.1175,122.87654,544.51166,157.27888,976.8266,-119.080795,19.65676,30.531371599520806,189.133290457995,4.avi
1262,80,16.0,370,253,769.9161,0,0.0,0.8351254463195801,1,0,357.15094,238.78766,383.40326,268.1152,769.9161,0.0,0.0,0.0,0.0,4.avi
1246,81,16.2,354,351,5601.4478,0,15.52449278929402,0.8843790888786316,93,0,316.40237,315.34943,393.36172,388.1339,5601.4478,43.776176,8.767802,3.444009051130369,184.5604189233569,4.avi
1261,81,16.2,494,159,832.1401,0,100.47653184106878,0.7887625694274902,5,0,480.79266,143.93607,508.22552,174.26974,832.1401,-173.98135,88.7734,19.517645867180622,230.18097407316893,4.avi
1246,82,16.4,354,358,5314.877,0,57.985393232264144,0.8640269637107849,95,0,316.5365,324.05667,393.12762,393.44955,5314.877,9.911621,28.989323,10.638157422280464,205.05278892241432,4.avi
1261,82,16.4,459,178,539.9094,0,7.402990047267865,0.7016598582267761,7,0,448.24707,165.90553,470.3487,190.33403,539.9094,-175.5726,93.61367,1.346561275311563,238.03707941135616,4.avi
1246,83,16.6,350,382,5846.6543,0,104.95064011137184,0.7468233108520508,97,0,310.88028,345.29922,390.40842,418.816,5846.6543,-13.818092,96.31914,18.732452708554938,248.66780581234127,4.avi
1246,84,16.8,347,387,6588.4766,0,76.56470773105414,0.9100210666656494,99,0,306.47742,347.96603,389.2185,427.59366,6588.4766,-13.944097,44.23876,14.348497801003823,93.5191330252527,4.avi
1246,85,17.0,350,380,7427.1724,0,95.34677449580288,0.7932629585266113,101,0,306.63116,338.38922,394.4444,422.96838,7427.1724,7.126445,-17.099506,17.34615084888353,73.45078638207423,4.avi
1246,86,17.2,338,375,7447.5747,0,75.13148484792903,0.8006477355957031,103,0,294.26352,333.82593,383.27975,417.49127,7447.5747,-43.60722,-23.254206,14.144614081283756,170.81044967871094,4.avi
1246,87,17.4,358,366,6553.6436,0,164.69776721713126,0.8290969133377075,105,0,316.08795,328.65363,401.69745,405.20636,6553.6436,67.31969,-38.93708,28.39487305164332,10.157876308480695,4.avi
1246,88,17.6,349,352,5612.624,0,134.65534465733165,0.8137091994285583,107,0,310.01923,316.96304,388.93994,388.0803,5612.624,-20.66436,-64.40076,24.424342638580757,162.99609612613278,4.avi
1246,89,17.8,333,333,6673.004,0,73.34591622140447,0.8388949632644653,109,0,290.12292,295.49414,377.55212,371.8188,6673.004,-64.9281,-87.41897,14.01966148300298,151.72341979526277,4.avi
1246,90,18.0,322,328,6776.2163,0,68.09404377780393,0.8636178970336914,111,0,278.2799,289.81833,366.78925,366.37772,6776.2163,-58.456627,-41.554634,11.882925110666775,275.54443998479724,4.avi
1246,91,18.2,318,319,5590.491,0,43.407826367299776,0.8431505560874939,113,0,278.61166,284.05072,358.36758,354.14575,5590.491,-29.049042,-44.20405,7.199891943253183,6.2762556470225945,4.avi
1246,92,18.4,296,313,4397.2656,0,95.42503139715546,0.8273088335990906,115,0,261.77914,280.95636,330.2903,345.13953,4397.2656,-93.06528,-33.47178,16.903781102238373,189.3373320955607,4.avi
1246,93,18.6,314,294,4874.2773,0,218.1449387032175,0.8661028742790222,117,0,278.528,260.71826,349.96136,328.95355,4874.2773,48.554382,-77.76823,38.60810423629526,18.66133234043599,4.avi
1246,94,18.8,311,269,4367.2207,0,89.9215820527352,0.8668218851089478,119,0,277.52512,237.41974,344.58066,302.54816,4367.2207,-1.0686989,-113.52907,16.539997326709887,141.56253158354434,4.avi
1246,95,19.0,310,281,5121.8,0,194.55478831399384,0.875138521194458,121,0,274.45334,245.94865,346.11697,317.41867,5121.8,-3.1993554,18.79303,33.73230186727583,268.57453408769226,4.avi
1246,96,19.2,320,290,6039.9653,0,65.44978935926571,0.8873024582862854,123,0,281.9818,250.85913,358.10077,330.2082,6039.9653,36.78315,38.37435,11.313395580690107,336.2427701774759,4.avi
1246,97,19.4,316,305,5501.4033,0,72.08517847042546,0.87962806224823,125,0,280.68655,267.6815,353.2888,343.4561,5501.4033,-3.2541656,66.68153,13.267880822028882,210.78868729243385,4.avi
1246,98,19.6,329,328,5026.7485,0,93.46737291453292,0.849330484867096,127,0,294.66727,292.8076,364.47122,364.81998,5026.7485,47.637062,104.789856,15.59078808526383,324.3133835444517,4.avi
1263,98,19.6,959,124,1766.9839,0,0.0,0.5532695651054382,1,0,939.82764,101.980255,978.55444,147.60715,1766.9839,0.0,0.0,0.0,0.0,4.avi
1246,99,19.8,326,339,6083.664,0,91.3406448466216,0.8645952343940735,129,0,288.9146,299.14725,364.71893,379.40213,6083.664,0.40920258,64.41865,16.957388128759938,140.563316259864,4.avi
1263,99,19.8,950,122,1972.128,0,45.52635726224072,0.7751964926719666,3,0,928.7142,99.653694,972.3776,144.8203,1972.128,-34.511642,-10.206381,9.606247094333236,163.09286815175028,4.avi
1246,100,20.0,308,347,5621.626,0,107.59184476375025,0.8625571131706238,131,0,272.03033,308.57532,345.11322,385.49652,5621.626,-70.07497,44.71776,19.58997509278607,164.7328961784708,4.avi
1263,100,20.0,944,119,2022.8326,0,4.288580702818362,0.6917220950126648,5,0,921.13116,97.697655,967.30023,141.51128,2022.8326,-31.891829,-12.913862,1.2477220485121197,73.40068821283899,4.avi
1246,101,20.2,293,379,3169.0989,0,135.6205908918992,0.7836515307426453,133,0,265.99197,350.96997,320.6968,408.90082,3169.0989,-74.737854,136.8511,23.07311834395816,266.131190548188,4.avi
1263,101,20.2,939,118,2061.8433,0,9.113011516416863,0.8310067653656006,7,0,915.2812,96.43257,962.8211,139.80333,2061.8433,-27.23718,-8.709929,1.5194900591079843,319.9215609497615,4.avi
1264,101,20.2,312,351,1102.5718,0,0.0,0.7351133823394775,1,0,296.53058,333.94696,327.53595,369.50763,1102.5718,0.0,0.0,0.0,0.0,4.avi
1265,101,20.2,275,351,956.583,0,0.0,0.7056633830070496,1,0,261.14966,334.73462,289.64648,368.30267,956.583,0.0,0.0,0.0,0.0,4.avi
1263,102,20.4,934,118,1925.847,0,11.500377531769132,0.836990475654602,9,0,911.0237,97.427734,957.005,139.31104,1925.847,-25.661032,-1.0583606,1.671692670103078,283.7134298202227,4.avi
1264,102,20.4,291,370,6532.2563,0,139.4954871835384,0.8170871138572693,3,0,248.93428,331.98062,334.20624,408.5856,6532.2563,-81.68868,74.07509,27.861980405259217,220.98256719365304,4.avi
1263,103,20.6,924,121,1690.7681,0,32.15052610791156,0.752023458480835,11,0,902.7118,101.42953,945.4542,140.98663,1690.7681,-44.121296,10.67507,5.649237714898371,210.20711048606992,4.avi
1264,103,20.6,273,366,7095.337,0,98.17766608110382,0.7087728381156921,5,0,227.91505,327.06134,318.11084,405.7273,7095.337,-91.852394,-11.57209,19.228188701526943,96.66743758824282,4.avi
1263,104,20.8,911,124,1688.743,0,22.367245714229,0.749387800693512,13,0,890.43585,104.96036,932.8006,144.82231,1688.743,-58.12293,16.629688,4.309093880596565,188.7687294809373,4.avi
1264,104,20.8,269,344,7559.689,0,137.15350475723466,0.8539668917655945,7,0,223.77272,303.0728,315.1662,385.7887,7559.689,-34.993694,-86.92273,24.684838507411296,54.43444087600631,4.avi
1263,105,21.0,897,130,1820.5892,0,21.28791547293673,0.720503032207489,15,0,875.4159,109.679665,918.82434,151.6206,1820.5892,-69.174355,25.986336,3.4842618979833886,210.773941630652,4.avi
1264,105,21.0,276,358,7708.627,0,193.5320884792238,0.8503521084785461,9,0,227.57968,318.8285,325.03964,397.92383,7708.627,18.125832,33.334366,33.78134669728736,293.6091943951331,4.avi
1263,106,21.2,880,135,1830.2274,0,16.77551939341158,0.7773277163505554,17,0,859.0725,114.08274,901.583,157.13623,1830.2274,-80.548584,25.071299,3.392747269260174,165.5362656436048,4.avi
1264,106,21.2,276,352,5937.713,0,73.8840788236779,0.8767017722129822,11,0,235.01767,316.49475,317.4514,388.5249,5937.713,3.8924236,-14.875431,13.623633537239414,106.78748517304092,4.avi
1263,107,21.4,866,140,1767.4733,0,11.476519892297311,0.7656598091125488,19,0,845.9319,118.39119,886.47046,161.99098,1767.4733,-72.92148,23.407293,1.887994674660348,19.291619663087715,4.avi
1264,107,21.4,273,360,5835.7817,0,63.946319063616286,0.8863676190376282,13,0,232.81602,324.09955,313.65387,396.29077,5835.7817,-10.638161,26.125126,11.208303615651506,249.02023803569813,4.avi
1263,108,21.6,845,150,1691.8878,0,43.28521375553173,0.6200222373008728,21,0,826.0745,128.73305,865.8201,171.30095,1691.8878,-94.72625,43.19262,8.37101807096437,217.77229148105636,4.avi
1264,108,21.6,257,367,5481.995,0,78.28335071982114,0.8559339642524719,15,0,218.9277,332.27097,296.01724,403.38303,5481.995,-63.07701,35.38156,14.195511537638176,186.38962278058645,4.avi
1263,109,21.8,829,158,1685.7441,0,15.606094462578008,0.816365122795105,23,0,809.74725,136.95193,849.65314,179.19495,1685.7441,-84.34947,40.953968,2.1027141556608333,18.16462321711168,4.avi
1264,109,21.8,243,355,5463.5,0,107.3478232612226,0.8031951785087585,17,0,206.14148,319.59515,281.2789,392.3086,5463.5,-67.48789,-37.504784,19.98976776256797,95.3304820576784,4.avi
1263,110,22.0,814,162,1903.0428,0,22.08890586193951,0.8392705917358398,25,0,793.28064,141.02574,836.6178,184.93825,1903.0428,-76.20029,28.330647,4.421748353928224,74.66107166125403,4.avi
1264,110,22.0,218,335,5610.643,0,100.107966573335,0.8668231964111328,19,0,181.0033,297.78772,256.3602,372.242,5610.643,-111.8351,-89.17934,18.16797857957347,132.23751899419392,4.avi
1263,111,22.2,803,172,1747.8743,0,33.13955955479751,0.823564887046814,27,0,782.78467,152.0527,824.80554,193.64807,1747.8743,-60.485863,44.492363,4.697307513743175,314.47343331773084,4.avi
1264,111,22.2,217,329,5212.9346,0,139.56879418888508,0.8396458029747009,21,0,181.26662,293.58826,254.5128,364.7583,5212.9346,-28.858696,-43.049812,23.82471129372994,330.2533253962434,4.avi
1266,111,22.2,492,403,324.3743,0,0.0,0.7888398170471191,1,0,483.7712,394.59924,501.57468,412.81897,324.3743,0.0,0.0,0.0,0.0,4.avi
1263,112,22.4,792,184,1614.559,0,14.4117332807052,0.8416293263435364,29,0,772.2963,164.22147,812.8022,204.08139,1614.559,-57.211826,53.73256,2.2713197044604625,277.6424119484741,4.avi
1264,112,22.4,224,328,6250.878,0,84.06915676773676,0.854697585105896,23,0,185.14568,288.81665,264.74936,367.34167,6250.878,20.483109,-14.144272,14.017378123414128,327.9585526425296,4.avi
1263,113,22.6,778,192,1543.5731,0,18.991040161232185,0.826716959476471,31,0,759.00635,172.95978,798.5209,212.0232,1543.5731,-66.22394,44.477467,4.248608987849759,136.99281560531605,4.avi
1264,113,22.6,245,322,6245.5024,0,93.48798958142824,0.8285401463508606,25,0,206.2465,282.55157,284.44556,362.41833,6245.5024,83.17947,-24.779705,16.283559858887823,11.51395199163619,4.avi
1263,114,22.8,760,201,1396.3699,0,25.8075247548728,0.7303732633590698,33,0,742.19354,183.39542,779.789,220.53735,1396.3699,-83.63661,46.705845,5.532349644901143,175.988985400841,4.avi
1264,114,22.8,248,312,5868.7993,0,79.73941008693413,0.8593732714653015,27,0,211.32944,273.17194,286.52136,351.22284,5868.7993,32.96476,-45.28489,15.0354148697433,158.42411031581014,4.avi
1267,114,22.8,455,324,975.50354,0,0.0,0.5539212822914124,1,0,441.14117,308.30817,470.8133,341.18427,975.50354,0.0,0.0,0.0,0.0,4.avi
1263,115,23.0,740,212,1715.8905,0,22.31744537296026,0.7236095070838928,35,0,719.19824,192.06989,761.673,232.4678,1715.8905,-98.36023,50.40289,4.319835502857274,189.22396325989905,4.avi
1264,115,23.0,250,314,5984.573,0,68.1050929270629,0.7785338759422302,29,0,212.85448,274.9381,288.94263,353.59125,5984.573,15.197163,-2.5014343,12.181259786211736,243.0622991229712,4.avi
1263,116,23.2,722,223,2036.9076,0,10.486040482305702,0.7151703834533691,37,0,698.94696,201.6305,745.39435,245.48462,2036.9076,-92.94848,55.049324,1.3971597132269256,332.24833733586473,4.avi
1264,116,23.2,248,299,5400.201,0,85.9286444158822,0.8475925922393799,31,0,211.91785,262.54346,284.68173,336.75885,5400.201,-6.487053,-56.780346,15.913741164699609,111.90908821174264,4.avi
1263,117,23.4,702,230,1814.5527,0,21.119428290854813,0.5645692944526672,39,0,681.1435,209.77003,723.91205,252.19728,1814.5527,-96.998886,41.26638,4.833281749273744,109.09242695620588,4.avi
1264,117,23.4,235,297,4273.571,0,84.44097429985104,0.7608770132064819,33,0,201.95801,264.86243,268.05423,329.51923,4273.571,-52.6241,-22.567677,14.826761722609408,215.95212272077936,4.avi
1263,118,23.6,684,240,1880.4968,0,9.90830526147954,0.7546021938323975,41,0,662.7885,218.63338,705.40045,262.7642,1880.4968,-93.28186,46.88852,1.158733389664908,318.81208746767606,4.avi
1264,118,23.6,215,299,5183.082,0,62.140940487722965,0.8865143060684204,35,0,179.18121,263.4233,251.89325,334.70566,5183.082,-87.02257,1.9972591,11.396128411850624,213.6978549671375,4.avi
1263,119,23.8,671,243,1749.6014,0,49.737978269946886,0.7826756238937378,43,0,651.472,222.06178,691.7227,265.5294,1749.6014,-69.593666,22.732533,9.000619084909099,51.8337607994194,4.avi
1264,119,23.8,187,293,5977.0166,0,66.40364700520581,0.8774073123931885,37,0,148.60577,255.79388,226.91113,332.12347,5977.0166,-126.921524,-19.175728,12.873221964890485,149.8595086710132,4.avi
1268,119,23.8,381,38,920.8011,0,0.0,0.7876114249229431,1,0,368.0273,20.675034,394.49765,55.46118,920.8011,0.0,0.0,0.0,0.0,4.avi
1263,120,24.0,662,246,1574.1411,0,30.08099491033072,0.7514671087265015,45,0,643.58545,225.24557,681.38904,266.88562,1574.1411,-51.099876,13.977201,4.9152859728676574,28.456639383919764,4.avi
1264,120,24.0,166,278,5998.3604,0,71.05696092032836,0.8442240953445435,39,0,127.50528,239.48204,205.02164,316.8639,5998.3604,-111.96339,-65.13701,12.65412681631356,73.34935506338888,4.avi
1268,120,24.0,361,55,839.9857,0,131.58738661318176,0.1938354969024658,3,0,348.7105,39.80627,375.28204,71.41852,839.9857,-76.91106,70.03709,26.40562713309312,219.8830674655989,4.avi
1263,121,24.2,654,249,1551.6934,0,11.640965221540784,0.8451001644134521,47,0,635.4557,229.04105,672.6001,270.8157,1551.6934,-44.328648,18.082151,1.7382915903705405,355.41428715800095,4.avi
1264,121,24.2,161,276,5532.736,0,120.3168544904371,0.8297358751296997,41,0,125.38953,238.62573,198.18417,314.63043,5532.736,-43.059044,-20.975811,20.27877115877797,327.63840045084856,4.avi
1268,121,24.2,349,69,938.6266,0,13.897444504854946,0.6982064247131348,5,0,335.43326,52.97448,363.08737,86.916145,938.6266,-64.79361,71.52759,2.465117935008153,14.562326287025655,4.avi
1263,122,24.4,641,253,1557.6643,0,21.55389236032314,0.838631272315979,49,0,622.7496,232.59096,659.9506,274.4625,1557.6643,-58.98978,18.01261,4.197674278736713,172.54276754057275,4.avi
1264,122,24.4,145,277,6290.2803,0,54.14938949098564,0.8635629415512085,43,0,106.2151,237.7905,184.50053,318.14108,6290.2803,-73.12374,0.30335236,9.364273676161138,209.1903716226045,4.avi
1268,122,24.4,328,87,875.45026,0,47.58081385672533,0.7497493028640747,7,0,314.8946,70.62439,341.56427,103.45007,875.45026,-95.74887,82.21289,8.744974338144475,198.32286009792335,4.avi
1263,123,24.6,623,257,1526.9327,0,33.56941314272239,0.808311402797699,51,0,605.0052,236.94223,642.2414,277.94894,1526.9327,-81.791794,19.229267,6.553398560932345,178.86997595004516,4.avi
1264,123,24.6,141,290,5880.506,0,93.57280664459851,0.8763335943222046,45,0,104.23675,251.17415,179.10388,329.72003,5880.506,-31.059563,48.0725,15.772624731320498,310.6120563802096,4.avi
1268,123,24.6,304,108,755.13855,0,40.43591886169088,0.7007268071174622,9,0,292.00824,93.41691,316.56372,124.16927,755.13855,-114.14896,102.60742,6.799628444493706,221.664664532872,4.avi
1263,124,24.8,603,264,1625.9026,0,25.791168480133837,0.7758253216743469,53,0,584.5634,243.22089,623.1193,285.39093,1625.9026,-94.958725,30.822704,5.0523371862920685,212.41853025569588,4.avi
1264,124,24.8,134,295,6690.4463,0,26.456570232177462,0.8588880300521851,47,0,95.04578,253.24463,174.31042,337.65106,6690.4463,-34.060574,30.328304,5.267502366310797,106.0733849454918,4.avi
1268,124,24.8,277,135,852.2874,0,44.51277037091129,0.8379793167114258,11,0,264.15195,119.78743,290.43918,152.20952,852.2874,-130.153,128.31747,7.2236809527154655,231.91102116134252,4.avi
1263,125,25.0,583,271,1780.4696,0,7.556778501286578,0.8196112513542175,55,0,563.7904,248.8292,603.63403,293.5156,1780.4696,-99.33296,33.522354,1.923920093797309,195.97635579271363,4.avi
1264,125,25.0,131,287,6411.195,0,80.9121405155167,0.8730903267860413,49,0,92.35178,246.50581,170.30463,328.75037,6411.195,-20.74506,-23.07439,14.848040630760527,77.81476982009605,4.avi
1268,125,25.0,249,164,932.9114,0,19.111485047212707,0.7301144599914551,13,0,235.24365,147.59647,263.12552,181.05588,932.9114,-138.15427,138.56409,3.2552202238263086,225.9093261960964,4.avi
1263,126,25.2,569,273,1728.9545,0,38.58421461737439,0.7710171341896057,57,0,549.88745,251.3525,588.5847,296.03146,1728.9545,-78.60161,17.427528,7.095856837692785,43.41541547547382,4.avi
1264,126,25.2,125,281,5720.5054,0,10.369649166816414,0.8621468544006348,51,0,88.786064,243.16873,162.77939,320.47983,5720.5054,-26.115788,-27.646978,2.966800809149193,137.26715777665106,4.avi
1263,127,25.4,556,273,1912.742,0,28.726783159252506,0.7805358171463013,59,0,536.5726,249.93364,577.29535,296.9034,1912.742,-65.45522,2.9706583,4.860343329123923,59.2610690742473,4.avi
1264,127,25.4,131,284,6969.282,0,78.21763625487489,0.756830096244812,53,0,90.495,242.13028,173.34152,326.25308,6969.282,17.56921,2.7236996,12.975795592315851,323.5724202589185,4.avi
1263,128,25.6,550,270,2558.7856,0,41.00244282218485,0.183511346578598,61,0,525.91693,244.60152,574.7647,296.9843,2558.7856,-40.46443,-9.412434,7.349245844583028,33.092808562843345,4.avi
1264,128,25.6,115,281,6924.8145,0,115.92815703061623,0.8040143251419067,55,0,72.68501,241.02979,157.59209,322.58734,6924.8145,-60.47887,-8.536669,20.77092864010968,169.6368230703058,4.avi
1264,129,25.8,115,288,6782.585,0,84.09614887247838,0.8180316090583801,57,0,73.04309,248.34445,157.76598,328.40054,6782.585,-12.936123,23.27424,14.330588807004077,326.55180828609645,4.avi
1263,130,26.0,539,263,1563.4098,0,69.29905206140359,0.1946665793657302,64,0,520.06055,243.50185,559.1798,283.467,1563.4098,-16.317947,-12.370617,13.114546273757735,9.415503452865664,4.avi
1264,130,26.0,117,285,7592.368,0,49.324722870879846,0.830410897731781,59,0,71.63301,243.85455,162.80069,327.13373,7592.368,3.9843178,-5.698143,9.051694451338332,62.477974779986766,4.avi
1263,131,26.2,528,263,1532.1235,0,46.63356742110626,0.8415800929069519,66,0,508.75067,244.22572,548.54474,282.72705,1532.1235,-45.83957,-2.926591,8.590172585919154,193.3926674805244,4.avi
1264,131,26.2,126,270,8580.784,0,94.19310858834449,0.8454432487487793,61,0,78.70594,225.6586,174.97461,314.79233,8580.784,37.930836,-60.037876,16.426595138454207,60.910186946895465,4.avi
1269,131,26.2,520,12,708.9825,0,0.0,0.7909207940101624,1,0,505.91748,0.08690071,534.96326,24.496042,708.9825,0.0,0.0,0.0,0.0,4.avi
1263,132,26.4,511,263,1467.8232,0,45.18653346370322,0.8813347816467285,68,0,491.67566,245.20435,531.3608,282.1911,1467.8232,-76.72804,0.20308065,8.480497210387659,180.7360910627532,4.avi
1264,132,26.4,133,271,7267.054,0,74.66776939043132,0.8344759345054626,63,0,88.80126,230.77379,178.25378,312.013,7267.054,34.473656,-9.365448,12.861450884031504,263.63234144315174,4.avi
1269,132,26.4,503,15,726.7066,0,87.26004914627626,0.5609477758407593,3,0,489.85318,2.3928213,517.14923,29.015942,726.7066,-67.62141,13.624395,17.649435839882813,188.8276436497657,4.avi
1263,133,26.6,493,264,1484.7891,0,13.679403820614883,0.8750506043434143,70,0,473.7439,246.12592,514.0403,282.97266,1484.7891,-85.49629,3.3209863,3.183379118652629,184.7147432319119,4.avi
1264,133,26.6,137,267,7129.354,0,19.42936406693361,0.7183534502983093,65,0,93.50538,227.15552,181.63434,308.05237,7129.354,23.50344,-16.73577,4.25016187614748,143.63016878658846,4.avi
1269,133,26.6,483,16,799.0315,0,35.59901219902258,0.762529194355011,5,0,469.2415,2.6041498,497.46872,30.911282,799.0315,-97.94364,5.970178,7.387749293168567,160.8026614494471,4.avi
1263,134,26.8,474,263,1412.4072,0,18.011946871366067,0.8833950161933899,72,0,454.46326,245.57951,493.60168,281.667,1412.4072,-96.11144,-2.7943177,3.563627933586501,141.60141805871143,4.avi
1264,134,26.8,133,258,5927.7725,0,58.30886054293131,0.8790783882141113,67,0,95.148,219.95973,172.81458,296.28305,5927.7725,-8.376595,-40.332108,11.184369142157566,145.984210208185,4.avi
1269,134,26.8,461,19,723.7588,0,18.208291387204014,0.7944352030754089,7,0,447.8592,6.128478,474.3023,33.498867,723.7588,-108.24253,13.110289,2.958331744610277,200.7528553813881,4.avi
1263,135,27.0,455,262,1312.9446,0,5.597573220951135,0.8706287145614624,74,0,437.09033,244.89815,474.24292,280.2374,1312.9446,-92.81756,-4.704323,1.0811854148191693,79.88840588583452,4.avi
1264,135,27.0,115,237,5161.161,0,119.76712813235385,0.8565158843994141,69,0,79.3419,201.52924,151.3343,273.2196,5161.161,-73.6342,-89.10092,21.67784598696358,142.97046048090044,4.avi
1269,135,27.0,438,29,645.2719,0,42.44194332065949,0.7553166747093201,9,0,426.565,16.938059,451.39246,42.9283,645.2719,-109.983284,41.888542,6.718704023037556,257.69159584862746,4.avi
1270,135,27.0,134,280,911.853,0,0.0,0.5408929586410522,1,0,116.232956,267.79974,153.50883,292.26202,911.853,0.0,0.0,0.0,0.0,4.avi
1263,136,27.2,438,260,1463.5873,0,13.164440197895988,0.8479892611503601,76,0,419.42645,241.13176,458.1593,278.91846,1463.5873,-86.31877,-10.864845,1.8577601794590703,61.13316811699934,4.avi
1264,136,27.2,92,233,5488.2593,0,91.67936835393576,0.8589437007904053,71,0,55.79061,196.5325,129.60706,270.8826,5488.2593,-104.06508,-34.66793,15.966923901493011,237.3627006829309,4.avi
1269,136,27.2,417,41,688.20886,0,17.145070501948798,0.7444989681243896,11,0,404.29053,27.845263,429.78424,54.84047,688.20886,-109.77057,53.55125,2.689173283691181,270.3816763257022,4.avi
1270,136,27.2,114,278,849.4991,0,102.14091020933267,0.759891152381897,3,0,100.130806,263.90805,129.27728,293.05392,849.4991,-80.5064,-6.187228,20.96947217188052,174.4422182450876,4.avi
1263,137,27.4,428,258,1604.4358,0,37.93703155571068,0.8056344389915466,78,0,407.88934,238.76375,448.5246,278.2476,1604.4358,-60.6361,-8.351401,6.472575260054506,358.69103766855204,4.avi
1264,137,27.4,78,239,5485.237,0,78.88416164498236,0.8204414248466492,73,0,41.63633,201.6085,114.3809,277.01257,5485.237,-80.51706,13.547203,13.669654476974337,296.5694273209706,4.avi
1264,138,27.6,72,231,6244.4307,0,86.10654316824312,0.917643129825592,75,0,34.711613,190.6109,111.09578,272.36124,6244.4307,-38.21736,-26.965794,14.944735713779822,47.50893328708997,4.avi
1263,139,27.8,408,245,1130.1804,0,95.5013566041734,0.6093416810035706,81,0,391.7018,229.1782,426.12198,262.01306,1130.1804,-30.205467,-22.419594,18.26971395842066,27.7081330561972,4.avi
1264,139,27.8,71,230,6815.488,0,42.34630846995417,0.8502826690673828,77,0,31.590767,187.50287,111.573326,272.71503,6815.488,-13.903917,-11.520296,6.943369630495511,325.75672239758387,4.avi
1263,140,28.0,397,242,1078.447,0,34.85576727921953,0.7867358326911926,83,0,380.00357,226.81915,414.0422,258.5022,1078.447,-52.60038,-16.487755,5.937608206933096,188.60383412490785,4.avi
1264,140,28.0,72,219,5241.8984,0,50.55489611162894,0.727951169013977,79,0,37.383236,182.81282,108.22568,256.80658,5241.8984,1.492199,-42.269455,9.367920820711944,70.03435903633357,4.avi
1271,140,28.0,364,68,847.7715,0,0.0,0.5132904052734375,1,0,348.8509,54.728935,380.17072,81.79714,847.7715,0.0,0.0,0.0,0.0,4.avi
1263,141,28.2,377,237,1187.5599,0,51.95851849133914,0.8289934396743774,85,0,359.68713,220.75592,395.33295,254.0715,1187.5599,-87.48952,-24.05088,9.792228024456929,166.0351279029178,4.avi
1264,141,28.2,99,215,7539.889,0,150.1515909019926,0.7266327738761902,81,0,57.196995,170.40785,141.59871,259.7412,7539.889,102.62137,-27.967392,26.15224792804539,351.9900306129817,4.avi
1271,141,28.2,344,87,853.3798,0,139.97310937048815,0.7346972227096558,3,0,329.53217,73.53529,359.81848,101.71239,853.3798,-79.183586,77.288635,27.780690596572896,222.41222115128767,4.avi
1263,142,28.4,350,229,1253.0038,0,55.64061093852646,0.846354067325592,87,0,332.52246,212.34897,368.71228,246.97205,1253.0038,-123.61096,-35.366367,10.640888227846286,160.20538773914632,4.avi
1264,142,28.4,125,191,6641.9175,0,108.59001689423144,0.8169925212860107,83,0,85.03688,149.7709,165.51454,232.3021,6641.9175,123.21101,-98.90436,19.165972902527542,74.6364872261575,4.avi
1271,142,28.4,322,107,851.2867,0,43.5554389747792,0.6555671095848083,5,0,307.18277,93.60509,336.88864,122.26224,851.2867,-110.3349,99.50699,7.881654262609062,209.8122081531704,4.avi
1263,143,28.6,313,217,1187.9427,0,73.40369898950985,0.8286083340644836,89,0,296.34323,200.78606,331.34866,234.72203,1187.9427,-169.94707,-53.95269,14.053563722683093,156.57382634902365,4.avi
1264,143,28.6,133,190,6991.533,0,145.62025638673342,0.7619039416313171,85,0,91.715,148.47882,174.43387,233.00043,6991.533,58.431747,-23.969803,25.250088903937957,227.93187102125148,4.avi
1271,143,28.6,285,145,745.7339,0,126.3249454106226,0.3097365200519562,7,0,271.5965,131.50533,298.99005,158.72826,745.7339,-166.61243,165.77908,22.77493631253862,228.90988066615003,4.avi
1264,144,28.8,156,179,9184.087,0,78.46427647930487,0.848571240901947,87,0,108.80998,131.68005,205.13457,227.02527,9184.087,105.396545,-49.32621,13.2121961832113,31.715439630602987,4.avi
1272,0,0.0,830,515,10734.869,0,0.0,0.8991469144821167,1,0,772.95264,468.13477,887.3489,561.9741,10734.869,0.0,0.0,0.0,0.0,5.avi
1272,1,0.2,839,525,9606.337,0,71.1645546517382,0.88008052110672,3,0,788.263,478.723,890.5406,572.64716,9606.337,36.93037,42.437527,13.312520477677657,311.66168089413844,5.avi
1272,2,0.4,841,541,10272.617,0,47.669430340588,0.9138451814651488,5,0,790.0547,490.89215,891.99963,591.6585,10272.617,10.551531,74.96215,8.950599728909813,229.71103322042052,5.avi
1272,3,0.6,856,541,8297.308,0,110.91268773419932,0.902252435684204,7,0,811.4827,495.36884,901.4488,587.5959,8297.308,61.662964,18.26308,19.963709458577693,49.8870474555747,5.avi
1272,4,0.8,877,542,9389.951,0,48.55073299090441,0.9149377942085266,9,0,829.85986,493.24826,924.3491,592.62415,9389.951,93.54542,9.823437,8.780383411975038,20.9185276252652,5.avi
1272,5,1.0,898,566,4983.6113,0,123.24761051543058,0.6696447730064392,11,0,864.254,530.2864,933.0332,602.7445,4983.6113,104.43127,92.96533,21.21210177863489,275.91617255067115,5.avi
1273,5,1.0,905,534,1728.6841,0,0.0,0.7294247150421143,1,0,883.9716,514.688,926.5997,555.2407,1728.6841,0.0,0.0,0.0,0.0,5.avi
1272,6,1.2,904,572,7670.1704,0,110.12176786163084,0.9568737745285034,13,0,861.9163,527.6861,947.14166,617.6849,7670.1704,46.737194,45.185772,20.322633506326785,139.83276800551073,5.avi
1272,7,1.4,901,589,7331.5137,0,82.86097276844082,0.8558328151702881,15,0,858.1409,546.64984,944.3625,631.68097,7331.5137,-1.816597,73.81013,14.790588463534224,209.4737859155097,5.avi
1272,8,1.6,919,587,10140.822,0,141.7063298550849,0.8778023719787598,17,0,868.5306,537.7345,970.7872,636.9048,10140.822,70.373924,9.937344,24.790504636181407,43.064329440425695,5.avi
1272,9,1.8,936,600,9599.979,0,65.91232306427993,0.7694976925849915,19,0,888.5706,550.8846,985.2758,650.1552,9599.979,82.640976,53.061142,10.93041024807588,281.9667621754756,5.avi
1272,10,2.0,951,599,10009.735,0,67.50254068433212,0.9369698762893676,21,0,902.49396,548.4305,1000.82526,650.2265,10009.735,75.74976,7.664913,12.377329618065115,101.4233570563606,5.avi
1272,11,2.2,970,605,8460.422,0,33.18472997820586,0.9040586352348328,23,0,924.53876,559.43524,1016.8453,651.091,8460.422,90.68138,24.593502,5.225556054312334,307.62881753791896,5.avi
1272,12,2.4,1000,611,9746.667,0,66.24842413847692,0.8750965595245361,25,0,950.2021,562.6099,1050.8256,659.4727,9746.667,135.62321,27.899094,11.201612035522356,355.8113323678646,5.avi
1272,13,2.6,1025,624,8643.821,0,49.19034408484187,0.8909177184104919,27,0,977.28644,579.8816,1073.1301,670.06824,8643.821,126.276886,60.027298,7.836367628827894,250.3246525397984,5.avi
1272,14,2.8,1020,628,10646.387,0,177.09431486337752,0.9018721580505372,29,0,967.4073,578.1783,1073.2252,678.78864,10646.387,10.331718,27.348583,31.75970647895645,163.57505309556495,5.avi
1272,15,3.0,1027,624,8862.102,0,63.28713346287263,0.8875093460083008,31,0,979.53015,578.3578,1076.2003,670.0314,8862.102,31.41762,-10.182648,10.9720564872168,65.11299962311517,5.avi
1272,16,3.2,1031,631,8164.382,0,52.63655558120264,0.9080894589424132,33,0,985.00323,586.88715,1077.5237,675.1313,8164.382,20.320518,23.858452,9.3858667924433,250.3980562534231,5.avi
1272,17,3.4,1023,639,7534.16,0,70.8442954181033,0.8678047060966492,35,0,978.3149,597.6631,1068.398,681.2988,7534.16,-25.719856,38.08885,12.740891907043313,194.6349847305337,5.avi
1272,18,3.6,1019,647,7416.626,0,6.064714957465165,0.902805507183075,37,0,974.6655,605.9575,1063.586,689.36487,7416.626,-22.207096,40.25189,0.7937648234898066,7.146874537450572,5.avi
1272,19,3.8,1020,650,8135.0767,0,45.83972916367313,0.914779245853424,39,0,973.304,607.5231,1068.251,693.20337,8135.0767,1.2265968,19.682459,7.80244622587694,47.056018721947794,5.avi
1272,20,4.0,1025,642,7859.4497,0,70.9131863946695,0.8919575810432434,41,0,979.42334,600.22455,1072.0088,685.1131,7859.4497,19.27677,-25.049288,12.926739027040355,72.0808316090679,5.avi
1272,21,4.2,1026,630,8589.704,0,45.05602963895168,0.9195584654808044,43,0,977.60583,586.2196,1074.6676,674.7169,8589.704,6.067281,-52.70423,8.4506964914593,114.99994367694455,5.avi
1272,22,4.4,1029,625,8728.464,0,34.55149890942497,0.9039080142974854,45,0,981.41486,580.28687,1077.6539,670.98254,8728.464,14.467849,-30.754354,5.334111873551402,288.0163666238499,5.avi
1272,23,4.6,1025,636,9477.807,0,105.71699903623067,0.8712009787559509,47,0,976.0013,588.774,1074.6964,684.8051,9477.807,-12.758225,35.80272,18.109634973640524,245.78466067284884,5.avi
1272,24,4.8,1040,634,9306.305,0,113.52694531688768,0.9124245047569276,49,0,991.6197,586.3728,1089.0205,681.9193,9306.305,54.633545,-1.9030914,19.87306889938146,30.04508226172084,5.avi
1272,25,5.0,1046,639,9438.754,0,42.20409286435027,0.8946591019630432,51,0,997.0875,592.6233,1096.9073,687.1813,9438.754,38.290764,21.698954,7.4114629755130705,224.93293747387992,5.avi
1272,26,5.2,1048,658,10884.165,0,90.97183475529285,0.8829986453056335,53,0,991.9588,610.3575,1104.0732,707.4384,10884.165,12.754854,78.06483,15.283268720102155,244.18381844215116,5.avi
1272,27,5.4,1050,663,10662.965,0,59.55782548561439,0.9005191922187805,55,0,993.9402,616.5393,1106.3066,711.43384,10662.965,11.048917,37.588573,11.52488216541736,92.8200530368348,5.avi
1272,28,5.6,1037,658,10989.1045,0,115.21140874141724,0.9021911025047302,57,0,979.5175,610.2881,1094.4984,705.86145,10989.1045,-47.891644,-14.060757,20.432180259513338,138.62904356325078,5.avi
1272,29,5.8,1025,657,9371.42,0,15.2814071654261,0.8992646932601929,59,0,972.68396,612.7699,1078.2877,701.5112,9371.42,-55.36721,-6.838238,2.986842451719454,215.5683014493225,5.avi
1272,30,6.0,1011,650,9425.878,0,33.52038143131356,0.903335452079773,61,0,959.9182,605.09094,1063.9824,695.66846,9425.878,-64.83622,-27.580172,6.706027963456457,120.58777743658771,5.avi
1272,31,6.2,1026,643,8638.502,0,156.59210761966924,0.8897250294685364,63,0,977.0372,600.30066,1076.2815,687.3434,8638.502,41.605064,-31.586155,27.08104749829893,3.946065806453817,5.avi
1272,32,6.4,1051,633,10224.515,0,95.59227591291128,0.8730895519256592,65,0,997.7327,585.3766,1104.8706,680.8098,10224.515,104.37599,-48.552734,16.640978392130464,15.706096454031638,5.avi
1272,33,6.6,1084,632,9177.397,0,86.72801834486195,0.9213008284568788,67,0,1034.6311,586.40125,1134.8301,677.9929,9177.397,152.65704,-14.65279,14.63028521449396,323.9132801062496,5.avi
1272,34,6.8,1096,624,10754.988,0,109.59969176374553,0.7813332080841064,69,0,1042.2805,574.63837,1150.8357,673.71234,10754.988,80.72289,-34.233284,19.968967512767623,164.70812615240482,5.avi
1272,35,7.0,1114,626,9491.91,0,53.125981648751086,0.8617958426475525,71,0,1063.8665,579.8695,1165.6506,673.12476,9491.91,88.62982,1.0282097,8.767841273340228,278.5092095922126,5.avi
1272,36,7.2,1124,617,9691.964,0,72.01363580126608,0.899673342704773,73,0,1072.7449,569.9395,1175.668,664.1065,9691.964,56.792862,-36.19974,12.889151199938302,131.16780352527462,5.avi
1272,37,7.4,1122,606,9991.486,0,77.91851881728739,0.892767071723938,75,0,1070.7814,558.14935,1173.4325,655.4838,9991.486,5.033924,-47.608635,14.082589876202858,164.41692335706557,5.avi
1272,38,7.6,1131,609,9938.924,0,83.15752043106615,0.9143524765968324,77,0,1081.5524,559.67957,1181.7875,658.8358,9938.924,37.940365,-1.6002312,14.113926234923584,303.9697590514961,5.avi
1272,39,7.8,1130,629,10708.263,0,125.19995946041082,0.9222869873046876,79,0,1078.9088,577.55194,1182.3236,681.0986,10708.263,4.7046967,76.80975,22.09543755397932,245.22868414772103,5.avi
1272,40,8.0,1132,639,9922.702,0,31.37563608885931,0.8806527256965637,81,0,1081.4143,591.0016,1184.1829,687.55554,9922.702,9.47916,56.008453,5.704412307530011,85.54727056034972,5.avi
1272,41,8.2,1110,655,10699.8125,0,139.7123710228356,0.9346001148223876,83,0,1057.5898,604.60583,1163.2952,705.829,10699.8125,-83.792694,74.227394,25.10467338726625,190.37192727311523,5.avi
1272,42,8.4,1080,687,10483.54,0,120.94421633132538,0.9259714484214784,85,0,1028.3657,637.23254,1133.3262,737.1134,10483.54,-133.1669,140.03198,21.77423388321948,231.0643352123841,5.avi
1272,43,8.6,1073,733,10018.876,0,150.1853840120314,0.9437035322189332,87,0,1022.0725,684.706,1125.4426,781.62836,10018.876,-57.997314,209.21211,25.894857660133308,316.5128895695765,5.avi
1272,44,8.8,1075,762,8501.084,0,104.57388448768656,0.8113403916358948,89,0,1028.6055,717.7255,1123.2256,807.57,8501.084,-5.0867043,161.66904,18.280156441630066,45.3715946829617,5.avi
1272,45,9.0,1076,775,9563.021,0,111.3375762892857,0.9048262238502502,91,0,1027.1385,727.04224,1126.0887,823.68713,9563.021,1.5107751,86.223366,20.011921770464767,86.84384095004685,5.avi
1272,46,9.2,1066,782,9536.276,0,83.20169285540129,0.8849209547042847,93,0,1016.2399,734.7963,1116.3203,830.08246,9536.276,-39.393513,47.110126,15.222118938890189,135.81551314451428,5.avi
1272,47,9.4,1065,799,10052.501,0,59.96640838677612,0.9228600859642028,95,0,1013.4971,751.4082,1117.2163,848.3285,10052.501,-12.6440525,77.904594,9.721116640463611,312.7484711480781,5.avi
1272,48,9.6,1077,815,9387.972,0,81.53196176547316,0.8898086547851562,97,0,1027.999,767.6568,1126.4958,862.9692,9387.972,42.812813,77.38044,14.179238811072318,1.8157635406233796,5.avi
1272,49,9.8,1081,811,9774.782,0,113.03952122663168,0.886414647102356,99,0,1032.1619,761.93604,1131.3457,860.48816,9774.782,27.212355,2.0883865,20.365256156115848,103.66174698282498,5.avi
1272,50,10.0,1082,828,9446.43,0,100.35583835609992,0.871051549911499,101,0,1034.3713,780.31177,1131.6284,877.4403,9446.43,11.073006,68.416695,17.175160941868423,252.38936898664497,5.avi
1272,51,10.2,1076,845,10463.418,0,52.64796250609923,0.890078604221344,103,0,1024.9753,795.2616,1128.1311,896.6948,10463.418,-22.237808,81.56536,9.532218373657312,194.8351167969209,5.avi
1272,52,10.4,1068,863,9097.652,0,21.64860641320412,0.8813051581382751,105,0,1019.63916,816.69586,1117.1975,909.9493,9097.652,-36.419216,85.53169,4.16643625417049,189.79404398189564,5.avi
1272,53,10.6,1076,893,9481.872,0,112.15817479169368,0.870406985282898,107,0,1023.3019,848.5277,1129.0609,938.1831,9481.872,21.450203,135.24654,19.468311598117975,319.780212800588,5.avi
1272,54,10.8,1073,904,9764.226,0,98.6312444373398,0.9086890816688538,109,0,1019.80005,859.0572,1127.6843,949.56366,9764.226,-4.4302998,73.348724,18.02601793575893,114.48661450634025,5.avi
1272,55,11.0,1078,895,9237.057,0,134.73238539230388,0.8784067630767822,111,0,1025.3375,852.0356,1130.9911,939.4633,9237.057,15.984894,-15.995613,24.525663441702648,77.89310320194716,5.avi
1272,56,11.2,1071,892,12451.199,0,57.01252357262619,0.8582837581634521,113,0,1011.78326,840.1418,1130.7732,944.78265,12451.199,-22.794548,-16.3346,10.3759341769082,176.95952522206153,5.avi
1272,57,11.4,1052,905,10918.76,0,120.38211982613676,0.9070126414299012,115,0,997.4678,855.9059,1108.0547,954.6405,10918.76,-76.47656,45.500122,21.597317485115408,227.03661430944396,5.avi
1272,58,11.6,1034,942,12691.414,0,160.54925182718168,0.9403522610664368,117,0,975.5468,888.6996,1093.2689,996.5078,12691.414,-88.23794,154.07312,27.84333274435815,262.84926359656083,5.avi
1272,59,11.8,1035,989,8961.598,0,139.664767137538,0.8448001742362976,119,0,982.94214,946.98865,1087.4192,1032.7644,8961.598,-17.39402,217.37048,23.989093833532166,319.49373389527483,5.avi
1272,60,12.0,1016,1015,3536.8818,0,131.78341076174058,0.7416250109672546,121,0,979.7313,991.6546,1053.0751,1039.8779,3536.8818,-76.23224,149.74207,24.15147620328402,130.55235655099222,5.avi
1274,0,0.0,202,15,2762.621,0,0.0,0.6472631692886353,1,0,156.15463,-9.536743e-07,247.87772,30.119148,2762.621,0.0,0.0,0.0,0.0,6.avi
1275,1,0.2,218,111,31867.662,0,0.0,0.8295997381210327,1,0,141.82361,7.4772034,294.41046,216.32654,31867.662,0.0,0.0,0.0,0.0,6.avi
1276,2,0.4,206,313,1869.4121,0,0.0,0.6964918971061707,1,0,184.97864,292.13177,228.613,334.97443,1869.4121,0.0,0.0,0.0,0.0,6.avi
1277,2,0.4,265,276,27571.56,0,0.0,0.9120745062828064,1,0,181.23322,194.61053,350.5719,357.42957,27571.56,0.0,0.0,0.0,0.0,6.avi
1278,2,0.4,505,874,413.19452,0,0.0,0.5761046409606934,1,0,495.22217,863.96924,515.6411,884.2051,413.19452,0.0,0.0,0.0,0.0,6.avi
1277,3,0.6,314,352,25635.27,0,457.9516944893925,0.9398474097251892,3,0,237.21246,269.63123,391.6443,435.62854,25635.27,193.71582,305.82776,89.92394999017576,302.3349594471032,6.avi
1278,3,0.6,509,874,449.2005,0,20.92779343107634,0.3012142777442932,3,0,499.0893,863.9588,519.966,885.47565,449.2005,16.35139,2.5152276,3.56942364836711,1.3991876738655264,6.avi
1277,4,0.8,370,456,27307.422,0,238.0149956231648,0.9287881851196288,5,0,288.6546,372.68408,452.52197,539.32745,27307.422,273.46936,499.11414,45.43590999665686,291.7389303478838,6.avi
1278,4,0.8,514,873,440.79648,0,12.076877566906482,0.2874318361282348,5,0,503.99185,863.55096,525.36163,884.17804,440.79648,24.954796,-3.6930249,2.524804764992031,61.56828611105527,6.avi
1279,4,0.8,24,421,1462.5637,0,0.0,0.7569822072982788,1,0,3.962246,403.61075,44.653175,439.554,1462.5637,0.0,0.0,0.0,0.0,6.avi
1277,5,1.0,398,522,27006.234,0,237.86039218717667,0.9221984148025512,7,0,318.0059,438.81964,479.91458,605.61884,27006.234,172.52982,370.22864,43.45907997638408,128.88554914261988,6.avi
1278,5,1.0,521,872,376.56586,0,10.337701780366686,0.3300628662109375,7,0,511.57214,863.44556,531.45056,882.38904,376.56586,32.024666,-4.4930587,1.7443174857745225,40.20139322043133,6.avi
1279,5,1.0,39,424,1514.8252,0,77.61770850508232,0.7751859426498413,3,0,19.340622,405.29807,59.595398,442.929,1514.8252,60.52015,10.104455,14.889872934706569,350.6556525221217,6.avi
1277,6,1.2,438,592,25254.602,0,35.887442749735065,0.928951859474182,9,0,359.93893,511.32904,516.4354,672.7039,25254.602,190.65097,353.9213,6.224571789585251,43.24978391199204,6.avi
1278,6,1.2,524,870,297.57187,0,21.76213789053324,0.4074169099330902,9,0,515.63336,861.8521,533.36273,878.6363,297.57187,18.904255,-11.304312,4.405921742880321,152.73068802295018,6.avi
1279,6,1.2,48,425,1449.1101,0,16.628367476872963,0.7966902852058411,5,0,29.36637,406.21103,67.751114,443.9633,1449.1101,46.72187,5.3089237,3.7478533878486258,162.38088265764554,6.avi
1277,7,1.4,468,677,26948.682,0,94.28510799535924,0.9524450898170472,11,0,386.52637,594.7205,549.6719,759.9024,26948.682,159.03882,409.73788,16.455953429285625,239.6398962707098,6.avi
1279,7,1.4,52,425,1212.2422,0,28.99207890222409,0.8250889182090759,7,0,35.73829,407.80206,69.71041,443.48547,1212.2422,26.862286,3.3716402,6.013892605892103,168.98591212351494,6.avi
1277,8,1.6,493,777,22687.133,0,111.3496712306133,0.9058009386062622,13,0,418.65228,702.4089,568.79987,853.50775,22687.133,135.26706,481.65613,19.038042030787707,248.7281042625188,6.avi
1279,8,1.6,54,428,1076.4802,0,23.04640107001729,0.8103486895561218,9,0,38.732056,410.894,70.08616,445.22702,1076.4802,12.707404,10.059857,4.428617721007235,202.3202636358799,6.avi
1277,9,1.8,516,870,25302.123,0,35.30934167311313,0.9424991607666016,15,0,435.807,791.38135,596.29565,949.0382,25302.123,117.082794,465.96558,6.422123853416722,138.09223956522658,6.avi
1279,9,1.8,51,430,949.7522,0,28.661979444703174,0.809512197971344,11,0,36.908318,414.375,66.85878,446.08575,949.7522,-6.783311,10.667268,5.95102961516712,179.30216148177033,6.avi
1277,10,2.0,514,935,23111.684,0,212.8665676971484,0.93308025598526,17,0,438.78964,858.9237,590.4575,1011.3071,23111.684,21.532684,357.1732,38.14893842942844,131.88142343125207,6.avi
1279,10,2.0,45,431,891.70795,0,27.39670968655325,0.5683670043945312,13,0,30.756573,416.8433,60.68665,446.63632,891.70795,-25.26463,8.267266,5.6926709477831405,166.13844960148597,6.avi
1277,11,2.2,504,979,17422.371,0,171.87002824425392,0.8632228374481201,19,0,433.68347,918.3308,575.56177,1041.1288,17422.371,-33.493233,254.02377,31.335499306116024,118.4544588298919,6.avi
1279,11,2.2,36,432,958.91064,0,23.940858836640103,0.5513793230056763,15,0,20.630901,417.30347,52.49989,447.39264,958.91064,-41.045654,4.2474804,4.872142481183366,163.38361611446612,6.avi
1279,12,2.4,27,430,1150.7946,0,15.048734280417255,0.3609820008277893,17,0,9.519056,414.5127,44.807213,447.12402,1150.7946,-45.634377,-4.9027805,3.4732860824673466,112.98464501586562,6.avi
1280,0,0.0,874,851,3482.8933,0,0.0,0.8729943633079529,1,0,842.1248,824.8803,906.40546,879.0629,3482.8933,0.0,0.0,0.0,0.0,7.avi
1281,0,0.0,1153,578,821.7234,0,0.0,0.8272656202316284,1,0,1139.7694,564.1931,1167.7037,593.6094,821.7234,0.0,0.0,0.0,0.0,7.avi
1282,0,0.0,44,726,814.8859,0,0.0,0.7670098543167114,1,0,31.386082,711.0371,58.128056,741.5093,814.8859,0.0,0.0,0.0,0.0,7.avi
1283,0,0.0,1182,573,690.53625,0,0.0,0.7202557325363159,1,0,1168.943,560.93,1196.6373,585.8642,690.53625,0.0,0.0,0.0,0.0,7.avi
1280,1,0.2,875,856,3258.672,0,23.642834644667133,0.8745326399803162,3,0,845.6159,829.15546,905.1663,883.87665,3258.672,4.4948897,18.141434,4.09486023256891,280.3383031407891,7.avi
1281,1,0.2,1147,581,974.1304,0,35.87546446795301,0.7306666970252991,3,0,1132.4946,564.6901,1161.6675,598.08185,974.1304,-26.568869,9.919058,7.0559321105093735,197.304235191696,7.avi
1282,1,0.2,43,727,849.49945,0,7.6377989095665875,0.7749403119087219,3,0,29.985672,711.97266,57.514763,742.83093,849.49945,-4.0193644,4.505504,1.9014568303171924,202.47229983900243,7.avi
1283,1,0.2,1173,577,709.03973,0,49.28711057394264,0.4704494774341583,3,0,1160.177,564.33185,1187.5127,590.2701,709.03973,-35.709667,15.584229,10.432074645812133,200.204264494134,7.avi
1280,2,0.4,875,863,3418.0347,0,16.78403273056628,0.8847041130065918,5,0,845.27264,835.373,906.3984,891.2911,3418.0347,2.41314,32.738346,3.133545241673524,245.68793735106348,7.avi
1281,2,0.4,1136,587,922.4587,0,36.84170271927117,0.7098437547683716,5,0,1121.9164,571.88873,1150.7462,603.8853,922.4587,-51.461395,30.60385,6.814719812111741,212.187933432946,7.avi
1282,2,0.4,44,728,987.4481,0,6.512310092716491,0.7725740075111389,5,0,28.814304,711.982,59.528217,744.1319,987.4481,1.5896811,3.3792415,1.0963325934258654,16.0395433414306,7.avi
1283,2,0.4,1163,581,627.8381,0,16.839296645853928,0.4016251266002655,5,0,1150.9192,569.7193,1176.7278,594.0461,627.8381,-48.89453,22.29221,3.7483730089786462,188.93561963899992,7.avi
1280,3,0.6,876,867,3196.2358,0,13.413732160395384,0.8792043924331665,7,0,846.4697,840.5245,905.75464,894.4377,3196.2358,1.623398,23.540161,2.897217234695619,96.30380213741768,7.avi
1281,3,0.6,1127,594,1192.4009,0,9.456161019372422,0.8150721788406372,7,0,1110.55,576.84894,1144.8992,611.56305,1192.4009,-44.997692,31.363766,0.9609692576053096,0.4658090827650198,7.avi
1282,3,0.6,47,727,1105.5972,0,17.260666305066714,0.7392330169677734,7,0,30.776037,711.34564,64.16977,744.45355,1105.5972,13.031633,0.18414664,3.0506863774678568,34.6108365600532,7.avi
1283,3,0.6,1152,587,645.7349,0,10.298431478733589,0.3260235488414764,7,0,1139.4575,574.88654,1165.4697,599.7109,645.7349,-54.95706,25.9643,2.1480976434144403,197.8619534987481,7.avi
1280,4,0.8,876,873,3613.883,0,5.655356079008908,0.8828093409538269,9,0,845.41565,844.28394,908.01086,902.01807,3613.883,2.6841838,27.232492,0.921114866808978,241.6858732305084,7.avi
1281,4,0.8,1115,602,1033.6957,0,21.498229154859104,0.8055053353309631,9,0,1099.7817,586.1719,1131.3071,618.9612,1033.6957,-57.20637,39.377396,4.023745071358342,202.21392267480545,7.avi
1282,4,0.8,48,726,1062.0641,0,12.184281720487412,0.6665078401565552,9,0,32.04021,710.33777,64.94379,742.61584,1062.0641,6.9391885,-5.4183044,2.841276631478298,137.03706426828137,7.avi
1283,4,0.8,1141,594,577.48486,0,12.29661810144901,0.5980769991874695,9,0,1128.865,582.9279,1153.5007,606.36896,577.48486,-56.067394,34.243282,1.5805954858310347,252.6187861885785,7.avi
1284,4,0.8,398,594,522.0582,0,0.0,0.6346644759178162,1,0,386.59534,583.454,410.0075,605.75256,522.0582,0.0,0.0,0.0,0.0,7.avi
1285,4,0.8,1013,864,465.84164,0,0.0,0.5921405553817749,1,0,1002.57654,853.744,1023.64734,875.8524,465.84164,0.0,0.0,0.0,0.0,7.avi
1280,5,1.0,876,876,3802.3264,0,11.296336959389604,0.8664019107818604,11,0,844.4162,847.26483,909.0861,906.0607,3802.3264,0.764886,19.790543,2.8826501569291185,115.70076414194337,7.avi
1281,5,1.0,1105,611,988.5759,0,10.52618064984054,0.8277489542961121,11,0,1089.9918,595.7393,1120.857,627.7681,988.5759,-52.124092,44.422924,1.056260595889243,328.1118318429384,7.avi
1282,5,1.0,48,727,931.15045,0,14.551349708794756,0.68548184633255,11,0,32.77658,711.89905,63.26169,742.4435,931.15045,-0.21811962,1.4215298,2.4730139542670644,220.5237230560589,7.avi
1283,5,1.0,1130,601,588.6794,0,4.813777932337,0.747191846370697,11,0,1118.4402,589.72,1143.185,613.5099,588.6794,-52.823856,34.69653,0.498013738390038,86.47272396894152,7.avi
1284,5,1.0,398,597,490.06906,0,12.819988608010071,0.5092644095420837,3,0,386.54486,586.4875,409.56866,607.77277,490.06906,-0.97668314,10.087206,2.4156081783926053,262.8318882620061,7.avi
1285,5,1.0,1012,866,436.9703,0,10.30030644088844,0.4808084964752197,3,0,1002.3292,856.1365,1022.871,877.4088,436.9703,-2.043351,7.881979,1.637280579418706,227.2237268066552,7.avi
1280,6,1.2,878,879,4067.1619,0,10.392602332634882,0.8733526468276978,13,0,844.9143,849.21606,911.91003,909.9238,4067.1619,6.564872,15.748468,1.95660878759289,55.93765221271383,7.avi
1281,6,1.2,1096,616,1071.2474,0,25.03388311851433,0.842428982257843,13,0,1080.9268,600.01483,1113.0583,633.35406,1071.2474,-44.459282,29.216204,4.744956479174463,77.82916334571314,7.avi
1282,6,1.2,46,727,857.4294,0,11.210754998506058,0.7122067809104919,13,0,31.438969,712.5218,60.570225,741.95514,857.4294,-7.798346,0.58658427,2.0273576651102068,167.01420719744817,7.avi
1283,6,1.2,1123,605,676.2502,0,24.92602554613172,0.8349457383155823,13,0,1110.177,592.637,1136.573,618.2564,676.2502,-40.796654,22.744686,4.495259251857611,52.248035388961,7.avi
1284,6,1.2,396,600,510.78848,0,11.416700782520603,0.4347676932811737,5,0,384.62912,589.3206,407.57394,611.5822,510.78848,-9.035454,16.05766,2.047314813414568,204.60489894781307,7.avi
1285,6,1.2,1012,867,413.81573,0,5.593226027655816,0.559359610080719,5,0,1002.4965,857.088,1022.6619,877.60913,413.81573,-0.26749647,3.300521,1.362570876773768,98.07529540820052,7.avi
1280,7,1.4,881,882,3718.6733,0,7.950631245801139,0.8638958930969238,15,0,848.8898,853.76575,913.3635,911.4431,3718.6733,11.954824,15.305274,1.4639463218793176,29.445328074393387,7.avi
1281,7,1.4,1087,618,1151.1115,0,20.35842784515876,0.8511624932289124,15,0,1070.9415,601.94415,1104.8185,635.9234,1151.1115,-45.308308,15.394135,4.659583201192486,103.66381759091296,7.avi
1282,7,1.4,44,729,786.0891,0,10.067525438341493,0.6739438772201538,15,0,30.501755,714.8971,58.11483,743.3651,786.0891,-8.323835,7.41448,1.7033612682872554,254.85839977800677,7.avi
1283,7,1.4,1115,606,714.7117,0,17.123312077405373,0.8418563008308411,15,0,1101.5847,593.84467,1128.8171,620.08966,714.7117,-40.85353,11.097281,4.0014842923746645,93.09000134151243,7.avi
1284,7,1.4,396,602,531.61365,0,13.200387276741418,0.4972401261329651,7,0,384.57672,590.7448,407.75726,613.6784,531.61365,-1.8545766,10.492078,2.3821010872126616,44.27540637775206,7.avi
1285,7,1.4,1012,867,402.96585,0,3.5578457588489134,0.4484584927558899,7,0,1002.6773,857.5933,1023.07025,877.35333,402.96585,1.0672936,1.2476115,1.1374379877987273,117.52756822316888,7.avi
1280,8,1.6,886,885,3854.2832,0,14.621012576752062,0.8698723316192627,17,0,853.1532,855.9552,918.98047,914.5067,3854.2832,21.758875,13.634212,2.570011818467604,15.006885089096556,7.avi
1281,8,1.6,1078,619,1230.6525,0,13.623373554100224,0.8500645756721497,17,0,1060.4122,602.2965,1095.7213,637.15015,1230.6525,-48.198727,6.589608,3.1218067454083203,105.19725045014104,7.avi
1282,8,1.6,40,732,727.2222,0,13.832970500320757,0.5840643644332886,17,0,27.65321,718.2843,53.84911,746.04517,727.2222,-15.60178,13.378408,2.984824641199305,207.66779494603355,7.avi
1283,8,1.6,1105,607,774.0189,0,14.795825338947854,0.8537324666976929,17,0,1091.0012,593.69,1119.585,620.769,774.0189,-47.53446,3.5702348,2.9838613921988157,132.87632712256357,7.avi
1284,8,1.6,397,603,592.87866,0,11.840381480471647,0.6944222450256348,9,0,385.4133,591.4642,410.04373,615.5351,592.87866,5.56284,7.381655,1.779188931705144,47.41626262232279,7.avi
1285,8,1.6,1015,866,440.35648,0,15.041699614859152,0.5405237674713135,9,0,1004.53094,856.176,1026.193,876.5044,440.35648,9.798824,-4.0594277,2.574277702026986,42.00932572344061,7.avi
1280,9,1.8,890,885,3672.0752,0,14.9988973635726,0.871019721031189,19,0,857.7863,856.8758,922.3101,913.7862,3672.0752,20.334423,3.5316505,2.98729567699439,98.05477529676124,7.avi
1281,9,1.8,1067,620,1143.52,0,7.978983880523246,0.8475465178489685,19,0,1049.9684,604.17377,1084.0704,637.706,1143.52,-53.61214,6.199763,1.766509686849182,143.88238794719803,7.avi
1282,9,1.8,37,736,726.0317,0,10.129255607658632,0.5809752941131592,19,0,24.488108,722.8522,50.832787,750.41113,726.0317,-15.487763,20.267548,1.320075603369855,241.45472497661808,7.avi
1283,9,1.8,1091,608,719.15533,0,22.16056659185092,0.7694733738899231,19,0,1078.0663,595.04425,1105.6715,621.0955,719.15533,-62.600594,4.0561924,4.786587850939134,180.67581598842392,7.avi
1284,9,1.8,400,604,521.5831,0,7.960042668115932,0.4432064294815063,11,0,388.411,593.54016,411.98608,615.66455,521.5831,10.78433,5.9446735,1.5151050996446955,40.101836763649885,7.avi
1285,9,1.8,1016,864,427.3325,0,4.789673337283288,0.4904940724372864,11,0,1006.1975,854.80334,1027.5544,874.8125,427.3325,8.084039,-6.830409,2.020608404429444,130.8550932245264,7.avi
1280,10,2.0,892,885,3832.956,0,11.718607842059964,0.8784250617027283,21,0,859.3298,855.9844,925.2464,914.13293,3832.956,13.307865,-0.23228788,2.355801854532765,153.87443091142018,7.avi
1281,10,2.0,1055,623,1118.6661,0,9.711641199451185,0.8290286660194397,21,0,1038.939,606.9194,1072.2002,640.5522,1118.6661,-56.409977,12.184034,1.5345728204781206,212.30829748818252,7.avi
1282,10,2.0,34,740,767.42615,0,2.216586562457601,0.6033650040626526,21,0,20.793945,726.2261,48.00029,754.4337,767.42615,-16.125322,18.90122,0.886747413208548,129.40395293601478,7.avi
1283,10,2.0,1080,609,625.6332,0,6.973526897622384,0.5010271072387695,21,0,1067.9098,596.7836,1093.1923,621.52936,625.6332,-57.976837,5.115293,0.6620094989177234,349.65357528414,7.avi
1284,10,2.0,403,603,544.63385,0,14.734435980671636,0.4145570397377014,13,0,391.24826,592.91565,416.53323,614.45544,544.63385,16.68936,-2.1542149,2.86478114817817,76.99678260120629,7.avi
1285,10,2.0,1018,863,444.81726,0,2.119915069195205,0.6365171074867249,13,0,1007.2631,853.25684,1028.981,873.7385,444.81726,6.6580715,-6.6155486,0.6618659688902592,138.12118086827024,7.avi
1286,10,2.0,797,313,582.8577,0,0.0,0.6567487120628357,1,0,784.7971,301.7167,809.56934,325.2454,582.8577,0.0,0.0,0.0,0.0,7.avi
1280,11,2.2,891,884,3683.8862,0,19.19460647972652,0.8646053671836853,23,0,859.00415,855.90485,924.3623,912.2695,3683.8862,0.7454195,-3.7898865,4.077286667450712,165.62572059734998,7.avi
1281,11,2.2,1043,626,1052.7507,0,3.561644505795708,0.7722924947738647,23,0,1027.6703,609.6515,1059.6512,642.5696,1052.7507,-58.820873,11.945312,1.2991154861931358,172.36479904749854,7.avi
1282,11,2.2,34,741,812.312,0,24.06039653829849,0.5780513882637024,23,0,20.064547,726.815,48.395805,755.487,812.312,-4.3639297,7.5203505,4.203621718615571,47.72104894186282,7.avi
1284,11,2.2,406,602,509.33685,0,7.16721825087857,0.5199995636940002,15,0,393.92447,592.1177,418.57767,612.7777,509.33685,12.929782,-5.2580304,1.7560600650332925,134.39800561810057,7.avi
1285,11,2.2,1017,863,434.3634,0,11.772082962335157,0.4728333353996277,15,0,1006.98566,853.25757,1028.4926,873.4541,434.3634,0.06412411,-2.0723367,2.5887387710430905,198.5938612869532,7.avi
1280,12,2.4,893,884,3796.267,0,8.345916477942774,0.8674287796020508,25,0,859.988,855.44885,926.1413,912.8347,3796.267,5.4848027,-0.66468763,1.3466480768710942,330.1220909237046,7.avi
1281,12,2.4,1032,630,1134.5546,0,14.341308022409098,0.7535194754600525,25,0,1015.8027,613.86414,1048.9208,648.12195,1134.5546,-57.03232,21.535137,1.5039854214623862,273.94198666575966,7.avi
1282,12,2.4,35,742,858.75714,0,10.344187941509183,0.6462581753730774,25,0,20.322067,727.45355,49.81752,756.5684,858.75714,2.2219,5.0432334,1.7684227514701087,21.742609554937246,7.avi
1283,12,2.4,1052,622,1885.4744,0,64.00685568978672,0.1711491048336029,24,0,1030.3356,601.6347,1074.7118,644.1231,1885.4744,-45.939697,24.08825,11.593677091883375,302.53416396514706,7.avi
1284,12,2.4,406,602,449.65692,0,14.753740541655198,0.6631521582603455,17,0,394.94083,592.7496,418.00296,612.24725,449.65692,3.8335972,-1.0183063,2.900607007236359,192.0176254529877,7.avi
1285,12,2.4,1016,865,436.17294,0,14.485112214951211,0.1530191600322723,17,0,1005.7546,855.07355,1027.3055,875.3127,436.17294,-4.634779,6.5879188,2.7032201679929795,229.6016048714335,7.avi
1280,13,2.6,891,883,3732.0405,0,16.66760250564852,0.8634008169174194,27,0,858.18286,855.751,924.2446,912.24414,3732.0405,-5.8526826,-0.70807296,3.3186784206948965,162.3024983695326,7.avi
1282,13,2.6,37,741,874.058,0,14.965796097474358,0.6695736646652222,27,0,22.971458,727.4172,52.94162,756.5815,874.058,11.615114,1.1190383,2.507324117764524,53.658715045899214,7.avi
1283,13,2.6,1035,630,2530.4397,0,47.15173019646465,0.7378110289573669,26,0,1008.5228,606.62744,1062.4867,653.5188,2530.4397,-75.92886,33.189583,8.648106328314542,195.44748566805916,7.avi
1284,13,2.6,405,602,423.3451,0,11.70408457379626,0.5463337898254395,19,0,394.1528,592.7917,416.18942,612.0026,423.3451,-4.1179633,-0.62451667,2.2579363944452613,172.49951550858214,7.avi
1280,14,2.8,890,884,3898.5703,0,3.0876985184945243,0.8562911152839661,29,0,856.1511,855.7192,924.1322,913.0671,3898.5703,-5.4740467,1.3578169,0.1503852744203423,253.3007557660064,7.avi
1281,14,2.8,1015,637,916.1114,0,91.38419249775436,0.814043402671814,28,0,1000.1966,622.4545,1029.9937,653.1995,916.1114,-26.83973,10.694212,18.220539662096822,22.30077332473644,7.avi
1282,14,2.8,37,741,846.6606,0,14.464493679762224,0.6486166715621948,29,0,23.115534,727.3232,52.405777,756.22906,846.6606,1.9275055,-0.60018396,3.500231698543833,159.54652143515727,7.avi
1283,14,2.8,1034,624,1584.9696,0,107.94992205620365,0.5564628839492798,28,0,1013.70074,605.3836,1055.8344,643.0013,1584.9696,-19.87281,-15.378826,18.67462515668645,42.89519414005042,7.avi
1284,14,2.8,400,602,400.88458,0,24.500672746716507,0.3646187782287597,21,0,389.52072,593.36945,410.59372,612.3931,400.88458,-20.618305,1.7176692,4.356051958065549,176.41635430256645,7.avi
1280,15,3.0,886,883,3681.3938,0,15.093078616366512,0.8490769863128662,31,0,853.4075,855.8841,919.77356,911.35504,3681.3938,-14.921051,-2.661659,3.471971049469483,151.3498299803308,7.avi
1281,15,3.0,1010,637,904.5885,0,14.631936497315047,0.8320848941802979,30,0,995.946,622.557,1025.8102,652.84705,904.5885,-22.432673,2.024723,2.978392221989981,84.74657354612611,7.avi
1282,15,3.0,37,741,802.06683,0,6.480691516250741,0.6177116632461548,31,0,22.727276,727.7972,51.300007,755.8682,802.06683,-2.42809,0.079243064,1.3206430476951734,150.21291371980266,7.avi
1283,15,3.0,1031,622,955.417,0,10.25000539785336,0.798188328742981,30,0,1015.3239,608.05676,1047.8329,637.44604,955.417,-16.852898,-9.093603,0.9072387825889184,283.19107982679645,7.avi
1285,15,3.0,1001,872,513.1623,0,46.51773942044992,0.2040452510118484,21,0,989.24506,862.49884,1014.14984,883.1038,513.1623,-13.531146,6.302606,10.028742165533307,173.71071564195165,7.avi
1280,16,3.2,880,882,3731.6187,0,16.23657148553502,0.8616706132888794,33,0,847.1909,854.74036,914.3988,910.2639,3731.6187,-25.733759,-4.911885,3.766644793344685,163.22321119550406,7.avi
1281,16,3.2,1004,635,1091.3462,0,18.197435551016117,0.8518106937408447,32,0,988.0433,618.96216,1021.2337,651.8435,1091.3462,-29.234035,-8.466573,3.9208266625776647,127.58648344900996,7.avi
1282,16,3.2,34,742,821.25714,0,11.281994546839291,0.5612576007843018,33,0,20.021135,728.38916,49.22857,756.5072,821.25714,-9.747602,2.3853092,2.5325539703240043,183.42791360122808,7.avi
1283,16,3.2,1029,620,725.61053,0,8.07908410999908,0.8554202914237976,32,0,1015.5498,607.74023,1043.6648,633.54895,725.61053,-11.470808,-10.201363,1.2237348841224571,49.65473330717822,7.avi
1285,16,3.2,998,872,488.92215,0,6.930535494936976,0.4368550777435303,23,0,986.8208,862.77826,1011.0686,882.94183,488.92215,-13.714402,1.5661254,2.287714220169318,115.67562346146872,7.avi
1280,17,3.4,876,881,4704.5234,0,7.127151070697506,0.8575754761695862,35,0,839.668,849.98816,914.1473,913.1537,4704.5234,-20.889751,-4.7150936,0.6276761250510252,55.90353144641199,7.avi
1281,17,3.4,1001,634,1098.1372,0,17.68199066035592,0.817074716091156,34,0,985.2149,617.6045,1018.58685,650.5104,1098.1372,-17.279575,-7.128934,2.227334041099301,352.5067231165348,7.avi
1282,17,3.4,30,745,716.88226,0,18.3645764117372,0.3550981879234314,35,0,17.107857,732.0996,44.047287,758.71045,716.88226,-17.815489,11.922407,3.385566290612689,217.79423034934263,7.avi
1283,17,3.4,1026,619,629.3616,0,8.634795294552996,0.8293178677558899,34,0,1013.0036,607.329,1039.0364,631.50464,629.3616,-16.44417,-7.07656,1.3714335922470122,196.76958502665485,7.avi
1284,17,3.4,378,609,509.7463,0,29.197517058772927,0.5076423287391663,25,0,367.2704,598.57623,390.5841,620.44086,509.7463,-17.152248,6.0993137,4.865336471540737,303.4910152811757,7.avi
1285,17,3.4,997,871,451.82318,0,12.047259826333455,0.4457370042800903,25,0,985.62415,861.43066,1008.63696,881.0642,451.82318,-10.103455,-5.9219522,2.3152094848515183,69.8337737008519,7.avi
1287,17,3.4,743,318,423.05753,0,0.0,0.5667760372161865,1,0,734.1349,307.91965,753.61084,329.6417,423.05753,0.0,0.0,0.0,0.0,7.avi
1280,18,3.6,880,877,4230.3105,0,47.967805024090055,0.8607240319252014,37,0,845.0903,847.38727,915.93,907.10394,4230.3105,9.03348,-17.723434,8.125238160393385,26.51943383436287,7.avi
1281,18,3.6,996,633,1109.6707,0,11.062182595830238,0.817546010017395,36,0,980.0402,617.43884,1013.81464,650.2942,1109.6707,-23.115398,-2.3801155,2.472537561403484,188.56755172418812,7.avi
1283,18,3.6,1020,618,615.33044,0,14.426287504021316,0.7894488573074341,36,0,1007.31256,606.2463,1033.0614,630.1436,615.33044,-26.228931,-6.332573,2.731201598117175,179.96798975733452,7.avi
1284,18,3.6,375,611,398.7248,0,1.955054790088901,0.7340258955955505,27,0,365.35776,601.2823,385.7396,620.84503,398.7248,-16.947807,7.4207234,0.5661942981552819,208.66616103729024,7.avi
1285,18,3.6,995,870,430.6157,0,2.515960221583033,0.2831950783729553,27,0,984.5964,860.17896,1006.5064,879.83276,430.6157,-8.406511,-6.1417494,0.1266694788270324,150.14896479840826,7.avi
1287,18,3.6,740,320,350.6351,0,17.49570930728864,0.5149227976799011,3,0,732.02,309.98117,749.3275,330.24026,350.6351,-12.770823,5.309576,4.060275732187676,197.4760522020553,7.avi
1280,19,3.8,878,875,4677.274,0,23.43031604856428,0.8744782209396362,39,0,841.3038,843.5539,915.5075,906.58685,4677.274,-6.0087814,-12.456577,4.508063906414045,196.74820913125643,7.avi
1281,19,3.8,989,633,1194.6345,0,16.1264991789919,0.825298011302948,38,0,971.99896,616.52966,1006.9257,650.73376,1194.6345,-34.04567,-1.4524105,3.32731599332648,173.2600767430414,7.avi
1283,19,3.8,1012,617,664.028,0,11.866889590911978,0.8119457960128784,38,0,999.51807,604.90265,1026.2428,629.7496,664.028,-34.15475,-4.8030834,2.942094376610201,181.3943987248945,7.avi
1284,19,3.8,372,610,359.50452,0,12.642631235582767,0.6833827495574951,29,0,362.93195,600.9135,382.02698,619.74066,359.50452,-15.702287,-1.2140012,2.552754456806654,93.57368533337342,7.avi
1285,19,3.8,993,869,449.65164,0,2.983294951896388,0.4138520956039428,29,0,982.4278,858.76794,1004.36957,879.26086,449.65164,-10.219541,-5.230772,0.898108133812701,194.3422260303936,7.avi
1287,19,3.8,735,320,386.6062,0,13.30166220023235,0.6895942091941833,5,0,726.3909,310.45865,744.7587,331.50674,386.6062,-24.423796,4.4398794,3.3327412515458565,159.39925132501446,7.avi
1280,20,4.0,880,873,4020.0168,0,20.359867201338915,0.8535383939743042,41,0,845.6994,844.71655,915.70734,902.1388,4020.0168,7.450226,-9.192712,2.8276527712614485,351.4384134757164,7.avi
1281,20,4.0,985,633,1145.7594,0,16.972724557196997,0.8216577768325806,40,0,968.6136,616.9174,1002.6396,650.5905,1145.7594,-22.610184,0.13499784,2.3714823184493774,8.273372264675288,7.avi
1283,20,4.0,1006,617,673.2206,0,6.337490899422279,0.8490867018699646,40,0,993.26245,604.7656,1020.3628,629.6073,673.2206,-31.2197,-1.6457088,0.636449303396467,265.53934599646755,7.avi
1284,20,4.0,370,609,310.94763,0,7.413242100244319,0.6228349208831787,31,0,361.87683,601.1035,379.41467,618.8336,310.94763,-10.680156,-1.6587846,1.2698893775524995,58.63244278033847,7.avi
1285,20,4.0,991,868,368.33832,0,2.806539643872813,0.3394558429718017,31,0,981.8959,858.91986,1001.3545,877.8492,368.33832,-9.1795225,-3.6298504,0.3562141034378501,185.11176902845688,7.avi
1287,20,4.0,731,322,328.59442,0,3.012936920914228,0.6324595808982849,7,0,722.5526,312.60083,739.5071,331.9818,328.59442,-23.120722,6.05297,0.3358389521368181,337.34969734779384,7.avi
1280,21,4.2,878,869,4215.05,0,25.664964216248062,0.8796988129615784,43,0,842.04596,840.49493,914.01605,899.0616,4215.05,-8.558138,-16.157202,4.92831332260239,148.307892376236,7.avi
1281,21,4.2,978,633,1280.9908,0,12.884653547035748,0.8587396740913391,42,0,960.78094,615.79034,996.8996,651.25653,1280.9908,-31.31839,-0.85539204,3.201269362421625,165.8802987725663,7.avi
1283,21,4.2,1002,617,790.7057,0,11.510102557590006,0.8376023769378662,42,0,987.90356,603.7758,1017.2251,630.7426,790.7057,-23.544437,-0.10002768,1.4384312684075198,354.3065824359634,7.avi
1284,21,4.2,366,610,352.81314,0,11.314839116202352,0.6886467337608337,33,0,357.28217,600.7902,375.92816,619.71185,352.81314,-18.004194,0.7034471,2.5358823383384785,188.23492794110916,7.avi
1285,21,4.2,991,868,329.26904,0,9.237678963865925,0.4415071606636047,33,0,982.23676,859.276,1000.2231,877.58264,329.26904,-3.6390562,-0.6655245,1.2579162566708812,344.25088452739044,7.avi
1287,21,4.2,724,324,353.0291,0,13.993441803195342,0.7094034552574158,9,0,715.2432,314.07562,732.7823,334.2038,353.0291,-32.30584,8.501049,2.4567207549985937,191.69727619849635,7.avi
1280,22,4.4,876,866,3842.4504,0,1.9842205672733024,0.8546417355537415,45,0,841.2364,839.0938,910.78827,894.33966,3842.4504,-9.739092,-15.503723,0.6332613506997874,120.28942996335422,7.avi
1281,22,4.4,972,634,1204.3281,0,6.778256316405691,0.84490966796875,44,0,954.9869,617.4561,990.21173,651.6458,1204.3281,-31.230997,3.754458,0.8671270684501742,228.3212469932343,7.avi
1283,22,4.4,995,619,819.85815,0,18.54816936896902,0.8352456092834473,44,0,980.754,606.0403,1010.6929,633.4247,819.85815,-31.74406,9.488964,3.354717539695883,211.65974550616832,7.avi
1284,22,4.4,361,610,329.30774,0,9.413749148715596,0.5378942489624023,35,0,352.38086,601.0963,370.30505,619.4686,329.30774,-24.39387,0.28328815,2.042253698262588,168.94159738107578,7.avi
1285,22,4.4,991,868,319.15924,0,5.507960055451176,0.3623634576797485,35,0,982.5546,859.74335,999.9589,878.08124,319.15924,-0.7368047,1.7038553,0.5793141751525971,30.75049265393073,7.avi
1287,22,4.4,717,325,337.2448,0,0.331653632682854,0.5443012118339539,11,0,709.03766,316.0252,726.1375,335.74725,337.2448,-32.167355,8.679193,1.004825709048577,123.29334617806012,7.avi
1280,23,4.6,873,862,4614.95,0,7.344973042535115,0.8778420686721802,47,0,835.20044,832.296,911.0564,893.1344,4614.95,-13.339246,-18.967909,1.935081157413201,123.37479605729352,7.avi
1281,23,4.6,965,635,1206.2588,0,6.9426557195074,0.8286604285240173,46,0,947.6072,618.1907,982.65125,652.61194,1206.2588,-35.937996,4.1368303,1.3863547975817851,167.42303838053715,7.avi
1283,23,4.6,988,619,856.4347,0,12.71916969237183,0.8162797093391418,46,0,973.5148,605.3523,1003.7787,633.6511,856.4347,-34.543556,1.3026266,2.967798507197928,117.5926915905186,7.avi
1284,23,4.6,356,611,354.3922,0,8.185450279577923,0.6530448794364929,37,0,347.1852,602.28064,365.8264,621.2919,354.3922,-24.23382,5.848871,0.8076074661906006,234.9178759968459,7.avi
1285,23,4.6,991,868,355.39914,0,3.0204691201465788,0.3927016258239746,37,0,982.4985,859.2089,1000.6563,878.7818,355.39914,1.0629607,0.7128426,1.257821511005324,94.9912969731688,7.avi
1287,23,4.6,711,327,378.40802,0,4.73359359376677,0.4102806746959686,13,0,702.8218,317.30322,721.1609,337.93713,378.40802,-28.947355,8.6719265,0.6408763747034047,103.91448697656426,7.avi
1280,24,4.8,872,857,4098.6353,0,14.386683104468586,0.8418664932250977,49,0,836.73737,828.7226,908.23846,886.04535,4098.6353,-5.5421305,-24.881601,2.462215651757781,51.30159648704307,7.avi
1281,24,4.8,960,637,963.70197,0,16.11089761038348,0.8171760439872742,48,0,944.9429,622.03064,975.98755,653.0731,963.70197,-26.232342,9.225786,2.198171974596181,339.4586645778631,7.avi
1283,24,4.8,980,621,730.49023,0,10.715622983794914,0.6222721934318542,48,0,967.1113,608.24854,994.73145,634.6964,730.49023,-37.684322,7.8801775,2.133753600360534,215.45765899866345,7.avi
1284,24,4.8,353,612,299.52435,0,12.823852291450144,0.6989306807518005,39,0,345.19305,603.3399,362.31482,620.8337,299.52435,-16.176912,2.5057087,1.6468906718640337,35.48719824692955,7.avi
1280,25,5.0,868,847,4578.608,0,31.00620815201082,0.8505770564079285,51,0,830.6606,817.4657,906.0373,878.20874,4578.608,-17.197636,-42.459312,6.376821478905853,122.00334864352344,7.avi
1281,25,5.0,955,640,1020.128,0,4.040741710220101,0.8084665536880493,50,0,939.2998,623.90924,970.81604,656.2775,1020.128,-26.850946,11.903846,0.641420245860055,250.0597471078897,7.avi
1283,25,5.0,978,621,734.70416,0,32.1427106913095,0.1674999147653579,50,0,964.98334,607.77094,992.48676,634.4842,734.70416,-17.106377,0.49221182,5.0496621868865486,23.93344844240403,7.avi
1284,25,5.0,353,611,300.894,0,17.76221512624611,0.6617209315299988,41,0,344.59314,602.2959,361.86987,619.71204,300.894,-5.743046,-3.5863008,2.946041634790862,32.61640362131027,7.avi
1280,26,5.2,872,839,4382.435,0,41.94564231370589,0.8526586890220642,53,0,835.28186,809.8056,909.37427,868.9539,4382.435,11.3341465,-42.326874,7.098980774264411,2.7883101078771237,7.avi
1281,26,5.2,952,642,1220.5619,0,18.572029386865893,0.8152072429656982,52,0,935.8566,624.85345,970.0744,660.52374,1220.5619,-14.244908,12.728582,2.3603762095454366,11.58916107297307,7.avi
1283,26,5.2,980,619,656.5505,0,28.401203024139587,0.1589029282331466,52,0,967.14264,607.166,993.1198,632.4402,656.5505,1.4212456,-4.980363,5.188041662323028,25.40831175153454,7.avi
1284,26,5.2,353,610,368.05634,0,7.552854913896938,0.4644403457641601,43,0,343.46994,601.4816,363.12216,620.21014,368.05634,-1.0772524,-1.4357162,0.9608773100230812,17.358801075707788,7.avi
1280,27,5.4,872,832,4740.7373,0,15.717100648680804,0.8665004968643188,55,0,834.0135,801.0091,910.1774,863.253,4740.7373,1.721487,-37.64769,2.8128550848392977,202.70297085839093,7.avi
1281,27,5.4,947,645,1193.9778,0,12.806528818161086,0.8012419939041138,54,0,931.03625,627.8047,964.7068,663.2654,1193.9778,-22.87901,13.885041,3.125312099369032,175.7003301371767,7.avi
1283,27,5.4,971,623,690.2629,0,59.03893581996798,0.6013522744178772,54,0,957.9859,610.85376,984.55255,636.83606,690.2629,-33.754723,14.395244,10.306900478909208,204.00486243132687,7.avi
1284,27,5.4,354,609,452.84946,0,10.311077396389216,0.3581501245498657,45,0,343.38376,599.06323,365.45663,619.57935,452.84946,4.0748096,-6.194819,1.8096676559431504,59.46591937460192,7.avi
1280,28,5.6,873,822,4577.9653,0,14.018979027948305,0.8541605472564697,57,0,836.203,792.2188,911.57275,852.9589,4577.9653,7.291004,-45.388134,2.661142730694408,77.84677776848895,7.avi
1281,28,5.6,940,651,1169.4945,0,20.587442481495344,0.8265625238418579,56,0,924.053,633.7511,957.8015,668.4043,1169.4945,-31.988066,24.521511,4.252845215861845,219.2000773623913,7.avi
1283,28,5.6,962,631,718.8212,0,30.185801859160968,0.8051778078079224,56,0,948.9014,618.7099,976.483,644.77155,718.8212,-40.777752,33.689682,4.962518950952839,239.5047996778318,7.avi
1284,28,5.6,359,605,493.6038,0,29.663121147291847,0.2204177379608154,47,0,347.82858,595.1356,371.73093,615.7865,493.6038,21.553085,-16.276203,4.865671011138175,39.307813974652845,7.avi
1280,29,5.8,875,813,4590.8755,0,3.642036420719542,0.8533961176872253,59,0,837.9021,783.40155,914.0774,843.66876,4590.8755,9.766667,-45.296173,0.617349639551662,124.09541096398192,7.avi
1281,29,5.8,931,662,1341.4353,0,38.07582386666928,0.85162752866745,58,0,913.5331,643.85345,950.1697,680.4681,1341.4353,-42.288662,48.28485,6.976740653538948,239.6076478059842,7.avi
1283,29,5.8,952,641,833.39667,0,20.270772000295896,0.8377386331558228,58,0,937.4547,627.25323,967.1537,655.31476,833.39667,-49.363483,44.478935,3.576550635005257,224.82715214884985,7.avi
1284,29,5.8,364,602,503.3422,0,1.6938957403818635,0.1668311357498169,49,0,352.0533,592.0725,376.70767,612.4884,503.3422,22.66896,-15.989113,0.2247740452892678,113.7042095012646,7.avi
1280,30,6.0,875,804,4383.2695,0,14.648727569886994,0.841715395450592,61,0,837.84216,774.85986,912.9341,833.23193,4383.2695,-0.059387207,-46.950214,2.981291409295876,170.81363307653282,7.avi
1281,30,6.0,918,681,1325.5859,0,63.80111495502775,0.8439087867736816,60,0,900.1207,663.8176,936.69336,700.063,1325.5859,-61.467064,87.215836,10.649201001218342,239.5699193076348,7.avi
1283,30,6.0,936,659,873.1091,0,65.33777564215997,0.8332656025886536,60,0,921.192,645.57947,951.47424,674.41187,873.1091,-72.81752,82.23022,10.916051948174328,233.90116597114732,7.avi
1284,30,6.0,366,600,481.96146,0,16.828092088712538,0.3024727404117584,51,0,354.097,590.45123,378.37244,610.3051,481.96146,12.363485,-11.006647,3.055249867448641,197.47300516597969,7.avi
1285,30,6.0,1005,866,405.30658,0,52.38980019538333,0.3663272261619568,45,0,995.9169,856.4425,1015.8036,876.82336,405.30658,2.878034,-0.6717106,10.228577660989266,43.08761792469511,7.avi
1280,31,6.2,880,786,3785.4448,0,55.51968850827664,0.8420230746269226,63,0,845.76807,759.17804,915.4408,813.5098,3785.4448,20.048164,-78.917534,9.813442777943164,61.8898653388564,7.avi
1281,31,6.2,909,710,1042.7885,0,67.31142009079261,0.858113169670105,62,0,892.8646,694.9075,925.49304,726.86694,1042.7885,-49.678497,131.45851,11.001883718859828,285.2095936776444,7.avi
1284,31,6.2,366,600,516.2974,0,16.0634713409163,0.4000117480754852,53,0,354.33887,590.0211,379.3745,610.6437,516.2974,5.245797,-2.7163086,3.2640451169909257,213.956611502975,7.avi
1285,31,6.2,1005,870,403.99304,0,24.278962184178603,0.3892293274402618,47,0,995.1808,860.36206,1014.88184,880.86816,403.99304,-3.1284256,16.931978,3.784375740140973,247.7024976696424,7.avi
1288,31,6.2,889,743,1367.4763,0,0.0,0.8096820712089539,1,0,869.6852,726.12,909.6249,760.3585,1367.4763,0.0,0.0,0.0,0.0,7.avi
1280,32,6.4,882,783,2672.406,0,73.80620652502454,0.8274096250534058,65,0,854.3295,760.0422,911.3143,806.939,2672.406,13.155498,-29.188782,12.711271282360965,258.1324397879191,7.avi
1281,32,6.4,901,751,769.156,0,79.26139784715488,0.8092469573020935,64,0,887.39136,737.11145,914.9546,765.0166,769.156,-42.25649,184.86008,13.932316475976858,277.244162895488,7.avi
1284,32,6.4,366,600,503.60434,0,6.148474591169363,0.2135442197322845,55,0,354.6794,589.9634,379.16116,610.53406,503.60434,1.4553916,-0.9487189,1.9174841787750667,186.31390877196236,7.avi
1285,32,6.4,1003,873,354.43045,0,7.3021772796541216,0.6116566061973572,49,0,994.39197,863.33606,1012.61646,882.78406,354.43045,-6.624955,13.280146,1.7259423244646488,144.52992156298353,7.avi
1288,32,6.4,872,745,1131.8716,0,89.2306991273247,0.8279258608818054,3,0,855.3101,728.3573,888.8819,762.07227,1131.8716,-70.09586,7.8863215,17.74261177291429,185.6952956867292,7.avi
1280,33,6.6,881,787,2461.2866,0,59.04160311706738,0.8622482419013977,67,0,854.51086,764.353,908.22644,810.1737,2461.2866,-2.552699,7.7728424,10.353684567719428,244.5268094143182,7.avi
1281,33,6.6,901,760,687.3592,0,161.03036977942674,0.8017557263374329,66,0,888.6434,747.76434,914.63446,774.21027,687.3592,-7.9613,80.83196,29.232661280362468,73.54947092290718,7.avi
1284,33,6.6,366,600,534.62354,0,6.700991348774643,0.1889781504869461,57,0,353.74237,590.0087,378.7077,611.4234,534.62354,-2.338024,1.5784258,1.212798757037839,177.2134791740939,7.avi
1285,33,6.6,1001,875,334.5283,0,3.4464652561494926,0.612600564956665,51,0,993.0826,865.6383,1010.47064,884.8773,334.5283,-8.170958,11.520515,1.379586567972382,148.73193477467646,7.avi
1288,33,6.6,872,748,1305.9514,0,74.14793813614362,0.8122066259384155,5,0,854.1723,730.3776,890.2287,766.59735,1305.9514,-5.4219437,15.650055,13.975458095377114,355.0415422505974,7.avi
1280,34,6.8,881,794,2551.7705,0,31.622628830917325,0.8558356761932373,69,0,854.7302,770.81836,909.0261,817.8158,2551.7705,1.3704574,28.922266,5.184010507608153,271.56860657314684,7.avi
1284,34,6.8,366,601,530.50885,0,2.779540869034741,0.2288339138031005,59,0,353.8482,590.4592,378.60913,611.8844,530.50885,-0.52569914,2.11711,0.2446213833381219,7.454828718362023,7.avi
1285,34,6.8,999,876,339.62634,0,7.3925240286658145,0.4240682721138,53,0,991.1635,866.42413,1008.33136,886.20685,339.62634,-9.690014,6.727122,1.935088022428443,126.18242899738334,7.avi
1288,34,6.8,871,753,1322.4836,0,10.801893525339745,0.8140345215797424,7,0,853.6482,735.2679,890.12195,771.5263,1322.4836,-2.4730132,22.474602,1.3873727424896904,265.2001447121036,7.avi
1280,35,7.0,880,797,3019.883,0,15.314664693771398,0.8608046174049377,71,0,851.39435,772.04297,909.9179,823.64417,3019.883,-4.383602,20.238346,3.775133404403493,124.7586617243503,7.avi
1284,35,7.0,365,601,532.61664,0,3.2703233195835337,0.5186137557029724,61,0,353.4464,590.4099,378.5094,611.661,532.61664,-1.0857646,-0.035758495,1.2714605607528882,152.08671433695895,7.avi
1285,35,7.0,998,878,402.22598,0,8.524163235363064,0.1610543578863144,55,0,989.23413,868.22986,1008.0526,889.6039,402.22598,-6.4827156,11.557791,0.3889813173767283,299.3322874476198,7.avi
1288,35,7.0,874,751,1308.63,0,39.29478165044869,0.8208860158920288,9,0,856.43744,734.2527,893.4716,769.5885,1308.63,11.207332,-0.44621086,7.369522006501089,69.26161830366163,7.avi
1280,36,7.2,880,796,2680.626,0,30.32438714288877,0.8408343195915222,73,0,853.5987,771.873,907.789,821.3399,2680.626,-0.8666904,-0.08675575,5.895363429779947,87.85571927012444,7.avi
1284,36,7.2,367,600,497.66028,0,9.594430142354396,0.3814114332199096,63,0,355.21463,590.3302,379.56296,610.7694,497.66028,5.1756334,-1.8762107,1.6103423831416668,39.68545433005522,7.avi
1285,36,7.2,998,879,381.87622,0,12.706067342167694,0.2310477942228317,57,0,989.53064,869.3959,1008.25073,889.79517,381.87622,-0.5449338,5.2774925,2.3222139872527934,73.66323455077662,7.avi
1288,36,7.2,877,753,1366.6302,0,11.969025844782925,0.8146331310272217,11,0,858.3062,735.7182,895.7989,772.16876,1366.6302,10.655668,7.6782074,1.184959684125754,260.47994197821504,7.avi
1280,37,7.4,881,798,2742.486,0,10.968684312597937,0.8508086800575256,75,0,854.4912,772.8857,908.55005,823.6171,2742.486,2.9796603,6.306461,1.4901407994880005,288.7703899458091,7.avi
1284,37,7.4,369,599,460.01453,0,5.0000451712691305,0.2674270868301391,65,0,357.35742,589.7698,380.8012,609.39185,460.01453,7.6962395,-4.15965,1.3082281972106264,63.87368605785008,7.avi
1285,37,7.4,998,882,362.25058,0,11.33034541714528,0.466757982969284,59,0,989.5096,872.77997,1007.8559,892.5251,362.25058,-0.9254378,12.975173,1.5591079764711735,239.909860320873,7.avi
1288,37,7.4,877,757,1516.9321,0,11.571311243354554,0.8217880129814148,13,0,858.1426,737.9652,897.75635,776.2583,1516.9321,5.9090176,13.957321,2.661091132581287,214.85647755667216,7.avi
1289,37,7.4,642,348,500.87326,0,0.0,0.5149409174919128,1,0,630.97485,336.90247,653.24036,359.39795,500.87326,0.0,0.0,0.0,0.0,7.avi
1280,38,7.6,882,798,2584.953,0,3.777913781837484,0.8370839357376099,77,0,856.24023,774.01984,908.2733,823.6989,2584.953,3.5187597,3.7938468,1.5171807209417378,94.40683738083897,7.avi
1284,38,7.6,367,597,448.45636,0,17.5249411934667,0.237857386469841,67,0,356.07608,588.14355,379.2462,607.49854,448.45636,-3.6778831,-7.7280426,4.019034484851546,154.20486790417146,7.avi
1285,38,7.6,996,889,352.3239,0,25.89420540963276,0.3148361444473266,61,0,986.8885,879.4616,1005.1612,898.7431,352.3239,-10.435965,27.80051,4.507685127309933,236.3516750468332,7.avi
1288,38,7.6,878,757,1427.7272,0,12.907361097342513,0.7872959971427917,15,0,859.05237,739.2188,897.49817,776.3549,1427.7272,2.6169221,5.8181086,3.115825645395824,111.28932515802056,7.avi
1289,38,7.6,630,351,524.06274,0,58.54815919164184,0.2467750012874603,3,0,619.43005,339.9284,642.4701,362.67413,524.06274,-44.54095,12.579032,12.4384651603326,193.24475382622316,7.avi
1280,39,7.8,881,805,2548.3665,0,34.61212376153146,0.8392475247383118,79,0,855.686,780.4772,906.6613,830.46936,2548.3665,-3.353355,26.312296,5.727805732899646,249.9841879102363,7.avi
1284,39,7.8,366,595,514.48,0,4.353111159843665,0.2889489531517029,69,0,354.68228,584.8359,378.71445,606.24384,514.48,-4.551714,-10.557224,1.5758973219911805,125.96757864683887,7.avi
1285,39,7.8,994,897,369.254,0,14.746438395028422,0.3205608129501343,63,0,984.83813,887.4245,1003.6205,907.08405,369.254,-9.314173,37.76835,2.338356558023248,271.5286018333038,7.avi
1288,39,7.8,875,762,1500.077,0,28.974982719857483,0.7207011580467224,17,0,855.55817,743.482,894.8172,781.6917,1500.077,-11.270748,19.803345,4.871257666802534,218.75701333547937,7.avi
1280,40,8.0,879,807,2544.6147,0,17.164469366086976,0.7854437232017517,81,0,854.0483,782.76263,904.5754,833.1241,2544.6147,-7.934557,15.573072,4.026731726247427,111.91639438825746,7.avi
1284,40,8.0,364,595,549.3692,0,15.136013340664018,0.4773257076740265,71,0,352.24664,584.42096,376.5589,607.0174,549.3692,-9.879395,-1.7470913,2.3805338689462494,221.3140310865599,7.avi
1280,41,8.2,874,802,4773.628,0,50.128462628626814,0.8085181713104248,83,0,840.95416,766.95703,907.2299,838.9839,4773.628,-21.906507,-15.531109,9.793980378630092,112.35393530612816,7.avi
1284,41,8.2,361,597,547.0342,0,13.269288809147447,0.2291376888751983,73,0,349.97784,586.2002,373.84637,609.1188,547.0342,-11.859137,7.0590963,2.166494421500765,228.8058751023011,7.avi
1280,42,8.4,866,820,3696.8774,0,115.3956184040444,0.7997117042541504,85,0,837.4715,788.3104,895.73517,851.7612,3696.8774,-33.85741,62.047726,20.474809196131726,259.5582899899661,7.avi
1285,42,8.4,976,924,663.9526,0,94.84851047159404,0.2311036139726638,67,0,962.99066,912.45197,989.6589,937.3488,663.9526,-15.769909,20.806559,19.869920296344315,110.78877282588128,7.avi
1280,43,8.6,864,827,2866.796,0,35.062652589364795,0.8213993906974792,87,0,838.3192,800.0546,889.78955,855.7526,2866.796,-17.617794,44.580452,6.857520166038716,52.56781209627235,7.avi
1285,43,8.6,971,929,535.06757,0,8.889899203478432,0.4290276765823364,69,0,959.7761,918.11456,983.54285,940.62787,535.06757,-21.726376,22.026531,2.171653225951352,178.37174721685938,7.avi
1288,43,8.6,856,787,1127.8396,0,78.71365676482512,0.7061234712600708,22,0,839.9084,770.32776,873.6866,803.7174,1127.8396,-8.810274,10.811571,15.5593009826779,77.55215260196218,7.avi
1280,44,8.8,862,831,2916.044,0,33.03903193127374,0.8459740877151489,89,0,836.2578,803.4836,888.6653,859.1253,2916.044,-10.192257,23.368961,6.002284138306655,75.83177628338711,7.avi
1284,44,8.8,345,606,556.1407,0,10.362895816417891,0.3419075310230255,77,0,333.8289,594.4255,357.40457,618.0151,556.1407,-13.840149,7.1453443,2.6843201210887067,177.21618404674268,7.avi
1285,44,8.8,969,933,521.478,0,12.436182027143678,0.4063848853111267,71,0,958.0825,921.88153,980.8668,944.7691,521.478,-13.3260355,20.271915,1.8560500278472616,24.732898891352026,7.avi
1288,44,8.8,855,785,1266.3541,0,21.675485265986108,0.8034464716911316,24,0,837.6058,767.779,873.476,803.0827,1266.3541,-6.7639675,-4.385891,4.185025213791864,90.484660679699,7.avi
1280,45,9.0,865,833,2589.4097,0,30.1503492484674,0.8366561532020569,91,0,840.5741,807.3678,889.8563,859.9103,2589.4097,8.238005,14.372625,5.460566859089685,33.052218842045704,7.avi
1284,45,9.0,342,608,491.50668,0,3.0773729825332223,0.3488327264785766,79,0,331.7858,596.5148,353.14432,619.527,491.50668,-15.35212,8.609519,0.9182780333224588,202.44849224020385,7.avi
1280,46,9.2,869,836,2639.2354,0,12.57944113497602,0.7998020052909851,93,0,843.8726,809.79877,894.1932,862.24725,2639.2354,16.584183,12.48609,2.1980416957644384,13.511451370352631,7.avi
1284,46,9.2,339,607,518.5558,0,11.662715076185238,0.4335867464542389,81,0,329.14508,595.6898,350.66675,619.7844,518.5558,-13.364068,0.8110385,2.7710408172695327,98.18730325572824,7.avi
1288,46,9.2,858,793,1626.8064,0,64.5704764251855,0.5125407576560974,27,0,838.9178,772.78894,878.82086,813.55786,1626.8064,6.343337,14.022116,12.10500636945653,302.5754637311988,7.avi
1280,47,9.4,873,838,2503.4944,0,5.107540782033005,0.8446747660636902,95,0,848.60004,812.49646,897.6197,863.56775,2503.4944,19.507608,10.608894,0.8327424430545798,38.659152410822855,7.avi
1284,47,9.4,339,608,486.844,0,12.702277415082598,0.269123375415802,83,0,329.1738,596.36115,349.74997,620.02167,486.844,-4.7984056,1.9334786,1.7697709554878998,356.7398268760739,7.avi
1280,48,9.6,874,843,2521.7798,0,24.359854807618337,0.8258184790611267,97,0,849.37585,818.1126,899.121,868.8067,2521.7798,8.88131,23.32288,4.1435576265150695,223.38370520445727,7.avi
1284,48,9.6,340,606,504.11984,0,12.864542178814196,0.2351809740066528,85,0,329.6777,594.92993,350.5815,619.04614,504.11984,1.4598165,-4.1812162,2.981634039704777,59.84487257000711,7.avi
1288,48,9.6,863,800,1574.4993,0,7.511914179030714,0.5745729207992554,30,0,843.5631,779.9955,882.5957,820.3336,1574.4993,7.077549,11.437802,1.6195420537184335,78.43640750113474,7.avi
1280,49,9.8,873,844,2329.1443,0,26.53581713266628,0.8430238366127014,99,0,849.149,820.1508,897.12823,868.6956,2329.1443,-2.2182808,9.088957,5.11445372007584,126.25600652694676,7.avi
1284,49,9.8,342,605,474.41684,0,10.59131084764124,0.2390217036008834,87,0,332.05746,594.3351,352.50693,617.53455,474.41684,8.615805,-5.015722,1.9539888016757865,36.11855938745833,7.avi
1280,50,10.0,872,846,2450.2686,0,3.7592397544994194,0.8489782214164734,101,0,847.6522,821.599,896.6333,871.6238,2450.2686,-4.3418794,10.513408,0.735557448806974,160.87194844166538,7.avi
1284,50,10.0,344,605,488.38672,0,7.020109160342567,0.3951119780540466,89,0,334.38794,594.14386,355.1209,617.6999,488.38672,11.496576,-1.2073524,0.0685700575941271,265.5074185200847,7.avi
1288,50,10.0,862,805,1399.9214,0,23.996241030830227,0.2646317780017853,33,0,844.6612,786.19965,881.1285,824.5881,1399.9214,-0.97234726,8.470454,5.698695813111964,159.16154414037717,7.avi
1280,51,10.2,871,847,2513.1218,0,8.850288762627182,0.8275643587112427,103,0,846.59143,821.8055,896.16626,872.49896,2513.1218,-3.9402015,4.5067167,1.735877727411701,99.09568774548433,7.avi
1284,51,10.2,346,607,538.02655,0,7.843719286271959,0.3546235263347626,91,0,335.71265,594.7516,357.6466,619.281,538.02655,10.057698,3.9303858,1.688686660317581,231.3911297949724,7.avi
1280,52,10.4,869,847,2433.9163,0,4.383281635056909,0.8106095790863037,105,0,845.3949,822.8837,894.38086,872.56976,2433.9163,-6.643794,3.2495794,1.908077243647132,146.48377732711475,7.avi
1288,52,10.4,864,806,1657.8656,0,24.592197124180107,0.6457067728042603,36,0,845.0761,785.4938,884.741,827.2905,1657.8656,3.7457972,1.0510678,4.784030312399903,69.33196271263023,7.avi
1280,53,10.6,870,848,2614.406,0,11.426193727074176,0.8015264272689819,107,0,845.05225,822.59485,896.0934,873.8164,2614.406,1.1005955,2.591741,1.4892724333498806,14.64962130613918,7.avi
1280,54,10.8,873,832,4882.9463,0,92.74673592140635,0.8663040399551392,109,0,840.4572,796.02625,907.2045,869.1819,4882.9463,12.784539,-59.40468,16.869007074843935,82.48203111649116,7.avi
1280,55,11.0,878,837,5272.1045,0,96.4473641839969,0.8605281114578247,111,0,843.41736,800.51025,914.5182,874.6599,5272.1045,22.70712,5.4456253,16.356507987498418,275.65676962934015,7.avi
1280,56,11.2,882,847,4824.9204,0,50.75977672609955,0.8857761025428772,113,0,848.4294,812.72,917.52264,882.552,4824.9204,20.656385,39.912273,8.461487683726814,259.7255764456421,7.avi
1280,57,11.4,887,854,4914.729,0,8.384892991425051,0.8946950435638428,115,0,852.5271,819.2022,922.6947,889.24493,4914.729,22.593157,34.54764,1.6220221710410327,93.79299296909868,7.avi
1290,0,0.0,57,181,19112.762,0,0.0,0.838482141494751,1,0,0.22200012,98.1767,115.21178,264.3894,19112.762,0.0,0.0,0.0,0.0,8.avi
1291,0,0.0,123,437,1222.1759,0,0.0,0.8327423334121704,1,0,107.460495,417.82324,138.86272,456.7433,1222.1759,0.0,0.0,0.0,0.0,8.avi
1292,0,0.0,625,754,519.5593,0,0.0,0.7381551861763,1,0,611.9785,744.6825,638.4131,764.33704,519.5593,0.0,0.0,0.0,0.0,8.avi
1293,0,0.0,826,900,783.7771,0,0.0,0.6606616973876953,1,0,809.88916,888.72644,842.23804,912.9553,783.7771,0.0,0.0,0.0,0.0,8.avi
1292,1,0.2,613,755,780.58044,0,61.4490002601946,0.6839273571968079,3,0,594.5878,745.0036,631.5579,766.1174,780.58044,-48.394848,4.1945386,12.205649775344602,182.30187811749477,8.avi
1293,1,0.2,810,896,904.75275,0,79.63755268091681,0.3374559879302978,3,0,793.298,883.54846,828.58374,909.1892,904.75275,-60.370285,-17.85242,16.777167021228042,163.22944052102548,8.avi
1294,1,0.2,83,320,26184.734,0,0.0,0.8817020654678345,1,0,3.3911438,238.70105,163.91,401.82666,26184.734,0.0,0.0,0.0,0.0,8.avi
1292,2,0.4,595,750,806.6099,0,53.82656639469735,0.5006334781646729,5,0,577.4589,738.7312,612.9936,761.4304,806.6099,-85.79556,-24.739237,10.555112902880223,142.67858293849463,8.avi
1293,2,0.4,795,890,946.9559,0,22.886402040446296,0.6787780523300171,5,0,777.734,876.91925,812.44543,904.20013,946.9559,-77.6661,-28.10353,4.773155430390441,144.1075061243705,8.avi
1295,2,0.4,95,436,31966.037,0,0.0,0.9246498346328736,1,0,2.6175385,349.79492,187.84178,522.3751,31966.037,0.0,0.0,0.0,0.0,8.avi
1292,3,0.6,568,741,671.9105,0,55.52718062214165,0.5430132746696472,7,0,553.45544,730.6412,584.016,752.6274,671.9105,-121.5797,-38.15603,10.882482676358611,157.68002764608275,8.avi
1293,3,0.6,770,885,719.88574,0,52.430184078181256,0.8129616379737854,7,0,755.749,872.6845,784.55054,897.67914,719.88574,-113.73925,-27.172224,9.556713461038,180.3659292123084,8.avi
1295,3,0.6,92,520,27105.576,0,425.4177953663092,0.6430360674858093,3,0,-0.5665283,447.66406,186.0419,592.91785,27105.576,-9.948007,336.1515,83.977105458964,267.7959286058716,8.avi
1292,4,0.8,535,735,589.7608,0,52.64597186852923,0.4108638763427734,9,0,521.43146,725.0009,549.0743,746.336,589.7608,-156.7662,-31.763535,9.472409100012069,186.04143154056385,8.avi
1293,4,0.8,746,879,542.78217,0,7.859855857552231,0.7961696982383728,9,0,733.89325,868.09094,758.373,890.2637,542.78217,-118.6095,-29.360342,1.588691286691143,151.93748328974954,8.avi
1296,4,0.8,224,654,34960.93,0,0.0,0.9043017029762268,1,0,126.01894,566.0891,323.3024,743.3008,34960.93,0.0,0.0,0.0,0.0,8.avi
1297,5,1.0,196,813,3022.487,0,0.0,0.755890965461731,1,0,172.03796,782.86005,221.73392,843.6796,3022.487,0.0,0.0,0.0,0.0,8.avi
1298,5,1.0,324,793,19529.887,0,0.0,0.8687270879745483,1,0,248.97269,728.96826,399.421,858.77954,19529.887,0.0,0.0,0.0,0.0,8.avi
1299,6,1.2,350,954,30686.586,0,0.0,0.7590804100036621,1,0,239.25867,885.6675,461.0907,1024.0,30686.586,0.0,0.0,0.0,0.0,8.avi
1300,6,1.2,625,880,583.5123,0,0.0,0.6587591171264648,1,0,613.85205,868.5342,637.82776,892.8718,583.5123,0.0,0.0,0.0,0.0,8.avi
1301,0,0.0,414,511,6590.447,0,0.0,0.8706892132759094,1,0,374.62943,469.92993,453.98624,552.9782,6590.447,0.0,0.0,0.0,0.0,10.avi
1302,0,0.0,47,540,1912.0356,0,0.0,0.7617213726043701,1,0,22.145615,521.81287,72.50861,559.77795,1912.0356,0.0,0.0,0.0,0.0,10.avi
1303,0,0.0,53,502,2173.3762,0,0.0,0.696103036403656,1,0,27.201859,481.80212,78.99422,523.7654,2173.3762,0.0,0.0,0.0,0.0,10.avi
1302,1,0.2,87,548,5881.883,0,205.9829224928316,0.8843772411346436,3,0,52.400467,506.65768,122.265564,590.8468,5881.883,159.70421,31.763853,40.32175579059689,349.7072635811562,10.avi
1304,1,0.2,332,556,2039.47,0,0.0,0.7243091464042664,1,0,310.0532,533.0653,354.41092,579.0431,2039.47,0.0,0.0,0.0,0.0,10.avi
1305,1,0.2,307,524,2340.3162,0,0.0,0.7107325196266174,1,0,284.08453,499.5935,330.51587,549.9973,2340.3162,0.0,0.0,0.0,0.0,10.avi
1302,2,0.4,149,523,4139.049,0,226.20931771180997,0.7609377503395081,5,0,119.24195,489.71506,179.70886,558.1665,4139.049,298.00092,-110.94122,43.75360230050731,47.20330898104953,10.avi
1306,2,0.4,170,560,1751.4414,0,0.0,0.6732626557350159,1,0,150.92447,538.33765,190.7463,582.3196,1751.4414,0.0,0.0,0.0,0.0,10.avi
1306,3,0.6,143,567,516.4252,0,142.4064054228392,0.4971533119678497,3,0,132.66765,555.0437,154.21712,579.0083,516.4252,-109.35329,26.736053,28.623700600769016,193.47800833068376,10.avi
1307,3,0.6,128,525,11798.336,0,0.0,0.5663676857948303,1,0,74.20264,471.1419,182.36212,580.2247,11798.336,0.0,0.0,0.0,0.0,10.avi
1307,4,0.8,82,509,11418.023,0,242.8852034799751,0.7756738066673279,3,0,27.585518,458.0217,138.34784,561.10754,11418.023,-180.901,-64.346016,49.19746677900368,160.17741996175153,10.avi
1307,5,1.0,62,508,11727.963,0,102.8968443479128,0.7269482016563416,5,0,4.6242332,457.8451,120.95639,558.65955,11727.963,-107.61739,-11.425472,18.953746540915983,323.3854255277846,10.avi
1308,5,1.0,118,502,1276.0114,0,0.0,0.5048021674156189,1,0,103.992966,481.1651,133.91231,523.8135,1276.0114,0.0,0.0,0.0,0.0,10.avi
1307,6,1.2,44,487,10507.376,0,102.96426947010065,0.7317874431610107,7,0,-6.3434715,436.62274,96.204025,539.08624,10507.376,-93.568794,-80.88434,19.163136116705825,81.8001568684831,10.avi
1308,6,1.2,109,494,1664.0477,0,62.74397803857904,0.5874502658843994,3,0,90.41939,472.6473,127.82779,517.13055,1664.0477,-39.237705,-30.340746,13.081398778670858,139.53685723436854,10.avi
1308,7,1.4,97,516,2573.4631,0,147.78417607474816,0.5734233856201172,5,0,72.334206,491.7465,123.35856,542.18243,2573.4631,-54.94258,98.53284,27.513513879650876,261.05906266197417,10.avi
1308,8,1.6,83,538,10355.365,0,22.85854319673801,0.8616956472396851,7,0,31.92448,487.61807,134.20876,588.85913,10355.365,-69.48126,104.54412,4.080355874703032,199.00810229485396,10.avi
1308,9,1.8,61,587,11447.097,0,165.98815661328732,0.8503910899162292,9,0,7.5526695,534.05457,114.812225,640.77783,11447.097,-100.142136,213.0513,29.026232726621945,253.65132016241915,10.avi
1308,10,2.0,60,590,10969.676,0,249.8824746318869,0.8115645051002502,11,0,7.2627945,538.87897,113.88011,641.7673,10969.676,-25.45166,60.32968,44.241278472833095,64.78717838261292,10.avi
1309,10,2.0,45,547,1200.0365,0,0.0,0.6352109313011169,1,0,28.812881,529.536,63.04329,564.5936,1200.0365,0.0,0.0,0.0,0.0,10.avi
1310,11,2.2,118,564,11672.904,0,0.0,0.8684866428375244,1,0,71.43361,502.5963,165.73453,626.3799,11672.904,0.0,0.0,0.0,0.0,10.avi
1310,12,2.4,164,549,8249.802,0,242.29634734098215,0.8586557507514954,3,0,114.26865,508.17346,214.06308,590.84143,8249.802,181.96326,-59.803116,47.98424779513056,18.83080640741508,10.avi
1311,12,2.4,782,398,201.83508,0,0.0,0.6322409510612488,1,0,774.9161,391.98508,789.3249,405.99283,201.83508,0.0,0.0,0.0,0.0,10.avi
1310,13,2.6,179,557,2567.2378,0,150.4639664428084,0.5959343910217285,5,0,153.30444,533.6653,206.58835,581.8456,2567.2378,87.57776,32.73461,29.037839482671792,222.0613068810554,10.avi
1312,13,2.6,219,625,1132.182,0,0.0,0.7356371879577637,1,0,203.91777,607.454,236.01329,642.7294,1132.182,0.0,0.0,0.0,0.0,10.avi
1313,13,2.6,233,578,1825.1764,0,0.0,0.8324430584907532,1,0,211.9744,557.5952,255.24948,599.77136,1825.1764,0.0,0.0,0.0,0.0,10.avi
1312,14,2.8,226,648,4173.072,0,123.9483925855905,0.8641061186790466,3,0,192.49254,617.75336,259.52448,680.00836,4173.072,24.123663,94.96684,23.68979076863554,284.7575099484157,10.avi
1313,14,2.8,220,592,1593.512,0,93.57086796855762,0.779346764087677,3,0,202.05402,571.0494,239.76889,613.30096,1593.512,-50.700554,53.859787,19.042575253553693,224.37187395531845,10.avi
1314,14,2.8,262,603,2478.1716,0,0.0,0.6678519248962402,1,0,239.20569,576.9472,285.78534,630.1501,2478.1716,0.0,0.0,0.0,0.0,10.avi
1312,15,3.0,229,680,1896.3806,0,63.82469658194611,0.5091262459754944,5,0,206.19904,659.91504,253.24792,700.2217,1896.3806,19.041874,150.80545,12.263591630767005,261.4027804254385,10.avi
1313,15,3.0,220,639,1777.7249,0,198.7630635785404,0.5616163611412048,5,0,200.4164,617.5179,240.18376,662.221,1777.7249,-7.067322,222.93164,37.215272311425565,284.3580265836784,10.avi
1315,15,3.0,255,652,1371.0321,0,0.0,0.6008725762367249,1,0,237.7786,633.1233,272.82773,672.2407,1371.0321,0.0,0.0,0.0,0.0,10.avi
1313,16,3.2,215,656,5179.933,0,158.6795278479469,0.7942245602607727,7,0,182.76724,617.1436,249.20892,695.10565,5179.933,-18.182627,114.287285,28.719948339681785,97.7775844831358,10.avi
1314,16,3.2,264,627,1379.9662,0,120.659040299144,0.7576680779457092,4,0,245.64255,609.25385,283.32016,645.87946,1379.9662,3.2554736,39.373753,23.499564438449895,273.67069349847714,10.avi
1315,16,3.2,260,677,2102.6118,0,129.14800034395097,0.8436325788497925,3,0,239.84206,652.6261,281.85822,702.66907,2102.6118,22.14358,99.66293,24.76741977447302,280.9316459235268,10.avi
1313,17,3.4,201,654,5749.5503,0,149.57261131385363,0.7110966444015503,9,0,165.88339,614.5631,237.35748,695.0055,5749.5503,-59.373024,21.40622,27.44019179897966,114.43645568767522,10.avi
1314,17,3.4,240,630,1094.9563,0,142.4856408294444,0.3480685949325561,6,0,222.98506,614.71747,257.04578,646.8647,1094.9563,-100.170654,20.224709,25.71475760045485,167.78349433814526,10.avi
1315,17,3.4,239,674,1633.2395,0,180.01270926522142,0.8385444283485413,5,0,220.35068,653.2743,259.19443,695.3207,1633.2395,-94.65291,-6.9516068,35.30726874582746,138.09813220250385,10.avi
1313,18,3.6,184,653,6114.332,0,44.78366242949166,0.8897536396980286,11,0,147.37704,611.88354,220.79666,695.16284,6114.332,-81.14067,0.08714676,8.35497040755236,133.44946343783374,10.avi
1314,18,3.6,233,619,1229.2638,0,114.62873608204043,0.8201400637626648,8,0,215.93007,602.82263,251.88585,637.01086,1229.2638,-46.28877,-37.497463,20.50038989940018,50.57648819012917,10.avi
1315,18,3.6,235,663,1730.8691,0,98.67180121884306,0.8558939695358276,7,0,215.98206,641.2354,255.3497,685.2022,1730.8691,-37.806023,-44.10456,17.280101033511087,34.98262394317118,10.avi
1313,19,3.8,175,623,3807.7495,0,174.9158186664755,0.7823522686958313,13,0,146.83078,590.058,203.74619,656.95984,3807.7495,-52.56543,-115.41641,31.364456998022472,76.83906232003073,10.avi
1314,19,3.8,213,621,1260.4937,0,78.99683698199284,0.5738681554794312,10,0,196.05853,603.729,231.77573,639.0199,1260.4937,-87.52626,-3.082981,14.470354781255356,216.3792523432705,10.avi
1316,19,3.8,171,571,3284.8032,0,0.0,0.6676426529884338,1,0,144.6796,541.6024,199.27094,601.7732,3284.8032,0.0,0.0,0.0,0.0,10.avi
1313,20,4.0,182,561,2132.2075,0,243.4057494758209,0.4492030441761017,15,0,160.89902,537.05237,204.7786,585.64465,2132.2075,16.905487,-265.70508,43.02406036015447,66.40004587489591,10.avi
1316,20,4.0,151,565,1444.3993,0,110.01762186545707,0.6626636981964111,3,0,132.94626,545.7466,169.0961,585.7025,1444.3993,-83.64905,-23.8054,22.01564218885288,162.3155103714687,10.avi
1317,20,4.0,147,516,2257.3816,0,0.0,0.7214403748512268,1,0,124.16516,492.4527,171.76422,539.8776,2257.3816,0.0,0.0,0.0,0.0,10.avi
1318,20,4.0,195,516,1879.2883,0,0.0,0.6989021897315979,1,0,173.80774,495.35455,217.8064,538.06696,1879.2883,0.0,0.0,0.0,0.0,10.avi
1313,21,4.2,159,499,1418.675,0,159.19325384956863,0.252623051404953,17,0,141.54764,479.81754,177.20651,519.6022,1418.675,-86.33078,-298.3866,28.73501933650414,161.31122269966863,10.avi
1316,21,4.2,106,559,2094.9568,0,145.98201644521424,0.7812183499336243,5,0,83.2676,536.46466,129.41887,581.858,2094.9568,-211.62706,-32.057602,28.359416764209048,176.02999982668928,10.avi
1317,21,4.2,157,543,1828.5815,0,147.08320208661894,0.5790460109710693,3,0,134.60826,523.5013,179.60893,564.1358,1828.5815,36.502644,110.392815,28.31510873763301,288.60841499274045,10.avi
1316,22,4.4,85,564,1035.6672,0,135.62628293026867,0.1884128451347351,7,0,69.64225,547.7872,101.54546,580.24994,1035.6672,-128.88712,11.155785,23.807948302688253,331.8007675306742,10.avi
1319,22,4.4,105,545,1031.6818,0,0.0,0.6618129014968872,1,0,89.16754,530.23303,122.11084,561.5499,1031.6818,0.0,0.0,0.0,0.0,10.avi
1315,23,4.6,131,529,1826.852,0,48.09644277174916,0.7329061031341553,13,0,112.22919,506.56982,151.3919,553.2175,1826.852,-33.97246,-44.51006,8.957128896305907,12.280430184386203,10.avi
1319,23,4.6,96,557,1837.4951,0,75.86177626202293,0.6125309467315674,3,0,74.03502,537.5406,119.175095,578.24713,1837.4951,-36.06442,47.913803,14.707590717684049,229.0508603110557,10.avi
1320,23,4.6,99,486,1462.6084,0,0.0,0.5123953223228455,1,0,80.01959,467.55093,119.29184,504.79373,1462.6084,0.0,0.0,0.0,0.0,10.avi
1315,24,4.8,116,523,1783.8378,0,51.75370754393361,0.621036171913147,15,0,96.316345,501.0578,136.14648,545.84393,1783.8378,-70.32676,-34.332684,9.237029570694832,192.55783993466656,10.avi
1319,24,4.8,86,553,2783.3296,0,76.38354060683176,0.1646091192960739,5,0,60.917713,525.84454,111.927795,580.4089,2783.3296,-49.661777,-17.796303,14.86874143445814,103.18766604522853,10.avi
1320,24,4.8,83,501,1113.6272,0,113.38609139819324,0.4230203628540039,3,0,66.93791,483.89737,99.06265,518.5631,1113.6272,-66.488754,60.111305,22.299609620453527,221.6769134799905,10.avi
1309,25,5.0,56,536,1651.2935,0,76.99562004053855,0.7419959306716919,17,0,36.79052,515.7358,77.01424,556.7885,1651.2935,0.4916025,-0.48391435,14.96240930178489,47.68950995430396,10.avi
1315,25,5.0,103,518,1696.7976,0,15.952151175308764,0.700034499168396,17,0,84.285095,497.21777,123.57539,540.40393,1696.7976,-63.472202,-25.681778,1.6430206480215517,300.5017236801995,10.avi
1319,25,5.0,70,583,3422.347,0,191.34403500894388,0.8172443509101868,7,0,42.211002,553.7092,99.72421,613.2146,3422.347,-70.84062,112.18243,34.05673256263998,259.01360138039945,10.avi
1321,25,5.0,129,564,2634.6692,0,0.0,0.7199442982673645,1,0,107.53706,534.33716,151.26619,594.5869,2634.6692,0.0,0.0,0.0,0.0,10.avi
1321,26,5.2,101,566,9444.383,0,139.98578406491433,0.8812673091888428,3,0,53.63531,517.7538,149.92377,615.838,9444.383,-110.26779,9.316908,28.443236905093592,183.0995710685613,10.avi
1321,27,5.4,55,572,4718.2866,0,129.61186237678444,0.7925975322723389,5,0,22.745838,536.0088,87.54558,608.82214,4718.2866,-222.82397,26.516745,24.95064094458216,187.6945707849361,10.avi
1321,28,5.6,26,573,4968.6313,0,89.0178230488527,0.742544949054718,7,0,-4.4335327,533.00195,56.543472,614.4856,4968.6313,-163.48392,11.2732525,16.124996817693912,17.01604540698861,10.avi
1321,29,5.8,21,577,4327.652,0,157.25515222547108,0.723802924156189,9,0,-5.9245872,537.9343,48.16598,617.9418,4327.652,-56.920097,18.718449,27.659955225892016,357.92482485992826,10.avi
1322,0,0.0,66,328,18651.203,0,0.0,0.9156323671340942,1,0,2.4600983,256.06403,130.64685,401.56427,18651.203,0.0,0.0,0.0,0.0,11.avi
1323,0,0.0,907,587,1437.8195,0,0.0,0.8494822978973389,1,0,886.60144,570.75415,929.12537,604.56616,1437.8195,0.0,0.0,0.0,0.0,11.avi
1323,1,0.2,889,589,1142.3977,0,92.54836777196924,0.8391330242156982,3,0,871.83264,573.9756,907.5342,605.9741,1142.3977,-72.574905,9.240192,18.91092716127876,184.06282370743088,11.avi
1324,1,0.2,135,427,10975.753,0,0.0,0.8533710837364197,1,0,84.81874,372.51825,185.21083,481.8471,10975.753,0.0,0.0,0.0,0.0,11.avi
1323,2,0.4,868,592,1152.4397,0,33.921094586063475,0.8586053848266602,5,0,851.1215,575.66406,886.21075,608.5072,1152.4397,-102.34996,10.443398,7.170644959036547,181.41542237176304,11.avi
1325,2,0.4,238,494,1866.5718,0,0.0,0.7506836652755737,1,0,218.22525,470.8164,258.07944,517.6514,1866.5718,0.0,0.0,0.0,0.0,11.avi
1326,2,0.4,197,466,3191.531,0,0.0,0.5497025847434998,1,0,169.5505,437.9179,226.23471,494.22162,3191.531,0.0,0.0,0.0,0.0,11.avi
1327,2,0.4,847,872,517.73584,0,0.0,0.665496826171875,1,0,835.53186,861.3967,859.3871,883.1,517.73584,0.0,0.0,0.0,0.0,11.avi
1328,2,0.4,172,518,2266.0303,0,0.0,0.5919694900512695,1,0,148.52518,494.29962,196.27243,541.7585,2266.0303,0.0,0.0,0.0,0.0,11.avi
1323,3,0.6,845,593,950.89624,0,13.63282551395921,0.8416499495506287,7,0,830.3033,577.9561,861.6871,608.25507,950.89624,-110.79033,6.344931,3.405070111456856,159.82596265458312,11.avi
1326,3,0.6,197,487,14864.395,0,108.12289063241636,0.9207378625869752,3,0,138.25232,425.2128,257.6109,549.7484,14864.395,0.1557241,85.4725,20.94926164282772,267.5579953114786,11.avi
1327,3,0.6,836,867,506.76392,0,59.353508062543256,0.4758016765117645,3,0,825.30835,856.14264,848.51855,877.97626,506.76392,-42.099785,-20.714079,12.6041545852263,155.39257745400278,11.avi
1323,4,0.8,818,593,780.2755,0,32.14284461313644,0.7801457643508911,9,0,804.09576,579.99445,832.2496,607.70917,780.2755,-132.53261,4.338414,5.996761926580896,166.74889497834613,11.avi
1326,4,0.8,181,490,15887.164,0,112.23008403373647,0.7527704834938049,5,0,120.58927,425.47327,242.76706,555.5064,15887.164,-74.413475,20.974182,22.364458878278228,139.3293714232242,11.avi
1328,4,0.8,163,532,1932.5806,0,83.81038971566038,0.5450078248977661,4,0,140.10382,511.99142,187.4809,552.7829,1932.5806,-14.108934,23.537857,16.838197014395785,236.06973260988383,11.avi
1329,5,1.0,434,534,2286.193,0,0.0,0.7973542213439941,1,0,412.68732,508.9298,456.57733,561.0189,2286.193,0.0,0.0,0.0,0.0,11.avi
1330,5,1.0,86,550,19682.465,0,0.0,0.8766046166419983,1,0,9.672302,486.68384,163.70447,614.46533,19682.465,0.0,0.0,0.0,0.0,11.avi
1323,6,1.2,735,613,561.3105,0,89.95106805065053,0.760223925113678,12,0,723.385,601.9774,747.0298,625.7167,561.3105,-138.6693,35.313442,16.943656158046686,257.549186863193,11.avi
1328,6,1.2,160,525,4726.669,0,109.71431133485666,0.5788788795471191,7,0,123.42053,493.92914,198.1854,557.1496,4726.669,-4.345479,-13.85183,22.0116386590032,77.74300549779605,11.avi
1331,6,1.2,270,573,1811.8138,0,0.0,0.7270317673683167,1,0,250.23584,551.10706,290.41772,596.1974,1811.8138,0.0,0.0,0.0,0.0,11.avi
1323,7,1.4,710,615,1237.7747,0,34.929241731788046,0.8651398420333862,14,0,691.99713,598.50183,728.4118,632.4929,1237.7747,-128.21097,14.586426,6.427133487757409,66.85263550341364,11.avi
1325,7,1.4,269,530,23681.98,0,239.3246411644676,0.9412911534309388,7,0,190.65668,455.30298,348.1789,605.64355,23681.98,10.734919,12.442695,47.23124572119595,310.77722769055,11.avi
1332,7,1.4,759,861,769.46954,0,0.0,0.5779381990432739,1,0,742.46515,849.9094,776.0888,872.7942,769.46954,0.0,0.0,0.0,0.0,11.avi
1332,8,1.6,738,852,676.63055,0,112.49148098327484,0.7232099771499634,3,0,723.98676,840.9769,753.85626,863.62976,676.63055,-81.25926,-36.121716,23.24147285869396,156.2732134415619,11.avi
1333,8,1.6,640,616,875.2216,0,0.0,0.8436486721038818,1,0,623.8916,603.3873,656.31836,630.37805,875.2216,0.0,0.0,0.0,0.0,11.avi
1334,8,1.6,287,626,19081.594,0,0.0,0.8331004977226257,1,0,215.61932,559.51276,358.93237,692.659,19081.594,0.0,0.0,0.0,0.0,11.avi
1332,9,1.8,716,846,631.0703,0,34.694650039036986,0.6307118535041809,5,0,701.58636,836.1969,730.9693,857.6743,631.0703,-110.52842,-27.619919,6.732969616464107,187.8622908171163,11.avi
1334,9,1.8,286,632,22284.855,0,31.95267592065865,0.903978705406189,3,0,209.88585,559.4308,362.7166,705.24475,22284.855,-3.8906896,24.95759,6.050177377562221,257.8261986370656,11.avi
1335,9,1.8,532,624,796.9474,0,0.0,0.8304392099380493,1,0,518.3301,610.05664,545.83093,639.03564,796.9474,0.0,0.0,0.0,0.0,11.avi
1331,10,2.0,259,582,4244.576,0,68.97930506757318,0.2147346287965774,6,0,229.30472,547.2628,289.86563,617.3506,4244.576,-5.4926414,4.4253883,14.0705862881776,216.39001740629504,11.avi
1332,10,2.0,694,850,794.8828,0,47.96196262528117,0.3320800065994262,7,0,677.3359,838.1744,710.88934,861.86444,794.8828,-110.75673,5.3891983,8.590103447333416,268.85189271740546,11.avi
1334,10,2.0,294,605,25152.203,0,171.03131199029227,0.923330307006836,5,0,215.22897,527.04944,374.70865,684.76355,25152.203,39.362385,-118.931404,33.42215507897626,75.30751304823548,11.avi
1334,11,2.2,331,629,22618.654,0,309.7023094829741,0.9108839631080629,7,0,256.88885,554.12305,406.93256,704.87024,22618.654,150.83806,62.74813,54.68661250825674,300.99148623309696,11.avi
1327,12,2.4,436,680,1556.7397,0,107.98715862727973,0.6292749047279358,13,0,416.07376,660.9467,456.77737,699.19244,1556.7397,-44.817112,-20.78496,22.02447204360633,178.35369595089878,11.avi
1334,12,2.4,405,711,25007.367,0,462.2858038390912,0.8872460722923279,9,0,327.09113,631.5755,483.5243,791.43524,25007.367,316.7701,329.36053,81.22123647188825,301.9010610502803,11.avi
1336,12,2.4,374,773,1532.7018,0,0.0,0.7833474278450012,1,0,352.245,756.36487,396.38672,791.08716,1532.7018,0.0,0.0,0.0,0.0,11.avi
1337,12,2.4,613,809,630.6361,0,0.0,0.5811195373535156,1,0,601.2527,796.93353,625.7363,822.691,630.6361,0.0,0.0,0.0,0.0,11.avi
1334,13,2.6,456,834,20061.068,0,329.8544318812488,0.7883004546165466,11,0,385.14172,764.04645,527.67755,904.79047,20061.068,269.64154,548.7726,58.02091838057752,257.3950701566188,11.avi
1332,14,2.8,497,882,991.6493,0,162.19928512624307,0.5791852474212646,12,0,479.852,867.64795,514.3094,896.427,991.6493,-96.2504,17.974579,32.32545573707114,319.0122057158851,11.avi
1338,14,2.8,448,856,22333.29,0,0.0,0.8796091079711914,1,0,370.57556,785.0083,526.9088,927.86523,22333.29,0.0,0.0,0.0,0.0,11.avi
1338,15,3.0,386,907,18365.848,0,409.90278522696974,0.8821138143539429,3,0,314.09985,844.1491,457.96954,971.80524,18365.848,-250.3293,205.75024,80.58053465467766,218.8649553027396,11.avi
1339,16,3.2,451,925,18137.15,0,0.0,0.9068796634674072,1,0,382.97437,858.85364,519.4637,991.73694,18137.15,0.0,0.0,0.0,0.0,11.avi
1332,17,3.4,381,886,2892.7556,0,84.11612091551227,0.6076917052268982,16,0,353.67624,860.6551,408.92197,913.01666,2892.7556,-96.522,1.7691612,17.6164906505627,91.88738131473316,11.avi
1339,17,3.4,405,926,22382.389,0,232.4369466849604,0.9029670357704164,3,0,332.30792,850.0553,478.12354,1003.5531,22382.389,-183.64586,6.0236635,46.22439679690164,180.87353401033056,11.avi
1339,18,3.6,388,914,16973.5,0,124.93250011570969,0.813183605670929,5,0,323.60547,848.2842,452.4677,980.0023,16973.5,-94.12392,-57.469036,24.0213124760433,35.67499517549663,11.avi
1332,19,3.8,323,883,2504.5461,0,20.652809053406383,0.7822301983833313,19,0,297.9592,859.02124,348.42447,908.6504,2504.5461,-96.87631,-5.6459255,4.912518982939315,94.50541653361302,11.avi
1339,19,3.8,392,910,4408.2666,0,138.312282352391,0.6526765823364258,7,0,359.15228,877.38226,426.67694,942.6661,4408.2666,-3.2281723,-29.188288,23.944384265040156,342.1223256990126,11.avi
1340,19,3.8,301,920,1993.3153,0,0.0,0.7088698744773865,1,0,279.77118,898.11475,323.96637,943.2173,1993.3153,0.0,0.0,0.0,0.0,11.avi
1332,20,4.0,304,866,13028.851,0,95.05465519003953,0.8507440686225891,21,0,247.17268,809.72736,362.45258,922.74664,13028.851,-93.0662,-68.64437,16.707611080082405,89.37090853328334,11.avi
1332,21,4.2,271,861,16135.692,0,96.07193319803837,0.6921944618225098,23,0,206.2229,800.0567,337.37964,923.0827,16135.692,-148.91797,-33.49342,17.410713784203963,209.1920738219733,11.avi
1331,22,4.4,183,690,936.6211,0,199.88387221047964,0.1969623416662216,19,0,166.15863,676.58777,200.62207,703.765,936.6211,-4.745156,7.4840174,39.71393746060024,283.24644562099706,11.avi
1332,22,4.4,171,823,22131.594,0,434.8443947844928,0.3379762768745422,25,0,93.996666,752.2275,249.7214,894.3475,22131.594,-418.6725,-154.92967,77.84132663801685,155.83059688974947,11.avi
1332,23,4.6,63,758,11786.052,0,239.51497321097835,0.2128593623638153,27,0,6.791092,705.81714,119.64391,810.2545,11786.052,-514.4542,-286.70056,42.51866017135139,126.2213451875329,11.avi
1331,25,5.0,214,685,25104.332,0,197.95948476340243,0.8499959111213684,23,0,132.2725,610.0464,297.61517,761.87854,25104.332,29.544003,-4.6627207,38.96659280718667,21.30404617423204,11.avi
1331,26,5.2,225,714,22934.102,0,170.9753692944777,0.5999867916107178,25,0,147.50066,641.06995,304.06494,787.5536,22934.102,49.031467,111.07998,29.26545440528526,278.14709857896065,11.avi
1331,27,5.4,203,674,28704.043,0,392.6345547209637,0.8847309350967407,27,0,116.38436,592.46124,291.44397,756.4285,28704.043,-74.130066,-130.31686,70.51078168490474,117.52824223811666,11.avi
1331,28,5.6,204,706,27407.5,0,340.1088234243928,0.8970139622688293,29,0,120.85812,624.70715,288.3205,788.3707,27407.5,-14.558445,93.184616,59.51681499422785,284.5099732011192,11.avi
1331,29,5.8,255,792,29997.068,0,485.1047841242283,0.892911434173584,31,0,170.26895,703.8849,339.73978,880.88916,29997.068,190.51164,351.648,85.4911893504683,308.5881356235056,11.avi
1341,30,6.0,240,960,29194.244,0,0.0,0.7758973240852356,1,0,125.76883,896.15356,354.2738,1023.9155,29194.244,0.0,0.0,0.0,0.0,11.avi
1342,0,0.0,32,264,10726.636,0,0.0,0.837848424911499,1,0,0.15277863,182.33191,65.22258,347.18005,10726.636,0.0,0.0,0.0,0.0,12.avi
1342,1,0.2,52,304,14538.209,0,223.5004099625164,0.7595651745796204,3,0,0.45664215,234.13547,103.705605,374.94278,14538.209,77.41894,158.81493,43.73852676413271,296.2021974801109,12.avi
1343,2,0.4,131,271,27557.564,0,0.0,0.8740701079368591,1,0,47.83966,188.90973,214.80899,353.95538,27557.564,0.0,0.0,0.0,0.0,12.avi
1343,3,0.6,114,225,18854.322,0,248.36683849793744,0.5171987414360046,3,0,49.174347,152.73846,178.95415,298.0178,18854.322,-68.90251,-183.85002,49.55920224339986,110.460912057129,12.avi
1344,4,0.8,233,226,26520.22,0,0.0,0.8987317681312561,1,0,154.70892,141.51886,311.66718,310.4824,26520.22,0.0,0.0,0.0,0.0,12.avi
1344,5,1.0,226,267,22750.877,0,211.5529566867433,0.8846049904823303,3,0,154.90808,187.99146,298.22116,346.74097,22750.877,-26.440828,165.13213,41.62471325207717,260.05591275050324,12.avi
1344,6,1.2,193,297,29829.125,0,146.28578348531087,0.8980569243431091,5,0,109.40374,208.31187,277.4115,385.85797,29829.125,-154.05577,149.98575,28.47925770379563,173.15829703129782,12.avi
1345,6,1.2,673,18,1117.9648,0,0.0,0.8558339476585388,1,0,656.8861,1.6730423,689.2694,36.195923,1117.9648,0.0,0.0,0.0,0.0,12.avi
1344,7,1.4,189,296,22957.299,0,227.33995966761657,0.8827330470085144,7,0,114.48158,220.84985,265.5147,372.85156,22957.299,-48.975548,34.054237,40.78287710680237,49.65285231026172,12.avi
1346,7,1.4,613,76,721.65094,0,0.0,0.7754473686218262,1,0,600.1911,62.367447,625.9534,90.37932,721.65094,0.0,0.0,0.0,0.0,12.avi
1344,8,1.6,136,354,25325.564,0,378.04132086716425,0.8595455288887024,9,0,56.372414,275.94022,217.32135,433.29178,25325.564,-215.3942,229.63812,66.99155208415765,228.7130764085373,12.avi
1347,8,1.6,550,127,687.51654,0,0.0,0.7539823651313782,1,0,537.7074,113.19331,562.5636,140.85307,687.51654,0.0,0.0,0.0,0.0,12.avi
1348,8,1.6,148,418,1442.3025,0,0.0,0.6605028510093689,1,0,126.75827,401.44922,169.58005,435.13074,1442.3025,0.0,0.0,0.0,0.0,12.avi
1349,9,1.8,196,433,19291.006,0,0.0,0.5635473132133484,1,0,128.97244,361.27942,263.15833,505.04272,19291.006,0.0,0.0,0.0,0.0,12.avi
1349,10,2.0,168,454,29246.715,0,176.84582703896132,0.9118256568908693,3,0,80.512985,371.362,256.21906,537.81445,29246.715,-110.57629,85.53751,34.95606819349527,216.5943873456936,12.avi
1349,11,2.2,180,465,21761.266,0,180.89382600728013,0.8789985179901123,5,0,107.11644,391.3304,253.69911,539.7877,21761.266,45.832954,57.436844,34.40703318968973,11.221580204633083,12.avi
1350,11,2.2,1264,577,1254.3171,0,0.0,0.6007229089736938,1,0,1249.2245,556.823,1279.5021,598.25024,1254.3171,0.0,0.0,0.0,0.0,12.avi
1349,12,2.4,231,513,26445.305,0,308.6246059335147,0.8965187072753906,7,0,152.19928,429.87854,310.7273,596.6964,26445.305,206.4689,196.41434,54.851988379306455,319.0450906104783,12.avi
1350,12,2.4,1240,610,1634.5679,0,203.0601844052736,0.4876517653465271,3,0,1220.285,590.3011,1261.4337,630.0245,1634.5679,-93.82816,130.2442,40.58867382999054,233.11231925167044,12.avi
1351,12,2.4,225,582,2430.309,0,0.0,0.5851301550865173,1,0,198.00827,559.97034,252.45587,604.6061,2430.309,0.0,0.0,0.0,0.0,12.avi
1352,12,2.4,762,748,1066.4214,0,0.0,0.5245454907417297,1,0,745.54626,732.5765,779.1959,764.2684,1066.4214,0.0,0.0,0.0,0.0,12.avi
1349,13,2.6,239,571,20502.77,0,214.8252638580034,0.8775458931922913,9,0,169.4392,499.22238,310.55847,644.50916,20502.77,80.72944,270.4782,38.460289088208896,208.6323459318212,12.avi
1350,13,2.6,1194,636,939.6394,0,142.38358063484074,0.7983707785606384,5,0,1179.1722,621.30347,1210.3844,651.40845,939.6394,-218.90903,130.90532,28.09454693322956,179.56844255982128,12.avi
1349,14,2.8,236,679,25610.285,0,323.8895294040215,0.905015230178833,11,0,157.7555,598.75134,315.65338,760.94666,25610.285,5.951103,477.7605,56.735349400715606,249.20259615199728,12.avi
1350,14,2.8,1136,659,1475.9718,0,85.5170214641323,0.846595823764801,7,0,1116.7406,639.933,1155.3632,678.1482,1475.9718,-276.2187,117.49714,15.407936990992434,166.72882261980303,12.avi
1349,15,3.0,265,701,23552.566,0,445.40947004590834,0.6548729538917542,13,0,189.36954,624.14795,341.44876,779.0183,23552.566,111.773186,193.85306,79.18476450215837,69.9826259874036,12.avi
1350,15,3.0,1068,677,1739.7538,0,75.83651580552713,0.8236854672431946,9,0,1047.2163,656.7455,1089.7954,697.60486,1739.7538,-323.43973,96.90459,13.954913060017592,156.6095073151247,12.avi
1349,16,3.2,303,726,25207.521,0,120.52417529997837,0.8472805023193359,15,0,223.48837,647.9127,384.1785,804.7831,25207.521,173.57611,139.98737,20.932567791605766,43.29180381110217,12.avi
1350,16,3.2,1003,683,2061.9756,0,71.56286491614382,0.8350504040718079,11,0,980.43414,661.83826,1027.169,705.959,2061.9756,-323.50262,48.216835,13.580744623710002,93.4528620102152,12.avi
1353,16,3.2,579,726,561.4103,0,0.0,0.7791549563407898,1,0,565.92487,716.0646,592.43524,737.2416,561.4103,0.0,0.0,0.0,0.0,12.avi
1354,16,3.2,39,512,776.25543,0,0.0,0.668922483921051,1,0,26.398628,498.24396,52.8126,527.632,776.25543,0.0,0.0,0.0,0.0,12.avi
1349,17,3.4,319,692,21050.46,0,363.7842909661718,0.831951379776001,17,0,246.96011,620.1778,391.56747,765.7476,21050.46,99.40751,-96.08768,65.3383361247139,107.40902185909329,12.avi
1350,17,3.4,947,686,1690.854,0,63.96411144405236,0.8508785367012024,13,0,926.96936,666.39465,968.9751,706.6476,1690.854,-289.38382,21.214174,10.921294550281434,43.67578164411401,12.avi
1355,17,3.4,485,719,437.06223,0,0.0,0.5343073606491089,1,0,473.60938,710.1107,496.9912,728.8031,437.06223,0.0,0.0,0.0,0.0,12.avi
1349,18,3.6,335,708,26995.193,0,199.85329593663383,0.8776217699050903,19,0,255.91313,624.32214,415.45825,793.5231,26995.193,86.102005,39.20302,34.504728355903595,263.099991302426,12.avi
1350,18,3.6,882,683,1763.3462,0,57.65200859392153,0.8608989715576172,15,0,861.53894,662.9008,904.3356,704.1037,1763.3462,-316.9138,-6.7139378,11.216764052647084,136.19737869364997,12.avi
1356,18,3.6,112,462,627.8376,0,0.0,0.5911072492599487,1,0,99.93199,449.96887,124.495926,475.5282,627.8376,0.0,0.0,0.0,0.0,12.avi
1357,19,3.8,778,692,1097.954,0,0.0,0.8566544651985168,1,0,761.01874,676.34314,795.5197,708.167,1097.954,0.0,0.0,0.0,0.0,12.avi
1358,19,3.8,468,725,20631.898,0,0.0,0.9106670618057252,1,0,393.98004,655.92334,542.94025,794.42944,20631.898,0.0,0.0,0.0,0.0,12.avi
1353,20,4.0,560,719,682.01355,0,98.6054909667782,0.6536325216293335,6,0,548.24585,705.67474,573.71436,732.4534,682.01355,-9.306418,-3.8805585,20.650521427968062,158.24739552762594,12.avi
1358,20,4.0,492,749,30418.35,0,173.30294106381248,0.8431175351142883,3,0,405.46487,662.29517,580.23364,836.34436,30418.35,97.361694,96.38078,33.4916278433862,314.65674759989764,12.avi
1359,20,4.0,495,806,2254.6462,0,0.0,0.683550238609314,1,0,469.17914,784.9029,521.7778,827.768,2254.6462,0.0,0.0,0.0,0.0,12.avi
1349,21,4.2,445,791,25690.48,0,180.9539942324422,0.9167124032974244,23,0,369.37897,707.0921,521.6343,875.825,25690.48,92.338005,73.26149,35.542525321286085,279.705519248786,12.avi
1360,22,4.4,535,918,20445.383,0,0.0,0.8620755672454834,1,0,458.4734,851.51746,611.59656,985.0399,20445.383,0.0,0.0,0.0,0.0,12.avi
1361,23,4.6,619,977,16482.918,0,0.0,0.8470329642295837,1,0,532.1366,930.0796,707.6354,1024.0,16482.918,0.0,0.0,0.0,0.0,12.avi
1362,1,0.2,31,258,5667.101,0,0.0,0.8252907991409302,1,0,0.33443832,212.13113,61.71668,304.4559,5667.101,0.0,0.0,0.0,0.0,13.avi
1362,2,0.4,38,267,6638.1084,0,58.07237299902131,0.7398471832275391,3,0,0.13092804,223.71082,76.40244,310.7434,6638.1084,28.90669,35.66311,11.15552160555271,308.69693042214163,13.avi
1363,2,0.4,475,179,837.3845,0,0.0,0.6110401749610901,1,0,460.83493,164.9805,489.43747,194.25708,837.3845,0.0,0.0,0.0,0.0,13.avi
1362,3,0.6,57,275,5251.5996,0,69.87739350690663,0.5086019039154053,5,0,23.313969,236.59468,91.55565,313.5506,5251.5996,90.20646,38.927555,12.967788358485665,357.16998412657534,13.avi
1363,3,0.6,461,194,1306.5132,0,99.8095033122321,0.8448901176452637,3,0,443.29846,176.47707,480.22162,211.86171,1306.5132,-53.3978,58.08623,20.165598417433404,225.4922506969909,13.avi
1364,3,0.6,118,292,2689.1936,0,0.0,0.7160204648971558,1,0,95.20871,263.0661,141.44595,321.22687,2689.1936,0.0,0.0,0.0,0.0,13.avi
1363,4,0.8,447,205,1213.5568,0,19.689937581649048,0.8343341946601868,5,0,429.46375,188.23183,465.23578,222.15654,1213.5568,-70.481155,55.37332,4.155607269859523,169.08834645825175,13.avi
1364,4,0.8,107,298,3181.8271,0,65.72693527215837,0.7427863478660583,3,0,79.23131,270.49753,135.19899,327.34866,3181.8271,-44.360016,27.052326,12.750375879026231,207.3281270870278,13.avi
1365,4,0.8,153,302,1643.4677,0,0.0,0.5318580269813538,1,0,134.02054,281.0044,172.34702,323.88513,1643.4677,0.0,0.0,0.0,0.0,13.avi
1362,5,1.0,139,297,6456.5894,0,139.5526217019306,0.6762343049049377,8,0,95.48901,260.61453,182.69278,334.65482,6456.5894,138.54137,37.532745,27.478505699742403,2.9813228740523527,13.avi
1363,5,1.0,433,219,1401.3376,0,17.86553335081054,0.8481281399726868,7,0,414.47925,201.29532,453.1195,237.56158,1401.3376,-68.38792,67.48982,2.742898529989626,264.6962890976497,13.avi
1362,6,1.2,184,305,3499.8784,0,104.74815562685929,0.7527415752410889,10,0,154.62167,276.8071,215.33011,334.45773,3499.8784,208.22441,39.4158,17.20141601067099,0.4704426939738937,13.avi
1363,6,1.2,410,234,1408.3751,0,57.28118304745839,0.8395271897315979,9,0,390.3199,216.27011,429.7882,251.9538,1408.3751,-107.032074,72.040405,10.178571448568489,186.0544947240289,13.avi
1365,6,1.2,147,309,2428.817,0,46.99627203752607,0.7352726459503174,4,0,124.13441,283.40515,170.31967,335.9937,2428.817,-9.765146,11.892885,9.011671649444343,226.67022813392705,13.avi
1362,7,1.4,189,307,2366.132,0,214.16678423928607,0.6964595913887024,12,0,164.08469,284.20215,214.14996,331.46307,2366.132,62.71234,17.366087,38.1808218695056,170.17437620671797,13.avi
1363,7,1.4,376,253,1486.8518,0,74.5746202062445,0.8450177907943726,11,0,356.6708,234.56729,396.1243,272.2535,1486.8518,-154.15286,90.85156,13.417632108634065,199.5047670955861,13.avi
1365,7,1.4,156,336,2078.6099,0,148.30222528792876,0.7338734269142151,6,0,134.60004,312.51462,178.61218,359.7427,2078.6099,36.897865,110.92791,26.21657825336774,294.1502166601093,13.avi
1362,8,1.6,188,330,1663.878,0,133.2316077523165,0.7855308651924133,14,0,167.46025,310.28668,208.56303,350.76758,1663.878,10.238079,91.267944,23.153020429742718,233.84449978809272,13.avi
1363,8,1.6,346,270,979.2467,0,9.113168114112383,0.6993744969367981,13,0,331.4096,255.02342,362.508,286.51212,979.2467,-148.79993,87.72488,1.6389550298590063,74.68050551555956,13.avi
1365,8,1.6,142,335,2226.7288,0,174.91817069881907,0.7826488614082336,8,0,119.34523,311.71652,165.40541,360.06046,2226.7288,-46.711906,24.163445,32.04565817184738,133.32011597219957,13.avi
1366,8,1.6,927,171,675.92017,0,0.0,0.6351646184921265,1,0,915.2373,158.0047,939.8606,185.45514,675.92017,0.0,0.0,0.0,0.0,13.avi
1362,9,1.8,169,348,1747.1741,0,117.50848757122448,0.7555665373802185,16,0,149.06035,326.71393,189.50267,369.91553,1747.1741,-69.66406,89.47585,21.073732211146204,177.8768430098146,13.avi
1363,9,1.8,320,275,1299.7314,0,74.63220192831717,0.3813319504261017,15,0,302.04712,257.46143,338.19336,293.419,1299.7314,-137.56427,38.217854,13.604255018966168,78.11754446146773,13.avi
1365,9,1.8,120,335,3495.8516,0,76.13447511549928,0.8216128349304199,10,0,92.6503,304.06937,148.87317,366.24783,3495.8516,-93.859055,2.7914944,14.233399216674796,156.29952416709762,13.avi
1366,9,1.8,913,171,661.83514,0,70.43735563450018,0.8212584257125854,3,0,901.6498,157.4275,925.56714,185.09932,661.83514,-55.650555,-1.862296,14.567248682068328,177.12788435436096,13.avi
1362,10,2.0,173,345,2032.9812,0,156.81688150579026,0.2983560860157013,18,0,152.25473,321.23782,194.66663,369.17203,2032.9812,-0.005607605,8.690956,27.593993236775457,50.23209047542014,13.avi
1365,10,2.0,129,341,4393.894,0,160.22355873128603,0.7053277492523193,12,0,98.263824,306.6976,161.14139,376.57773,4393.894,12.720451,25.562105,27.52191884353999,348.9328017455612,13.avi
1367,10,2.0,375,12,765.47284,0,0.0,0.7269723415374756,1,0,359.6455,0.14411926,390.38013,25.050003,765.47284,0.0,0.0,0.0,0.0,13.avi
1362,11,2.2,198,361,2413.3406,0,163.28644312896495,0.3136586546897888,20,0,174.92328,335.8578,221.6997,387.45087,2413.3406,95.57389,65.26971,28.281248171306387,330.1957021933953,13.avi
1368,11,2.2,176,379,9868.781,0,0.0,0.8685665726661682,1,0,121.707,333.976,231.24869,424.06757,9868.781,0.0,0.0,0.0,0.0,13.avi
1362,12,2.4,203,372,2881.8806,0,78.61122809284926,0.8579455614089966,22,0,178.4509,343.69934,229.06161,400.64142,2881.8806,42.999676,55.50904,14.67828486334115,169.36746557625406,13.avi
1368,12,2.4,151,387,3911.7568,0,134.7634537422817,0.8145731091499329,3,0,121.49716,354.2676,180.71585,420.3237,3911.7568,-101.282776,33.02943,26.697797456010196,197.3875858216819,13.avi
1369,12,2.4,305,50,647.8965,0,0.0,0.6694272756576538,1,0,292.31586,37.594776,318.1903,62.634785,647.8965,0.0,0.0,0.0,0.0,13.avi
1362,13,2.6,197,370,3008.7742,0,112.20477449110729,0.7220597863197327,24,0,171.06961,341.67575,223.31445,399.26566,3008.7742,-15.320988,6.2751694,20.29688090396195,139.1634969298545,13.avi
1365,13,2.6,144,357,3883.7705,0,75.10863294187384,0.6476202011108398,16,0,115.81557,323.35968,172.95143,391.33398,3883.7705,12.16037,11.201431,15.342708847189652,93.61416809051023,13.avi
1366,13,2.6,823,170,998.4397,0,109.02529769330548,0.3038795590400696,8,0,807.9271,155.22969,839.7555,186.59917,998.4397,-44.053967,-0.0444479,20.83847763586089,353.21714550005106,13.avi
1369,13,2.6,295,55,552.60925,0,56.96612791568646,0.6862558722496033,3,0,283.2211,43.42447,306.99448,66.66933,552.60925,-40.500206,19.6891,11.357423406383775,205.47609579292092,13.avi
1362,14,2.8,176,356,2752.695,0,131.7382578355128,0.8468146920204163,26,0,151.26495,329.2401,201.23462,384.32745,2752.695,-84.07915,-51.190914,23.99827843011281,139.0586520895372,13.avi
1365,14,2.8,135,339,4061.8228,0,134.43496348232128,0.8273481726646423,18,0,104.87609,305.7655,165.1353,373.17133,4061.8228,-34.38531,-68.091415,23.73683741075911,119.8528004367841,13.avi
1366,14,2.8,807,173,901.1046,0,42.08289482596737,0.1600912064313888,10,0,792.9255,158.20175,823.0715,188.09308,901.1046,-72.76323,9.10832,8.299156901144832,194.61786476629325,13.avi
1369,14,2.8,284,59,579.1681,0,13.76836489391451,0.7851967811584473,5,0,272.161,47.633743,296.6563,71.27778,579.1681,-52.401703,21.846067,3.0077902858958065,180.29110386491288,13.avi
1362,15,3.0,180,334,2007.3015,0,135.30200172330578,0.7226756811141968,28,0,158.87823,311.07666,201.49313,358.17993,2007.3015,-4.268997,-97.02432,24.090535759438907,31.383818123247863,13.avi
1365,15,3.0,141,342,3494.8425,0,121.75486042602752,0.7980109453201294,20,0,113.787056,311.23776,168.88846,374.66342,3494.8425,16.975063,-1.6005783,20.651646053074547,308.5546730666882,13.avi
1366,15,3.0,792,174,671.8177,0,7.148750565727056,0.4368051588535309,12,0,779.5811,161.61153,804.76715,188.28575,671.8177,-77.70598,9.028868,1.7405364058637012,146.16699841554782,13.avi
1369,15,3.0,270,63,533.7611,0,18.550357161230476,0.6616335511207581,7,0,258.71503,52.28842,282.51434,74.71601,533.7611,-65.10889,20.608355,4.014004823649082,168.139828675442,13.avi
1362,16,3.2,162,317,2580.9731,0,96.20142880340973,0.7448297739028931,30,0,138.44069,290.8541,186.54973,344.50253,2580.9731,-69.02204,-87.582924,17.42269374506955,185.85258589936885,13.avi
1365,16,3.2,127,351,4156.4194,0,110.00428657153948,0.8789108991622925,22,0,97.390335,316.1522,156.96066,385.9255,4156.4194,-50.5006,30.714306,19.608681435811725,205.2664347521296,13.avi
1366,16,3.2,781,173,815.9775,0,32.133601698588585,0.3282114863395691,14,0,767.3384,159.53917,795.7588,188.25014,815.9775,-58.821777,-1.9572973,5.759067054542153,40.6859779474633,13.avi
1369,16,3.2,257,68,568.21716,0,5.671084202492223,0.7765599489212036,9,0,245.66238,56.663692,269.4127,80.5883,568.21716,-65.32137,24.45487,0.7021301465112534,212.3897312793566,13.avi
1362,17,3.4,142,307,2431.655,0,53.72122273938645,0.8411571383476257,32,0,118.50175,281.8369,166.29019,332.72064,2431.655,-93.231636,-60.21113,9.5670531674489,225.62447497052227,13.avi
1365,17,3.4,120,350,3476.8462,0,43.14614157260301,0.8065915703773499,24,0,92.33211,319.45737,148.60925,381.23813,3476.8462,-37.443855,4.4340954,7.754369744445644,67.84225463470773,13.avi
1366,17,3.4,774,167,901.07556,0,40.780239323354856,0.4680516123771667,16,0,759.2936,153.04277,789.49963,182.87376,901.07556,-41.08431,-23.281075,7.7501028757473955,57.04626038308072,13.avi
1369,17,3.4,244,74,529.24255,0,3.940579763708948,0.6298951506614685,11,0,233.09769,62.20567,255.25626,86.09001,529.24255,-66.46108,26.881529,0.6762351940144764,225.58462585678345,13.avi
1362,18,3.6,133,297,1901.8895,0,58.63713090422511,0.7158474326133728,34,0,111.81273,276.15414,155.79799,319.3934,1901.8895,-54.557793,-50.453056,9.416955986030503,349.2068340483865,13.avi
1365,18,3.6,109,331,2837.5835,0,112.67204517150842,0.8007141351699829,26,0,84.23125,303.9263,135.60419,359.1613,2837.5835,-49.22878,-71.29685,20.622630623458736,101.1328265710066,13.avi
1366,18,3.6,763,164,752.0044,0,16.839876808140083,0.6580394506454468,18,0,749.9256,150.98674,777.2343,178.52394,752.0044,-51.08309,-17.691658,3.255447452921845,192.38004677562265,13.avi
1362,19,3.8,129,280,2333.5947,0,55.67837184689521,0.8029030561447144,36,0,104.97569,256.2383,153.64418,304.1871,2333.5947,-29.881645,-79.18413,9.814109245273084,51.52405742105759,13.avi
1365,19,3.8,120,330,2477.5586,0,134.258631338904,0.8018137216567993,28,0,95.732475,304.6351,144.41968,355.52237,2477.5586,27.706242,-22.0905,23.63921821296671,327.45908614570976,13.avi
1366,19,3.8,743,166,678.6405,0,65.14090826024314,0.5437028408050537,20,0,730.1402,153.76994,756.34247,179.67003,678.6405,-90.01186,3.4725437,11.413844746407818,204.7747232880216,13.avi
1362,20,4.0,137,281,2436.2683,0,123.8930260074152,0.8278651237487793,38,0,111.98831,257.17508,162.28091,305.61697,2436.2683,23.196358,-13.725494,21.52048791795097,309.4230161121334,13.avi
1365,20,4.0,148,328,2958.2935,0,132.25207447847032,0.8268174529075623,30,0,122.00774,300.8692,175.67995,355.987,2958.2935,117.03432,-11.446976,22.504593571427232,354.0333174557833,13.avi
1362,21,4.2,140,264,3342.0212,0,82.47585863787964,0.8289594650268555,40,0,110.779396,235.59872,169.26656,292.73984,3342.0212,16.462494,-69.42128,14.75793655760913,96.90355154619596,13.avi
1365,21,4.2,144,316,3397.4966,0,168.93844227141545,0.801332950592041,32,0,113.39395,288.4907,174.77567,343.84097,3397.4966,8.709595,-49.802223,30.01492036122556,160.25779016805018,13.avi
1370,21,4.2,205,34,756.3416,0,0.0,0.6718716621398926,1,0,191.9639,20.593056,218.33615,49.2725,756.3416,0.0,0.0,0.0,0.0,13.avi
1362,22,4.4,124,240,2808.1467,0,120.3138789505135,0.7113351821899414,42,0,97.78147,214.26157,150.81647,267.21048,2808.1467,-56.674095,-106.1463,21.8830803727102,151.96578905601496,13.avi
1365,22,4.4,142,279,2843.3862,0,150.0205882849677,0.7900039553642273,34,0,114.32861,254.34781,169.89502,305.51877,2843.3862,-5.577731,-150.84349,27.473199224320144,98.00672004579428,13.avi
1371,22,4.4,190,90,829.724,0,0.0,0.8405001163482666,1,0,176.08917,75.64712,204.13483,105.23188,829.724,0.0,0.0,0.0,0.0,13.avi
1362,23,4.6,116,204,2669.9802,0,83.9584730393412,0.6722877621650696,44,0,90.27775,179.12285,141.88965,230.85472,2669.9802,-44.676487,-161.98175,15.801137197340626,78.92299461819283,13.avi
1365,23,4.6,126,252,3343.1423,0,81.98326067086435,0.849418044090271,36,0,96.37393,224.91359,157.11415,279.95358,3343.1423,-60.39118,-140.5786,15.161971804736613,188.47833801701185,13.avi
1362,24,4.8,94,185,2399.232,0,102.38418500375478,0.6093422174453735,46,0,69.883446,160.3797,118.3166,209.91669,2399.232,-94.859955,-113.69286,18.078385068354866,223.33952814897432,13.avi
1365,24,4.8,81,230,2495.5234,0,188.6146534503821,0.6453471183776855,38,0,56.36459,206.36891,107.50679,255.16469,2495.5234,-186.26967,-115.77629,34.14195093051879,189.58011875613067,13.avi
1362,25,5.0,57,164,2591.9639,0,100.62493226498938,0.7250234484672546,48,0,31.89273,139.27588,83.04297,189.94943,2591.9639,-162.7802,-105.22011,18.19765732914708,185.01374053873545,13.avi
1365,25,5.0,32,210,2486.3604,0,70.88124287000397,0.7471197843551636,40,0,6.8470345,186.65216,58.280224,234.99371,2486.3604,-232.87543,-103.42542,12.904721534444002,190.6660333041232,13.avi
1372,25,5.0,1077,72,2009.8976,0,0.0,0.6154689788818359,1,0,1052.8838,52.791855,1102.937,92.94707,2009.8976,0.0,0.0,0.0,0.0,13.avi
1373,25,5.0,611,196,923.6474,0,0.0,0.5020739436149597,1,0,597.19446,180.1577,626.1753,212.02867,923.6474,0.0,0.0,0.0,0.0,13.avi
1362,26,5.2,31,160,2872.1301,0,100.37550517745424,0.7502651214599609,50,0,5.085079,132.85706,57.870636,187.26834,2872.1301,-137.52747,-41.78471,17.52300970707452,290.3308050493591,13.avi
1365,26,5.2,10,196,1614.2117,0,141.41553856015514,0.5883483290672302,42,0,-9.362726,176.1134,29.514643,217.634,1614.2117,-140.23633,-77.519646,24.71669120636728,346.28020318721644,13.avi
1372,26,5.2,1055,87,1451.5138,0,133.63873680240226,0.517719566822052,3,0,1035.8185,68.80985,1075.4232,105.45988,1451.5138,-88.980095,56.94773,26.91762576465001,211.66520569029785,13.avi
1362,27,5.4,21,150,3071.6826,0,100.73292984139312,0.7747910618782043,52,0,-4.6808777,121.25784,48.151237,179.39828,3071.6826,-69.2125,-47.08322,17.112859335870372,5.720540833881046,13.avi
1365,27,5.4,4,207,829.30457,0,196.2308817965223,0.3806668519973755,44,0,-8.068314,191.35252,17.196701,224.17674,829.30457,-53.565826,23.993721,33.75865022630167,310.60457939234834,13.avi
1372,27,5.4,1029,119,1182.6753,0,117.23492943334222,0.69611656665802,5,0,1012.94495,101.65877,1046.1915,137.23161,1182.6753,-126.788315,152.74663,22.29635010838617,246.68430808864875,13.avi
1374,0,0.0,300,420,17223.875,0,0.0,0.9159125685691832,1,0,234.30109,355.07886,366.31378,485.55023,17223.875,0.0,0.0,0.0,0.0,14.avi
1375,0,0.0,427,279,1494.11,0,0.0,0.7919400334358215,1,0,409.29065,259.28052,446.22913,299.72913,1494.11,0.0,0.0,0.0,0.0,14.avi
1374,1,0.2,316,442,27185.266,0,139.92733389656004,0.8920466899871826,3,0,234.77003,359.60168,397.95117,526.1973,27185.266,64.0845,90.159546,26.76780898063517,305.8911818810985,14.avi
1374,2,0.4,289,461,22181.656,0,204.25628978908884,0.8985646963119507,5,0,214.75777,387.92587,365.23785,535.3318,22181.656,-115.32425,93.35308,40.17754875287142,180.09778957169118,14.avi
1376,3,0.6,214,379,25082.26,0,0.0,0.8734907507896423,1,0,133.6029,301.59485,294.7489,457.24414,25082.26,0.0,0.0,0.0,0.0,14.avi
1376,4,0.8,206,363,21680.918,0,88.79894866618439,0.9040350317955016,3,0,132.96657,289.75745,279.52246,437.6936,21680.918,-31.662289,-62.65054,18.342442557407075,116.47049448589638,14.avi
1376,5,1.0,198,314,20822.633,0,190.0363173275042,0.8637153506278992,5,0,123.95615,244.88705,272.94507,384.64664,20822.633,-38.354385,-229.46143,37.24451652928345,92.9427279350994,14.avi
1377,6,1.2,284,348,24205.463,0,0.0,0.9203304052352904,1,0,208.51938,268.6265,360.19778,428.2106,24205.463,0.0,0.0,0.0,0.0,14.avi
1378,7,1.4,291,454,21709.812,0,0.0,0.6836361885070801,1,0,222.00928,375.7436,360.61523,532.3733,21709.812,0.0,0.0,0.0,0.0,14.avi
1378,8,1.6,358,447,23002.533,0,340.23118971903176,0.8402969241142273,3,0,277.30197,376.62756,439.4423,518.4956,23002.533,267.70407,-25.9356,67.06024761514398,6.041871110162049,14.avi
1379,8,1.6,233,371,721.2209,0,0.0,0.7791684865951538,1,0,219.92776,358.84705,247.6708,384.8435,721.2209,0.0,0.0,0.0,0.0,14.avi
1380,9,1.8,373,575,1286.3202,0,0.0,0.6299934387207031,1,0,356.06317,557.1686,391.74976,593.2135,1286.3202,0.0,0.0,0.0,0.0,14.avi
1381,9,1.8,390,534,14446.812,0,0.0,0.7762347459793091,1,0,329.79852,475.01965,452.12372,593.12134,14446.812,0.0,0.0,0.0,0.0,14.avi
1380,10,2.0,402,579,1660.0239,0,147.08850695016892,0.6777098774909973,3,0,382.41534,559.25494,422.93744,600.22076,1660.0239,114.850075,18.150843,28.3505725188613,352.2788412962913,14.avi
1382,10,2.0,40,199,840.0598,0,0.0,0.570957362651825,1,0,26.283375,184.56683,54.1227,214.74213,840.0598,0.0,0.0,0.0,0.0,14.avi
1383,10,2.0,471,663,523.2197,0,0.0,0.5601756572723389,1,0,459.87042,652.48425,483.42572,674.69666,523.2197,0.0,0.0,0.0,0.0,14.avi
1384,10,2.0,467,626,2293.7039,0,0.0,0.5358985662460327,1,0,443.7881,602.54297,490.89197,651.23755,2293.7039,0.0,0.0,0.0,0.0,14.avi
1385,10,2.0,422,634,23650.041,0,0.0,0.8465638756752014,1,0,345.7187,557.88464,499.46857,711.7062,23650.041,0.0,0.0,0.0,0.0,14.avi
1384,11,2.2,484,656,4656.3486,0,174.6960100908448,0.2234421670436859,3,0,445.29565,627.245,523.80927,686.5513,4656.3486,68.71232,119.79199,33.54000206535854,299.78320033635924,14.avi
1386,11,2.2,529,697,3140.0747,0,0.0,0.668542742729187,1,0,502.01892,669.2544,556.9807,726.38635,3140.0747,0.0,0.0,0.0,0.0,14.avi
1387,11,2.2,481,701,879.28485,0,0.0,0.7164382934570312,1,0,466.09723,687.63196,497.0158,716.0707,879.28485,0.0,0.0,0.0,0.0,14.avi
1388,11,2.2,448,705,1152.7426,0,0.0,0.5641717910766602,1,0,431.9176,688.5973,465.36487,723.06177,1152.7426,0.0,0.0,0.0,0.0,14.avi
1380,12,2.4,504,606,1618.1857,0,185.32719833585415,0.6422148942947388,6,0,483.91495,587.23535,525.81384,625.85657,1618.1857,171.43826,45.21826,35.87376763312449,334.6280668583257,14.avi
1384,12,2.4,537,648,19539.96,0,264.5159396004725,0.6737134456634521,5,0,463.74512,582.6437,611.48206,714.9055,19539.96,248.75754,-27.115204,50.77039572463395,40.327725513323855,14.avi
1386,12,2.4,526,678,1930.0951,0,96.29872044976253,0.239020749926567,3,0,506.09753,655.67053,547.57385,702.20544,1930.0951,-10.635316,-75.3789,20.126994941331123,100.01387791650046,14.avi
1384,13,2.6,552,634,25830.734,0,199.93596858818836,0.9088864326477052,7,0,469.96698,556.5325,635.0888,712.9669,25830.734,115.16342,-60.10164,36.58063544437911,165.18834458705794,14.avi
1384,14,2.8,560,645,21928.652,0,154.64029785405955,0.9284775257110596,9,0,484.7853,572.9647,635.9558,718.0238,21928.652,56.857925,27.279175,27.1682088924959,235.05790006385783,14.avi
1384,15,3.0,514,660,22030.73,0,328.5670416973132,0.9049590826034546,11,0,439.5598,586.92175,589.275,734.07263,22030.73,-163.6455,64.00288,58.44702167778765,188.90750689791784,14.avi
1385,15,3.0,439,647,1012.2715,0,103.70206200399238,0.740488588809967,7,0,423.70892,630.8361,454.99292,663.19354,1012.2715,5.75358,4.195507,20.44800865032328,323.3546888603787,14.avi
1384,16,3.2,414,706,20002.475,0,422.0218324540927,0.899539589881897,13,0,342.63754,636.9518,486.84366,775.6593,20002.475,-421.12958,190.95218,75.17408933193116,205.78654715861143,14.avi
1389,17,3.4,66,231,671.16534,0,0.0,0.716541588306427,1,0,53.735878,218.517,79.56303,244.50381,671.16534,0.0,0.0,0.0,0.0,14.avi
1390,17,3.4,428,719,21663.494,0,0.0,0.8922207951545715,1,0,354.04492,646.4396,502.54297,792.3236,21663.494,0.0,0.0,0.0,0.0,14.avi
1391,18,3.6,553,692,20176.768,0,0.0,0.8895898461341858,1,0,475.92303,628.1505,632.05963,757.3756,20176.768,0.0,0.0,0.0,0.0,14.avi
1391,19,3.8,531,668,2837.1309,0,165.24442272997462,0.513840913772583,3,0,503.98895,643.2135,559.1092,694.6852,2837.1309,-89.58996,-95.06479,33.790688206807495,132.87525254207202,14.avi
1392,19,3.8,505,561,1423.2562,0,0.0,0.7669329047203064,1,0,486.3271,542.39,524.0312,580.13806,1423.2562,0.0,0.0,0.0,0.0,14.avi
1393,19,3.8,481,600,1262.9994,0,0.0,0.7597570419311523,1,0,463.2288,582.43115,498.921,617.817,1262.9994,0.0,0.0,0.0,0.0,14.avi
1394,19,3.8,494,635,1390.066,0,0.0,0.6880872845649719,1,0,476.1034,616.50745,513.0338,654.1476,1390.066,0.0,0.0,0.0,0.0,14.avi
1392,20,4.0,496,589,19543.916,0,150.30300741282102,0.9158619046211244,3,0,426.59363,520.46094,567.36865,659.29175,19543.916,-32.726543,114.220665,29.215409651275376,251.68818436129223,14.avi
1392,21,4.2,445,591,23516.672,0,259.5311833792076,0.8706845641136169,5,0,370.08072,513.1934,521.1675,668.84357,23516.672,-237.925,14.844658,50.360621688865216,154.45000755614512,14.avi
1392,22,4.4,444,608,26548.416,0,267.9575428692284,0.9232770204544068,7,0,361.03964,528.07086,527.0212,688.01886,26548.416,-61.557327,68.75212,48.04949920950579,343.04456044930106,14.avi
1392,23,4.6,483,657,21441.656,0,355.9542686222088,0.736358106136322,9,0,410.35754,584.42377,556.4596,731.1818,21441.656,136.84851,206.9636,62.20224724874112,325.5302045394361,14.avi
1388,24,4.8,430,729,356.80316,0,147.6820596307226,0.2684833705425262,15,0,420.3506,720.19556,440.4635,737.93555,356.80316,-1.069875,1.3633507,29.738298382122174,231.1824348462504,14.avi
1390,24,4.8,462,749,2086.7852,0,228.73183537969825,0.2410116493701934,9,0,440.72586,725.7897,484.61887,773.3323,2086.7852,6.394093,5.6131077,44.87034908582373,318.6933658204823,14.avi
1392,24,4.8,482,695,25407.96,0,160.29969825681368,0.9074429869651794,11,0,402.127,616.2265,563.34015,773.83124,25407.96,28.972717,190.9363,29.08247565819542,171.70545540434,14.avi
1392,25,5.0,525,695,19658.098,0,296.55989096462247,0.8906121253967285,13,0,454.896,625.51,595.19946,765.62134,19658.098,169.42874,46.13095,52.826783196833006,46.33784199920035,14.avi
1395,26,5.2,1082,173,1364.6534,0,0.0,0.8038976788520813,1,0,1063.0608,155.3515,1101.47,190.88086,1364.6534,0.0,0.0,0.0,0.0,14.avi
1396,26,5.2,548,569,25199.367,0,0.0,0.7991703748703003,1,0,467.11963,492.40088,630.083,647.03296,25199.367,0.0,0.0,0.0,0.0,14.avi
1397,26,5.2,532,596,2229.8594,0,0.0,0.6807743906974792,1,0,510.5459,570.64966,554.4652,621.4214,2229.8594,0.0,0.0,0.0,0.0,14.avi
1396,27,5.4,521,625,15990.524,0,314.2744944070312,0.7975460886955261,3,0,453.56143,566.30145,588.5615,684.7497,15990.524,-109.939514,222.78894,61.79038619457496,243.4683077609189,14.avi
1398,27,5.4,1039,199,1398.7268,0,0.0,0.7090726494789124,1,0,1019.9524,181.81644,1059.1555,217.49545,1398.7268,0.0,0.0,0.0,0.0,14.avi
1399,28,5.6,995,227,1466.2981,0,0.0,0.8133408427238464,1,0,976.2294,208.21301,1015.06555,245.969,1466.2981,0.0,0.0,0.0,0.0,14.avi
1400,28,5.6,423,733,23577.295,0,0.0,0.918420433998108,1,0,344.56232,658.5454,502.41278,807.91016,23577.295,0.0,0.0,0.0,0.0,14.avi
1385,29,5.8,557,726,1870.4844,0,46.62558847665944,0.3532498776912689,22,0,535.5696,704.9437,579.66455,747.36316,1870.4844,5.6039615,3.6712394,9.657755611878862,109.20021206852503,14.avi
1399,29,5.8,966,246,1097.7793,0,175.33359651078274,0.8120738863945007,3,0,951.97955,228.15768,981.81354,264.95392,1097.7793,-114.77408,77.70379,35.16421606946269,212.529519132135,14.avi
1401,29,5.8,112,292,596.8912,0,0.0,0.5629245638847351,1,0,100.47026,279.9454,124.66141,304.61935,596.8912,0.0,0.0,0.0,0.0,14.avi
1402,29,5.8,535,676,2808.6914,0,0.0,0.71492999792099,1,0,508.19366,650.87946,562.3881,702.7056,2808.6914,0.0,0.0,0.0,0.0,14.avi
1403,29,5.8,504,734,2638.898,0,0.0,0.6795461177825928,1,0,478.18842,710.366,531.7939,759.5942,2638.898,0.0,0.0,0.0,0.0,14.avi
1390,30,6.0,504,798,3151.875,0,145.7634356061177,0.4957257807254791,16,0,474.6721,771.7611,534.55927,824.39136,3151.875,10.642155,12.63504,28.76926782984991,300.2021362588108,14.avi
1399,30,6.0,942,262,1047.7562,0,5.795883122174251,0.8217440247535706,5,0,928.1159,244.49985,957.57513,280.0662,1047.7562,-119.7936,78.55767,1.9441107567333664,177.15313493840029,14.avi
1400,30,6.0,491,786,29456.982,0,433.5210590680212,0.592071533203125,4,0,409.59128,696.90234,573.5166,876.6,29456.982,111.58423,87.7432,85.69036076999082,321.98645405065486,14.avi
1404,30,6.0,525,853,1948.6353,0,0.0,0.7965921759605408,1,0,503.7981,830.4071,546.55115,875.98596,1948.6353,0.0,0.0,0.0,0.0,14.avi
1399,31,6.2,915,278,852.37,0,21.13879461166026,0.8069740533828735,7,0,901.80676,263.07642,928.6311,294.85248,852.37,-133.859,82.27692,3.8867835811019527,180.08007602042312,14.avi
1400,31,6.2,466,839,26251.363,0,327.95977429144114,0.3960994780063629,6,0,387.8603,756.6013,545.9151,922.6915,26251.363,-81.88127,233.29239,59.12457994305921,215.93730529016244,14.avi
1405,31,6.2,414,871,1929.9869,0,0.0,0.7294039130210876,1,0,393.549,848.77515,436.07904,894.15454,1929.9869,0.0,0.0,0.0,0.0,14.avi
1399,32,6.4,877,299,971.17395,0,63.97181710404433,0.7670201659202576,9,0,863.1315,283.4249,892.85254,316.10123,971.17395,-173.99016,98.94797,11.993944742368637,197.3674176470485,14.avi
1400,32,6.4,496,855,23407.572,0,311.0679694967589,0.9143353700637816,8,0,422.5142,775.7029,569.9802,934.4348,23407.572,95.068924,112.44113,55.219604193055744,34.53551648937923,14.avi
1399,33,6.6,836,320,1565.2502,0,35.77610145441264,0.4716380536556244,11,0,816.81165,300.9623,857.0394,339.87192,1565.2502,-198.10222,102.27321,7.207865763953169,183.5583574298359,14.avi
1400,33,6.6,518,829,21248.807,0,271.5358063928636,0.8936810493469238,10,0,448.46948,753.44507,587.9862,905.7479,21248.807,106.4678,-71.82796,48.634257844987445,86.7714732548082,14.avi
1390,34,6.8,494,849,1066.2942,0,204.090274280748,0.3488472402095794,21,0,477.6376,834.059,511.82663,865.24725,1066.2942,-7.575474,28.011364,40.93551226341932,218.8058864718378,14.avi
1399,34,6.8,800,342,1848.5162,0,21.266896445470408,0.3674334287643432,13,0,777.99066,322.14447,823.4047,362.84808,1848.5162,-185.05428,108.52119,2.9215270730295506,337.2829941585589,14.avi
1400,34,6.8,534,819,20376.283,0,34.51761421588865,0.6080963015556335,12,0,464.19638,747.2243,605.652,891.27155,20376.283,88.78741,-56.379078,6.685227048502799,214.318722358347,14.avi
1404,34,6.8,537,843,1017.6228,0,77.03558326939122,0.5902865529060364,6,0,520.0506,829.01434,554.6142,858.4565,1017.6228,6.2167826,-4.837872,15.614380041826562,40.76983480681304,14.avi
1406,34,6.8,918,153,1060.1588,0,0.0,0.747439980506897,1,0,898.9746,140.6125,938.80835,167.2271,1060.1588,0.0,0.0,0.0,0.0,14.avi
1407,34,6.8,559,865,1273.3724,0,0.0,0.6356059908866882,1,0,541.6715,847.3716,576.7825,883.6387,1273.3724,0.0,0.0,0.0,0.0,14.avi
1399,35,7.0,775,346,1604.3024,0,119.19687241970688,0.7946106195449829,15,0,754.29974,328.07864,797.0289,365.62454,1604.3024,-138.98964,41.798286,21.430027177985515,58.13550559975846,14.avi
1400,35,7.0,508,751,20495.469,0,407.5165967986465,0.8559442758560181,14,0,436.76035,679.5916,580.1419,822.5351,20495.469,-81.324104,-275.251,72.40355952368675,128.10614238869232,14.avi
1408,35,7.0,819,227,883.63666,0,0.0,0.8076677918434143,1,0,805.47003,211.45995,833.497,242.98802,883.63666,0.0,0.0,0.0,0.0,14.avi
1399,36,7.2,751,328,1716.8918,0,150.27184108112243,0.3278206884860992,17,0,728.6667,309.74557,773.6319,347.9282,1716.8918,-126.36388,-59.636246,27.39107909984929,83.43084077338045,14.avi
1405,36,7.2,448,874,4791.87,0,170.38662009280176,0.5300801396369934,7,0,405.54486,846.68744,491.97992,902.1264,4791.87,11.656089,1.0101463,33.282666593556144,355.6315224910905,14.avi
1409,36,7.2,272,954,699.0607,0,0.0,0.5352681279182434,1,0,260.15897,940.2584,284.8765,968.5404,699.0607,0.0,0.0,0.0,0.0,14.avi
1399,37,7.4,701,325,1282.4841,0,145.17556886493531,0.8340581059455872,19,0,682.38965,308.2984,720.6616,341.8081,1282.4841,-220.01627,-28.316273,26.159042527878828,198.0156008883341,14.avi
1410,37,7.4,244,49,776.4901,0,0.0,0.8210931420326233,1,0,231.35257,34.352608,257.61642,63.91758,776.4901,0.0,0.0,0.0,0.0,14.avi
1411,37,7.4,720,347,1127.3977,0,0.0,0.8446853160858154,1,0,703.3013,331.55225,738.536,363.549,1127.3977,0.0,0.0,0.0,0.0,14.avi
1412,37,7.4,390,878,25094.85,0,0.0,0.8977810144424438,1,0,309.71216,800.1332,470.5324,956.176,25094.85,0.0,0.0,0.0,0.0,14.avi
1402,38,7.6,554,705,284.875,0,172.17921424145587,0.189057394862175,11,0,545.7283,697.2909,563.5928,713.2374,284.875,2.262557,3.3257494,33.848063146816614,303.55504604159887,14.avi
1410,38,7.6,226,78,718.1869,0,172.57806798094668,0.7773659229278564,3,0,214.74062,63.37628,238.73665,93.305695,718.1869,-70.8418,116.590385,34.27622278325353,237.36533017191937,14.avi
1413,38,7.6,668,388,1559.5629,0,0.0,0.8493244647979736,1,0,648.82983,368.82776,687.6061,409.0473,1559.5629,0.0,0.0,0.0,0.0,14.avi
1414,38,7.6,152,322,637.3898,0,0.0,0.6373105049133301,1,0,140.72324,309.73175,165.18356,335.78986,637.3898,0.0,0.0,0.0,0.0,14.avi
1415,38,7.6,465,956,19389.68,0,0.0,0.8935279250144958,1,0,393.91815,888.3491,536.85626,1024.0,19389.68,0.0,0.0,0.0,0.0,14.avi
1414,39,7.8,144,327,650.70844,0,50.84397300040031,0.373386412858963,3,0,132.33606,314.20624,156.19052,341.4845,650.70844,-34.69107,20.297688,9.906268457726828,205.33631111801253,14.avi
1416,39,7.8,628,430,1759.3201,0,0.0,0.8556903600692749,1,0,608.8817,408.31665,647.92566,453.37665,1759.3201,0.0,0.0,0.0,0.0,14.avi
1417,39,7.8,118,496,553.83844,0,0.0,0.5005350112915039,1,0,106.79405,484.10495,129.91357,508.0604,553.83844,0.0,0.0,0.0,0.0,14.avi
1418,39,7.8,456,800,807.3364,0,0.0,0.7344592809677124,1,0,442.1743,786.3897,471.36508,814.04694,807.3364,0.0,0.0,0.0,0.0,14.avi
1417,40,8.0,119,496,550.69543,0,7.958823565986026,0.3767040371894836,3,0,108.14455,484.72266,131.6298,508.1712,550.69543,6.1212173,1.4541084,0.6514538331735349,7.290724644145598,14.avi
1418,40,8.0,454,815,804.5081,0,80.41135981831471,0.7121460437774658,3,0,439.9515,801.9106,468.61136,829.9815,804.5081,-9.93317,62.785397,15.038920532058086,259.38738695071504,14.avi
1419,40,8.0,588,461,1611.958,0,0.0,0.8447824120521545,1,0,569.68634,440.57648,608.0516,482.5926,1611.958,0.0,0.0,0.0,0.0,14.avi
1420,0,0.0,1230,933,764.82605,0,0.0,0.7322004437446594,1,0,1217.7434,919.0624,1243.919,948.2815,764.82605,0.0,0.0,0.0,0.0,15.avi
1420,1,0.2,1213,937,526.10547,0,88.95151861175691,0.6422716379165649,3,0,1202.0673,925.58936,1225.0199,948.51074,526.10547,-69.012184,13.485393,18.139097946768032,190.5722119570013,15.avi
1421,1,0.2,276,608,10577.659,0,0.0,0.7220905423164368,1,0,222.39725,560.0213,330.52097,657.8505,10577.659,0.0,0.0,0.0,0.0,15.avi
1420,2,0.4,1196,943,532.48456,0,25.786862349488132,0.725292444229126,5,0,1185.4053,932.1143,1208.2769,955.3958,532.48456,-82.291954,31.838303,4.957509493848186,221.0068882577121,15.avi
1421,2,0.4,250,640,4547.363,0,206.21232629331325,0.6383184194564819,3,0,218.05502,605.2446,282.76273,675.52,4547.363,-103.992935,125.5346,40.805168908960624,229.57701409782857,15.avi
1422,2,0.4,395,244,847.7731,0,0.0,0.6975400447845459,1,0,380.72058,230.1943,410.64014,258.5294,847.7731,0.0,0.0,0.0,0.0,15.avi
1423,2,0.4,292,681,2932.0127,0,0.0,0.6519778370857239,1,0,263.88718,655.3159,320.78952,706.843,2932.0127,0.0,0.0,0.0,0.0,15.avi
1424,2,0.4,301,635,1127.3152,0,0.0,0.5771556496620178,1,0,286.5551,616.95404,316.6244,654.44464,1127.3152,0.0,0.0,0.0,0.0,15.avi
1420,3,0.6,1179,948,598.2737,0,7.302924551608367,0.4399619400501251,7,0,1167.6808,936.71106,1192.2684,961.04333,598.2737,-83.856735,27.061832,2.5333505769931466,123.07901739289385,15.avi
1421,3,0.6,263,639,4476.92,0,221.260323025248,0.8623632788658142,5,0,230.17842,605.9236,296.46387,673.4636,4476.92,50.373306,7.4129257,42.621045014470056,38.42623296569957,15.avi
1423,3,0.6,307,670,5003.832,0,92.27772728685716,0.8745176792144775,3,0,272.98392,634.6321,342.01218,707.1217,5003.832,60.517807,-40.728786,18.37712257440214,37.07748986570368,15.avi
1425,3,0.6,364,216,830.8315,0,0.0,0.7096826434135437,1,0,350.96906,201.30392,378.8802,231.07095,830.8315,0.0,0.0,0.0,0.0,15.avi
1421,4,0.8,285,657,5019.962,0,114.54276949682512,0.6729229688644409,7,0,249.59203,622.8089,321.14548,692.96576,5019.962,96.28715,71.496925,19.622679066886807,306.25401019365887,15.avi
1424,4,0.8,312,612,888.1739,0,128.3597016022923,0.7823939323425293,4,0,297.49097,597.252,326.89264,627.46027,888.1739,17.380396,-38.26758,25.88497662026501,66.28588433142875,15.avi
1425,4,0.8,348,231,979.7427,0,114.58607485717366,0.8339741230010986,3,0,333.57797,215.26442,363.2698,248.26149,979.7427,-65.87117,62.177696,22.491215621108324,221.1926681394541,15.avi
1424,5,1.0,308,604,2625.2305,0,38.3458394808155,0.5398790836334229,6,0,283.7919,578.2263,333.80276,630.7196,2625.2305,-10.910965,-39.213314,7.700002537069835,174.7643914186126,15.avi
1425,5,1.0,339,265,961.85834,0,114.56261261790512,0.8133718371391296,5,0,325.03723,249.07613,353.83868,282.4723,961.85834,-46.692398,160.97556,21.136886924381457,280.22014937512904,15.avi
1426,5,1.0,282,613,12349.772,0,0.0,0.7427657842636108,1,0,222.6915,562.03186,342.54703,665.0707,12349.772,0.0,0.0,0.0,0.0,15.avi
1424,6,1.2,289,616,2266.0244,0,147.90881496775154,0.7677717208862305,8,0,264.91696,592.92523,313.34244,639.7193,2266.0244,-78.561615,36.97414,26.18163755526057,227.7160548131101,15.avi
1425,6,1.2,330,307,856.686,0,54.782363347186845,0.7748391628265381,7,0,317.19037,291.90662,344.1681,323.66187,856.686,-44.469147,198.61401,9.03124867116694,269.36882283124305,15.avi
1426,6,1.2,249,588,2152.9863,0,211.7419918858708,0.7900833487510681,3,0,229.33719,561.1363,269.37485,614.91034,2152.9863,-132.78741,-101.90797,42.22703161287821,142.7644855728596,15.avi
1427,6,1.2,236,555,2029.3416,0,0.0,0.8493566513061523,1,0,213.60748,532.73816,259.16318,577.28455,2029.3416,0.0,0.0,0.0,0.0,15.avi
1428,6,1.2,317,562,860.76404,0,0.0,0.6340049505233765,1,0,303.88818,547.09937,331.07202,578.7639,860.76404,0.0,0.0,0.0,0.0,15.avi
1429,7,1.4,295,554,14776.264,0,0.0,0.866874098777771,1,0,235.45203,492.76337,355.80212,615.5407,14776.264,0.0,0.0,0.0,0.0,15.avi
1429,8,1.6,308,579,11759.034,0,140.97683868641434,0.8754096627235413,3,0,256.08798,522.73047,360.54062,635.3081,11759.034,50.647602,99.270424,27.75807009212932,296.47079180121926,15.avi
1427,9,1.8,254,585,6353.201,0,176.32530165671236,0.1996127068996429,5,0,211.30927,548.5594,298.35065,621.55,6353.201,15.549706,25.327972,34.779240484699265,300.4290361946912,15.avi
1430,10,2.0,220,515,8514.519,0,0.0,0.7064892649650574,1,0,172.30249,471.65118,269.00098,559.7034,8514.519,0.0,0.0,0.0,0.0,15.avi
1431,11,2.2,274,444,1792.0681,0,0.0,0.6073461771011353,1,0,255.78018,420.81458,293.46585,468.3676,1792.0681,0.0,0.0,0.0,0.0,15.avi
1432,11,2.2,239,414,4249.384,0,0.0,0.5519529581069946,1,0,207.40671,382.1612,272.14224,447.8034,4249.384,0.0,0.0,0.0,0.0,15.avi
1431,12,2.4,294,433,3252.3687,0,113.3093280173118,0.4123018682003021,3,0,260.71167,409.46295,327.77997,457.9563,3252.3687,78.334526,-43.43906,22.579215613138548,30.88739188280516,15.avi
1433,12,2.4,294,373,4175.1,0,0.0,0.7506465911865234,1,0,263.16168,339.64386,325.19006,406.95337,4175.1,0.0,0.0,0.0,0.0,15.avi
1433,13,2.6,295,353,10996.195,0,100.96816586951245,0.6731119751930237,3,0,240.3827,303.67078,351.0257,403.05524,10996.195,6.1011033,-79.58321,20.315337465476045,87.67505851441354,15.avi
1433,14,2.8,302,294,6268.716,0,227.92528135279912,0.5173053741455078,5,0,260.28693,257.00598,344.82196,331.1612,6268.716,31.881691,-278.14676,43.741821765616216,83.33666128512402,15.avi
1434,14,2.8,1043,970,795.39716,0,0.0,0.6629762649536133,1,0,1029.5454,956.16833,1057.4648,984.65735,795.39716,0.0,0.0,0.0,0.0,15.avi
1435,14,2.8,318,342,1029.623,0,0.0,0.7124214172363281,1,0,302.43573,326.42352,334.33136,358.70453,1029.623,0.0,0.0,0.0,0.0,15.avi
1434,15,3.0,1021,975,679.54987,0,115.3188481758479,0.4348698854446411,3,0,1007.4704,963.46576,1035.1326,988.0318,679.54987,-88.63752,21.30127,22.96786362630992,191.52062783289625,15.avi
1436,15,3.0,261,288,10726.768,0,0.0,0.7839190363883972,1,0,212.52377,233.4436,309.58224,343.96222,10726.768,0.0,0.0,0.0,0.0,15.avi
1434,16,3.2,994,982,702.03,0,50.48721217622886,0.7102285027503967,5,0,980.767,969.9188,1007.87286,995.8185,702.03,-131.01299,34.395782,9.77880046872907,191.747574729104,15.avi
1436,16,3.2,248,298,10238.424,0,80.21990659445596,0.861821711063385,3,0,202.2778,242.9712,294.64957,353.81055,10238.424,-50.256783,38.674458,16.02550784486002,215.46061177165967,15.avi
1434,17,3.4,976,987,753.6734,0,51.0865339717836,0.3549284636974334,7,0,962.97217,973.98016,991.0016,1000.86884,753.6734,-97.00009,25.4864,8.34783001974566,19.218024213602803,15.avi
1436,17,3.4,237,302,8016.208,0,17.719555924699815,0.7821093201637268,5,0,196.21118,254.70801,279.61786,350.81793,8016.208,-52.53632,23.27581,4.360799936178798,108.89699949931789,15.avi
1434,18,3.6,954,1002,745.40204,0,61.3993873003964,0.2217529714107513,9,0,940.85614,988.955,967.65155,1016.77325,745.40204,-109.79358,65.18451,10.134198930327178,249.27178067932235,15.avi
1436,18,3.6,205,302,3091.7114,0,123.17468221999827,0.748441219329834,7,0,179.45796,273.0116,232.38255,331.4289,3091.7114,-134.93483,3.3429089,23.053008668822752,166.40667860266092,15.avi
1437,18,3.6,152,352,2430.1838,0,0.0,0.8281516432762146,1,0,128.91061,326.10272,175.81128,377.91827,2430.1838,0.0,0.0,0.0,0.0,15.avi
1438,18,3.6,197,341,1771.7054,0,0.0,0.7459474802017212,1,0,179.41907,317.10257,215.27786,366.5104,1771.7054,0.0,0.0,0.0,0.0,15.avi
1439,18,3.6,166,316,721.3805,0,0.0,0.5649683475494385,1,0,154.42424,301.5089,178.34663,331.66394,721.3805,0.0,0.0,0.0,0.0,15.avi
1434,19,3.8,934,1010,634.1718,0,31.386601473655052,0.2183478623628616,11,0,921.9953,997.97266,946.78986,1023.5497,634.1718,-101.725426,45.413498,6.142409941852839,73.8852933647363,15.avi
1437,19,3.8,133,374,3242.3694,0,148.4667891508408,0.7091837525367737,3,0,109.90656,340.9233,157.72745,408.72568,3242.3694,-74.02775,91.07386,29.29819877628712,228.637270264217,15.avi
1438,19,3.8,185,343,3543.3472,0,62.410594690586905,0.7814763784408569,3,0,152.93399,315.83435,217.24704,370.92963,3543.3472,-48.93391,6.2893953,12.406008939931274,185.5206412147956,15.avi
1440,19,3.8,177,392,1832.8535,0,0.0,0.7609571814537048,1,0,156.39601,370.55078,198.67943,413.89764,1832.8535,0.0,0.0,0.0,0.0,15.avi
1437,20,4.0,110,404,1398.1118,0,73.88186930483715,0.3767839670181274,5,0,92.64626,384.50217,128.03929,424.0046,1398.1118,-113.72269,142.42471,14.189559278793377,230.5744018242669,15.avi
1440,20,4.0,162,388,3339.3774,0,76.03866534085188,0.4262866377830505,3,0,135.53914,358.027,190.36717,418.93338,3339.3774,-58.22181,-14.946135,16.101698878811764,164.79070231392006,15.avi
1441,20,4.0,385,300,429.90503,0,0.0,0.7136722207069397,1,0,374.7695,290.18518,395.74185,310.68384,429.90503,0.0,0.0,0.0,0.0,15.avi
1435,21,4.2,281,363,2414.3276,0,212.3781598490358,0.8491436839103699,9,0,256.38422,338.78076,306.02185,387.41986,2414.3276,-6.915257,3.819571,42.60467661189156,208.6635278575088,15.avi
1437,21,4.2,114,434,4204.3145,0,152.37411974933272,0.7697890400886536,7,0,85.266174,399.4477,144.44232,470.49518,4204.3145,-9.201134,150.98816,26.431884442989706,357.2640944150042,15.avi
1440,21,4.2,173,418,3855.5554,0,209.476516863189,0.8225817680358887,5,0,145.66873,384.42197,201.5379,453.4324,3855.5554,43.867638,138.16248,39.08127095354459,303.7126578800006,15.avi
1437,22,4.4,137,477,9299.166,0,153.83594935657524,0.8905075788497925,9,0,91.819725,426.23926,183.0476,528.1726,9299.166,84.53139,197.19049,26.74505688027205,333.7454700250008,15.avi
1442,23,4.6,73,538,16958.668,0,0.0,0.8797743320465088,1,0,8.955856,472.885,138.76627,603.52686,16958.668,0.0,0.0,0.0,0.0,15.avi
1442,24,4.8,37,513,10137.709,0,224.05614877766573,0.8244834542274475,3,0,-0.07854843,445.26923,74.701706,580.8359,10137.709,-145.90613,-100.41273,44.65508777551951,145.63532045074135,15.avi
1442,25,5.0,22,515,6446.6196,0,138.00172156055004,0.1710295528173446,5,0,-4.406561,455.10995,49.158142,575.462,6446.6196,-80.67446,1.77491,26.032442464363506,302.193705421384,15.avi
1443,28,5.6,67,489,1882.5039,0,0.0,0.8020564317703247,1,0,47.478806,465.39972,87.03265,512.99316,1882.5039,0.0,0.0,0.0,0.0,15.avi
1444,28,5.6,42,531,1628.9309,0,0.0,0.7411625385284424,1,0,24.593887,508.60138,60.829605,553.5551,1628.9309,0.0,0.0,0.0,0.0,15.avi
1445,0,0.0,437,864,8549.138,0,0.0,0.7968631386756897,1,0,393.51202,816.4247,482.4328,912.568,8549.138,0.0,0.0,0.0,0.0,17.avi
1445,1,0.2,406,901,11327.701,0,245.90599770036272,0.8760677576065063,3,0,354.21292,847.36865,458.655,955.82776,11327.701,-125.90202,148.11134,48.52579194085481,228.78589967396744,17.avi
1445,2,0.4,335,919,13009.978,0,247.37753333247147,0.892167329788208,5,0,280.79456,859.9349,389.63336,979.4693,13009.978,-336.72308,95.36734,47.84066872373284,165.20029345342687,17.avi
1445,3,0.6,287,941,13763.6,0,111.40442310757636,0.7528047561645508,7,0,230.6575,880.8348,344.7914,1001.42645,13763.6,-260.5825,104.398544,19.25956507188537,353.3676951056244,17.avi
1445,4,0.8,253,907,12741.021,0,325.5805954761749,0.9013692140579224,9,0,197.36174,849.8804,308.71478,964.3004,12741.021,-193.67783,-106.40639,57.694171421658,72.45515983308485,17.avi
1445,5,1.0,231,900,10286.975,0,126.67004639449164,0.7295464277267456,11,0,180.86566,849.3876,282.0398,951.0635,10286.975,-127.709076,-50.952717,21.91301254922929,319.6391386804057,17.avi
1446,5,1.0,73,692,2167.808,0,0.0,0.5294421315193176,1,0,49.809753,668.98804,96.88605,715.03687,2167.808,0.0,0.0,0.0,0.0,17.avi
1445,6,1.2,199,850,13467.143,0,225.68586674794804,0.8773815631866455,13,0,140.459,793.36237,257.92072,908.01373,13467.143,-153.5586,-202.28275,40.6270830693823,99.79399447900715,17.avi
1445,7,1.4,138,830,10690.617,0,203.07737903741165,0.8027506470680237,15,0,86.42827,779.48785,191.21956,881.50604,10690.617,-267.60706,-124.34297,36.32781307579085,212.9679392794289,17.avi
1447,8,1.6,154,815,12180.874,0,0.0,0.8123236298561096,1,0,100.56204,758.9673,207.90399,872.4446,12180.874,0.0,0.0,0.0,0.0,17.avi
1448,9,1.8,222,825,2037.9353,0,0.0,0.7836635112762451,1,0,200.10764,803.2919,245.80228,847.89087,2037.9353,0.0,0.0,0.0,0.0,17.avi
1449,9,1.8,205,777,4033.0493,0,0.0,0.7318078279495239,1,0,174.7974,744.98584,236.69644,810.1411,4033.0493,0.0,0.0,0.0,0.0,17.avi
1450,10,2.0,222,715,8439.228,0,0.0,0.7704674601554871,1,0,174.68967,671.87366,271.14444,759.3678,8439.228,0.0,0.0,0.0,0.0,17.avi
1450,11,2.2,243,669,12484.675,0,255.5352866685417,0.6886511445045471,3,0,188.0431,613.6219,299.65475,725.48004,12484.675,83.56045,-183.91124,50.762357978458034,66.69493133103822,17.avi
1451,11,2.2,270,682,1822.9103,0,0.0,0.5425974130630493,1,0,250.44974,659.5282,290.19064,705.3981,1822.9103,0.0,0.0,0.0,0.0,17.avi
1450,12,2.4,240,650,15591.733,0,138.09902050922696,0.8399292826652527,5,0,174.75319,590.977,306.4317,709.3846,15591.733,-7.878235,-104.17928,26.82671362548928,219.96483239867027,17.avi
1452,13,2.6,236,707,12466.864,0,0.0,0.7795671820640564,1,0,181.10193,650.30945,291.0133,763.73596,12466.864,0.0,0.0,0.0,0.0,17.avi
1452,14,2.8,277,701,15129.916,0,210.52801928664095,0.8711170554161072,3,0,211.54848,643.6333,343.11005,758.63586,15129.916,164.75705,-23.505531,41.382987891443605,8.368305765389493,17.avi
1453,14,2.8,508,888,863.24756,0,0.0,0.6824596524238586,1,0,494.4447,873.63306,522.56714,904.3291,863.24756,0.0,0.0,0.0,0.0,17.avi
1454,15,3.0,228,724,12299.027,0,0.0,0.7995306253433228,1,0,176.7031,665.2791,280.70212,783.5401,12299.027,0.0,0.0,0.0,0.0,17.avi
1451,16,3.2,279,713,2712.7778,0,159.9098940235804,0.1739433407783508,7,0,253.7375,686.4673,304.4433,739.96765,2712.7778,3.0112228,10.559419,31.74648378197606,285.86728938551903,17.avi
1455,16,3.2,301,737,12353.218,0,0.0,0.8392698764801025,1,0,245.3891,682.35425,357.6629,792.38184,12353.218,0.0,0.0,0.0,0.0,17.avi
1451,17,3.4,298,722,2766.0415,0,111.99156027578076,0.7220882773399353,9,0,271.7966,696.2273,324.86887,748.3457,2766.0415,81.34314,39.795635,19.484802709441585,339.9797859698129,17.avi
1455,17,3.4,307,758,13176.025,0,111.33917765379142,0.4402790665626526,3,0,247.75803,703.59155,367.67746,813.4656,13176.025,24.71755,84.47314,21.345780766810407,284.8591702914276,17.avi
1456,17,3.4,63,327,714.2027,0,0.0,0.6130714416503906,1,0,50.90365,313.2176,75.47341,342.28595,714.2027,0.0,0.0,0.0,0.0,17.avi
1455,18,3.6,270,758,11634.523,0,235.42682661968223,0.900173008441925,5,0,216.1841,705.32874,325.25665,811.99646,11634.523,-167.33507,7.724266,46.08200501016554,157.78447968913804,17.avi
1447,19,3.8,154,790,2411.2705,0,124.29117444741514,0.2586070597171783,13,0,133.1427,762.89484,176.26666,818.80963,2411.2705,0.037875082,-1.9957796,25.70698871176192,90.51935572027276,17.avi
1448,19,3.8,210,811,657.0121,0,93.14066294924396,0.6356626152992249,12,0,197.91437,798.733,223.75775,824.1558,657.0121,-1.1631283,-1.3577765,19.51253325496851,131.60028959846284,17.avi
1449,19,3.8,192,783,1325.2817,0,70.67913688109661,0.5490743517875671,12,0,175.004,764.6736,210.62823,801.87524,1325.2817,-1.2410517,0.5481132,14.782879760508989,201.57741838360064,17.avi
1455,19,3.8,220,749,3271.7935,0,112.18812664614148,0.5680288076400757,7,0,191.81071,720.5358,249.15889,777.5872,3271.7935,-231.63928,-35.018215,20.573902192332195,146.99299906780442,17.avi
1457,19,3.8,102,408,811.2746,0,0.0,0.7756388187408447,1,0,89.08653,393.8504,116.60445,423.3321,811.2746,0.0,0.0,0.0,0.0,17.avi
1458,19,3.8,794,959,735.2532,0,0.0,0.6993536949157715,1,0,782.7797,944.2705,806.7115,974.9934,735.2532,0.0,0.0,0.0,0.0,17.avi
1447,20,4.0,148,749,2311.8745,0,223.97974444879125,0.4256885647773742,15,0,125.74052,723.66565,170.2895,775.5608,2311.8745,-30.185675,-186.2995,41.992985233946655,99.19773514801506,17.avi
1454,20,4.0,188,740,1105.1533,0,217.87043435614856,0.7493089437484741,7,0,171.23676,724.8258,205.53638,757.0464,1105.1533,-13.84242,5.674338,43.58626512483862,200.95842943446013,17.avi
1459,22,4.4,208,680,15562.441,0,0.0,0.5547915697097778,1,0,142.13373,622.1173,275.71692,738.6173,15562.441,0.0,0.0,0.0,0.0,17.avi
1449,24,4.8,171,807,1754.6023,0,141.05169418545563,0.6930575370788574,18,0,152.4347,784.88947,191.5203,829.7807,1754.6023,-7.803895,9.143567,28.54713355842772,230.6695228783088,17.avi
1454,24,4.8,147,768,2965.5957,0,102.97543426860088,0.7929932475090027,12,0,119.018524,742.0231,175.96243,794.1023,2965.5957,-21.577633,14.912323,20.849590064722136,228.91556225467565,17.avi
1460,24,4.8,157,854,1302.8293,0,0.0,0.6847283244132996,1,0,139.47803,835.995,175.24255,872.423,1302.8293,0.0,0.0,0.0,0.0,17.avi
1461,24,4.8,131,808,1223.3488,0,0.0,0.5428333878517151,1,0,113.84381,791.34924,148.9165,826.2296,1223.3488,0.0,0.0,0.0,0.0,17.avi
1462,24,4.8,135,836,802.17084,0,0.0,0.5189329385757446,1,0,120.70911,822.78827,150.0863,850.0942,802.17084,0.0,0.0,0.0,0.0,17.avi
1459,26,5.2,193,748,17002.572,0,348.06193818299147,0.8909856677055359,6,0,127.60381,684.12396,260.04385,812.50336,17002.572,-7.722031,34.743843,69.48234842679209,256.75004908053324,17.avi
1459,27,5.4,180,774,17343.254,0,129.16137170874535,0.827096700668335,8,0,115.39528,708.6001,246.17,841.2195,17343.254,-55.114426,115.73472,22.40268377804829,236.76163766458785,17.avi
1463,27,5.4,487,975,1561.6891,0,0.0,0.7552773356437683,1,0,467.43213,955.6868,506.72485,995.4318,1561.6891,0.0,0.0,0.0,0.0,17.avi
1459,28,5.6,219,801,16635.957,0,279.5274737653692,0.8916344046592712,10,0,156.01508,735.6804,282.82672,866.8668,16635.957,137.80727,128.23145,49.32813426260483,356.5793294594654,17.avi
1459,29,5.8,251,803,22363.848,0,134.25257509153175,0.8446080088615417,12,0,179.25496,725.83923,323.16693,881.23865,22363.848,154.05064,38.41806,24.2549806622748,80.46547883687163,17.avi
1459,30,6.0,316,836,11133.38,0,240.94238740533712,0.2241909354925155,14,0,265.8168,781.4065,366.7662,891.69324,11133.38,285.84384,135.81898,42.053410054413554,323.900421889016,17.avi
1464,30,6.0,292,890,2087.4802,0,0.0,0.7143293619155884,1,0,269.75433,867.48346,315.70526,912.9119,2087.4802,0.0,0.0,0.0,0.0,17.avi
1459,31,6.2,339,825,14326.592,0,289.8525396865722,0.9166204929351808,16,0,281.4411,763.62427,397.5995,886.96094,14326.592,155.30951,-11.949921,51.82913539507948,131.67328362469743,17.avi
1465,32,6.4,262,761,12647.398,0,0.0,0.8156853318214417,1,0,204.90945,706.9658,320.35007,816.52344,12647.398,0.0,0.0,0.0,0.0,17.avi
1465,33,6.6,239,833,16387.863,0,378.4137143303535,0.8880189657211304,3,0,181.82315,762.3621,297.6606,903.835,16387.863,-91.36879,284.846,75.07125616666507,251.65340709512355,17.avi
1466,33,6.6,87,530,1047.8905,0,0.0,0.7563108205795288,1,0,72.02908,512.9367,102.339554,547.5086,1047.8905,0.0,0.0,0.0,0.0,17.avi
1465,34,6.8,218,838,13272.867,0,271.3672360870045,0.7097897529602051,5,0,163.11751,778.5954,274.70245,897.544,13272.867,-103.082886,46.74048,52.183123470617886,93.81072369993676,17.avi
1467,35,7.0,279,793,16664.107,0,0.0,0.8821524381637573,1,0,219.13434,724.35645,339.81378,862.44214,16664.107,0.0,0.0,0.0,0.0,17.avi
1467,36,7.2,257,800,14958.53,0,119.46650431629664,0.8951455950737,3,0,193.27512,742.1297,320.7383,859.4854,14958.53,-89.68996,29.573826,23.423337117534704,196.3676933431545,17.avi
1467,37,7.4,253,801,14159.634,0,80.98999045300411,0.8881442546844482,5,0,193.74667,742.26746,313.5565,860.45166,14159.634,-22.913239,5.0169544,15.060733999925931,22.330689181684704,17.avi
1467,38,7.6,225,763,17704.553,0,251.8080593028575,0.917073130607605,7,0,160.83911,695.4361,290.54257,831.93634,17704.553,-112.563774,-143.30103,46.13846248050864,121.4441748321301,17.avi
1467,39,7.8,202,756,17829.498,0,121.63353984374687,0.8891298174858093,9,0,138.46927,686.39075,265.58572,826.65186,17829.498,-116.980225,-60.793358,21.007059671113986,266.7850986716504,17.avi
1468,40,8.0,233,822,17523.25,0,0.0,0.9419812560081482,1,0,169.62738,753.69244,296.7094,891.5817,17523.25,0.0,0.0,0.0,0.0,17.avi
1468,41,8.2,205,829,16966.889,0,144.37562898246966,0.8882023692131042,3,0,142.4954,762.2566,268.40146,897.0149,16966.889,-110.65849,27.938662,28.878109716307232,192.7288253121637,17.avi
1469,42,8.4,289,796,11379.881,0,0.0,0.8174682259559631,1,0,238.03387,741.06805,340.43854,852.19464,11379.881,0.0,0.0,0.0,0.0,17.avi
1469,43,8.6,299,747,18763.05,0,251.5087649041782,0.753231942653656,3,0,234.164,675.8104,364.39233,819.88855,18763.05,40.087673,-194.73785,50.58262885993643,78.87053269645935,17.avi
1470,43,8.6,27,403,899.64935,0,0.0,0.8157342672348022,1,0,13.252174,387.87927,41.96642,419.2104,899.64935,0.0,0.0,0.0,0.0,17.avi
1471,43,8.6,323,785,3728.6162,0,0.0,0.7607424259185791,1,0,291.65692,756.105,354.54077,815.3987,3728.6162,0.0,0.0,0.0,0.0,17.avi
1469,44,8.8,295,751,17914.805,0,231.84392164948125,0.9020186066627502,5,0,232.45677,680.23926,357.8259,823.13574,17914.805,-15.568771,1.1828156,43.8569635242846,253.718339449675,17.avi
1469,45,9.0,292,746,16856.078,0,29.11010553870609,0.8363845348358154,7,0,229.52225,679.33276,354.62857,814.0668,16856.078,-15.385408,-18.851429,5.924136502483417,90.2668195459438,17.avi
1471,45,9.0,273,785,1654.5588,0,246.43631651337373,0.5253875851631165,4,0,251.85782,766.66785,295.8973,804.2378,1654.5588,-80.690605,-0.4901347,50.10448746477006,179.14022944458827,17.avi
1472,45,9.0,185,601,781.42145,0,0.0,0.6256985068321228,1,0,172.98386,585.51495,198.03171,616.7121,781.42145,0.0,0.0,0.0,0.0,17.avi
1471,46,9.2,254,808,2942.0537,0,129.40706125950834,0.6683115363121033,6,0,227.75677,780.9378,281.4389,835.74286,2942.0537,-93.62702,94.15908,22.951876194268586,260.62326892566114,17.avi
1473,46,9.2,275,837,18354.371,0,0.0,0.8748866319656372,1,0,207.45935,769.79663,343.088,905.12476,18354.371,0.0,0.0,0.0,0.0,17.avi
1473,47,9.4,237,786,16131.722,0,321.3353271486461,0.7582242488861084,3,0,171.37704,725.1874,302.812,847.9227,16131.722,-152.41179,-203.2162,64.13328049737935,126.6398762879794,17.avi
1471,48,9.6,170,824,17223.727,0,248.2804939707588,0.8718660473823547,9,0,105.765564,758.0941,235.2782,891.0829,17223.727,-143.04346,22.872612,49.75286863766807,124.83786557654616,17.avi
1474,48,9.6,730,545,1635.9279,0,0.0,0.5837811231613159,1,0,711.3185,524.0149,750.2565,566.02856,1635.9279,0.0,0.0,0.0,0.0,17.avi
1471,49,9.8,212,818,19380.146,0,410.398303371888,0.6954870820045471,11,0,145.17166,746.8224,279.62772,890.95984,19380.146,126.964874,-16.475441,70.97023091131864,9.049728853754177,17.avi
1469,50,10.0,284,684,1524.1118,0,193.8645162108683,0.5454443693161011,13,0,265.5625,663.5769,302.82416,704.47986,1524.1118,-0.041838646,-21.303709,38.57350642838274,9.16739385096264,17.avi
1475,50,10.0,565,657,1276.8158,0,0.0,0.548403799533844,1,0,548.5237,639.1207,582.78613,676.3865,1276.8158,0.0,0.0,0.0,0.0,17.avi
1476,50,10.0,274,730,19134.447,0,0.0,0.8722766637802124,1,0,205.8031,661.245,343.23218,800.47644,19134.447,0.0,0.0,0.0,0.0,17.avi
1476,51,10.2,277,693,25006.969,0,189.58724376473373,0.933588683605194,3,0,198.62973,614.0703,356.1857,772.7883,25006.969,11.537213,-149.4266,37.94200924646817,86.2487368150858,17.avi
1477,52,10.4,188,725,11632.681,0,0.0,0.7267930507659912,1,0,135.00627,670.8076,241.9893,779.5415,11632.681,0.0,0.0,0.0,0.0,17.avi
1477,53,10.6,135,692,22143.746,0,315.497066661552,0.9091798663139344,3,0,61.835426,617.0562,208.77429,767.75665,22143.746,-212.34705,-130.81088,62.948905727274045,148.19649807447968,17.avi
1477,54,10.8,97,664,15360.556,0,24.599318748820117,0.8164678812026978,5,0,38.935722,598.26904,155.306,730.26624,15360.556,-192.72357,-139.862,4.730771422842295,28.32008122397616,17.avi
1477,55,11.0,65,643,19626.809,0,52.345976558780656,0.8911699652671814,7,0,0.8492584,566.6838,129.31789,719.4589,19626.809,-167.76884,-113.87697,9.285464023954612,313.77419099592174,17.avi
1477,56,11.2,82,659,26383.146,0,364.2488075125914,0.8721327781677246,9,0,5.7896423,573.7344,159.68982,745.1647,26383.146,28.795685,36.410294,63.60222503320137,322.5165092033974,17.avi
1477,57,11.4,105,635,21479.879,0,201.367038531938,0.8128538131713867,11,0,34.20446,560.85004,177.71268,710.52704,21479.879,95.95559,-82.99893,35.76562080836626,62.52455340526819,17.avi
1477,58,11.6,74,646,20755.795,0,325.7202931498648,0.9172897934913636,13,0,5.0049667,571.52655,143.75922,721.11334,20755.795,-99.29894,21.73359,57.79710645966865,207.7500928414493,17.avi
1478,60,12.0,197,793,2097.4822,0,0.0,0.6190819144248962,1,0,178.30556,765.7919,216.00789,821.42456,2097.4822,0.0,0.0,0.0,0.0,17.avi
1479,60,12.0,41,750,14264.022,0,0.0,0.7815191149711609,1,0,0.23179626,664.9774,83.49818,836.2833,14264.022,0.0,0.0,0.0,0.0,17.avi
