tracker_id,frame_idx,timestamp,centroid_x,centroid_y,area,class,speed_px_per_sec,confidence,track_length,frames_lost,bbox_x1,bbox_y1,bbox_x2,bbox_y2,kalman_area,velocity_x,velocity_y,displacement,trajectory_angle,source_video
762,0,0.0,534,598,3652.7676,0,0.0,0.8401345014572144,1,0,503.43616,568.6975,565.35657,627.68884,3652.7676,0.0,0.0,0.0,0.0,3.avi
762,1,0.2,540,614,3521.0605,0,85.35891121323289,0.8785544037818909,3,0,510.4408,584.4256,569.7593,643.7841,3521.0605,22.769249,63.519745,16.77070159135977,289.5197988739981,3.avi
762,2,0.4,577,652,3690.6606,0,217.1670020866991,0.8755772709846497,5,0,547.67914,621.4118,607.9627,682.6335,3690.6606,174.6453,178.97684,40.99837555811943,322.0885460756781,3.avi
763,2,0.4,1006,1003,4107.6587,0,0.0,0.7414824962615967,1,0,954.5991,984.2382,1058.9814,1023.5903,4107.6587,0.0,0.0,0.0,0.0,3.avi
762,3,0.6,614,687,4056.5378,0,10.389020874851123,0.8730480670928955,7,0,583.3714,654.6913,645.6772,719.7982,4056.5378,181.44926,176.77858,1.493858365593265,33.200516208559634,3.avi
763,3,0.6,1007,974,9599.835,0,147.58521597908606,0.8587309718132019,3,0,957.74457,926.1123,1056.5515,1023.2698,9599.835,1.4281744,-116.65942,29.91498071667769,89.59832881417395,3.avi
762,4,0.8,673,721,3927.8242,0,125.96581247431406,0.8702200651168823,9,0,642.6299,689.5737,703.5558,754.0426,3927.8242,266.96393,173.7374,22.2435050252726,4.1261092897275375,3.avi
764,4,0.8,927,934,15651.318,0,0.0,0.8563724160194397,1,0,866.48267,869.9979,987.547,999.27893,15651.318,0.0,0.0,0.0,0.0,3.avi
765,5,1.0,813,882,1459.4252,0,0.0,0.7623559832572937,1,0,796.5213,861.1848,831.22736,903.23584,1459.4252,0.0,0.0,0.0,0.0,3.avi
766,5,1.0,849,913,525.56946,0,0.0,0.7266572713851929,1,0,838.16656,902.60834,861.6784,924.96173,525.56946,0.0,0.0,0.0,0.0,3.avi
767,5,1.0,878,851,18846.379,0,0.0,0.6624716520309448,1,0,811.30664,781.9555,945.8584,922.0234,18846.379,0.0,0.0,0.0,0.0,3.avi
768,5,1.0,851,877,1984.9349,0,0.0,0.6586878895759583,1,0,830.33215,854.4357,873.16736,900.7746,1984.9349,0.0,0.0,0.0,0.0,3.avi
769,6,1.2,778,745,17541.643,0,0.0,0.8956201672554016,1,0,711.19336,680.9298,846.23914,810.82385,17541.643,0.0,0.0,0.0,0.0,3.avi
770,7,1.4,739,622,1487.5331,0,0.0,0.6904236674308777,1,0,719.3496,604.2783,760.32043,640.58545,1487.5331,0.0,0.0,0.0,0.0,3.avi
771,7,1.4,686,682,24582.814,0,0.0,0.8387422561645508,1,0,605.98145,605.3326,766.06006,758.8997,24582.814,0.0,0.0,0.0,0.0,3.avi
771,8,1.6,674,594,18916.027,0,445.0858546818792,0.8940610885620117,3,0,608.8398,523.16846,741.11053,666.17847,18916.027,-44.094162,-349.0726,88.93230206809488,97.76830246764432,3.avi
771,9,1.8,594,570,26910.19,0,440.0830607959794,0.3442704975605011,5,0,516.79395,483.98462,672.98694,656.2727,26910.19,-370.4297,-141.77698,85.11314716356561,212.03013397782777,3.avi
772,9,1.8,554,637,1904.258,0,0.0,0.7947353720664978,1,0,532.71094,615.1481,575.9241,659.2147,1904.258,0.0,0.0,0.0,0.0,3.avi
773,9,1.8,649,609,811.7659,0,0.0,0.7107735872268677,1,0,634.03,596.02136,664.8281,622.379,811.7659,0.0,0.0,0.0,0.0,3.avi
774,9,1.8,571,602,876.30585,0,0.0,0.5346161723136902,1,0,557.3491,586.8528,585.0796,618.4536,876.30585,0.0,0.0,0.0,0.0,3.avi
775,9,1.8,603,619,1844.5278,0,0.0,0.5063570141792297,1,0,581.3395,599.00146,625.78345,640.5038,1844.5278,0.0,0.0,0.0,0.0,3.avi
771,10,2.0,573,556,22410.389,0,303.6445068310941,0.9188452959060668,7,0,501.9804,477.76514,644.6867,634.8037,22410.389,-168.99084,-86.12936,54.09963079377928,344.75345342220146,3.avi
776,11,2.2,423,626,25669.525,0,0.0,0.8880958557128906,1,0,343.54883,545.6986,502.99316,706.69226,25669.525,0.0,0.0,0.0,0.0,3.avi
776,12,2.4,466,701,20870.273,0,437.8155284548343,0.888908863067627,3,0,391.84024,631.2769,540.161,771.98737,20870.273,170.57735,301.14456,86.14807475471942,299.7353751958054,3.avi
777,13,2.6,394,724,1840.0255,0,0.0,0.7295576333999634,1,0,374.26532,702.0144,415.11444,747.05884,1840.0255,0.0,0.0,0.0,0.0,3.avi
778,13,2.6,381,659,719.2502,0,0.0,0.677759051322937,1,0,367.41162,646.9037,395.12036,672.8612,719.2502,0.0,0.0,0.0,0.0,3.avi
779,13,2.6,347,676,554.60455,0,0.0,0.632229745388031,1,0,335.51282,665.1337,359.11902,688.62775,554.60455,0.0,0.0,0.0,0.0,3.avi
780,13,2.6,419,687,1568.9596,0,0.0,0.8082354068756104,1,0,399.30695,668.46277,439.4693,707.5282,1568.9596,0.0,0.0,0.0,0.0,3.avi
781,13,2.6,939,496,536.9442,0,0.0,0.521632730960846,1,0,930.1218,482.94006,949.5056,510.64075,536.9442,0.0,0.0,0.0,0.0,3.avi
782,13,2.6,366,731,22830.854,0,0.0,0.6287976503372192,1,0,292.31348,654.89404,440.62244,808.8352,22830.854,0.0,0.0,0.0,0.0,3.avi
781,14,2.8,923,496,579.64087,0,82.45918513418864,0.3915586173534393,3,0,913.06146,482.50372,933.91754,510.2962,579.64087,-65.16649,-1.5586884,16.832288744522298,177.3085332239698,3.avi
782,14,2.8,363,780,15791.253,0,247.05397625510852,0.880897581577301,3,0,305.13437,712.8408,421.51157,848.5311,15791.253,-12.554787,194.89563,48.26014031257007,265.8791939215577,3.avi
781,15,3.0,909,503,626.1419,0,41.2270912052382,0.4477403163909912,5,0,898.625,489.41324,920.1942,518.4426,626.1419,-69.95894,34.340435,7.063502401515365,258.1028765112066,3.avi
782,15,3.0,368,801,5875.6343,0,102.57266016304855,0.7808459997177124,5,0,332.38492,761.0209,404.7996,842.15967,5875.6343,23.071953,112.128586,20.001328385557663,68.93814896134245,3.avi
783,15,3.0,424,801,1189.5198,0,0.0,0.695557713508606,1,0,408.16467,784.2057,441.75775,819.61536,1189.5198,0.0,0.0,0.0,0.0,3.avi
784,15,3.0,428,876,5559.9785,0,0.0,0.7818428874015808,1,0,392.3943,838.21375,464.66986,915.14124,5559.9785,0.0,0.0,0.0,0.0,3.avi
785,15,3.0,388,840,909.7096,0,0.0,0.6763791441917419,1,0,373.4109,826.01953,403.9215,855.8357,909.7096,0.0,0.0,0.0,0.0,3.avi
786,15,3.0,461,847,403.88254,0,0.0,0.5242667198181152,1,0,452.94458,836.4257,470.99146,858.80536,403.88254,0.0,0.0,0.0,0.0,3.avi
781,16,3.2,892,514,599.02997,0,25.426132716303503,0.1654506176710128,7,0,882.04126,499.6659,902.67505,528.6974,599.02997,-81.692276,47.32371,4.684779665278714,223.15014334522883,3.avi
784,16,3.2,425,851,15712.95,0,125.988855934982,0.8590503931045532,3,0,367.1551,785.0614,484.76666,918.66174,15712.95,-10.26428,-99.06561,25.91927952892473,97.83218418518813,3.avi
785,16,3.2,403,829,3710.3198,0,96.7031507308084,0.2605947852134704,3,0,373.9184,797.91766,433.4793,860.2122,3710.3198,60.010586,-47.356045,18.647407168969856,39.76491961650101,3.avi
781,17,3.4,857,535,752.3251,0,126.81533189857812,0.1862865388393402,9,0,845.03894,520.3084,869.2904,551.33026,752.3251,-154.06558,94.04846,22.150725114091525,210.83468787058615,3.avi
784,17,3.4,373,801,9472.793,0,308.18677010371914,0.6745612025260925,5,0,329.75385,747.0053,417.2923,855.2182,9472.793,-240.98328,-240.72862,59.6291328927227,148.62126340204605,3.avi
785,17,3.4,391,778,2420.789,0,246.56186673010103,0.1524455845355987,5,0,368.4912,752.68756,414.65192,805.1302,2420.789,-50.481,-233.65724,48.37537987062459,120.7044777075024,3.avi
787,17,3.4,311,803,5082.7686,0,0.0,0.7567436695098877,1,0,276.7033,766.5457,346.2021,839.68036,5082.7686,0.0,0.0,0.0,0.0,3.avi
788,17,3.4,345,730,3436.1099,0,0.0,0.7693811655044556,1,0,316.70703,700.40674,373.47314,760.93774,3436.1099,0.0,0.0,0.0,0.0,3.avi
789,17,3.4,361,773,1024.1898,0,0.0,0.5838881731033325,1,0,346.9666,756.78357,377.02057,790.86194,1024.1898,0.0,0.0,0.0,0.0,3.avi
781,18,3.6,845,556,589.5173,0,109.36426860922124,0.170542910695076,11,0,834.9636,542.28375,856.3163,569.8923,589.5173,-79.87156,99.6606,18.698764251626667,355.795367123957,3.avi
790,18,3.6,380,830,18453.34,0,0.0,0.9064621329307556,1,0,313.6051,761.7039,447.12842,899.90704,18453.34,0.0,0.0,0.0,0.0,3.avi
778,19,3.8,390,663,660.4922,0,50.10946356443198,0.7137163281440735,8,0,378.12527,650.5417,402.6959,677.42303,660.4922,2.2559268,1.0114323,9.273729059445351,340.3562716138281,3.avi
779,19,3.8,330,669,1479.8759,0,90.14451300914304,0.7139161825180054,8,0,311.3388,650.6177,350.29828,688.60266,1479.8759,-4.0698195,-1.7936115,19.02490566510048,155.52899719665015,3.avi
781,19,3.8,834,568,596.5414,0,51.76362577216873,0.3831888437271118,13,0,823.50616,554.3887,845.1807,581.9114,596.5414,-61.880577,69.39165,9.11642837469424,61.61174142924836,3.avi
785,19,3.8,328,628,2998.4258,0,174.39540319414883,0.6272687911987305,8,0,302.05124,600.26044,354.5953,657.3254,2998.4258,-108.34427,-251.07542,34.96507822977106,162.15545668739992,3.avi
788,19,3.8,362,697,1361.083,0,189.72718585875825,0.7444373965263367,4,0,342.37582,680.263,382.85837,713.88446,1361.083,28.732784,-55.079548,37.67976851991457,63.33458759103172,3.avi
791,19,3.8,297,663,1006.51465,0,0.0,0.5988931059837341,1,0,283.32446,645.36865,311.77246,680.7495,1006.51465,0.0,0.0,0.0,0.0,3.avi
779,20,4.0,324,701,13583.532,0,182.6661152967528,0.9104447960853576,10,0,268.22073,641.71106,381.65842,761.45544,13583.532,-25.71656,136.38531,32.311366996198494,259.29019087075426,3.avi
781,20,4.0,819,578,533.2241,0,23.00670666862548,0.2439517825841903,15,0,809.2866,565.7909,829.9044,591.6532,533.2241,-71.0025,56.675594,5.003298881917606,126.3757337136542,3.avi
777,21,4.2,391,726,1433.2546,0,17.047560088931768,0.3729585707187652,10,0,370.75027,709.41003,412.9227,743.3956,1433.2546,-0.4147629,0.27126536,3.969470364701114,201.6329059650457,3.avi
778,21,4.2,370,681,2032.8401,0,134.8708736533262,0.1536484509706497,11,0,350.29416,656.3076,391.3389,705.8351,2032.8401,-35.358715,30.607655,27.257853902680505,217.01732203517983,3.avi
779,21,4.2,377,725,23493.51,0,326.1633134760472,0.4941159188747406,12,0,301.42413,648.39453,454.37354,801.9977,23493.51,199.63809,122.17364,57.33383975565479,3.860648620896825,3.avi
780,21,4.2,401,688,1107.289,0,89.5151646994815,0.4989359378814697,10,0,387.21323,669.43054,415.7936,708.17346,1107.289,-2.599675,0.11723248,18.3881231132912,180.01407333463462,3.avi
789,21,4.2,383,741,1015.1269,0,193.9474662841726,0.2231410592794418,6,0,368.2322,724.6807,398.491,758.22894,1015.1269,10.926366,-16.551104,38.9692491600831,57.38094740173182,3.avi
792,21,4.2,405,773,3157.3176,0,0.0,0.6335339546203613,1,0,375.34244,747.44885,434.98672,800.38464,3157.3176,0.0,0.0,0.0,0.0,3.avi
779,22,4.4,423,736,24100.85,0,80.46640465224087,0.8151525259017944,14,0,345.3186,659.408,501.55054,813.6713,24100.85,221.17285,71.9046,14.579642751961767,69.21588620903003,3.avi
792,22,4.4,432,760,1415.6375,0,152.64630096791635,0.1946226954460144,3,0,412.70175,742.8113,452.0806,778.7605,1415.6375,108.68902,-52.418587,30.2293826114164,27.41108622295121,3.avi
770,23,4.6,711,642,477.47705,0,170.71860790880675,0.1756463795900344,18,0,701.4914,630.83136,722.4964,653.5629,477.47705,-1.1039175,0.78370446,34.84780661662004,214.16172603746796,3.avi
779,23,4.6,445,670,23146.523,0,474.2357875744194,0.750957190990448,16,0,368.8243,594.39484,521.7136,745.7889,23146.523,135.02518,-238.95068,84.03589588419273,105.64970637927962,3.avi
793,23,4.6,472,637,2927.539,0,0.0,0.6627036929130554,1,0,445.86584,610.33527,498.8955,665.54095,2927.539,0.0,0.0,0.0,0.0,3.avi
794,23,4.6,416,642,1767.536,0,0.0,0.503656804561615,1,0,396.14825,621.22266,437.28107,664.1941,1767.536,0.0,0.0,0.0,0.0,3.avi
779,24,4.8,456,576,23338.104,0,276.1645605252342,0.8061726689338684,18,0,378.82645,501.0458,534.4524,651.00867,23338.104,74.89384,-416.92462,49.07840432778605,109.36540787799096,3.avi
795,24,4.8,490,571,1048.3552,0,0.0,0.5976535677909851,1,0,472.80438,556.3096,507.424,586.5917,1048.3552,0.0,0.0,0.0,0.0,3.avi
779,25,5.0,516,455,20086.37,0,327.46347264647994,0.9167141318321228,20,0,444.74643,384.96948,587.26526,525.9078,20086.37,245.60693,-560.0082,58.19527791384448,40.3028303956641,3.avi
788,26,5.2,515,404,1621.5791,0,89.28256253126342,0.5768446326255798,12,0,496.07068,384.4545,535.8939,425.17392,1621.5791,27.113916,-51.603607,17.57533495899414,241.00000204707123,3.avi
796,26,5.2,454,409,29158.006,0,0.0,0.8981155753135681,1,0,364.83777,328.2058,544.81366,490.21643,29158.006,0.0,0.0,0.0,0.0,3.avi
796,27,5.4,421,415,21014.305,0,172.32842029544904,0.8510253429412842,3,0,348.81873,343.56168,493.93353,488.37326,21014.305,-133.5313,26.971508,34.31748912414385,189.71142813442285,3.avi
796,28,5.6,392,342,19381.922,0,409.5202385144461,0.6891075372695923,5,0,322.66782,273.77173,463.0228,411.8639,19381.922,-141.88617,-332.69104,79.40665194103993,91.9267982077177,3.avi
797,28,5.6,435,303,3221.7075,0,0.0,0.860973060131073,1,0,407.74957,274.7948,463.4903,332.5929,3221.7075,0.0,0.0,0.0,0.0,3.avi
798,28,5.6,343,364,2286.452,0,0.0,0.6564093232154846,1,0,319.9499,340.574,367.00098,389.1691,2286.452,0.0,0.0,0.0,0.0,3.avi
796,29,5.8,388,231,17699.85,0,281.5290770668236,0.8639559745788574,7,0,322.21277,165.3158,455.0935,298.5168,17699.85,-49.14115,-502.81577,51.02934142263473,62.53898842510324,3.avi
788,30,6.0,539,279,643.3009,0,189.62775471447983,0.3274398744106293,17,0,527.42773,266.02213,551.98035,292.22305,643.3009,9.397331,-64.661514,38.53768424762982,144.08244819693573,3.avi
797,30,6.0,459,318,3477.9187,0,141.1393255025956,0.7393749952316284,4,0,431.08426,287.89407,488.55942,348.4058,3477.9187,39.67523,23.698486,27.40973325684049,328.5377323883664,3.avi
799,30,6.0,492,285,23639.557,0,0.0,0.5947552919387817,1,0,410.1593,213.42313,574.24854,357.48837,23639.557,0.0,0.0,0.0,0.0,3.avi
800,31,6.2,454,391,23797.7,0,0.0,0.8906391859054565,1,0,374.11768,318.3343,535.864,465.46405,23797.7,0.0,0.0,0.0,0.0,3.avi
801,32,6.4,385,488,25814.668,0,0.0,0.8935527801513672,1,0,305.8974,407.41888,464.1978,570.4928,25814.668,0.0,0.0,0.0,0.0,3.avi
802,33,6.6,290,423,25072.086,0,0.0,0.8538130521774292,1,0,207.99612,347.38763,373.11234,499.23273,25072.086,0.0,0.0,0.0,0.0,3.avi
798,34,6.8,338,366,809.3185,0,25.611539215863647,0.6103982329368591,8,0,325.30655,351.90158,352.2535,381.93533,809.3185,-1.1583327,0.5049633,5.5905068063915975,191.64521193439376,3.avi
800,34,6.8,396,395,24693.975,0,292.2887117109154,0.7208203077316284,5,0,322.34454,312.36496,470.97455,478.50888,24693.975,-49.176105,2.982489,59.07228545372873,183.0089604047498,3.avi
803,34,6.8,424,417,665.05457,0,0.0,0.5578270554542542,1,0,410.51718,405.74655,438.85727,429.21347,665.05457,0.0,0.0,0.0,0.0,3.avi
804,34,6.8,427,452,1708.7549,0,0.0,0.6500401496887207,1,0,406.73328,431.29193,447.67578,473.0274,1708.7549,0.0,0.0,0.0,0.0,3.avi
805,34,6.8,389,438,1694.8218,0,0.0,0.5498256087303162,1,0,367.56357,418.75836,411.33627,457.47705,1694.8218,0.0,0.0,0.0,0.0,3.avi
800,35,7.0,387,435,23690.564,0,222.4051160437856,0.844746470451355,7,0,312.94717,355.28412,461.33023,514.94226,23690.564,-47.90131,161.43588,38.96697931840649,270.2583292941495,3.avi
804,35,7.0,446,460,1076.8794,0,107.5795963889216,0.7689601182937622,3,0,429.03003,445.3802,464.5522,475.69592,1076.8794,78.189896,33.446663,20.36517968659317,337.3570588670017,3.avi
800,36,7.2,359,498,10259.419,0,199.4564501109548,0.1623334735631942,9,0,314.00272,442.10767,405.60562,554.1065,10259.419,-116.85359,280.69162,35.78761936652023,238.76351757229105,3.avi
801,36,7.2,391,534,26303.912,0,230.4863272757092,0.9039550423622132,6,0,313.6854,450.4702,470.13797,618.5973,26303.912,3.5098906,23.305927,45.43574838841025,277.5277760316094,3.avi
804,36,7.2,440,457,603.3782,0,124.46598261422989,0.6192688941955566,5,0,427.7202,446.05704,453.16296,469.7722,603.3782,-22.493599,-9.197704,24.650820185778485,155.48759091002273,3.avi
806,37,7.4,311,644,24917.229,0,0.0,0.9205760955810548,1,0,228.21869,569.6534,395.72644,718.40607,24917.229,0.0,0.0,0.0,0.0,3.avi
806,38,7.6,263,716,20800.99,0,438.3782545197039,0.8932637572288513,3,0,191.07489,644.5863,336.33795,787.7816,20800.99,-192.67918,288.04083,87.05189660836656,235.7664584022454,3.avi
807,39,7.8,81,627,2242.153,0,0.0,0.6393758654594421,1,0,57.384415,603.89355,105.36345,650.6255,2242.153,0.0,0.0,0.0,0.0,3.avi
808,39,7.8,154,641,4560.6777,0,0.0,0.5003553032875061,1,0,121.243744,607.80695,188.38486,675.7337,4560.6777,0.0,0.0,0.0,0.0,3.avi
809,41,8.2,148,450,3751.761,0,0.0,0.799262523651123,1,0,118.286255,420.054,179.24579,481.5991,3751.761,0.0,0.0,0.0,0.0,3.avi
810,41,8.2,170,359,844.6501,0,0.0,0.5422347784042358,1,0,156.26953,344.15808,184.50623,374.0713,844.6501,0.0,0.0,0.0,0.0,3.avi
811,41,8.2,171,397,23949.139,0,0.0,0.5275135040283203,1,0,95.417755,317.9798,246.78952,476.19385,23949.139,0.0,0.0,0.0,0.0,3.avi
812,43,8.6,46,429,13481.137,0,0.0,0.5164952278137207,1,0,0.7891846,355.7594,92.613846,502.5733,13481.137,0.0,0.0,0.0,0.0,3.avi
813,0,0.0,289,465,17637.588,0,0.0,0.8845383524894714,1,0,235.35141,384.34247,344.00583,546.66986,17637.588,0.0,0.0,0.0,0.0,4.avi
814,0,0.0,972,794,950.7941,0,0.0,0.8487849831581116,1,0,957.25793,778.3388,987.287,810.0013,950.7941,0.0,0.0,0.0,0.0,4.avi
813,1,0.2,352,466,27250.043,0,315.6454863981793,0.4880042672157287,3,0,271.6002,381.56348,432.76187,550.64856,27250.043,249.51064,2.3946047,62.32333716385713,359.5459969829054,4.avi
814,1,0.2,948,780,1351.2703,0,138.69809003814615,0.8602386116981506,3,0,930.6525,761.41943,966.5501,799.06177,1351.2703,-94.49569,-55.606647,28.105915843013385,149.72400238206689,4.avi
815,1,0.2,386,500,1074.3169,0,0.0,0.5219355225563049,1,0,369.21326,485.25952,404.28125,515.8948,1074.3169,0.0,0.0,0.0,0.0,4.avi
813,2,0.4,418,434,21354.818,0,187.5756202626076,0.9087281823158264,5,0,345.43723,362.1681,492.45505,507.42133,21354.818,326.72827,-143.1768,36.26460374091319,63.96574581652965,4.avi
814,2,0.4,909,758,996.4469,0,116.0008946589602,0.8389658331871033,5,0,894.4724,742.8277,925.3036,775.14716,996.4469,-185.22754,-102.00165,23.49935062798771,151.75952690232612,4.avi
813,3,0.6,453,418,22914.266,0,188.10360825029196,0.8038241267204285,7,0,379.63504,340.81873,526.4056,496.94183,22914.266,206.80804,-94.39448,33.45710694448679,200.72634886780645,4.avi
814,3,0.6,860,734,1131.5646,0,71.44689019699653,0.8451024889945984,7,0,843.8905,717.93134,877.23083,751.87115,1131.5646,-232.32578,-116.13614,13.637098352715666,160.3441922125735,4.avi
815,3,0.6,421,471,1768.1445,0,225.0986098116208,0.5774246454238892,4,0,400.99216,449.73825,441.33945,493.56137,1768.1445,56.423843,-47.421856,45.255478763424456,40.8105142657663,4.avi
816,3,0.6,463,387,5724.029,0,0.0,0.696812629699707,1,0,423.6134,351.849,502.8446,424.09363,5724.029,0.0,0.0,0.0,0.0,4.avi
813,4,0.8,498,457,24139.188,0,323.62605306621737,0.9081012606620787,9,0,423.42245,377.1246,574.3428,537.07117,24139.188,224.0836,124.765205,57.11334446717878,273.6320923305948,4.avi
814,4,0.8,794,693,1224.5908,0,148.0960598298936,0.7436355352401733,9,0,777.18506,676.55835,812.38403,711.3489,1224.5908,-306.44916,-184.15414,27.43261963960158,137.09984446427185,4.avi
817,5,1.0,663,611,1321.9567,0,0.0,0.8383479118347168,1,0,644.92206,594.18494,682.8752,629.01624,1321.9567,0.0,0.0,0.0,0.0,4.avi
818,5,1.0,366,481,2635.707,0,0.0,0.550579845905304,1,0,342.30157,453.77402,389.82697,509.23294,2635.707,0.0,0.0,0.0,0.0,4.avi
819,5,1.0,411,498,28136.695,0,0.0,0.9019511938095092,1,0,329.53308,412.79395,494.002,583.87,28136.695,0.0,0.0,0.0,0.0,4.avi
820,6,1.2,349,678,3262.4146,0,0.0,0.7154915928840637,1,0,319.28262,651.95795,379.6794,705.9743,3262.4146,0.0,0.0,0.0,0.0,4.avi
821,6,1.2,356,629,25555.654,0,0.0,0.8718199729919434,1,0,276.2849,549.93616,437.1803,708.77014,25555.654,0.0,0.0,0.0,0.0,4.avi
821,7,1.4,364,633,26438.887,0,43.44323262908458,0.881099283695221,3,0,281.4139,553.7179,447.1459,713.24585,26438.887,30.128931,16.481905,8.13108538671562,333.3520503384631,4.avi
821,8,1.6,288,589,36140.848,0,494.4044144533818,0.8939647674560547,5,0,199.4957,487.3739,377.10587,690.85803,36140.848,-345.38187,-201.76965,95.16821643743349,149.86493716232508,4.avi
822,8,1.6,286,671,3349.4387,0,0.0,0.5279286503791809,1,0,251.92267,647.18115,320.43903,696.0664,3349.4387,0.0,0.0,0.0,0.0,4.avi
820,9,1.8,360,682,24873.893,0,56.76909638378029,0.8797422647476196,5,0,282.6567,602.40314,437.8497,762.68024,24873.893,9.081465,3.0143554,10.94775664107165,343.91143240980455,4.avi
823,10,2.0,1112,979,13633.372,0,0.0,0.8371890187263489,1,0,1036.2784,934.50305,1189.1923,1023.6603,13633.372,0.0,0.0,0.0,0.0,4.avi
824,10,2.0,436,785,30849.625,0,0.0,0.8747798800468445,1,0,348.08057,697.5487,524.2324,872.67957,30849.625,0.0,0.0,0.0,0.0,4.avi
825,11,2.2,692,887,28314.34,0,0.0,0.8993852734565735,1,0,623.0407,786.1084,762.68463,988.8694,28314.34,0.0,0.0,0.0,0.0,4.avi
825,12,2.4,663,903,39640.094,0,168.63913941338708,0.6484447717666626,3,0,559.6959,807.40125,766.9275,998.6852,39640.094,-117.96793,62.09302,33.65075923268989,207.44802514026,4.avi
826,12,2.4,682,978,344.49454,0,0.0,0.6341300010681152,1,0,673.1731,968.69543,691.12915,987.88086,344.49454,0.0,0.0,0.0,0.0,4.avi
827,12,2.4,621,824,765.9747,0,0.0,0.6707183718681335,1,0,607.40906,810.821,635.7999,837.8006,765.9747,0.0,0.0,0.0,0.0,4.avi
828,12,2.4,676,953,949.97614,0,0.0,0.6645321249961853,1,0,661.50977,937.98804,691.8696,969.27856,949.97614,0.0,0.0,0.0,0.0,4.avi
829,12,2.4,700,843,1143.2041,0,0.0,0.6569232940673828,1,0,685.2477,824.6372,715.71765,862.15625,1143.2041,0.0,0.0,0.0,0.0,4.avi
830,12,2.4,706,962,441.97897,0,0.0,0.6317382454872131,1,0,697.1864,951.10046,716.71643,973.7312,441.97897,0.0,0.0,0.0,0.0,4.avi
831,12,2.4,636,954,2039.3467,0,0.0,0.597030520439148,1,0,613.15826,932.926,660.24567,976.23584,2039.3467,0.0,0.0,0.0,0.0,4.avi
832,0,0.0,445,737,7026.786,0,0.0,0.8972152471542358,1,0,403.09573,695.7743,486.92923,779.59265,7026.786,0.0,0.0,0.0,0.0,5.avi
833,0,0.0,1014,903,1760.3556,0,0.0,0.8553591370582581,1,0,994.1609,882.0315,1034.6843,925.4719,1760.3556,0.0,0.0,0.0,0.0,5.avi
832,1,0.2,445,699,4417.715,0,190.9212634195628,0.8734951615333557,3,0,411.9225,666.95294,479.00732,732.8056,4417.715,1.8060858,-150.9151,38.68347369337139,90.01848717477998,5.avi
833,1,0.2,1002,896,1301.1207,0,69.26008120791636,0.8470818996429443,3,0,985.35547,877.87286,1020.06384,915.36005,1301.1207,-46.75824,-28.48412,14.642751358145228,148.03583028640844,5.avi
833,2,0.4,990,888,1646.0981,0,20.689600658962068,0.8610726594924927,5,0,970.6688,867.41846,1010.07275,909.1935,1646.0981,-60.4372,-40.45237,4.449780006358662,138.99490967367757,5.avi
834,2,0.4,498,676,4335.2803,0,0.0,0.8769258856773376,1,0,464.33972,645.46936,533.6006,708.06287,4335.2803,0.0,0.0,0.0,0.0,5.avi
833,3,0.6,978,881,1409.2329,0,4.615625340291258,0.8595853447914124,7,0,960.37506,861.6021,996.6889,900.40924,1409.2329,-59.483627,-37.422153,0.8340801322512531,250.14226619114123,5.avi
834,3,0.6,523,695,3549.1438,0,154.4596818428473,0.8841695189476013,3,0,493.9501,665.05725,552.7484,725.4186,3549.1438,97.32165,73.73964,30.16468353646113,322.8087135406293,5.avi
833,4,0.8,966,872,1587.2136,0,4.779688036554786,0.8660984039306641,9,0,946.6831,852.42755,985.4918,893.32587,1587.2136,-61.586334,-39.896145,1.648550689571658,112.6649016067198,5.avi
834,4,0.8,521,670,5038.7705,0,232.1457298418863,0.8780259490013123,5,0,486.96484,634.5986,556.8008,706.7502,5038.7705,1.4769745,-106.2726,45.54888004466701,118.61392776583602,5.avi
833,5,1.0,953,865,1523.951,0,2.211057589777572,0.8383397459983826,11,0,934.66504,845.00806,972.3922,885.402,1523.951,-62.51546,-38.71309,0.776998301765772,187.58334154610316,5.avi
834,5,1.0,486,661,6727.752,0,210.89966087124265,0.874668300151825,7,0,445.9824,619.9619,526.7171,703.2936,6727.752,-135.91841,-59.457695,37.9863583083952,197.74913634092465,5.avi
833,6,1.2,942,854,1690.093,0,19.766651944860048,0.8447577953338623,13,0,922.30865,832.67554,961.7319,875.54614,1690.093,-58.68949,-51.60347,3.596923059644535,74.28083303076784,5.avi
834,6,1.2,459,655,5343.1875,0,30.62942119636999,0.8758195042610168,9,0,423.8999,618.08234,496.08307,692.1049,5343.1875,-132.75005,-38.893745,5.266412253154287,268.1932063645969,5.avi
833,7,1.4,931,846,1679.1663,0,16.7799771943267,0.8312357664108276,15,0,912.4664,824.6947,951.4124,867.80994,1679.1663,-52.316624,-42.13426,2.323448149573952,287.99135043509904,5.avi
834,7,1.4,455,675,4666.812,0,201.67950024764423,0.8806158304214478,11,0,422.47504,640.05194,488.75385,710.4638,4666.812,-47.46016,68.59088,35.08897521564057,307.90805953692325,5.avi
833,8,1.6,922,837,1793.4658,0,6.779428348348939,0.8482483625411987,17,0,902.55396,815.453,942.79016,860.0265,1793.4658,-47.716946,-42.463905,0.9776750559535218,57.59574584640018,5.avi
834,8,1.6,452,663,5081.3677,0,146.04489690704858,0.8704560995101929,13,0,417.9137,627.0412,486.82208,700.78217,5081.3677,-23.4397,-27.80796,26.6327344254766,77.25040183980047,5.avi
833,9,1.8,911,828,1653.2021,0,9.97519966158108,0.8450191020965576,19,0,892.1877,807.2677,930.69293,850.20215,1653.2021,-54.21022,-44.43306,2.466998640977194,149.63866935850126,5.avi
834,9,1.8,456,638,5472.8257,0,124.1363802473578,0.8876476883888245,15,0,421.64114,598.95514,491.30887,677.5113,5472.8257,10.385496,-105.17646,21.98521103623624,67.7630417937911,5.avi
833,10,2.0,897,818,1586.5533,0,19.00895592660125,0.8457024693489075,21,0,878.7845,797.2605,916.38434,839.4563,1586.5533,-65.80138,-50.163246,4.045224046771509,152.81171830361336,5.avi
834,10,2.0,451,615,5227.159,0,40.869600438421976,0.8737131953239441,17,0,417.42865,576.8345,485.9002,653.17505,5227.159,-16.104166,-113.611275,7.865433454599085,163.7730610754627,5.avi
833,11,2.2,885,809,1543.0436,0,10.354702860045304,0.8497239351272583,23,0,866.95483,789.0114,904.0698,830.5861,1543.0436,-61.61625,-44.49803,0.8867033104245573,310.4999120337218,5.avi
834,11,2.2,457,611,5438.9873,0,120.2829274243844,0.8889123201370239,19,0,422.4888,572.98846,493.47623,649.6075,5438.9873,20.581995,-40.478714,20.58046498323771,294.5667651038688,5.avi
833,12,2.4,871,800,1514.6516,0,9.830026445683076,0.8516435623168945,25,0,853.1412,780.3146,889.76495,821.67163,1514.6516,-68.29303,-44.136833,2.366560387085944,157.66953736377684,5.avi
834,12,2.4,469,634,5176.2017,0,184.2500331386757,0.8694559931755066,21,0,434.90802,597.56433,504.17517,672.29236,5176.2017,49.206257,81.53853,31.56151104532325,282.63006617702484,5.avi
833,13,2.6,856,792,1553.9443,0,7.621680634023471,0.8406304717063904,27,0,837.8055,771.60004,875.1337,813.2293,1553.9443,-73.388214,-43.17924,1.80206877653402,174.72387439196712,5.avi
834,13,2.6,481,645,5378.2686,0,35.20982063957451,0.8738224506378174,23,0,446.92383,606.01276,515.42163,684.5301,5378.2686,56.0901,58.59889,6.442303752023741,75.46174996727308,5.avi
833,14,2.8,836,782,1547.8782,0,31.97625306019575,0.8581299185752869,29,0,817.4344,762.0429,855.08844,803.1508,1547.8782,-94.65866,-47.724945,6.058987829106433,162.92748423352143,5.avi
834,14,2.8,492,659,5083.142,0,12.58400191949423,0.8770843148231506,25,0,458.6223,621.6876,526.3484,696.74207,5083.142,56.45389,67.15099,2.0464400236941787,258.9923587579036,5.avi
833,15,3.0,813,773,1630.7598,0,22.675295133744,0.8370732069015503,31,0,793.9908,752.2337,832.6652,794.4001,1630.7598,-110.04904,-46.7057,4.33002272292137,179.3134979557882,5.avi
834,15,3.0,516,669,4405.5146,0,76.29781091285076,0.8711018562316895,27,0,484.41693,635.3003,549.26544,703.23584,4405.5146,106.70161,54.16341,12.7557569414102,16.603975435639597,5.avi
833,16,3.2,784,763,1692.185,0,36.09165446950416,0.8152310848236084,33,0,765.50745,742.02454,804.3672,785.57043,1692.185,-134.58958,-47.391354,7.382941767151253,172.40526272899308,5.avi
834,16,3.2,532,685,4586.6924,0,44.499243038892295,0.882648766040802,29,0,499.35742,651.0203,565.7112,720.1452,4586.6924,84.98277,75.24682,7.8875620829429405,218.3989737177961,5.avi
833,17,3.4,751,753,1917.8799,0,39.96545109493819,0.8358289003372192,35,0,730.5724,729.70593,771.5359,776.52515,1917.8799,-161.37766,-52.020718,7.14229868174532,169.35610225740675,5.avi
834,17,3.4,525,666,4090.5706,0,236.05375371677587,0.888720691204071,31,0,493.94266,634.01935,556.6471,699.25507,4090.5706,-8.227844,-55.49607,42.439951196516645,125.3109752961567,5.avi
833,18,3.6,692,727,1890.188,0,174.12718695715714,0.8171192407608032,37,0,672.1034,703.6546,712.2428,750.7453,1890.188,-263.7013,-111.67703,31.0474424570101,149.59920490669174,5.avi
834,18,3.6,564,660,4367.9014,0,232.36023556966643,0.7959930896759033,33,0,532.1686,626.5615,596.75085,694.1946,4367.9014,148.72726,-36.881264,40.59666739009827,353.6897923951312,5.avi
834,19,3.8,572,671,5402.1626,0,160.78261942999694,0.8651111125946045,35,0,536.9472,632.816,607.5505,709.33026,5402.1626,64.284,32.62021,28.583337771221725,219.02619196386595,5.avi
834,20,4.0,570,643,5702.0254,0,207.7564753526604,0.806337833404541,37,0,533.1645,605.6254,607.587,682.2424,5702.0254,7.633312,-96.84729,37.75108938079175,113.58681649335972,5.avi
834,21,4.2,566,626,5829.8477,0,29.63129001614025,0.881706714630127,39,0,529.3922,587.51935,604.5316,665.1064,5829.8477,-11.367601,-90.12298,6.074469283662373,193.669719683674,5.avi
834,22,4.4,556,624,5478.8755,0,104.77792365878588,0.7848723530769348,41,0,518.7846,588.6726,594.32184,661.20483,5478.8755,-42.655083,-26.085999,17.95402612346106,241.0578856871877,5.avi
835,23,4.6,550,670,5383.9194,0,0.0,0.893694281578064,1,0,514.207,633.22266,586.95856,707.2268,5383.9194,0.0,0.0,0.0,0.0,5.avi
835,24,4.8,531,707,5250.91,0,213.7638521988898,0.8529247045516968,3,0,497.00177,669.2299,565.1053,746.33185,5250.91,-77.96095,149.92479,41.664193383502514,241.96477991673743,5.avi
835,25,5.0,533,719,5552.6895,0,131.7260495653475,0.848303496837616,5,0,496.54434,682.2478,570.2035,757.63135,5552.6895,4.062668,68.296074,25.685824323401125,46.93608364886768,5.avi
835,26,5.2,537,723,6105.7583,0,62.38634512103928,0.8712402582168579,7,0,500.13983,682.5167,575.52716,763.50854,6105.7583,18.048454,27.70018,10.965896802196028,75.13327067979844,5.avi
835,27,5.4,540,720,5354.667,0,46.31848774843574,0.8856810927391052,9,0,505.40677,681.8252,574.6762,759.1272,5354.667,12.668236,-3.3006,8.673579365118657,99.577853905874,5.avi
835,28,5.6,558,707,3456.4094,0,111.56949987092852,0.6622838377952576,11,0,530.3868,676.9607,586.2326,738.85266,3456.4094,73.19235,-49.11107,20.054399250702243,39.72226945817317,5.avi
835,29,5.8,567,695,4030.076,0,33.36320558594553,0.7879830002784729,13,0,536.689,662.75385,599.0922,727.335,4030.076,53.740738,-60.80321,6.700360481962993,152.59067417618576,5.avi
835,30,6.0,584,686,5637.0244,0,38.25957244307445,0.9015403985977172,15,0,547.08154,648.7659,621.34937,724.6673,5637.0244,75.18825,-46.06237,6.201072565920555,329.83262516041395,5.avi
835,31,6.2,587,667,5661.793,0,83.71336374602824,0.8144406676292419,17,0,550.7085,629.94104,625.10046,706.0487,5661.793,31.541965,-82.63456,16.139267286530753,139.39470997272713,5.avi
835,32,6.4,590,635,6345.583,0,94.68532815937198,0.8602052330970764,19,0,551.2367,594.96594,630.34033,675.1846,6345.583,18.371914,-145.68013,16.998295212147603,104.34984654509412,5.avi
835,33,6.6,585,610,5742.879,0,58.89618679259879,0.856362521648407,21,0,547.38654,572.4271,622.8079,648.57104,5742.879,-17.647888,-128.14311,10.297393973879682,203.2255243565068,5.avi
835,34,6.8,580,615,6548.071,0,173.57550170415067,0.8738728761672974,23,0,540.13196,575.3196,621.49255,655.80176,6548.071,-20.553045,-10.110054,30.1702705474776,267.0216086671104,5.avi
835,35,7.0,604,605,6110.385,0,163.54149316634377,0.8596055507659912,25,0,565.7208,566.59216,643.4713,645.18176,6110.385,86.72752,-39.537987,28.60258118114726,17.369137057913917,5.avi
836,35,7.0,1227,735,1112.6512,0,0.0,0.6150805950164795,1,0,1210.0288,719.5816,1244.0684,752.2686,1112.6512,0.0,0.0,0.0,0.0,5.avi
835,36,7.2,631,604,5461.444,0,67.22054814239546,0.873028039932251,27,0,595.028,567.544,668.3475,642.0324,5461.444,124.21081,-13.3515,10.876708490658924,326.390188228035,5.avi
836,36,7.2,1214,735,1493.24,0,64.05498109283329,0.4143930375576019,3,0,1192.5674,718.7266,1236.1614,752.98004,1493.24,-50.63554,-0.28659987,13.081336791644349,175.944667314855,5.avi
835,37,7.4,635,602,4952.269,0,118.48577649233265,0.872763454914093,29,0,600.54364,567.5315,670.63043,638.19055,4952.269,43.665596,-10.4934635,21.53023014954469,179.686192503489,5.avi
836,37,7.4,1194,720,1543.5704,0,94.08529662012424,0.3487522900104522,5,0,1172.6182,702.98364,1216.6353,738.05115,1543.5704,-94.64371,-70.24947,18.823301281867177,122.9470267327959,5.avi
835,38,7.6,636,604,5629.3496,0,50.02575068366021,0.8541687726974487,31,0,598.30005,566.94763,673.98303,641.32837,5629.3496,12.211218,2.4891348,8.927881382967184,201.26285693486523,5.avi
836,38,7.6,1198,720,1145.48,0,149.41128472133383,0.4665655493736267,7,0,1180.4424,704.4513,1217.2324,735.5868,1145.48,-5.9086227,-18.281925,26.086530134307395,328.7513450004021,5.avi
835,39,7.8,627,618,5116.589,0,100.00618228670614,0.8672710657119751,33,0,590.49805,583.098,663.65454,653.0383,5116.589,-32.046196,54.14946,17.68576284347268,229.08195089693973,5.avi
835,40,8.0,623,611,6032.914,0,98.197150095114,0.8820223808288574,35,0,584.6945,572.79126,662.1248,650.7053,6032.914,-21.498158,-11.807701,18.049476350694555,82.57357882112763,5.avi
836,40,8.0,1170,746,1333.19,0,226.2031201668731,0.2244260609149933,10,0,1150.822,729.42645,1190.5125,763.0162,1333.19,-49.735703,47.87495,44.77728365009145,235.6084535723261,5.avi
835,41,8.2,624,606,5788.5405,0,36.54947559491779,0.8298225998878479,37,0,585.3744,569.7195,664.301,643.0603,5788.5405,0.5301857,-23.333675,5.9482706439086455,34.70645709932245,5.avi
835,42,8.4,635,623,7895.307,0,137.65070049849328,0.8932664394378662,39,0,589.0796,581.2578,682.47705,665.79224,7895.307,42.199635,60.515255,23.533661715275095,295.2972506191412,5.avi
835,43,8.6,631,631,8199.423,0,78.30649910555496,0.8580271601676941,41,0,582.4398,589.1176,679.7064,673.4161,8199.423,-8.355923,43.742355,14.00504573139135,160.7035432514756,5.avi
835,44,8.8,655,641,8991.999,0,148.85525968729758,0.8018738627433777,43,0,601.3398,600.0076,710.0494,682.72345,8991.999,92.76453,48.93531,25.617015316417405,357.7970922874971,5.avi
837,44,8.8,1115,756,1503.4861,0,0.0,0.7261587977409363,1,0,1092.7263,739.8976,1138.4375,772.7886,1503.4861,0.0,0.0,0.0,0.0,5.avi
835,45,9.0,669,633,8373.828,0,104.40048606569816,0.8041127324104309,45,0,616.7262,593.6636,722.3706,672.92786,8373.828,74.69193,-19.741425,18.895837577474907,106.12337105891402,5.avi
837,45,9.0,1085,752,983.69086,0,155.6696783776452,0.8108624219894409,3,0,1067.8115,738.0091,1102.2327,766.5872,983.69086,-121.99505,-16.147297,30.888760106482028,171.91721002087422,5.avi
835,46,9.2,679,619,9454.0,0,64.08041259121754,0.8606628775596619,47,0,625.39374,575.37427,732.8516,663.3529,9454.0,54.061676,-58.13871,11.71213437581445,117.93520838327272,5.avi
837,46,9.2,1040,764,917.36676,0,132.21390248051017,0.8415700793266296,5,0,1024.5233,749.85724,1056.2084,778.81,917.36676,-214.75555,53.752575,25.46081338128232,215.90488196013243,5.avi
835,47,9.4,682,616,7304.283,0,67.27920601491728,0.8832955956459045,49,0,636.3745,576.97095,728.07324,656.6262,7304.283,24.404987,-23.283875,11.45689876637822,226.1640748817418,5.avi
838,47,9.4,1042,759,699.3102,0,0.0,0.7801673412322998,1,0,1028.5022,746.98206,1055.581,772.807,699.3102,0.0,0.0,0.0,0.0,5.avi
835,48,9.6,687,606,6311.573,0,33.26600287696742,0.8594217896461487,51,0,645.2773,568.6445,729.1744,643.8743,6311.573,24.870186,-45.907154,6.142679723981944,90.97811309913352,5.avi
838,48,9.6,1013,761,1375.498,0,144.75780272027,0.798500120639801,3,0,993.0489,745.0323,1033.8427,778.75055,1375.498,-114.155045,7.971722,29.06265818055493,182.1799099336544,5.avi
835,49,9.8,685,583,5457.058,0,86.86581463697703,0.8870550394058228,53,0,647.4994,547.4652,723.9912,618.8069,5457.058,0.046085358,-99.527084,15.81223785447898,117.08659177569837,5.avi
838,49,9.8,974,778,1347.019,0,115.03494045226704,0.5612913966178894,5,0,953.5827,761.68085,994.58527,794.5329,1347.019,-189.85165,74.92364,22.061605397699875,221.13953494726348,5.avi
835,50,10.0,652,591,5830.0264,0,245.04225243335884,0.9049072861671448,55,0,613.5435,554.319,692.1209,628.5137,5830.0264,-126.571686,8.873619,43.70931350841992,219.44363249392097,5.avi
838,50,10.0,945,774,1300.8494,0,117.10352584695606,0.6664062142372131,7,0,925.097,758.4952,966.13385,790.19476,1300.8494,-153.4143,3.0337906,21.05841821632047,65.03997979115252,5.avi
835,51,10.2,612,596,5400.861,0,87.73242260876383,0.8182780742645264,57,0,573.7409,562.0622,651.17804,631.8073,5400.861,-184.48573,23.271744,15.770065256644171,190.260259233178,5.avi
838,51,10.2,925,759,1328.5165,0,106.65833575995548,0.434935450553894,9,0,905.37274,743.2018,946.15094,775.7809,1328.5165,-111.84713,-56.309483,18.862948724790375,57.74317365287027,5.avi
835,52,10.4,590,610,4982.64,0,98.4995044864315,0.8126338720321655,59,0,553.4975,576.79004,627.75494,643.88965,4982.64,-126.55072,56.926735,16.70897189250772,329.7764199947261,5.avi
838,52,10.4,901,745,1254.532,0,20.393039356726607,0.6581735610961914,11,0,881.85596,729.1529,920.57043,761.55756,1254.532,-120.22963,-67.36538,4.019052064505536,126.53141906746475,5.avi
835,53,10.6,569,610,6220.792,0,69.06720457799034,0.903622031211853,61,0,529.1835,572.08386,610.43335,648.64746,6220.792,-109.2736,13.238312,12.29031687677509,72.55801560446679,5.avi
838,53,10.6,876,726,1212.1824,0,27.882672990779675,0.7243197560310364,13,0,857.9372,710.9001,895.66693,743.02814,1212.1824,-121.63442,-86.280365,5.996846438827406,101.22438743074524,5.avi
835,54,10.8,561,609,6624.268,0,76.5963367366451,0.8653057813644409,63,0,519.30884,570.3057,602.96655,649.4887,6624.268,-58.56858,1.2539911,13.649660662287326,17.09892404192101,5.avi
838,54,10.8,836,720,1095.0814,0,110.83386885423737,0.581021249294281,15,0,818.43475,705.25806,853.9942,736.05383,1095.0814,-184.172,-44.175213,19.42565203782308,211.9929224269106,5.avi
838,55,11.0,807,712,1231.4059,0,45.91141099601904,0.4450224041938782,17,0,788.52203,695.8325,826.4715,728.2811,1231.4059,-152.9555,-43.267857,7.622038050258864,358.6537315963172,5.avi
839,55,11.0,582,572,6723.725,0,0.0,0.8659783005714417,1,0,539.9081,533.13,625.33374,611.8385,6723.725,0.0,0.0,0.0,0.0,5.avi
838,56,11.2,767,704,1199.1387,0,51.049369735360806,0.5016332268714905,19,0,749.2052,688.4143,786.6633,720.4271,1199.1387,-187.45891,-39.354664,9.92359795310014,183.4474758514825,5.avi
839,56,11.2,579,563,5523.8774,0,47.41095927991525,0.8660852313041687,3,0,540.8637,527.6437,617.2598,599.94946,5523.8774,-14.208164,-34.68148,10.15194796726055,110.89592239592965,5.avi
838,57,11.4,713,674,1336.6752,0,159.7470121247081,0.6645364165306091,21,0,693.26117,657.4081,733.148,690.9198,1336.6752,-253.75504,-125.44968,28.50850167987323,127.72231863298094,5.avi
839,57,11.4,564,558,5597.2964,0,64.0807412050226,0.8411048054695129,5,0,525.5753,522.54724,602.6106,595.2062,5597.2964,-69.74008,-25.448055,12.273186089510364,185.3282627113433,5.avi
839,58,11.6,574,552,5838.9316,0,134.71967521135247,0.8899196982383728,7,0,535.37665,514.52814,613.1484,589.606,5838.9316,22.74607,-32.044083,23.92188882741709,4.284331752471417,5.avi
839,59,11.8,592,524,7360.353,0,142.23862865221955,0.8932363986968994,9,0,549.3046,482.68015,636.6064,566.9895,7360.353,77.03563,-111.97286,25.357671240472417,58.66165250120099,5.avi
839,60,12.0,634,521,7284.3594,0,180.13313483595624,0.8410834670066833,11,0,590.79266,479.14325,677.53705,563.1182,7284.3594,176.2858,-40.078613,31.65026203938299,324.0980240642708,5.avi
839,61,12.2,664,544,6725.555,0,182.49647295904344,0.906606137752533,13,0,623.1908,503.97565,705.22327,585.9621,6725.555,156.22884,82.43293,31.357325786062,260.0429406248357,5.avi
839,62,12.4,661,540,7038.725,0,224.93030141104228,0.840108335018158,15,0,620.24475,498.1305,702.5541,583.646,7038.725,25.261398,3.33255,40.58734883547573,148.08747280215505,5.avi
839,63,12.6,671,540,7286.7505,0,26.570367549047333,0.8909661769866943,17,0,630.07745,496.48923,712.1308,585.2943,7286.7505,43.15422,0.7827785,4.806670690641651,18.8720843842313,5.avi
839,64,12.8,682,536,6651.713,0,31.58683209564146,0.8899723291397095,19,0,643.0901,493.90942,721.80115,578.41736,6651.713,53.579163,-18.004536,5.5331750862981215,65.83588365311937,5.avi
839,65,13.0,679,558,6601.5933,0,165.9109472393857,0.8925179243087769,21,0,639.7818,516.86865,719.07745,600.1216,6601.5933,0.7671547,81.73111,29.113789381424315,240.8946570661834,5.avi
839,66,13.2,673,561,5847.7256,0,81.41643497523307,0.8644241690635681,23,0,635.0657,523.65594,711.563,600.0994,5847.7256,-23.342228,31.873665,15.327055132686116,115.43624150788042,5.avi
839,67,13.4,700,549,4004.939,0,206.94255596234632,0.825005829334259,25,0,666.1898,520.1539,734.1221,579.1088,4004.939,97.84407,-39.74227,36.79317485424764,31.551262744181656,5.avi
840,67,13.4,701,592,1570.915,0,0.0,0.771497905254364,1,0,674.79114,577.71497,729.0104,606.68835,1570.915,0.0,0.0,0.0,0.0,5.avi
839,68,13.6,700,561,5755.2695,0,156.74889990972724,0.8887104392051697,27,0,659.14056,526.2095,741.13727,596.39844,5755.2695,22.51796,35.71939,27.608232812201496,224.40176967925632,5.avi
839,69,13.8,683,579,6760.1465,0,133.0043521804194,0.889904260635376,29,0,639.16785,541.0662,728.12976,617.0555,6760.1465,-58.222794,76.5367,24.077939187043977,205.99235214351967,5.avi
839,70,14.0,669,590,6170.0845,0,25.01382053099038,0.8834373950958252,31,0,627.4596,554.02936,711.5364,627.4156,6170.0845,-67.86182,62.51555,5.301557346333619,124.5188506526274,5.avi
839,71,14.2,661,589,3638.587,0,83.25735085292173,0.5603499412536621,33,0,629.73083,560.5304,692.6063,618.40015,3638.587,-47.697594,9.593933,15.103537647054164,70.36819898328537,5.avi
841,72,14.4,603,617,7205.681,0,0.0,0.8963110446929932,1,0,558.2958,577.9862,649.1555,657.29175,7205.681,0.0,0.0,0.0,0.0,5.avi
841,73,14.6,609,615,1572.9873,0,31.459464901570875,0.6696491837501526,3,0,590.0921,595.77954,629.29034,635.90857,1572.9873,23.814568,-7.165238,5.897711397788153,26.58069655979375,5.avi
842,73,14.6,594,652,1588.2289,0,0.0,0.7466175556182861,1,0,575.2346,632.0814,614.5725,672.45544,1588.2289,0.0,0.0,0.0,0.0,5.avi
842,74,14.8,604,645,5642.5107,0,61.6263689520255,0.8932758569717407,3,0,570.3208,604.5044,639.5021,686.0657,5642.5107,39.951492,-27.877869,11.643678644184844,38.62631797316777,5.avi
842,75,15.0,599,632,2258.2993,0,78.003779784273,0.7701898813247681,5,0,577.4765,607.2459,621.95734,658.0162,2258.2993,-20.423538,-60.290966,15.896356819054455,150.98860083534157,5.avi
843,75,15.0,566,648,1447.2311,0,0.0,0.7047987580299377,1,0,546.46277,630.2502,585.88367,666.96246,1447.2311,0.0,0.0,0.0,0.0,5.avi
843,76,15.2,582,607,7400.0176,0,221.368712001288,0.8173269033432007,3,0,532.6377,570.9635,632.60986,644.98425,7400.0176,65.67094,-162.2054,44.51486458903842,69.1735017156098,5.avi
843,77,15.4,578,599,6008.4263,0,154.7178101255117,0.8825075030326843,5,0,538.7061,562.4105,618.8713,637.3611,6008.4263,-12.033691,-50.689835,29.42884666230554,232.88466822618773,5.avi
843,78,15.6,569,579,5983.3525,0,66.56723733521065,0.8775836229324341,7,0,528.7002,543.3155,610.2628,616.6745,5983.3525,-38.495514,-88.09021,13.038783671704564,124.4824574400718,5.avi
843,79,15.8,549,585,5577.9595,0,147.54226217677393,0.8703267574310303,9,0,510.08612,549.7653,588.5347,620.8687,5577.9595,-86.36812,-0.036895752,25.984461642070407,240.5328065011955,5.avi
843,80,16.0,547,597,5562.857,0,110.62111784642998,0.8955064415931702,11,0,509.37225,560.83,585.58124,633.82477,5562.857,-26.97723,46.190277,18.988468811365998,322.0003831813267,5.avi
843,81,16.2,533,613,5833.2993,0,63.17615157212668,0.8813384771347046,13,0,493.9178,576.9557,573.15436,650.57446,5833.2993,-59.84257,73.88049,11.129855502755229,215.31954640770124,5.avi
843,82,16.4,508,589,5429.6353,0,235.27045543276648,0.8506589531898499,15,0,471.24734,552.2741,544.76416,626.1298,5429.6353,-112.000565,-77.415985,41.804129484787154,108.93836583189773,5.avi
843,83,16.6,496,566,6103.1265,0,75.18575711660029,0.8985152840614319,17,0,457.81607,526.6343,535.17,605.5331,6103.1265,-70.128204,-106.78018,12.94692410409792,36.59708838697537,5.avi
843,84,16.8,468,550,5686.4287,0,85.51842054201205,0.8755987286567688,19,0,430.87677,513.2899,506.4511,588.53284,5686.4287,-123.21559,-82.99795,15.39813449642909,200.0232324296864,5.avi
843,85,17.0,452,510,5729.713,0,141.358118459405,0.8546391725540161,21,0,413.62888,473.60446,490.8561,547.79736,5729.713,-91.59535,-173.80411,25.587681961067734,71.830026001629,5.avi
844,86,17.2,491,504,5539.69,0,0.0,0.8930148482322693,1,0,455.9754,466.1703,527.4904,543.6322,5539.69,0.0,0.0,0.0,0.0,5.avi
844,87,17.4,521,503,5431.9067,0,148.15518799684406,0.8798742294311523,3,0,485.556,465.27478,556.5236,541.8154,5431.9067,116.99354,-5.413674,29.328779056035792,3.716818922450102,5.avi
844,88,17.6,515,508,2115.6184,0,156.21306297882583,0.8186768293380737,5,0,492.8352,484.304,537.1935,531.99786,2115.6184,-17.743263,20.634874,29.95478639737624,190.65333291554532,5.avi
845,88,17.6,489,493,4356.239,0,0.0,0.6752104163169861,1,0,458.77588,458.59595,521.2097,528.3696,4356.239,0.0,0.0,0.0,0.0,5.avi
845,89,17.8,489,511,6966.7983,0,90.15582450511862,0.8714228868484497,3,0,446.28958,471.3139,533.32904,551.3558,6966.7983,-0.7325425,71.26566,17.54532304679057,266.7561996131554,5.avi
845,90,18.0,474,533,5430.9717,0,87.85671203189904,0.8578994870185852,5,0,435.98572,497.82364,513.1007,568.2506,5430.9717,-69.96701,105.37633,17.32804552688639,205.32476938348495,5.avi
845,91,18.2,499,545,6484.223,0,221.8686580612078,0.904395878314972,7,0,457.52353,506.41092,541.1798,583.9212,6484.223,78.83069,71.06897,39.51522148024527,13.332630756121716,5.avi
846,92,18.4,475,523,4897.074,0,0.0,0.8622080087661743,1,0,439.32147,490.13226,512.2381,557.2922,4897.074,0.0,0.0,0.0,0.0,5.avi
846,93,18.6,457,517,6381.997,0,94.99832228550449,0.8915685415267944,3,0,422.82645,472.31696,493.03928,563.212,6381.997,-71.245155,-23.74364,19.943274997293216,160.33223386230202,5.avi
846,94,18.8,445,512,5109.5576,0,8.365458376484622,0.8827521204948425,5,0,413.5015,472.62692,477.05362,553.02637,5109.5576,-63.94737,-24.609585,1.6625356564605995,37.6591361935167,5.avi
846,95,19.0,427,514,6150.283,0,46.12104821690552,0.8280742168426514,7,0,388.9565,475.09247,466.58432,554.32025,6150.283,-82.038765,1.4732227,8.201904489738915,228.0004434970684,5.avi
846,96,19.2,429,538,5514.0605,0,166.7801290792939,0.8037145137786865,9,0,393.016,500.43613,465.49567,576.5134,5514.0605,-13.357491,91.57535,28.98327891932688,307.4836228971183,5.avi
846,97,19.4,414,557,6626.345,0,65.87537364669534,0.8516850471496582,11,0,374.86954,515.9518,455.01755,598.6282,6626.345,-58.1345,93.49901,12.586074531072338,180.95668639317208,5.avi
846,98,19.6,418,550,5562.642,0,167.158160446387,0.880460262298584,13,0,382.60385,511.46677,453.90366,589.4844,5562.642,-0.68569946,-4.6299286,29.850809542605024,60.53504139019032,5.avi
846,99,19.8,428,575,5542.976,0,159.38939110832112,0.8024212718009949,15,0,392.52832,537.2259,464.4447,614.3012,5542.976,39.196316,96.18741,27.30207328473921,291.22316789023927,5.avi
846,100,20.0,464,587,5102.923,0,161.93367103810445,0.823459804058075,17,0,428.14612,552.2303,499.93213,623.3155,5102.923,145.78052,68.3882,28.80762614104208,16.125382600806404,5.avi
846,101,20.2,465,588,5428.223,0,172.76161964581507,0.8411750197410583,19,0,427.7555,552.73883,502.99786,624.882,5428.223,38.79171,19.77501,31.23915374576584,154.49654922737386,5.avi
846,102,20.4,469,588,6335.641,0,29.383774687113664,0.8748571276664734,21,0,429.49512,549.4965,510.2981,627.9051,6335.641,26.337002,4.142583,6.30933769994662,130.94842204346918,5.avi
846,103,20.6,473,596,7381.0186,0,40.6009663101243,0.9042014479637146,23,0,429.43716,554.0218,516.56885,638.73285,7381.0186,18.025906,30.479774,6.822968655338427,251.508485262352,5.avi
846,104,20.8,463,605,7501.87,0,73.47864658360595,0.8743597269058228,25,0,420.09232,562.7235,507.83432,648.22266,7501.87,-30.605656,42.01696,13.840775831256432,190.5187455302068,5.avi
846,105,21.0,452,628,8875.314,0,88.12488812087466,0.7416487336158752,27,0,405.7181,581.6209,500.0663,675.69073,8875.314,-49.643005,98.85759,15.284157530292228,247.52758976932,5.avi
846,106,21.2,428,656,7942.5425,0,96.33734501202264,0.8939911723136902,29,0,384.39072,611.29095,471.78214,702.1756,7942.5425,-106.85998,130.80167,16.770651973361762,206.84257634207933,5.avi
846,107,21.4,420,651,7294.6675,0,193.31401706385,0.8754531741142273,31,0,379.7619,607.1469,461.6375,696.2414,7294.6675,-53.07325,10.810043,34.5501006177427,67.38537497717999,5.avi
846,108,21.6,433,629,7751.3877,0,190.1967563675828,0.88813716173172,33,0,390.36978,585.3555,477.2075,674.61847,7751.3877,38.089645,-80.98962,33.807137143974714,47.32695115603775,5.avi
846,109,21.8,446,623,6300.6396,0,63.04485274150691,0.8153016567230225,35,0,406.71286,584.1768,486.5347,663.11053,6300.6396,58.154854,-43.08929,10.292769548670964,296.50518497013417,5.avi
846,110,22.0,443,622,5243.195,0,96.06236643152128,0.8156263828277588,37,0,405.81845,587.3585,480.25308,657.7988,5243.195,-0.3767624,-14.041447,16.77339982438087,204.5689645343435,5.avi
846,111,22.2,434,587,5569.617,0,186.4170676274316,0.8637566566467285,39,0,397.1581,550.43396,471.34787,625.5066,5569.617,-33.865166,-136.34329,33.97333196776667,105.29260758999948,5.avi
846,112,22.4,426,575,6192.341,0,82.69953547402724,0.8599244952201843,41,0,387.52026,536.05536,466.377,614.58185,6192.341,-35.90853,-80.126884,14.374787635018496,264.0906671776385,5.avi
846,113,22.6,423,573,5377.6157,0,83.94304124662743,0.8483067154884338,43,0,386.7494,537.2542,460.73157,609.9422,5377.6157,-20.62651,-25.110527,14.08292255070938,283.2719503597293,5.avi
846,114,22.8,417,584,5695.2393,0,88.91337496228923,0.8668168783187866,45,0,379.18256,546.67017,455.22876,621.562,5695.2393,-29.893436,34.655605,15.6440240482497,260.3768243074654,5.avi
846,115,23.0,420,601,5942.865,0,80.02826615778845,0.8752949237823486,47,0,381.1763,563.97205,460.1689,639.2052,5942.865,6.4341164,75.19746,13.26743633229453,311.3949782176118,5.avi
846,116,23.2,421,600,4499.5596,0,92.18498363497886,0.6280378103256226,49,0,387.3618,567.00024,454.82846,633.69324,4499.5596,3.1099477,12.579945,16.65576969921085,93.3023050537293,5.avi
847,116,23.2,391,625,1479.8541,0,0.0,0.8039820194244385,1,0,372.4981,606.9138,411.44214,644.9133,1479.8541,0.0,0.0,0.0,0.0,5.avi
846,117,23.4,394,594,4333.087,0,161.3612471845487,0.8618596792221069,51,0,361.5878,561.23,427.53683,626.9336,4333.087,-101.32606,-21.191086,29.0995835609406,162.26796912133875,5.avi
846,118,23.6,387,578,4640.1445,0,98.2367594496325,0.8415183424949646,53,0,352.80246,544.4367,421.55295,611.92926,4640.1445,-51.787876,-66.03722,17.367592202510753,42.99502699529933,5.avi
846,119,23.8,391,555,5607.0264,0,98.26128693324428,0.8593025803565979,55,0,352.44763,519.49426,430.32263,591.4946,5607.0264,4.2284317,-102.50105,17.337238172936225,35.12634838917563,5.avi
846,120,24.0,391,542,6145.803,0,44.76220109608783,0.8644113540649414,57,0,351.518,504.5036,431.58643,581.26044,6145.803,1.6186676,-72.165146,7.113032739983927,260.03566577950755,5.avi
848,0,0.0,800,851,1034.5455,0,0.0,0.8458248972892761,1,0,784.31934,834.88477,816.0935,867.4441,1034.5455,0.0,0.0,0.0,0.0,6.avi
849,0,0.0,431,566,1209.2218,0,0.0,0.8298129439353943,1,0,413.59003,549.63336,448.95514,583.82587,1209.2218,0.0,0.0,0.0,0.0,6.avi
850,0,0.0,403,567,621.69635,0,0.0,0.7730236053466797,1,0,392.3899,553.2921,414.91425,580.8932,621.69635,0.0,0.0,0.0,0.0,6.avi
851,0,0.0,414,541,610.5203,0,0.0,0.6257707476615906,1,0,402.3597,528.7342,427.2034,553.30865,610.5203,0.0,0.0,0.0,0.0,6.avi
848,1,0.2,784,841,1160.8931,0,90.08944691293276,0.8516181111335754,3,0,768.6536,824.0838,801.3365,859.6037,1160.8931,-60.72395,-37.208286,19.130177452314506,147.90466827527132,6.avi
849,1,0.2,419,554,4598.1904,0,86.40975505185637,0.887580931186676,3,0,385.74768,520.25934,453.42798,588.19916,4598.1904,-46.6457,-49.90167,17.68217669961341,133.95277021464142,6.avi
848,2,0.4,771,834,1107.9515,0,8.897745716150277,0.8335756063461304,5,0,755.09265,817.24927,787.19995,851.7571,1107.9515,-68.526825,-36.745556,1.8934685085963392,167.73922811376474,6.avi
849,2,0.4,419,553,3459.33,0,66.27065426173299,0.8734521269798279,5,0,389.7493,523.91833,449.02512,582.2782,3459.33,-4.845154,-9.379265,12.368997392957542,314.9679130633576,6.avi
848,3,0.6,757,825,1524.5187,0,7.84124740632773,0.8436602354049683,7,0,738.3588,805.69116,776.36176,845.807,1524.5187,-68.836,-42.133446,2.1987159520126838,101.56820529098792,6.avi
849,3,0.6,418,547,3487.6953,0,21.21765753206571,0.8908097147941589,7,0,389.50485,517.8655,448.43973,577.0443,3487.6953,-2.7202015,-23.826923,4.243069704650603,95.65605710362632,6.avi
848,4,0.8,745,817,1597.8954,0,9.173357465210026,0.7976891994476318,9,0,725.36395,797.3841,765.0455,837.65216,1597.8954,-62.649982,-41.382168,1.443385469822776,12.90617867299386,6.avi
849,4,0.8,430,545,3293.8015,0,71.0244673403469,0.8304097056388855,9,0,400.01385,518.6415,461.3487,572.3435,3293.8015,44.311882,-13.067938,11.800155483091626,348.7084626199686,6.avi
848,5,1.0,737,811,1737.3645,0,30.13957713577602,0.8509425520896912,11,0,716.27997,790.99036,758.80035,831.84985,1737.3645,-43.934753,-33.002785,4.668989624135509,337.8773021169814,6.avi
849,5,1.0,444,536,3422.7341,0,47.27408810286677,0.879190981388092,11,0,414.00754,508.66653,475.6846,564.161,3422.7341,64.70805,-37.936592,8.19624880218708,57.06363445714936,6.avi
848,6,1.2,729,805,1625.0819,0,5.189976730750452,0.6991404891014099,13,0,708.0433,786.44934,750.71185,824.5355,1625.0819,-41.53351,-30.414703,0.3057227642010638,323.81872589076767,6.avi
849,6,1.2,459,531,3382.4016,0,18.518437919963706,0.8720642328262329,13,0,429.03506,503.87408,490.04947,559.31024,3382.4016,71.45623,-27.299444,2.488807905633625,299.1504789968976,6.avi
848,7,1.4,720,799,1674.2927,0,4.2472071749488505,0.8463301658630371,15,0,698.1399,780.7215,742.53735,818.4329,1674.2927,-44.34961,-29.769735,1.1464828315737472,159.0737385232345,6.avi
849,7,1.4,467,535,3614.868,0,62.613380255860136,0.8802790641784668,15,0,436.4597,506.80576,499.42703,564.21436,3614.868,48.802963,8.76705,11.195259809078864,232.38195632454057,6.avi
848,8,1.6,707,792,1618.1655,0,23.58151347877972,0.8515461087226868,17,0,685.55676,773.67413,729.69165,810.3382,1618.1655,-59.135296,-35.9892,4.754393209014705,160.03599732831162,6.avi
849,8,1.6,470,541,4059.029,0,47.21388654661173,0.8724101185798645,17,0,437.51147,510.29736,503.17377,572.11414,4059.029,20.491636,23.928879,8.562262900589069,205.8739630984197,6.avi
848,9,1.8,696,783,1499.6298,0,5.475903396561204,0.8518320918083191,19,0,675.0126,766.29675,717.4839,801.60596,1499.6298,-57.400295,-39.285244,1.8196947416606597,83.59868734615594,6.avi
849,9,1.8,459,532,3876.8125,0,115.38363097595555,0.8685382008552551,19,0,427.22043,502.13165,490.9785,562.9367,3876.8125,-38.510994,-27.827362,20.83711624255256,137.8193127009515,6.avi
848,10,2.0,686,776,1307.6564,0,9.44247635654877,0.8522266149520874,21,0,666.64886,760.2265,705.7668,793.6551,1307.6564,-51.86358,-36.029682,1.2354157155986405,4.377646398140769,6.avi
849,10,2.0,458,530,3614.2488,0,44.73648886520572,0.8780906200408936,21,0,427.4845,501.2586,489.62756,559.41876,3614.2488,-10.978632,-14.86656,7.265341672513174,335.3402359130973,6.avi
848,11,2.2,679,769,1188.3278,0,20.028285798936764,0.8579426407814026,23,0,661.0698,753.3891,697.68115,785.847,1188.3278,-38.24743,-36.478897,3.2491112030164016,13.071901533143716,6.avi
849,11,2.2,463,538,3946.4187,0,74.22753392114771,0.8666049838066101,23,0,430.8186,508.08942,495.5008,569.10187,3946.4187,15.171524,28.324697,12.537200062874389,301.9784772450061,6.avi
848,12,2.4,669,764,1086.0684,0,19.649974301228266,0.8561207056045532,25,0,652.0475,748.9309,686.40466,780.5421,1086.0684,-47.862164,-27.193808,3.200928070135843,211.61036516359,6.avi
849,12,2.4,469,550,3353.9873,0,39.796874684413645,0.8810247778892517,25,0,439.81638,522.17395,498.94138,578.901,3353.9873,27.420414,52.46543,6.388647484463111,296.0539051130868,6.avi
848,13,2.6,657,751,1054.8658,0,43.504990730647584,0.8396327495574951,27,0,641.19543,736.0457,674.6808,767.54803,1054.8658,-54.45985,-56.041748,8.711718714328082,107.73434893202204,6.avi
849,13,2.6,488,565,3431.2134,0,82.18250196187734,0.862952470779419,27,0,458.74957,536.7244,518.75507,593.90607,3431.2134,80.83827,68.94418,13.723647678118544,343.1875668008895,6.avi
848,14,2.8,645,736,1022.1403,0,21.69895563601301,0.8432184457778931,29,0,629.4179,721.3654,662.1993,752.54596,1022.1403,-59.219368,-70.01328,5.024046244008015,114.0334462647428,6.avi
849,14,2.8,519,579,3803.22,0,81.32999639572874,0.8646684885025024,29,0,487.56735,549.45447,551.0347,609.37854,3803.22,136.14713,70.1459,14.080401654864891,0.4234635038963574,6.avi
848,15,3.0,622,707,1082.4868,0,112.58325612243092,0.8526573181152344,31,0,605.22815,690.90375,638.7981,723.1495,1082.4868,-105.184586,-131.2655,19.941235351577443,126.869827498598,6.avi
849,15,3.0,536,598,3452.5332,0,65.25672744620086,0.8788970112800598,31,0,505.97617,570.00085,566.40106,627.1384,3452.5332,96.37273,89.852394,11.473114546946755,203.38801872669373,6.avi
849,16,3.2,553,638,3484.4304,0,123.52078783587343,0.8898501992225647,33,0,523.5109,609.52936,584.02277,667.112,3484.4304,89.84894,173.61954,21.600794816215533,263.45233021762954,6.avi
849,17,3.4,571,646,3856.8694,0,148.18369259076172,0.884088933467865,35,0,539.31647,616.53625,602.9471,677.14966,3856.8694,87.522736,72.849464,27.054585927091825,91.56022331702547,6.avi
849,18,3.6,581,651,4532.483,0,70.97654654419236,0.8776491284370422,37,0,547.1083,618.1026,615.62146,684.2575,4532.483,59.556828,33.494587,12.912829062122416,126.25479865732244,6.avi
849,19,3.8,587,652,4445.8545,0,41.52188497912892,0.8680768609046936,39,0,553.6412,620.4377,622.09186,685.3874,4445.8545,38.751167,14.393824,8.599622614449856,136.87197412851094,6.avi
849,20,4.0,592,648,5222.7056,0,46.9142237211057,0.8854745626449585,41,0,554.91656,613.20795,629.4765,683.25507,5222.7056,25.597103,-14.680796,8.589856492102914,114.90090480064418,6.avi
849,21,4.2,587,646,4308.489,0,55.332712230874826,0.871557891368866,43,0,553.5344,614.7978,621.6548,678.04596,4308.489,-11.790897,-10.348281,10.340017198737048,183.90761796274288,6.avi
849,22,4.4,594,614,3923.0234,0,175.87506279990004,0.8727342486381531,45,0,561.7679,584.3887,626.73505,644.7733,3923.0234,22.88044,-124.847015,31.59205449307336,73.89507286250836,6.avi
849,23,4.6,596,586,3896.6755,0,22.28069302725811,0.8693799376487732,47,0,564.5182,556.08203,629.2346,616.2936,3896.6755,15.376434,-138.01457,4.586789560932827,128.05813704614133,6.avi
849,24,4.8,601,553,4730.51,0,30.788044538139463,0.8726313710212708,49,0,565.4056,520.1082,636.7563,586.40765,4730.51,19.719536,-158.5018,5.682439911445875,79.36873870470106,6.avi
849,25,5.0,598,538,4281.726,0,103.77510292466442,0.8607661724090576,51,0,564.3279,506.86636,631.8822,570.2484,4281.726,-6.8937435,-93.12132,17.88022245650915,246.8659721060184,6.avi
849,26,5.2,590,528,3762.588,0,59.008048496849,0.8655778169631958,53,0,558.8214,498.0192,621.48706,558.06146,3762.588,-32.169754,-61.941166,10.503244548708572,230.1780590265014,6.avi
849,27,5.4,581,509,3514.4827,0,37.58575903308588,0.8667171597480774,55,0,551.3249,480.08197,611.04376,538.93243,3514.4827,-41.92295,-85.57414,7.186816407172664,112.2413674527652,6.avi
849,28,5.6,579,500,3943.2485,0,61.26162577040056,0.880220353603363,57,0,548.4489,469.2209,611.1866,532.0739,3943.2485,-14.93207,-53.82561,9.81426314003997,309.18007275590674,6.avi
849,29,5.8,574,496,4688.3926,0,38.23870366352535,0.8640882968902588,59,0,541.1048,461.71106,608.7402,531.0297,4688.3926,-22.273535,-28.8726,6.741164768065865,245.16475073800896,6.avi
849,30,6.0,557,489,4438.584,0,70.94692737977194,0.8764346241950989,61,0,525.16974,455.76074,590.7485,523.444,4438.584,-70.38124,-32.69373,13.561997427533688,173.24215367493366,6.avi
849,31,6.2,526,475,4161.122,0,110.36413666814194,0.8755348324775696,63,0,494.7461,441.84412,557.43994,508.21625,4161.122,-138.80014,-63.589912,19.616798637532256,155.7288249413309,6.avi
849,32,6.4,499,463,4355.8457,0,9.764316033614076,0.8643739819526672,65,0,467.82526,429.1568,531.8081,497.23517,4355.8457,-133.09393,-60.19091,0.9581206859896176,314.1211765760609,6.avi
849,33,6.6,482,457,4726.503,0,60.84150249403646,0.8748983144760132,67,0,448.8591,421.63193,515.4545,492.60532,4726.503,-98.63828,-37.2659,10.564472357238229,326.4266671469545,6.avi
849,34,6.8,459,449,4171.6987,0,14.9198623095306,0.8671469688415527,69,0,428.3516,416.54163,491.23,482.8871,4171.6987,-108.78526,-37.077724,3.4931365236791696,169.01814716815647,6.avi
849,35,7.0,432,437,3591.1516,0,40.11458706326548,0.8732737898826599,71,0,403.57855,406.783,462.3045,467.934,3591.1516,-128.3697,-56.07791,8.030157197004034,138.71063184965692,6.avi
849,36,7.2,421,441,3447.188,0,118.30863052877396,0.8617486953735352,73,0,392.6681,411.59573,450.4148,471.29074,3447.188,-73.47313,2.766426,20.231471038005992,312.7472396808124,6.avi
849,37,7.4,410,451,3490.527,0,58.97049756449063,0.8717743158340454,75,0,381.12808,422.08878,439.9758,481.40335,3490.527,-59.223324,40.262688,9.539669455925347,289.30127392165383,6.avi
849,38,7.6,382,460,3708.6157,0,93.98935149501408,0.8744342923164368,77,0,351.76086,429.85883,412.43024,490.98712,3708.6157,-123.11127,42.663933,16.708489072833824,180.6905961653608,6.avi
849,39,7.8,360,465,4699.4585,0,22.60582055843047,0.8702067136764526,79,0,326.3151,431.27087,393.99374,500.70868,4699.4585,-112.799774,31.256908,4.69384508133856,57.4319247307061,6.avi
849,40,8.0,343,468,4344.251,0,36.90577102567544,0.8696523904800415,81,0,310.65643,435.44162,375.682,502.24997,4344.251,-91.35953,18.198542,6.870757069574654,38.117447784028855,6.avi
849,41,8.2,338,470,4036.504,0,78.62742111102814,0.8756576776504517,83,0,307.37857,438.6017,370.02798,503.0317,4036.504,-38.2624,11.7804165,13.33635105142427,10.741053621040235,6.avi
849,42,8.4,336,473,4130.346,0,31.16942977852961,0.8772494792938232,85,0,304.76886,440.87946,368.35205,505.83917,4130.346,-17.0726,12.497831,4.952203623265394,1.999549816526553,6.avi
849,43,8.6,325,469,4136.8286,0,56.379633532850775,0.87347012758255,87,0,293.86047,436.76163,357.2588,502.01303,4136.8286,-46.249146,-12.391455,10.648971077032368,139.9025827026224,6.avi
849,44,8.8,318,468,3535.9458,0,14.64011137290002,0.8669259548187256,89,0,288.66443,438.75034,347.62518,498.72147,3535.9458,-39.191864,-5.3654156,2.011703022876855,327.15875923748035,6.avi
849,45,9.0,315,468,3098.1165,0,28.7471642153308,0.8836025595664978,91,0,287.63333,440.7677,342.88992,496.8355,3098.1165,-20.134382,-0.98567486,4.705669317043447,355.8909008562418,6.avi
849,46,9.2,323,474,3632.0872,0,74.93695969997412,0.8748579025268555,93,0,293.05792,444.27286,353.16656,504.6982,3632.0872,25.545927,21.632622,12.943459670619546,335.3638476686051,6.avi
849,47,9.4,328,476,3828.1748,0,12.333498295442826,0.8767097592353821,95,0,297.0578,446.00452,359.55286,507.26013,3828.1748,25.868618,13.249388,2.8207777074207234,94.50244251579691,6.avi
849,48,9.6,329,470,4615.542,0,55.546472833389096,0.8910968899726868,97,0,294.27234,437.36588,363.9685,503.58963,4615.542,9.105473,-20.612051,10.306366293010251,115.75933876077907,6.avi
849,49,9.8,329,465,5255.853,0,7.670024145749583,0.8706276416778564,99,0,292.44238,430.5463,366.9508,501.08664,5255.853,4.3175154,-22.684584,2.3678042234769765,145.08178615055317,6.avi
849,50,10.0,328,464,4364.5107,0,22.883714825083214,0.8636947274208069,101,0,295.16028,432.55896,362.53784,497.33588,4364.5107,-2.2630458,-8.578118,3.735632924098336,226.7395341025572,6.avi
849,51,10.2,325,464,3812.3835,0,17.509453501315598,0.8790794014930725,103,0,294.13855,433.79025,356.78363,494.64713,3812.3835,-13.552267,-4.782523,3.482249162330916,192.7448638535757,6.avi
849,52,10.4,318,462,3337.2852,0,24.553350035496408,0.8813929557800293,105,0,289.30222,433.93735,347.6335,491.15,3337.2852,-30.023653,-7.5459003,4.915453002441797,165.1210787692794,6.avi
849,53,10.6,312,461,4325.9814,0,3.2914198364015426,0.8824731707572937,107,0,279.4263,428.6611,345.1226,494.5093,4325.9814,-30.749372,-5.427906,0.4644168568495874,175.74163318867136,6.avi
852,53,10.6,916,842,216.01018,0,0.0,0.6499316692352295,1,0,909.4221,835.0578,923.1929,850.74396,216.01018,0.0,0.0,0.0,0.0,6.avi
849,54,10.8,302,458,3654.4417,0,24.754252532109867,0.8735529184341431,109,0,272.20352,428.14514,332.11478,489.1427,3654.4417,-46.000256,-12.564899,4.822890158575949,148.7826871088372,6.avi
852,54,10.8,908,843,179.75348,0,40.88285880999217,0.5314129590988159,3,0,901.7636,836.94354,914.77216,850.76166,179.75348,-32.09436,3.7993782,8.308086429095471,180.68359364346117,6.avi
849,55,11.0,287,450,3528.679,0,45.82052743089776,0.8800094127655029,111,0,258.0443,420.1942,316.98907,480.05835,3528.679,-66.9315,-35.65857,8.549825080365794,134.18566965448576,6.avi
852,55,11.0,899,846,269.17175,0,15.202226732814143,0.6028910279273987,5,0,891.8615,838.5908,908.1291,855.1373,269.17175,-40.582752,14.109736,3.1689092066843063,205.96688975026197,6.avi
849,56,11.2,291,448,3496.95,0,104.72409312181937,0.8711668252944946,113,0,262.3381,419.17035,320.97214,478.8106,3496.95,0.46774292,-12.59853,17.596525241995014,343.47368332690894,6.avi
849,57,11.4,292,448,3658.6353,0,12.063265698656792,0.8774875402450562,115,0,262.53848,417.93726,322.4534,479.0011,3658.6353,3.3417633,-4.9126787,1.5497533492855804,279.3335953741469,6.avi
852,57,11.4,887,845,243.0093,0,75.80418021858353,0.4496439099311828,8,0,879.4787,837.63074,894.6296,853.67004,243.0093,-20.554192,-2.8834562,15.350234944451351,42.29523551236929,6.avi
849,58,11.6,301,450,3405.85,0,49.663975957027645,0.8759732246398926,117,0,272.50693,420.85416,330.52713,479.55527,3405.85,35.46592,5.540908,8.228918676648544,342.21590540747786,6.avi
852,58,11.6,884,844,227.01941,0,8.814985669136433,0.4463234543800354,10,0,876.8429,836.20105,891.31165,851.89136,227.01941,-16.207043,-6.822394,1.5064476264412576,45.45633422837369,6.avi
849,59,11.8,312,452,3999.407,0,21.311643424406697,0.8864663243293762,119,0,280.84735,420.424,343.67322,484.08264,3999.407,49.503986,9.157772,3.4587370379119404,348.5415489492765,6.avi
852,59,11.8,877,845,208.76933,0,21.21162559427634,0.5999583601951599,12,0,871.0192,837.57495,884.8969,852.6184,208.76933,-27.372826,2.5476117,4.48201466374938,211.14761237639064,6.avi
853,59,11.8,431,149,525.91626,0,0.0,0.5824362635612488,1,0,421.76425,136.8114,442.05045,162.73624,525.91626,0.0,0.0,0.0,0.0,6.avi
849,60,12.0,316,451,3709.3643,0,34.636789655040126,0.868330180644989,121,0,286.63275,420.33356,347.09277,481.6859,3709.3643,29.12699,-2.669095,6.890226742760061,153.40271791463454,6.avi
852,60,12.0,868,848,200.41885,0,27.397641958258365,0.4964497685432434,14,0,862.0126,841.58795,875.7798,856.1457,200.41885,-41.165367,15.08391,5.082541586008705,208.0982282053362,6.avi
853,60,12.0,423,159,373.31934,0,65.1294667777056,0.1610978841781616,3,0,415.00793,149.48836,432.89404,170.36037,373.31934,-31.761925,40.521133,12.824323610617604,226.00729802650395,6.avi
849,61,12.2,313,447,3385.691,0,55.5785908080034,0.881108283996582,123,0,284.3158,418.35687,342.28644,476.76044,3385.691,-6.9752254,-13.888775,10.292846836629408,160.263031371652,6.avi
852,61,12.2,862,851,203.21251,0,11.246548547886611,0.5505722761154175,16,0,855.60944,844.47437,869.6774,858.91943,203.21251,-33.549908,14.365952,1.6025288446113428,33.46189273582206,6.avi
853,61,12.2,415,169,393.7649,0,11.588083768599985,0.8028536438941956,5,0,406.47546,158.61609,424.9995,179.87302,393.7649,-40.28423,46.089176,2.774231716731048,200.49666189705272,6.avi
849,62,12.4,311,446,2846.3643,0,9.271951747310029,0.879936158657074,125,0,284.56403,419.42624,337.6786,473.0154,2846.3643,-9.993414,-8.350914,1.5189230214592877,233.3789846408305,6.avi
852,62,12.4,858,853,187.71007,0,14.858440373411993,0.3909893035888672,18,0,851.6316,847.03894,865.31616,860.75586,187.71007,-23.779627,11.778797,2.595313844559865,37.22616584544187,6.avi
853,62,12.4,406,176,365.15677,0,11.438501903488683,0.7303256988525391,7,0,397.8622,166.38199,415.7014,186.85138,365.15677,-43.731056,39.01127,2.981254646704821,124.31439940771008,6.avi
849,63,12.6,314,448,3458.324,0,39.60566464399296,0.8923051357269287,127,0,285.7139,418.89294,344.06668,478.15875,3458.324,12.188749,6.937545,5.973859883776315,324.7313611462033,6.avi
852,63,12.6,854,854,201.05519,0,10.614129480977214,0.3938170075416565,20,0,847.80237,847.66345,861.9425,861.8822,201.05519,-19.339575,6.08555,2.2707577614976038,82.86505069414608,6.avi
853,63,12.6,397,181,345.65726,0,16.769486668366913,0.6908002495765686,9,0,388.79794,171.49887,406.05386,191.53006,345.65726,-46.07123,27.862703,3.5723410009750576,106.85132976408931,6.avi
849,64,12.8,321,452,3605.3005,0,29.437198159550626,0.8870900273323059,129,0,291.89194,422.4581,351.66177,482.77786,3605.3005,29.298664,17.339336,4.223434901589509,330.3920723633299,6.avi
852,64,12.8,849,857,213.33788,0,10.922511807010444,0.2908719778060913,22,0,842.5453,850.1158,857.0188,864.85565,213.33788,-24.041176,11.838364,2.2446224244916,206.74341840400535,6.avi
853,64,12.8,391,183,346.3235,0,24.211221548201667,0.6264602541923523,11,0,382.39578,173.8837,399.71176,193.88394,346.3235,-35.138874,15.54143,4.947565009530838,55.69651892103565,6.avi
849,65,13.0,325,454,3492.8525,0,15.139272531302412,0.8719248175621033,131,0,296.46317,424.38196,355.3127,483.7342,3492.8525,22.573416,9.540665,3.3619035332774767,141.65202022577978,6.avi
852,65,13.0,843,859,265.96158,0,8.99268156615773,0.3197354674339294,24,0,835.41626,850.9805,851.66345,867.35016,265.96158,-29.556099,9.192064,2.150402250093918,156.618409713422,6.avi
853,65,13.0,385,188,372.1269,0,12.40340417759888,0.3068659007549286,13,0,376.63138,178.06894,395.2515,198.05417,372.1269,-27.771965,19.654554,1.4016111866768688,314.0203524240053,6.avi
849,66,13.2,327,452,3177.6196,0,26.395158845998274,0.8877923488616943,133,0,299.2399,424.16385,355.3007,480.8455,3177.6196,10.526612,-3.7723055,5.225771679693393,130.62629994327654,6.avi
852,66,13.2,839,859,306.69482,0,14.094734824106885,0.2147756069898605,26,0,830.8656,850.73175,848.3623,868.26056,306.69482,-21.920692,3.3937883,2.428110098210073,55.61327416138556,6.avi
853,66,13.2,383,192,411.8283,0,19.158079772921173,0.4911322593688965,15,0,373.75366,182.09108,393.75085,202.68538,411.8283,-14.82954,21.176674,2.612956429224747,359.8347132329497,6.avi
849,67,13.4,332,452,4002.6038,0,18.03667914567289,0.8953007459640503,135,0,300.89563,421.12286,363.76123,484.79205,4002.6038,21.882988,0.8706541,2.636250037636277,354.5630322314653,6.avi
853,67,13.4,378,202,479.93005,0,36.658778384862806,0.5793249011039734,17,0,367.27792,191.4367,388.92075,213.61176,479.93005,-25.16366,43.870377,6.05555716037129,242.60447240654105,6.avi
849,68,13.6,336,453,3993.5125,0,4.18415313430578,0.8791101574897766,137,0,304.62753,421.79382,367.53903,485.2721,3993.5125,19.491812,2.4142594,0.7171927899641362,169.4273713197107,6.avi
853,68,13.6,375,213,450.43793,0,19.097964937412492,0.412537544965744,19,0,365.4107,202.38303,386.456,223.78632,450.43793,-14.138278,50.740623,2.5756218413774103,318.64739137834107,6.avi
849,69,13.8,339,456,3553.955,0,11.884376289115332,0.8803310990333557,139,0,309.97418,426.28677,369.5639,485.92715,3553.955,18.674133,10.456741,2.2137460875318413,243.67656014261385,6.avi
852,69,13.8,829,866,348.69757,0,80.38916043218572,0.2497649043798446,30,0,820.08545,856.97565,837.9634,876.48004,348.69757,-6.840295,6.425249,15.878100849502816,351.1921497231226,6.avi
853,69,13.8,371,223,483.35028,0,8.555510430458279,0.5816709995269775,21,0,360.80756,212.66324,382.57245,234.87103,483.35028,-19.582932,52.79572,2.118510927305961,173.6914357318973,6.avi
849,70,14.0,344,457,3489.1765,0,4.220207724675012,0.8761029839515686,141,0,314.51364,428.5195,373.8715,487.30154,3489.1765,21.322819,9.3498955,1.2969463760342157,67.50935386149223,6.avi
853,70,14.0,363,224,461.33478,0,59.15745350867278,0.3019789755344391,23,0,352.68015,213.92067,373.60605,235.96675,461.33478,-37.390854,16.710785,11.376178872168902,114.80912737000853,6.avi
849,71,14.2,340,457,4321.007,0,46.2552316231282,0.8829717636108398,143,0,307.63962,424.85913,373.45926,490.50836,4321.007,-9.089792,1.2859297,8.902473498663072,161.8004489987684,6.avi
852,71,14.2,817,872,354.42453,0,38.93270423454202,0.2809606492519378,33,0,808.715,862.6028,826.36005,882.6891,354.42453,-20.316069,10.190784,8.045984302455672,190.14336021010092,6.avi
853,71,14.2,357,229,500.08957,0,10.36762418408702,0.1545984596014022,25,0,346.59332,217.51118,367.75623,241.14165,500.08957,-31.584066,20.71267,1.5140751037802582,331.85798433180577,6.avi
849,72,14.4,342,460,4013.0723,0,24.652568140226656,0.8644844889640808,145,0,310.88837,428.53497,373.5558,492.57257,4013.0723,4.3348618,11.334829,3.8630388375966542,327.7901790499666,6.avi
849,73,14.6,354,469,3609.077,0,72.07486119960745,0.8717522025108337,147,0,324.56946,438.5898,383.90643,499.41324,3609.077,47.212982,35.10585,12.539221698130664,330.47557394198986,6.avi
849,74,14.8,357,468,3891.3672,0,56.65442185738768,0.8692327737808228,149,0,326.41742,436.77112,387.92004,500.04266,3891.3672,22.168842,5.8157578,10.439992245205604,129.78429855534893,6.avi
849,75,15.0,355,471,4577.05,0,36.574626206291576,0.8748520612716675,151,0,322.3834,437.15857,388.61417,506.26617,4577.05,-1.3058491,14.05503,6.755583680161124,192.22030383046413,6.avi
849,76,15.2,373,478,4386.968,0,105.15798833384096,0.8697622418403625,153,0,341.00726,445.01083,405.58252,512.9466,4386.968,68.14164,31.18996,18.09943133289568,348.9255310071854,6.avi
849,77,15.4,391,482,5035.7495,0,27.75498030575518,0.8673349022865295,155,0,356.53964,446.32352,425.74405,519.08984,5035.7495,84.36631,21.53651,5.193028286669655,38.27477957968853,6.avi
849,78,15.6,404,481,5289.179,0,36.03813939875809,0.8743058443069458,157,0,368.51077,444.84427,439.795,519.04266,5289.179,69.51243,2.0356236,7.23111317668396,123.72822750795694,6.avi
849,79,15.8,419,489,4243.771,0,42.41886790440399,0.863140881061554,159,0,388.33478,456.06104,451.58807,523.1528,4243.771,76.842995,29.94299,6.716113821233236,278.0853675057876,6.avi
849,80,16.0,429,488,3571.3389,0,51.501490389511744,0.8757269978523254,161,0,400.28647,457.9937,458.29575,519.5587,3571.3389,53.617615,3.716339,9.887371417168309,129.8076542145203,6.avi
849,81,16.2,434,488,3767.5398,0,30.526976485935304,0.8812969326972961,163,0,404.84564,456.98907,464.56763,520.0737,3767.5398,33.203354,-0.08371925,6.203581099368546,165.822044894211,6.avi
849,82,16.4,442,491,5075.882,0,16.126975445029117,0.8828379511833191,165,0,408.06506,454.36066,477.235,527.74347,5075.882,38.213634,9.67508,2.569630845535643,284.71488550982184,6.avi
849,83,16.6,443,491,4247.4688,0,39.38382351037226,0.8734875321388245,167,0,411.90067,457.79025,475.13046,524.9654,4247.4688,12.148897,3.485817,7.558624758521258,164.75835311841502,6.avi
849,84,16.8,448,495,3860.5288,0,23.763821152759597,0.8804100155830383,169,0,418.33878,463.37445,478.42355,527.62585,3860.5288,21.516914,16.658875,3.574566541880344,305.0855515526416,6.avi
849,85,17.0,465,501,2901.2156,0,74.0982561815717,0.8092524409294128,171,0,440.52652,472.2601,490.61398,530.1831,2901.2156,71.07471,25.84951,12.504840884199831,350.01573707440883,6.avi
854,85,17.0,425,498,1886.7609,0,0.0,0.8324956893920898,1,0,408.01923,472.29706,443.66705,525.22485,1886.7609,0.0,0.0,0.0,0.0,6.avi
849,86,17.2,471,515,2658.7078,0,68.20506419184063,0.8558973670005798,173,0,448.0472,487.23297,495.34348,543.44684,2658.7078,39.9616,60.264576,12.299821399239717,224.41797059372908,6.avi
854,86,17.2,424,502,2573.6262,0,21.507851066552178,0.8646325469017029,3,0,402.6055,474.1303,447.29428,531.7203,2573.6262,-3.5658524,16.624119,3.726737316322733,240.35847345144657,6.avi
849,87,17.4,461,519,2877.929,0,112.06260597741137,0.8655335903167725,175,0,436.44122,490.5934,486.9428,547.5803,2877.929,-29.248734,28.320082,20.48579568452409,155.81464775178586,6.avi
849,88,17.6,458,518,3019.8208,0,37.62819617062699,0.8733018040657043,177,0,431.70383,489.81076,484.38705,547.1311,3019.8208,-20.775513,4.1679325,7.087296361915962,72.27502871758583,6.avi
849,89,17.8,466,524,3172.1616,0,75.18672975726373,0.8759024739265442,179,0,439.12,495.09225,493.21716,553.73047,3172.1616,26.446014,23.808624,12.988121258495989,338.8062842137768,6.avi
849,90,18.0,470,520,4273.1807,0,49.07555176593733,0.8881078958511353,181,0,438.90335,486.79034,502.20993,554.2901,4273.1807,22.980272,-9.392998,9.288210197744968,99.0299673651134,6.avi
849,91,18.2,467,517,3636.291,0,42.33368157434684,0.8850393295288086,183,0,438.29794,486.85672,497.14322,548.6508,3636.291,-5.603304,-12.884584,8.320316362156218,168.48020468400114,6.avi
849,92,18.4,468,514,3518.7703,0,9.8551288048977,0.8732262849807739,185,0,439.32407,484.56146,497.3173,545.237,3518.7703,1.0147276,-13.952404,1.8290121715513084,40.049642919116025,6.avi
849,93,18.6,472,516,3425.3945,0,34.092121133652746,0.8813973069190979,187,0,443.19284,487.3246,500.90872,546.6738,3425.3945,14.58002,4.856081,5.217942722565206,311.7771900687797,6.avi
849,94,18.8,476,517,3432.4805,0,6.976865573424178,0.8790696263313293,189,0,447.26678,488.18784,505.1233,547.51526,3432.4805,19.30373,4.3989778,1.4174557761558988,43.204585908884326,6.avi
849,95,19.0,472,512,3972.0894,0,57.73191355960885,0.8683560490608215,191,0,440.89273,480.51096,503.30515,544.15356,3972.0894,-11.297886,-20.211725,10.497962874143004,140.1179976727226,6.avi
849,96,19.2,458,501,4368.1826,0,75.47424002147277,0.8839185237884521,193,0,425.95303,467.7202,490.95682,534.9191,4368.1826,-55.0819,-47.01899,13.90371272964184,148.37789860031063,6.avi
849,97,19.4,439,491,3860.916,0,45.26106252654048,0.8681409358978271,195,0,408.65137,460.03598,470.2522,522.71234,3860.916,-85.79863,-49.10242,8.488089654974733,173.80594580212812,6.avi
849,98,19.6,411,479,3353.9663,0,64.20516419106124,0.8877890110015869,197,0,382.4229,450.31177,439.81238,508.75397,3353.9663,-128.77493,-56.87421,11.577201466979904,167.25714816798757,6.avi
855,98,19.6,282,445,553.5229,0,0.0,0.5161243677139282,1,0,271.45416,432.89996,293.81586,457.65314,553.5229,0.0,0.0,0.0,0.0,6.avi
849,99,19.8,396,469,3394.1406,0,63.86914491424495,0.8733327984809875,199,0,367.5121,440.65808,425.5332,499.15643,3394.1406,-85.85416,-50.146782,10.670599828615943,355.4742843124497,6.avi
855,99,19.8,294,451,354.8487,0,65.53157850274349,0.2278442680835724,3,0,285.21347,441.41727,302.86447,461.5209,354.8487,45.52475,24.720686,12.724813537979848,333.27001133359937,6.avi
849,100,20.0,389,466,3849.806,0,65.5750092037987,0.8747179508209229,201,0,357.9327,435.313,420.15103,497.18872,3849.806,-48.58656,-25.636656,11.42662477171326,327.60350911954754,6.avi
849,101,20.2,395,468,3864.9626,0,101.00861538759726,0.8810912370681763,203,0,364.0156,437.83447,427.28458,498.92224,3864.9626,14.200653,2.2651062,17.11739939787975,336.3140210476305,6.avi
849,102,20.4,406,464,5227.3647,0,48.81485300722023,0.895392656326294,205,0,368.83215,429.5458,443.26624,499.7739,5227.3647,43.272163,-13.778446,8.929690426624083,32.75500344143586,6.avi
849,103,20.6,415,466,4256.68,0,24.094189872252414,0.8715248703956604,207,0,381.46,434.62057,448.99973,497.64542,4256.68,45.29612,2.4853535,4.106534928331679,274.1388875086501,6.avi
849,104,20.8,420,464,3910.6914,0,24.30520229530509,0.8887359499931335,209,0,388.19464,434.18405,453.21484,494.32986,3910.6914,31.510891,-6.641554,5.031258853040482,148.4834317584964,6.avi
849,105,21.0,414,456,3608.635,0,79.71867406025842,0.8952446579933167,211,0,382.98163,428.0187,445.60828,485.6401,3608.635,-17.378792,-30.098911,14.737243711273242,151.9562535344802,6.avi
849,106,21.2,405,448,4346.633,0,34.73239045249499,0.8878951668739319,213,0,370.92926,416.93008,439.08813,480.70218,4346.633,-39.72567,-37.76587,6.461959700129959,154.2277146237907,6.avi
849,107,21.4,387,440,4460.9165,0,53.3048591387456,0.8732584714889526,215,0,353.68604,407.23718,421.7541,472.77325,4460.9165,-75.66037,-42.60313,10.142509371790585,172.84682211151278,6.avi
849,108,21.6,377,438,3673.542,0,49.302067742455485,0.8845869302749634,217,0,346.54974,408.9724,408.15424,468.60352,3673.542,-57.338154,-14.514643,7.868702985557387,304.1045383314285,6.avi
849,109,21.8,380,440,3161.8484,0,88.10204755745833,0.8715808391571045,219,0,351.82693,413.44806,409.46347,468.30646,3161.8484,-0.56863403,4.6852417,14.703194718203209,343.74764887860766,6.avi
849,110,22.0,393,450,3547.5745,0,87.88316626821552,0.8878451585769653,221,0,363.05203,421.19604,424.14963,479.26007,3547.5745,49.695576,37.044174,14.915430770855105,326.7147628271107,6.avi
849,111,22.2,406,460,4202.193,0,24.715497101610968,0.8704193234443665,223,0,373.24582,429.262,439.75107,492.44785,4202.193,61.073853,49.42052,3.4111715136292085,316.15159719757764,6.avi
849,112,22.4,421,470,4873.576,0,15.403026308856097,0.8876626491546631,225,0,385.66763,436.66327,457.20724,504.7874,4873.576,71.5511,49.367897,2.403221812122716,17.909208679628193,6.avi
849,113,22.6,428,475,5103.0996,0,48.5510181514468,0.8805200457572937,227,0,392.4036,440.51892,465.1088,510.70782,5103.0996,44.66225,30.19375,9.558984746767736,144.14576335269396,6.avi
849,114,22.8,431,476,4352.3125,0,48.33762101472144,0.8702488541603088,229,0,397.82065,443.4897,464.5637,508.69965,4352.3125,19.677065,8.82003,8.756982535435535,139.80112706765453,6.avi
849,115,23.0,435,478,3560.288,0,4.251333842236791,0.8868691325187683,231,0,405.45776,448.9115,465.71057,508.00067,3560.288,21.43303,11.117689,0.1904035745958985,227.92336850916996,6.avi
849,116,23.2,441,477,3642.8396,0,17.61228665043452,0.8812626600265503,233,0,410.77606,448.06464,471.80884,507.75128,3642.8396,26.900621,0.45797157,3.848995890475,72.93968834322231,6.avi
849,117,23.4,445,479,4446.9893,0,8.095266646179123,0.8877193927764893,235,0,412.1433,445.9712,479.31104,512.1784,4446.9893,23.264658,4.5933847,1.9489559352839785,210.88590236382103,6.avi
849,118,23.6,452,484,3927.8042,0,28.575290128089662,0.8685232996940613,237,0,420.67676,453.70895,484.26093,515.4823,3927.8042,31.297903,22.293053,4.32161732488273,292.0142601281744,6.avi
849,119,23.8,454,485,3532.179,0,32.074632946411946,0.8747571706771851,239,0,424.6174,455.7147,484.51224,514.6877,3532.179,15.284868,7.4744654,6.228564875923266,139.38944881189332,6.avi
849,120,24.0,459,488,3839.8723,0,16.67314356730455,0.8926646709442139,241,0,428.82507,457.6823,490.91693,519.5241,3839.8723,23.935265,14.80908,1.8972577299366504,316.58703267977285,6.avi
849,121,24.2,464,494,4172.563,0,18.078545874831228,0.8765822649002075,243,0,432.51544,462.16077,496.51465,527.35785,4172.563,23.385267,27.094088,2.5223193691962016,254.8770598128609,6.avi
849,122,24.4,452,500,3418.6353,0,92.55236483377134,0.8789060711860657,245,0,424.01727,470.9967,481.64252,530.322,3418.6353,-39.54312,28.94492,17.193030956730137,179.4063674369196,6.avi
849,123,24.6,451,506,3181.0833,0,35.15393191119313,0.8779014945030212,247,0,423.3009,478.21368,478.9577,535.369,3181.0833,-15.667269,30.264126,6.095248475822739,4.218466889139506,6.avi
849,124,24.8,459,513,3943.2253,0,67.35337484040168,0.8791198134422302,249,0,428.86578,481.5529,490.93195,545.0855,3943.2253,30.111124,32.091084,11.005253588633352,359.1887252380642,6.avi
849,125,25.0,464,516,4315.217,0,19.472554236712064,0.8623665571212769,251,0,431.43314,483.7859,496.7462,549.8556,4315.217,23.067543,20.873585,4.202250952138395,117.20369980487068,6.avi
849,126,25.2,460,516,4171.9053,0,52.35885376436759,0.8728119730949402,253,0,428.557,484.0324,492.47693,549.3001,4171.9053,-8.416208,4.2235756,10.034927520775383,150.14480925461595,6.avi
849,127,25.4,430,510,3938.1392,0,166.42981509601677,0.8675605058670044,255,0,399.2327,478.9381,461.13974,542.5519,3938.1392,-118.593216,-21.79809,29.795964349634605,165.39933090913223,6.avi
849,128,25.6,415,503,4464.8877,0,52.38231092362391,0.8575184941291809,257,0,382.40338,469.62088,448.17908,537.5014,4464.8877,-84.657875,-32.659996,9.17947630558155,21.64152924626188,6.avi
856,128,25.6,1064,936,1037.9686,0,0.0,0.5685499906539917,1,0,1047.8165,920.64246,1080.785,952.1261,1037.9686,0.0,0.0,0.0,0.0,6.avi
849,129,25.8,418,500,5307.6387,0,113.50137929379274,0.8001567125320435,259,0,382.09357,463.8727,454.08417,537.59955,5307.6387,-8.78022,-18.40303,19.86377422704229,351.3983957229416,6.avi
856,129,25.8,1049,941,615.2029,0,80.13819084714352,0.3394736349582672,3,0,1038.5161,927.6125,1060.2346,955.93866,615.2029,-59.582375,21.522251,15.981827257850432,196.7867675313297,6.avi
857,0,0.0,383,951,2949.7947,0,0.0,0.8175373673439026,1,0,358.8391,921.1378,407.2146,982.11487,2949.7947,0.0,0.0,0.0,0.0,7.avi
858,0,0.0,1060,628,1127.1118,0,0.0,0.7731782793998718,1,0,1044.8186,610.09875,1075.9097,646.3507,1127.1118,0.0,0.0,0.0,0.0,7.avi
859,0,0.0,438,953,5404.825,0,0.0,0.7705824971199036,1,0,404.79822,913.0138,471.5918,993.9321,5404.825,0.0,0.0,0.0,0.0,7.avi
859,1,0.2,451,973,10477.932,0,121.44046299918476,0.5751108527183533,3,0,395.52768,926.7123,507.55142,1020.24536,10477.932,53.27163,79.86366,23.35108290649148,303.2551405736916,7.avi
857,2,0.4,363,947,2763.5024,0,98.45607109382978,0.7833297848701477,4,0,336.88245,921.5081,390.90338,972.66425,2763.5024,-31.36712,-7.4428525,20.55426932351377,166.99245231241002,7.avi
859,2,0.4,430,993,4107.437,0,165.6479002082933,0.7725720405578613,5,0,396.04114,964.32886,465.42273,1023.52954,4107.437,-90.79658,100.36749,32.38887677561782,186.289839248358,7.avi
860,2,0.4,417,937,1325.7972,0,0.0,0.7839148640632629,1,0,399.21722,919.1098,435.0086,956.15216,1325.7972,0.0,0.0,0.0,0.0,7.avi
861,2,0.4,1004,653,1188.396,0,0.0,0.7364326119422913,1,0,988.54517,634.5746,1020.14746,672.1793,1188.396,0.0,0.0,0.0,0.0,7.avi
862,2,0.4,384,920,740.2704,0,0.0,0.7251361012458801,1,0,370.1161,907.12744,398.03076,933.6465,740.2704,0.0,0.0,0.0,0.0,7.avi
857,3,0.6,336,914,1880.2751,0,210.94235203408908,0.4910187125205993,6,0,314.54532,892.75055,358.02017,936.0003,1880.2751,-119.226875,-136.0084,38.2858953093854,124.3804300268656,7.avi
860,3,0.6,397,970,2143.1729,0,193.7356514773011,0.7891883254051208,3,0,375.73782,946.62897,420.02316,995.0236,2143.1729,-76.7762,132.51625,38.10882723939757,238.1447056759723,7.avi
861,3,0.6,982,677,991.76404,0,166.91463915504102,0.519198477268219,3,0,967.2693,660.92114,996.7512,694.5608,991.76404,-89.16585,97.26157,32.51778082297816,226.5908995570231,7.avi
861,4,0.8,956,702,1008.8309,0,48.50028900001697,0.6990795731544495,5,0,941.9425,685.2372,971.1422,719.7866,1008.8309,-124.12611,121.616035,9.485185288863256,210.448178999539,7.avi
863,4,0.8,1079,1009,1350.021,0,0.0,0.783877968788147,1,0,1055.5787,995.135,1103.2538,1023.45215,1350.021,0.0,0.0,0.0,0.0,7.avi
864,4,0.8,441,795,14134.062,0,0.0,0.6751304864883423,1,0,383.84454,733.9557,498.61346,857.10803,14134.062,0.0,0.0,0.0,0.0,7.avi
865,4,0.8,489,823,842.65674,0,0.0,0.6017550826072693,1,0,474.01593,810.17346,505.26556,837.1388,842.65674,0.0,0.0,0.0,0.0,7.avi
861,5,1.0,926,712,989.6038,0,84.12369186734838,0.6388189792633057,7,0,912.18304,695.71747,941.622,729.33295,989.6038,-142.58926,66.74051,15.898605020563709,111.07572816744936,7.avi
864,5,1.0,466,789,16840.756,0,132.64614165315948,0.6716941595077515,3,0,399.81693,726.6267,533.76624,852.35156,16840.756,102.046196,-24.122639,25.617717445722832,14.772064111139628,7.avi
865,5,1.0,467,794,2039.6617,0,183.42913831145,0.1794919371604919,3,0,447.01257,770.05286,488.35657,819.3867,2039.6617,-87.64938,-115.51422,37.31071363139353,127.35965091560765,7.avi
866,5,1.0,1031,992,2091.3938,0,0.0,0.8365917205810547,1,0,1008.6034,970.4367,1054.9684,1015.5439,2091.3938,0.0,0.0,0.0,0.0,7.avi
867,5,1.0,422,779,1897.9016,0,0.0,0.6048594117164612,1,0,401.95395,757.08655,443.92007,802.31116,1897.9016,0.0,0.0,0.0,0.0,7.avi
861,6,1.2,916,752,878.4651,0,184.85219000740508,0.7871263027191162,9,0,903.445,736.5313,930.3929,769.12994,878.4651,-71.44716,170.21368,31.510406297755573,303.988948461178,7.avi
864,6,1.2,443,762,18444.918,0,256.0324036086361,0.787369966506958,5,0,375.06766,695.1952,511.24985,830.6382,18444.918,-99.62791,-123.70909,49.67288848195363,152.85285139611733,7.avi
865,6,1.2,470,740,1790.7554,0,193.5270741486282,0.3068524599075317,5,0,453.13727,715.3825,488.43445,766.11615,1790.7554,6.8233185,-256.86087,37.3291748282797,57.88435145186372,7.avi
867,6,1.2,414,776,2735.7698,0,45.68451684359214,0.2840327620506286,3,0,388.36646,750.18976,440.72943,802.436,2735.7698,-33.489243,-13.516995,9.67221218578273,157.51630314122372,7.avi
868,6,1.2,982,966,2016.6412,0,0.0,0.8612791895866394,1,0,960.1317,943.79944,1005.4269,988.32166,2016.6412,0.0,0.0,0.0,0.0,7.avi
861,7,1.4,888,766,830.5711,0,140.75049587888353,0.7567939758300781,11,0,874.35364,751.5876,902.0299,781.59784,830.5711,-126.98284,92.202866,25.489597521954845,125.02548016031022,7.avi
864,7,1.4,398,774,15134.373,0,244.0111127010072,0.8831511735916138,7,0,337.23434,712.79456,460.0452,836.0277,15134.373,-193.93896,15.250015,43.81956026559438,234.84131416459832,7.avi
867,7,1.4,441,752,1228.3552,0,205.9096530020174,0.6172543168067932,5,0,424.5357,734.9466,458.562,771.0468,1228.3552,120.821625,-107.90565,39.57128237790641,33.09920867955873,7.avi
869,7,1.4,930,937,2214.9685,0,0.0,0.8616732358932495,1,0,905.56696,915.24554,954.5833,960.4339,2214.9685,0.0,0.0,0.0,0.0,7.avi
861,8,1.6,847,788,739.12054,0,86.75366796740953,0.7768990397453308,13,0,834.52637,774.58624,861.15356,802.3444,739.12054,-184.5015,105.40277,16.071425547509627,190.63763353574225,7.avi
870,8,1.6,876,908,1908.7957,0,0.0,0.8621824979782104,1,0,854.34784,887.81995,899.4451,930.1461,1908.7957,0.0,0.0,0.0,0.0,7.avi
871,8,1.6,409,801,2368.5903,0,0.0,0.6970553398132324,1,0,385.84418,777.2352,433.9992,826.422,2368.5903,0.0,0.0,0.0,0.0,7.avi
872,8,1.6,457,780,15678.633,0,0.0,0.7706741690635681,1,0,392.78613,720.6626,522.99133,841.0774,15678.633,0.0,0.0,0.0,0.0,7.avi
872,9,1.8,476,761,8663.846,0,135.45593266265152,0.8371434807777405,3,0,424.87128,718.7949,527.2132,803.4508,8663.846,72.46912,-78.83089,26.885585386163942,47.65119585351886,7.avi
873,9,1.8,766,841,2488.727,0,0.0,0.8595907092094421,1,0,741.7351,815.7916,791.0679,866.2394,2488.727,0.0,0.0,0.0,0.0,7.avi
874,9,1.8,541,741,1311.2174,0,0.0,0.7643967866897583,1,0,526.23804,720.4376,557.29395,762.6588,1311.2174,0.0,0.0,0.0,0.0,7.avi
875,9,1.8,517,715,730.9802,0,0.0,0.7599141597747803,1,0,504.22095,701.546,530.98,728.86316,730.9802,0.0,0.0,0.0,0.0,7.avi
876,9,1.8,540,784,828.19617,0,0.0,0.7299972176551819,1,0,526.54865,770.06055,554.27545,799.9304,828.19617,0.0,0.0,0.0,0.0,7.avi
877,9,1.8,491,705,620.1809,0,0.0,0.5351545214653015,1,0,479.94028,692.9813,503.82816,718.9435,620.1809,0.0,0.0,0.0,0.0,7.avi
871,10,2.0,419,777,16332.635,0,130.40428941558028,0.7983798384666443,4,0,358.19257,711.0785,480.9054,844.1749,16332.635,15.782436,-39.67523,26.436257593080068,69.91561920421941,7.avi
871,11,2.2,442,759,21812.799,0,124.03279658893231,0.8054534792900085,6,0,371.57492,683.2583,513.80334,836.6228,21812.799,98.070496,-79.82807,22.05878710862566,28.99209535645167,7.avi
878,11,2.2,356,754,975.0243,0,0.0,0.7650556564331055,1,0,340.05225,739.4099,372.03882,769.8922,975.0243,0.0,0.0,0.0,0.0,7.avi
879,11,2.2,379,718,1849.8685,0,0.0,0.8011998534202576,1,0,356.47906,698.60504,402.27478,738.99896,1849.8685,0.0,0.0,0.0,0.0,7.avi
880,11,2.2,369,780,800.2888,0,0.0,0.6967939138412476,1,0,355.00882,766.4238,383.9064,794.1178,800.2888,0.0,0.0,0.0,0.0,7.avi
881,11,2.2,498,759,1688.8717,0,0.0,0.6624862551689148,1,0,480.05884,736.46643,516.1116,783.3109,1688.8717,0.0,0.0,0.0,0.0,7.avi
882,13,2.6,255,707,24120.6,0,0.0,0.7774765491485596,1,0,175.15045,632.5707,336.16962,782.37024,24120.6,0.0,0.0,0.0,0.0,7.avi
883,13,2.6,242,632,1349.832,0,0.0,0.716896116733551,1,0,222.94574,614.5923,261.4793,649.6223,1349.832,0.0,0.0,0.0,0.0,7.avi
884,14,2.8,290,563,16093.945,0,0.0,0.7292178273200989,1,0,220.75812,505.82965,359.36017,621.94586,16093.945,0.0,0.0,0.0,0.0,7.avi
884,15,3.0,346,505,23124.64,0,409.2282510276852,0.9171175956726074,3,0,269.98096,429.99988,422.82892,581.2917,23124.64,224.93336,-232.50294,81.22282513016728,46.47008520847089,7.avi
885,16,3.2,334,573,17355.828,0,0.0,0.6644070744514465,1,0,262.47675,513.40625,405.86243,634.4492,17355.828,0.0,0.0,0.0,0.0,7.avi
886,17,3.4,249,603,24922.186,0,0.0,0.8957583904266357,1,0,169.52179,525.07886,328.52292,681.82104,24922.186,0.0,0.0,0.0,0.0,7.avi
887,17,3.4,276,560,2581.2554,0,0.0,0.7633360028266907,1,0,252.73605,534.09204,300.92093,587.66187,2581.2554,0.0,0.0,0.0,0.0,7.avi
888,18,3.6,177,544,18255.928,0,0.0,0.5755894184112549,1,0,111.51452,475.1131,243.21356,613.7316,18255.928,0.0,0.0,0.0,0.0,7.avi
889,19,3.8,79,592,3373.3318,0,0.0,0.6885795593261719,1,0,51.18518,563.2728,108.06561,622.5785,3373.3318,0.0,0.0,0.0,0.0,7.avi
889,21,4.2,86,611,1690.9,0,102.06762846904608,0.1828493773937225,4,0,67.47456,590.158,106.18919,633.83405,1690.9,11.813907,31.262897,19.165525376509617,289.42713511282284,7.avi
882,23,4.6,190,680,19657.76,0,353.2835785773436,0.7675000429153442,12,0,111.6257,618.27655,268.83835,743.31586,19657.76,-6.2795424,-2.5600955,71.17489870235124,157.29682764166148,7.avi
890,25,5.0,98,815,56228.285,0,0.0,0.5088280439376831,1,0,3.534027,667.00134,193.45074,963.06946,56228.285,0.0,0.0,0.0,0.0,7.avi
891,26,5.2,295,783,18202.441,0,0.0,0.8887280225753784,1,0,227.26965,716.48914,363.73383,849.87537,18202.441,0.0,0.0,0.0,0.0,7.avi
885,27,5.4,361,602,1083.7646,0,195.89624085607923,0.2575919032096863,13,0,346.41727,584.0202,376.43954,620.11896,1083.7646,2.1889129,2.2598207,38.83198685343008,313.70423926122123,7.avi
892,27,5.4,407,644,1253.69,0,0.0,0.6867386102676392,1,0,390.22495,626.31323,424.97214,662.39355,1253.69,0.0,0.0,0.0,0.0,7.avi
893,27,5.4,354,667,19495.06,0,0.0,0.7051659226417542,1,0,285.73495,596.4425,423.79294,737.65173,19495.06,0.0,0.0,0.0,0.0,7.avi
885,28,5.6,377,619,771.6582,0,123.28075374207934,0.7500258684158325,15,0,364.52112,604.24207,390.66333,633.75977,771.6582,73.15812,76.62863,22.373465550779088,312.5643796316994,7.avi
887,28,5.6,306,551,1051.6732,0,156.51120607758318,0.3664713203907013,13,0,290.0751,535.96826,323.44992,567.47925,1051.6732,2.4037342,-0.73501015,30.798232547725817,18.705184523932587,7.avi
893,28,5.6,354,589,29131.639,0,390.2482352399104,0.7089468836784363,3,0,269.55316,504.23676,439.84985,675.3007,29131.639,-0.2492068,-308.49652,78.05085790980459,90.5608088394186,7.avi
894,28,5.6,417,555,1810.4883,0,0.0,0.6786225438117981,1,0,397.8232,532.67426,437.0222,578.8614,1810.4883,0.0,0.0,0.0,0.0,7.avi
895,28,5.6,421,594,407.78806,0,0.0,0.5035964846611023,1,0,411.1444,584.4415,431.87622,604.1112,407.78806,0.0,0.0,0.0,0.0,7.avi
896,28,5.6,328,517,1184.681,0,0.0,0.5989812612533569,1,0,311.71866,500.81726,346.1995,535.1749,1184.681,0.0,0.0,0.0,0.0,7.avi
897,28,5.6,332,619,633.3386,0,0.0,0.5915258526802063,1,0,319.8168,607.0559,344.91177,632.2936,633.3386,0.0,0.0,0.0,0.0,7.avi
898,29,5.8,383,409,19753.025,0,0.0,0.8859342932701111,1,0,307.76395,344.8415,459.51187,475.01147,19753.025,0.0,0.0,0.0,0.0,7.avi
893,30,6.0,385,397,2236.0977,0,160.23406090384768,0.7600806951522827,6,0,361.0186,374.5985,410.1688,420.0937,2236.0977,52.536304,-320.95206,31.39940017764192,14.140401830764349,7.avi
899,30,6.0,352,388,575.7027,0,0.0,0.7264212369918823,1,0,340.8377,376.09668,364.45,400.47815,575.7027,0.0,0.0,0.0,0.0,7.avi
900,30,6.0,337,371,606.91547,0,0.0,0.6576911211013794,1,0,325.09497,359.24127,350.03503,383.57623,606.91547,0.0,0.0,0.0,0.0,7.avi
901,30,6.0,430,303,2419.4368,0,0.0,0.8396096229553223,1,0,406.77988,278.62823,455.00906,328.79364,2419.4368,0.0,0.0,0.0,0.0,7.avi
902,30,6.0,384,268,1018.2795,0,0.0,0.6142703890800476,1,0,367.77573,253.64929,401.25607,284.06354,1018.2795,0.0,0.0,0.0,0.0,7.avi
903,30,6.0,439,360,1200.8076,0,0.0,0.5569818615913391,1,0,422.91614,341.78995,455.5852,378.54666,1200.8076,0.0,0.0,0.0,0.0,7.avi
904,30,6.0,401,265,750.70056,0,0.0,0.5055068731307983,1,0,388.17252,252.0062,415.19626,279.7855,750.70056,0.0,0.0,0.0,0.0,7.avi
905,30,6.0,435,398,1281.9049,0,0.0,0.8310179710388184,1,0,415.53845,382.628,454.8899,415.2038,1281.9049,0.0,0.0,0.0,0.0,7.avi
898,31,6.2,347,388,15281.775,0,210.7187207422453,0.8897528648376465,4,0,287.87558,324.16632,407.50064,451.91364,15281.775,-58.934124,-35.87951,42.69785749525485,149.10098216457175,7.avi
906,32,6.4,194,367,800.21716,0,0.0,0.7223076820373535,1,0,180.22449,353.85162,208.59808,382.0545,800.21716,0.0,0.0,0.0,0.0,7.avi
907,32,6.4,313,393,542.15967,0,0.0,0.7040901184082031,1,0,302.13037,381.32874,324.67346,405.37866,542.15967,0.0,0.0,0.0,0.0,7.avi
908,32,6.4,242,338,997.2649,0,0.0,0.6969240307807922,1,0,227.63776,321.79886,257.1362,355.60623,997.2649,0.0,0.0,0.0,0.0,7.avi
909,32,6.4,300,370,728.91583,0,0.0,0.6912784576416016,1,0,287.52374,356.05927,313.37567,384.25507,728.91583,0.0,0.0,0.0,0.0,7.avi
910,32,6.4,258,456,3470.5337,0,0.0,0.5191983580589294,1,0,230.04944,425.65723,286.87384,486.73193,3470.5337,0.0,0.0,0.0,0.0,7.avi
911,32,6.4,298,432,728.27594,0,0.0,0.554354727268219,1,0,285.39215,418.58038,310.74518,447.3058,728.27594,0.0,0.0,0.0,0.0,7.avi
912,32,6.4,246,403,24089.682,0,0.0,0.8162639737129211,1,0,173.99582,320.59668,319.64407,485.99298,24089.682,0.0,0.0,0.0,0.0,7.avi
887,34,6.8,287,557,1030.377,0,154.820780195953,0.7172712683677673,20,0,270.05945,542.85266,304.513,572.7589,1030.377,-5.7436266,1.7911351,31.007332242165084,195.6474573074884,7.avi
910,34,6.8,273,491,1995.7068,0,193.94111345684135,0.1861800849437713,4,0,252.4357,468.2118,294.5765,515.5698,1995.7068,24.663067,58.518383,37.71977180138749,292.67048543697945,7.avi
912,34,6.8,269,498,22045.72,0,488.69271216863217,0.5244084000587463,4,0,197.35768,422.128,342.36023,574.1648,22045.72,37.76885,155.49435,97.267795011034,283.18116474568285,7.avi
913,35,7.0,282,348,14608.668,0,0.0,0.8728881478309631,1,0,226.6015,283.3291,338.01086,414.45514,14608.668,0.0,0.0,0.0,0.0,7.avi
899,36,7.2,368,379,2431.4355,0,91.29147306428018,0.17342409491539,8,0,337.77216,360.38898,399.98224,399.47327,2431.4355,4.004677,-2.0614548,17.946228264919842,31.16560612790687,7.avi
900,36,7.2,331,381,1863.1667,0,57.08921077677048,0.3239089846611023,8,0,305.6247,363.47662,357.98755,399.05847,1863.1667,-1.4206878,2.4321125,11.62287773255404,235.6091998659025,7.avi
901,36,7.2,412,336,2557.3806,0,188.2245350446491,0.7456095814704895,8,0,385.2287,313.0631,439.70416,360.0086,2557.3806,-4.5461,8.097736,37.41102192975386,239.66526886654776,7.avi
901,37,7.4,397,369,12562.101,0,191.4527809433445,0.8522987365722656,10,0,341.66656,313.72165,454.0636,425.48703,12562.101,-63.063385,142.50363,34.10721761989603,244.7348662350006,7.avi
902,38,7.6,420,303,1980.9822,0,246.93984359836853,0.8165721893310547,10,0,396.22675,282.37198,443.81915,323.99594,1980.9822,5.1612144,4.989762,49.24333241894926,316.10295741573225,7.avi
903,38,7.6,456,361,1088.305,0,88.5067916669698,0.6598755717277527,10,0,440.5532,344.5023,473.2994,377.7368,1088.305,2.5692844,0.1382676,16.769965011729088,357.15728677663543,7.avi
904,38,7.6,424,265,730.65924,0,112.6851087083636,0.7800458073616028,10,0,410.74973,251.8698,437.68326,278.99805,730.65924,3.275208,-0.06714208,22.333587036405525,2.298861623894652,7.avi
905,38,7.6,464,385,402.39374,0,160.93139525440384,0.4312016069889068,10,0,454.52792,376.08066,474.84683,395.88455,402.39374,4.2841487,-1.8799471,31.9730506232401,25.80045298134729,7.avi
914,38,7.6,463,270,1060.1548,0,0.0,0.7690135836601257,1,0,447.0932,253.3736,478.9245,286.67902,1060.1548,0.0,0.0,0.0,0.0,7.avi
915,38,7.6,535,314,1149.862,0,0.0,0.7588521242141724,1,0,517.9799,298.13422,552.7076,331.24506,1149.862,0.0,0.0,0.0,0.0,7.avi
916,38,7.6,471,304,610.71436,0,0.0,0.7512808442115784,1,0,458.48627,292.43268,483.60272,316.748,610.71436,0.0,0.0,0.0,0.0,7.avi
917,38,7.6,507,277,1334.4432,0,0.0,0.7320045232772827,1,0,487.37604,260.32428,527.0117,293.992,1334.4432,0.0,0.0,0.0,0.0,7.avi
918,38,7.6,520,338,328.64194,0,0.0,0.6147632598876953,1,0,511.59393,329.70367,529.3997,348.1607,328.64194,0.0,0.0,0.0,0.0,7.avi
919,38,7.6,484,370,755.22534,0,0.0,0.5703255534172058,1,0,472.13867,355.4299,497.3153,385.42697,755.22534,0.0,0.0,0.0,0.0,7.avi
902,39,7.8,391,315,3246.162,0,172.62553636132242,0.5022836923599243,12,0,362.22366,288.2433,421.45078,343.052,3246.162,-122.90252,55.244602,31.942861215065125,199.79585619068945,7.avi
903,39,7.8,439,380,1024.1262,0,146.5089965645462,0.238076165318489,12,0,423.81335,364.2901,454.95532,397.17578,1024.1262,-76.5702,85.98352,26.371725440176167,225.63397035086132,7.avi
914,39,7.8,443,289,1374.263,0,138.68608140037253,0.2837275564670563,3,0,426.28455,270.26196,461.52924,309.25397,1374.263,-76.25535,78.76913,27.574537901025053,223.47890507795057,7.avi
920,39,7.8,418,333,19058.209,0,0.0,0.876406192779541,1,0,345.58008,268.7796,491.77356,399.14252,19058.209,0.0,0.0,0.0,0.0,7.avi
900,40,8.0,334,384,914.4441,0,31.135187456698247,0.3792745471000671,13,0,319.0425,370.07153,350.863,398.80908,914.4441,2.0592976,1.4491198,5.467911352328339,22.94606685934457,7.avi
902,40,8.0,331,324,3284.4553,0,200.77866820502325,0.4444626271724701,14,0,302.93054,295.26068,359.9605,352.85242,3284.4553,-261.58975,45.02047,36.35685294888597,175.74650404745944,7.avi
909,40,8.0,301,385,810.6668,0,75.16828859537024,0.1815861910581588,10,0,287.1262,371.2729,316.36734,398.9964,810.6668,0.18853545,2.177087,14.853031930691069,272.12324879724804,7.avi
913,40,8.0,291,358,22996.023,0,67.23022780754967,0.8807485103607178,7,0,214.17555,284.3368,368.22113,433.61743,22996.023,3.053102,3.4626613,12.591105112467236,313.6675564110617,7.avi
921,40,8.0,229,377,933.67993,0,0.0,0.608163058757782,1,0,214.55771,362.06958,244.04385,393.73462,933.67993,0.0,0.0,0.0,0.0,7.avi
922,40,8.0,281,296,1236.43,0,0.0,0.7755484580993652,1,0,263.14,279.21994,299.67053,313.06644,1236.43,0.0,0.0,0.0,0.0,7.avi
923,40,8.0,250,405,1579.4749,0,0.0,0.5161736011505127,1,0,234.05142,382.05286,267.1477,429.7765,1579.4749,0.0,0.0,0.0,0.0,7.avi
906,41,8.2,208,340,1448.1548,0,155.40190877721528,0.1520441025495529,11,0,190.6507,320.04333,226.4429,360.50336,1448.1548,1.6511611,-3.233252,31.080974075666983,64.07440279864204,7.avi
908,41,8.2,237,345,348.27777,0,43.16193642412886,0.1751438528299331,11,0,227.91206,335.9031,246.12703,355.02353,348.27777,-0.6269667,0.78972125,8.287187156589244,229.45560959436423,7.avi
913,41,8.2,267,339,22425.344,0,177.11932960524254,0.9245763421058656,9,0,191.48302,265.82965,344.48834,412.39545,22425.344,-97.06022,-82.9251,32.29115684533831,140.200543855644,7.avi
921,41,8.2,223,372,1066.9026,0,38.60649905194881,0.5483708381652832,3,0,208.36415,355.30093,238.76271,390.39804,1066.9026,-22.903624,-20.170069,8.633343741525417,136.87125100802473,7.avi
924,0,0.0,302,336,988.7164,0,0.0,0.8310396075248718,1,0,286.45526,321.66534,319.0141,352.0324,988.7164,0.0,0.0,0.0,0.0,10.avi
925,0,0.0,373,371,1988.121,0,0.0,0.8277676105499268,1,0,351.41125,348.44543,394.60297,394.4756,1988.121,0.0,0.0,0.0,0.0,10.avi
926,0,0.0,349,331,3415.7449,0,0.0,0.7537315487861633,1,0,320.1304,302.71423,379.01425,360.7224,3415.7449,0.0,0.0,0.0,0.0,10.avi
927,0,0.0,325,369,1604.3536,0,0.0,0.6895750164985657,1,0,304.14325,350.4813,346.2519,388.58163,1604.3536,0.0,0.0,0.0,0.0,10.avi
928,0,0.0,1129,689,304.7442,0,0.0,0.6174830198287964,1,0,1120.6853,680.9549,1139.2375,697.38116,304.7442,0.0,0.0,0.0,0.0,10.avi
929,0,0.0,320,306,1183.8258,0,0.0,0.6122322678565979,1,0,302.9405,289.50443,338.09845,323.17606,1183.8258,0.0,0.0,0.0,0.0,10.avi
928,1,0.2,1132,687,269.68225,0,15.43814410777624,0.6548843383789062,3,0,1124.0825,678.6725,1140.2136,695.3906,269.68225,8.729234,-8.528759,2.9759264094860995,46.76268490668531,10.avi
929,1,0.2,349,278,3491.855,0,204.8764422974621,0.7936214208602905,3,0,324.89615,243.14726,374.65695,313.32007,3491.855,116.794754,-112.20192,40.1784744262804,44.85853819278975,10.avi
930,1,0.2,1270,381,586.0573,0,0.0,0.7883924245834351,1,0,1260.6453,366.32446,1279.5623,397.30493,586.0573,0.0,0.0,0.0,0.0,10.avi
931,1,0.2,395,295,9301.01,0,0.0,0.6623501777648926,1,0,356.92813,235.68823,434.9691,354.8694,9301.01,0.0,0.0,0.0,0.0,10.avi
926,2,0.4,348,291,2395.2642,0,203.03050648050163,0.6937606334686279,4,0,323.29385,267.71133,374.34048,314.63437,2395.2642,-1.2379773,-66.46796,40.748668923260766,92.21136184129811,10.avi
928,2,0.4,1132,685,268.28293,0,5.887752203350916,0.7263870239257812,5,0,1124.7406,677.00555,1140.7894,693.7222,268.28293,3.5598454,-8.35423,1.921740279089116,170.23911227653002,10.avi
929,2,0.4,379,230,2906.9321,0,133.54041766507018,0.6688546538352966,5,0,353.9374,202.24405,404.62064,259.59894,2906.9321,144.92667,-226.093,26.45156636134416,77.19067681535688,10.avi
930,2,0.4,1258,378,1195.9377,0,59.53132871640751,0.8620153665542603,3,0,1241.233,361.39825,1276.4095,395.39642,1195.9377,-45.039604,-13.642202,12.690662539533916,162.50690454007963,10.avi
931,2,0.4,380,313,2366.9873,0,122.07503768663844,0.7223204374313354,3,0,356.55414,289.1562,404.44153,338.5844,2366.9873,-61.679768,74.217545,23.84111437629668,228.01361611471089,10.avi
932,2,0.4,428,260,680.2411,0,0.0,0.6752667427062988,1,0,415.73422,247.12244,441.2075,273.82654,680.2411,0.0,0.0,0.0,0.0,10.avi
933,2,0.4,320,249,3266.6465,0,0.0,0.7917365431785583,1,0,291.2323,221.95383,349.88098,277.65237,3266.6465,0.0,0.0,0.0,0.0,10.avi
926,3,0.6,344,263,1823.7974,0,83.57820764935173,0.6209671497344971,6,0,319.78046,244.85086,368.51135,282.27676,1823.7974,-19.453674,-125.415695,15.565147318840577,107.07226934557224,10.avi
928,3,0.6,1131,684,254.63272,0,9.318548417077766,0.5553381443023682,7,0,1123.9799,675.9522,1139.7054,692.1445,254.63272,-2.707262,-6.991715,2.495874909462361,187.06419005927413,10.avi
930,3,0.6,1240,375,1210.2959,0,50.55754615340428,0.8571879267692566,5,0,1222.3164,358.8806,1257.9163,392.87787,1210.2959,-89.443474,-12.678941,9.836123858808117,176.10071549109136,10.avi
933,3,0.6,350,229,1388.3192,0,183.3840651126257,0.2088746279478073,3,0,331.07507,212.06343,370.4898,247.28682,1388.3192,120.66193,-80.35122,36.05108050078435,35.242980361455466,10.avi
934,3,0.6,390,269,2895.783,0,0.0,0.6829179525375366,1,0,364.8452,240.95193,415.16003,298.50522,2895.783,0.0,0.0,0.0,0.0,10.avi
926,4,0.8,331,224,2159.0654,0,94.94023339918076,0.7698278427124023,8,0,305.71857,203.00714,356.5075,245.51767,2159.0654,-54.824287,-180.42569,17.185681827656985,122.58422789031226,10.avi
928,4,0.8,1131,683,252.43935,0,5.084081274421509,0.513925313949585,9,0,1123.1531,675.51526,1138.936,691.50964,252.43935,-3.6919665,-3.6814492,0.4617062962332218,229.2886192518288,10.avi
930,4,0.8,1223,374,1340.1069,0,9.141034888640531,0.8519775867462158,7,0,1204.8938,356.31064,1242.3748,392.0649,1340.1069,-84.049286,-9.441103,1.0136922731350075,319.63257201724645,10.avi
933,4,0.8,372,201,1375.653,0,63.44084520633873,0.5756287574768066,5,0,353.66052,183.23392,390.8526,220.22171,1375.653,108.48939,-134.73784,12.937520316025658,103.02052946443212,10.avi
934,4,0.8,356,268,4599.67,0,170.0450809422354,0.6276891827583313,3,0,308.61856,243.98253,404.12314,292.1443,4599.67,-134.25853,-6.647404,34.04653361144088,177.08978461757397,10.avi
935,4,0.8,855,184,183.91354,0,0.0,0.6172428131103516,1,0,849.45874,177.00467,862.30273,191.3237,183.91354,0.0,0.0,0.0,0.0,10.avi
926,5,1.0,299,208,1645.2228,0,163.65321760669391,0.5517980456352234,10,0,276.92493,190.0722,321.8647,226.6817,1645.2228,-134.56078,-102.81658,28.985980229260047,223.1470647596424,10.avi
928,5,1.0,1130,683,273.9299,0,5.692937787904769,0.3621435761451721,11,0,1122.6011,675.34595,1139.2751,691.7743,273.9299,-1.2610774,-0.6660919,0.3792397958018282,216.1690667955816,10.avi
930,5,1.0,1207,371,1334.2955,0,4.745412275265853,0.8562784194946289,9,0,1188.4784,354.203,1226.4662,389.3274,1334.2955,-81.56244,-11.492191,1.3113622275183086,82.30737666525289,10.avi
934,5,1.0,333,233,9575.141,0,174.4736424536682,0.6059029698371887,5,0,272.54538,194.04065,393.96426,272.90106,9575.141,-117.15239,-158.96326,33.91306025033421,84.1087369750453,10.avi
935,5,1.0,855,183,174.04437,0,4.231368420186405,0.6483877301216125,3,0,848.96185,176.69588,861.48175,190.59737,174.04437,-2.630543,-2.0661488,1.4598026968127928,127.10849692383806,10.avi
936,5,1.0,291,231,841.4933,0,0.0,0.7393544316291809,1,0,276.30377,217.54788,307.2901,244.7048,841.4933,0.0,0.0,0.0,0.0,10.avi
928,6,1.2,1131,683,331.65277,0,5.008077095230605,0.3167221248149872,13,0,1122.0011,675.10913,1140.8737,692.6825,331.65277,1.6290548,1.13749,0.5299783240240283,53.65534954262176,10.avi
930,6,1.2,1193,369,1455.8096,0,12.49341415066846,0.8643584251403809,11,0,1173.3307,351.40955,1213.4032,387.7389,1455.8096,-73.0726,-11.078911,1.898484535821791,14.232816844183958,10.avi
935,6,1.2,853,182,218.00888,0,7.261387971700379,0.6503581404685974,5,0,846.04706,175.36963,860.68634,190.26166,218.00888,-8.716008,-3.9791334,2.096806618730994,143.9687028007487,10.avi
936,6,1.2,312,245,2720.607,0,128.3075541608825,0.6845411062240601,3,0,289.81628,215.83723,335.72034,275.10446,2720.607,83.71804,57.263523,24.50800192605913,325.5222028902447,10.avi
937,6,1.2,720,459,253.95851,0,0.0,0.5519983768463135,1,0,711.5831,452.38568,728.9513,467.00775,253.95851,0.0,0.0,0.0,0.0,10.avi
938,6,1.2,256,280,5344.8247,0,0.0,0.5242024660110474,1,0,222.25546,241.7969,290.53543,320.07498,5344.8247,0.0,0.0,0.0,0.0,10.avi
924,7,1.4,275,301,2153.7837,0,223.8540120778457,0.2584312558174133,9,0,253.5544,276.78546,297.4783,325.8199,2153.7837,-5.0623727,-6.611288,45.324987184258205,127.72752475882204,10.avi
930,7,1.4,1175,366,1393.347,0,20.86607262121492,0.8588630557060242,13,0,1155.2651,349.40573,1194.8967,384.5632,1393.347,-87.1936,-12.51723,3.990757538780592,160.09913426880405,10.avi
936,7,1.4,302,259,2004.0049,0,142.10452904705832,0.4955121874809265,5,0,280.96732,235.68704,323.71072,282.57156,2004.0049,-40.710136,67.36397,27.590180374625245,184.31618133484864,10.avi
937,7,1.4,713,456,312.78723,0,35.354295362829724,0.3610731661319732,3,0,703.0371,449.67786,724.64844,464.15112,312.78723,-25.646345,-11.1067095,8.153409131775183,153.03827598861164,10.avi
938,7,1.4,275,281,13195.391,0,96.2448920382584,0.6418136954307556,3,0,216.71814,225.37756,334.1704,337.72443,13195.391,76.04329,2.455278,18.604663496999336,359.8027285781712,10.avi
930,8,1.6,1158,365,1511.9933,0,9.733082259906208,0.861876368522644,15,0,1138.2217,347.37082,1179.6309,383.8843,1511.9933,-82.25515,-8.107702,0.6303606601268257,304.5825248758758,10.avi
938,8,1.6,234,278,12753.49,0,290.9339086725832,0.8993325233459473,5,0,175.33206,225.30215,294.53308,332.2936,12753.49,-179.10725,-12.400211,56.79693605175863,175.91899590663752,10.avi
930,9,1.8,1143,364,1506.3038,0,8.733506432957205,0.864663302898407,17,0,1123.1062,346.5639,1164.5798,382.88336,1506.3038,-76.99452,-5.3477507,0.5248147092897983,0.656360479743455,10.avi
938,9,1.8,190,268,4959.968,0,65.7003410457099,0.7191868424415588,7,0,150.77928,237.04955,230.18648,299.512,4959.968,-212.19487,-43.22084,12.336890990776883,137.60600255465062,10.avi
928,10,2.0,1140,689,480.20447,0,34.852249847198046,0.4900640547275543,18,0,1128.6523,679.8433,1152.4719,700.0035,480.20447,5.106228,3.3616576,6.011898266130299,331.92648655362905,10.avi
930,10,2.0,1127,364,1506.7386,0,7.424595649445341,0.8599580526351929,19,0,1107.1227,346.528,1148.4049,383.02655,1506.7386,-79.61093,-1.0280013,1.4849442798909969,193.4707724908268,10.avi
939,10,2.0,202,176,11624.709,0,0.0,0.6249583959579468,1,0,139.49008,130.2067,265.26187,222.6337,11624.709,0.0,0.0,0.0,0.0,10.avi
928,11,2.2,1139,691,459.23096,0,13.626125510809723,0.4287073612213135,20,0,1127.8926,681.9492,1151.1777,701.67114,459.23096,-3.185567,8.278313,2.614818790682525,188.89461608553407,10.avi
930,11,2.2,1109,363,1459.0114,0,12.038309818297114,0.8595331907272339,21,0,1089.5775,345.9115,1130.038,381.97162,1459.0114,-87.43275,-3.451457,3.2472477835721825,151.05266391735347,10.avi
939,11,2.2,184,196,15987.314,0,134.80080262269462,0.891186535358429,3,0,116.31743,138.09564,253.22163,254.87302,15987.314,-70.28524,80.096344,26.852285162047945,226.8166162518119,10.avi
930,12,2.4,1091,364,1348.1216,0,7.556041217535282,0.8655455708503723,23,0,1072.5863,347.13925,1111.3297,381.93552,1348.1216,-88.829384,1.4948878,1.5185721111217974,209.54065222843136,10.avi
930,13,2.6,1072,363,1348.7115,0,12.533697744844424,0.87531578540802,25,0,1053.0428,346.1058,1091.7882,380.91537,1348.7115,-95.66227,-3.6039295,2.8596691132761936,140.0469352406774,10.avi
930,14,2.8,1052,363,1240.095,0,5.981107149491064,0.8629729747772217,27,0,1033.7921,346.66623,1070.9713,380.02072,1240.095,-99.128944,-1.4745183,1.3001858204762595,189.30402254702176,10.avi
940,14,2.8,68,167,13982.496,0,0.0,0.8335250616073608,1,0,4.9848785,112.015945,132.05016,222.05779,13982.496,0.0,0.0,0.0,0.0,10.avi
930,15,3.0,1031,363,1408.5472,0,3.546337135479888,0.8579521179199219,29,0,1012.20624,345.4402,1051.7255,381.08228,1408.5472,-101.39827,-0.6567356,1.5566665474948116,178.21149277136794,10.avi
941,15,3.0,1263,58,451.76062,0,0.0,0.7929568290710449,1,0,1252.0305,48.699203,1274.7078,68.62052,451.76062,0.0,0.0,0.0,0.0,10.avi
930,16,3.2,1008,365,1482.1084,0,21.409780281261767,0.8624132871627808,31,0,988.0229,346.88443,1028.8204,383.21286,1482.1084,-113.95345,6.722718,4.133411834540789,206.90028297950755,10.avi
941,16,3.2,1254,62,410.9156,0,50.20108405351671,0.4454460442066192,3,0,1243.0769,52.824818,1265.0605,71.516785,410.9156,-37.127228,14.015726,9.946723804731493,199.6213618224671,10.avi
930,17,3.4,984,367,1725.0592,0,9.82446747004282,0.8714587688446045,33,0,962.0094,347.41452,1006.0093,386.6205,1725.0592,-120.18994,9.1238575,1.7401498812575802,200.40856878576767,10.avi
941,17,3.4,1245,65,433.08224,0,7.842396000763694,0.809780478477478,5,0,1234.0847,55.309784,1256.2034,74.88966,433.08224,-43.992577,14.591693,1.6435170775835912,180.90833779526827,10.avi
942,17,3.4,221,340,3376.2588,0,0.0,0.7948837280273438,1,0,192.164,311.14368,250.18018,369.3388,3376.2588,0.0,0.0,0.0,0.0,10.avi
943,17,3.4,161,336,3487.4814,0,0.0,0.6667065620422363,1,0,134.33365,304.77228,189.00998,368.5564,3487.4814,0.0,0.0,0.0,0.0,10.avi
930,18,3.6,958,368,1781.9751,0,7.902166082496434,0.8785784244537354,35,0,936.43567,348.1637,981.15344,388.013,1781.9751,-124.71593,6.2242002,2.1437727841106264,156.86502550442583,10.avi
941,18,3.6,1237,69,417.6868,0,7.728896779076503,0.7177016139030457,7,0,1226.3182,59.51097,1248.0206,78.757095,417.6868,-40.833187,18.871239,1.1800308138750035,303.68164268842224,10.avi
942,18,3.6,203,350,1651.8838,0,105.91216321170148,0.2998317778110504,3,0,183.50629,329.83517,222.71375,371.96707,1651.8838,-72.10411,42.554413,20.626637468621865,208.23664754444,10.avi
943,18,3.6,150,367,2080.9421,0,167.0114568630455,0.7506951689720154,3,0,128.75984,344.09515,172.5609,391.60406,2080.9421,-43.95786,124.49206,32.50359489781241,248.95549443894063,10.avi
944,18,3.6,186,387,1174.0833,0,0.0,0.548271119594574,1,0,168.84164,370.6773,204.29416,403.79437,1174.0833,0.0,0.0,0.0,0.0,10.avi
930,19,3.8,929,368,1911.3759,0,26.975270881497128,0.8573624491691589,37,0,905.8012,348.2001,952.4472,389.17624,1911.3759,-142.89647,3.7434506,5.031230471111093,164.6340529247076,10.avi
941,19,3.8,1227,72,442.7557,0,11.176189910848052,0.839343249797821,9,0,1216.0796,62.41557,1238.0613,82.55755,442.7557,-48.250603,17.252487,2.1991384345565663,155.6055617560031,10.avi
944,19,3.8,212,350,16667.75,0,228.8079568904524,0.8055091500282288,3,0,148.57326,285.25348,276.84027,415.19922,16667.75,104.34672,-147.74248,45.09212123332065,55.66690317437684,10.avi
930,20,4.0,898,367,2098.9575,0,13.935408221459255,0.8362413644790649,39,0,874.3277,346.24805,923.4006,389.02032,2098.9575,-149.36067,-3.1895905,3.523479781906833,136.24264160493703,10.avi
937,20,4.0,236,268,1598.5548,0,84.57011602692903,0.5986450910568237,17,0,215.44437,249.50745,258.1757,286.91687,1598.5548,-26.298473,-10.253232,17.254498469947297,230.05126324396704,10.avi
941,20,4.0,1214,76,408.18466,0,18.3901696803454,0.7508291006088257,11,0,1203.7555,66.28312,1224.586,85.87858,408.18466,-60.750122,17.805578,3.4208671926467606,181.0542775249734,10.avi
944,20,4.0,234,334,8210.099,0,72.03527023051515,0.3003047406673431,5,0,187.54213,290.71887,281.37036,378.2202,8210.099,108.376976,-84.58865,13.32888558401638,271.8224446073636,10.avi
930,21,4.2,867,366,1906.5974,0,7.238453862993098,0.81046462059021,41,0,844.6179,345.85898,891.1725,386.81302,1906.5974,-153.57901,-5.728983,2.2272514632556675,153.42862920316236,10.avi
941,21,4.2,1201,79,443.9781,0,4.338909915415166,0.8067755103111267,13,0,1190.52,69.61813,1212.085,90.20601,443.9781,-63.51279,18.844408,1.205842930045536,147.83353412640554,10.avi
945,21,4.2,296,272,15230.9375,0,0.0,0.6966341733932495,1,0,233.448,211.57452,359.4568,332.44653,15230.9375,0.0,0.0,0.0,0.0,10.avi
930,22,4.4,832,362,1905.1047,0,31.488491760109717,0.8253530859947205,43,0,809.2581,341.9651,855.0893,383.53302,1905.1047,-172.83069,-15.117552,6.083048561233455,148.3692038023496,10.avi
941,22,4.4,1188,83,565.1887,0,1.114765901244415,0.6081556081771851,15,0,1175.958,72.288536,1200.8569,94.98789,565.1887,-64.25304,18.680027,0.9075621333590846,131.38266295618473,10.avi
944,22,4.4,298,286,1795.5112,0,16.60416614437504,0.2738840281963348,8,0,277.6176,265.85342,320.18848,308.03043,1795.5112,107.35983,-78.925934,2.722598443997993,237.01032540583992,10.avi
945,22,4.4,320,305,17018.193,0,209.68037381195865,0.7053279876708984,3,0,253.11378,242.8116,388.72626,368.30298,17018.193,97.675186,133.91922,40.53140807930938,305.5189269566856,10.avi
946,22,4.4,286,335,2919.5813,0,0.0,0.5171177387237549,1,0,259.40723,308.96384,313.49023,362.94717,2919.5813,0.0,0.0,0.0,0.0,10.avi
930,23,4.6,794,359,1606.9316,0,17.085247211832524,0.8240841627120972,45,0,773.87616,340.41672,815.2979,379.2111,1606.9316,-184.44737,-14.777735,3.679783143710902,168.62828332844185,10.avi
941,23,4.6,1177,87,642.38434,0,10.097476495505212,0.1737726479768753,17,0,1163.9476,75.1069,1190.6996,99.11943,642.38434,-57.45835,17.676014,1.4908465838563252,14.537461544391704,10.avi
945,23,4.6,293,308,12887.035,0,273.23013574804327,0.7826758623123169,5,0,232.58347,255.93599,354.80045,361.37988,12887.035,-116.45885,25.470917,53.33359104222152,152.8453440267234,10.avi
946,23,4.6,268,316,2804.4087,0,133.82414291136612,0.212002232670784,3,0,242.71298,289.26205,294.155,343.77798,2804.4087,-71.9151,-77.586784,27.17678881921733,132.75317531669862,10.avi
930,24,4.8,755,356,1698.5905,0,11.14356943099765,0.8244315385818481,47,0,734.57837,336.48538,776.92664,376.5955,1698.5905,-191.92813,-16.000517,2.8308450524849644,162.34891262659687,10.avi
941,24,4.8,1166,90,669.96094,0,3.672742932070285,0.5218691229820251,19,0,1152.7521,78.11831,1180.088,102.62678,669.96094,-55.1965,16.6152,0.6698034567357094,75.46594268251664,10.avi
945,24,4.8,264,337,4189.411,0,137.42457107034528,0.7000718712806702,7,0,231.30061,305.9698,297.3953,369.3548,4189.411,-139.66792,117.161865,24.11279441377425,254.60769711494584,10.avi
947,24,4.8,330,390,2353.0798,0,0.0,0.8206675052642822,1,0,305.35217,367.2794,356.2494,413.51138,2353.0798,0.0,0.0,0.0,0.0,10.avi
948,24,4.8,352,333,2731.1543,0,0.0,0.5820550918579102,1,0,334.34387,296.5849,370.91492,371.2657,2731.1543,0.0,0.0,0.0,0.0,10.avi
930,25,5.0,708,353,1616.2552,0,50.35350312879832,0.8321505784988403,49,0,687.7235,334.18854,729.2107,373.14642,1616.2552,-226.15627,-14.742342,9.37306301948602,177.91915660960422,10.avi
948,25,5.0,360,365,2914.9377,0,162.52248950116442,0.6296296715736389,3,0,331.8932,339.8198,389.6264,390.3096,2914.9377,32.45671,124.30895,31.936863372190853,283.3433964657047,10.avi
949,25,5.0,345,329,14614.848,0,0.0,0.8102067112922668,1,0,284.4466,269.61615,405.90167,389.94745,14614.848,0.0,0.0,0.0,0.0,10.avi
930,26,5.2,644,352,1867.4126,0,106.80969275960204,0.8437291383743286,51,0,622.038,331.3101,666.7658,373.0607,1867.4126,-298.5907,-9.102766,19.27844475886713,183.80988177225717,10.avi
941,26,5.2,1145,95,667.74634,0,69.13022402209914,0.1556198447942733,22,0,1132.2063,83.036255,1159.6406,107.376114,667.74634,-32.718246,7.4690742,12.859771015637891,24.543129125356412,10.avi
948,26,5.2,368,382,3133.6929,0,41.35278267410856,0.3124555349349975,5,0,338.97028,355.60483,398.11053,408.59225,3133.6929,38.36041,88.46385,7.961780124114631,84.60288304555712,10.avi
949,26,5.2,353,354,15266.004,0,131.17804038840546,0.7636337876319885,3,0,288.00632,296.028,418.68173,412.85187,15266.004,32.614365,98.435715,25.451236393243487,287.9077141928124,10.avi
941,27,5.4,1134,97,680.3257,0,26.35505034705577,0.1997760236263275,24,0,1121.1598,85.7035,1148.8275,110.29258,680.3257,-49.515244,12.44002,5.388119103569055,183.1918007077155,10.avi
949,27,5.4,333,337,3564.6104,0,233.8648198942083,0.4525229930877685,5,0,302.02155,309.58502,365.78864,365.48547,3564.6104,-86.26789,-69.122894,45.82847453692744,125.89125200794253,10.avi
950,27,5.4,506,337,1501.0499,0,0.0,0.8567500710487366,1,0,486.40625,318.722,526.49963,356.16083,1501.0499,0.0,0.0,0.0,0.0,10.avi
951,27,5.4,339,293,11675.873,0,0.0,0.632073163986206,1,0,282.46515,242.76321,396.60352,345.059,11675.873,0.0,0.0,0.0,0.0,10.avi
941,28,5.6,1123,100,729.8173,0,9.07165235404059,0.6808739304542542,26,0,1109.335,88.03575,1137.7339,113.734604,729.8173,-55.552746,13.988526,2.146333917746182,166.91160841262206,10.avi
951,28,5.6,340,277,2495.337,0,81.59124149022767,0.6229551434516907,3,0,315.99625,252.65973,365.61618,302.94873,2495.337,5.0773773,-64.29885,16.91751244299985,88.42268975922457,10.avi
952,28,5.6,256,315,1486.8206,0,0.0,0.8406447172164917,1,0,236.77325,296.25897,276.2287,333.9425,1486.8206,0.0,0.0,0.0,0.0,10.avi
953,28,5.6,338,328,1395.5084,0,0.0,0.7717860341072083,1,0,320.4322,309.3001,356.8598,347.6092,1395.5084,0.0,0.0,0.0,0.0,10.avi
941,29,5.8,1109,104,571.2301,0,17.59000377891442,0.69867342710495,28,0,1097.0131,92.7381,1121.7308,115.84822,571.2301,-67.286934,16.33495,3.43848243412806,185.29165183283283,10.avi
954,29,5.8,284,210,1450.6038,0,0.0,0.5075932741165161,1,0,261.66156,194.2992,307.8405,225.71185,1450.6038,0.0,0.0,0.0,0.0,10.avi
941,30,6.0,1095,107,512.9344,0,1.7998284873026578,0.7490395307540894,30,0,1084.2102,96.201416,1107.3987,118.32153,512.9344,-67.71036,15.186378,1.0724604039737096,148.51308676460178,10.avi
955,30,6.0,432,172,2204.1582,0,0.0,0.7483288645744324,1,0,409.78894,147.48587,454.66162,196.60614,2204.1582,0.0,0.0,0.0,0.0,10.avi
956,30,6.0,329,176,1089.1848,0,0.0,0.7421317100524902,1,0,313.17365,159.41437,345.1192,193.5094,1089.1848,0.0,0.0,0.0,0.0,10.avi
957,30,6.0,379,200,2032.0286,0,0.0,0.6254768371582031,1,0,354.5296,180.47748,404.6875,220.99011,2032.0286,0.0,0.0,0.0,0.0,10.avi
958,30,6.0,416,224,950.5617,0,0.0,0.5514340400695801,1,0,402.52133,207.28375,430.6749,241.04721,950.5617,0.0,0.0,0.0,0.0,10.avi
941,31,6.2,1084,108,465.19815,0,16.044962242131408,0.66934734582901,32,0,1073.3534,97.77499,1095.3214,118.95112,465.19815,-59.72948,7.741696,2.8816245647297407,52.91366139889288,10.avi
955,31,6.2,413,176,13621.3545,0,95.76062459754364,0.8393322825431824,3,0,343.18622,128.51367,484.5027,224.90268,13621.3545,-73.376564,18.61144,19.627671661653174,191.62176478030364,10.avi
957,31,6.2,401,176,569.74634,0,166.69288992844722,0.4787544906139374,3,0,390.56406,163.40471,412.8248,188.99895,569.74634,88.16721,-97.932,32.700989473527166,49.14454613447822,10.avi
941,32,6.4,1071,108,506.02167,0,9.87961822585373,0.800934910774231,34,0,1059.5428,97.796,1082.5739,119.76742,506.02167,-64.85643,3.396978,2.364240970151756,126.05434312678642,10.avi
955,32,6.4,440,175,4144.88,0,215.4250107207542,0.2283754795789718,5,0,406.2762,145.23126,474.18704,206.26541,4144.88,114.65383,-2.828638,41.19041189218812,7.575822095921069,10.avi
958,32,6.4,426,205,1039.0211,0,107.0784295526392,0.4533590674400329,4,0,410.7303,188.63583,442.14136,221.71402,1039.0211,16.12738,-31.132046,21.34739196739507,63.86911600331439,10.avi
959,32,6.4,520,200,1605.1729,0,0.0,0.85004723072052,1,0,500.87946,180.38889,539.9733,221.44833,1605.1729,0.0,0.0,0.0,0.0,10.avi
960,32,6.4,462,146,410.4525,0,0.0,0.723833441734314,1,0,452.79272,135.64705,472.44598,156.53175,410.4525,0.0,0.0,0.0,0.0,10.avi
961,32,6.4,490,165,1354.4072,0,0.0,0.668731689453125,1,0,472.601,146.28354,508.34625,184.1741,1354.4072,0.0,0.0,0.0,0.0,10.avi
962,32,6.4,1168,608,639.0458,0,0.0,0.5506502389907837,1,0,1156.2598,596.1234,1181.4146,621.52795,639.0458,0.0,0.0,0.0,0.0,10.avi
963,32,6.4,814,211,243.97119,0,0.0,0.5239259004592896,1,0,807.2438,203.4443,821.8716,220.1229,243.97119,0.0,0.0,0.0,0.0,10.avi
964,32,6.4,474,229,12618.602,0,0.0,0.6914212703704834,1,0,407.74152,182.3887,541.53357,276.70374,12618.602,0.0,0.0,0.0,0.0,10.avi
941,33,6.6,1055,110,429.63376,0,15.493314769847736,0.6302762031555176,36,0,1044.8889,100.084045,1066.033,120.403366,429.63376,-74.95629,6.4068108,3.133719759753124,189.9021721678417,10.avi
962,33,6.6,1156,603,525.1291,0,68.98133247760275,0.3292321264743805,3,0,1144.8141,592.0515,1167.6686,615.02844,525.1291,-50.282837,-21.100554,14.097206108536096,155.59078232296235,10.avi
963,33,6.6,811,210,199.33415,0,18.31790938065783,0.5503401756286621,3,0,804.1131,203.55487,818.0866,217.82007,199.33415,-13.803596,-4.3757744,3.979736520603279,153.37364493032055,10.avi
964,33,6.6,443,254,16652.816,0,201.5208764939688,0.5979771614074707,3,0,382.71417,186.51064,504.70575,323.01855,16652.816,-123.46339,100.67219,39.98651674132387,217.70171119576852,10.avi
965,33,6.6,440,293,2710.7295,0,0.0,0.5679649114608765,1,0,410.61816,270.60638,469.97583,316.2741,2710.7295,0.0,0.0,0.0,0.0,10.avi
941,34,6.8,1042,110,426.8198,0,11.261196709556923,0.794828474521637,38,0,1031.7075,100.45067,1052.7512,120.733154,426.8198,-68.189,2.8179178,2.1604573310425064,44.902425440477145,10.avi
953,34,6.8,327,316,3094.9893,0,81.07874610682825,0.7425532937049866,8,0,299.78183,288.7572,355.02707,344.7799,3094.9893,-2.7732291,-2.882902,17.051321166733107,133.0782619359478,10.avi
962,34,6.8,1146,597,545.0264,0,12.095362188787616,0.6224591135978699,5,0,1134.7778,585.2872,1158.0251,608.732,545.0264,-49.29089,-31.67981,2.327235263864734,94.55486822296552,10.avi
963,34,6.8,811,208,220.26903,0,16.01705782066423,0.6610673069953918,5,0,803.75494,200.7328,818.28644,215.89088,220.26903,-1.5243549,-11.246621,3.2194442145059905,34.25856578492164,10.avi
964,34,6.8,410,273,3446.2607,0,43.78844408574604,0.4352520704269409,5,0,382.27634,242.9203,439.33908,303.31458,3446.2607,-161.05606,92.513954,9.215074290706308,168.10723753397247,10.avi
965,34,6.8,397,289,1177.962,0,216.57770130478005,0.766055703163147,3,0,382.08707,270.09067,413.1868,307.96756,1177.962,-170.29967,-17.609367,43.5240823569652,174.1446032973288,10.avi
966,34,6.8,382,316,429.44266,0,0.0,0.7373040914535522,1,0,372.19385,305.83826,392.98633,326.492,429.44266,0.0,0.0,0.0,0.0,10.avi
967,34,6.8,352,293,1058.5883,0,0.0,0.7768776416778564,1,0,335.62955,278.30356,370.0872,309.025,1058.5883,0.0,0.0,0.0,0.0,10.avi
968,34,6.8,407,246,543.97504,0,0.0,0.7467082142829895,1,0,395.65137,234.66534,419.4568,257.51624,543.97504,0.0,0.0,0.0,0.0,10.avi
969,34,6.8,652,463,207.69852,0,0.0,0.6234322786331177,1,0,645.9348,456.34985,659.9905,471.1267,207.69852,0.0,0.0,0.0,0.0,10.avi
970,34,6.8,321,264,1332.5767,0,0.0,0.5026288032531738,1,0,304.43338,244.75427,338.74582,283.59082,1332.5767,0.0,0.0,0.0,0.0,10.avi
971,34,6.8,365,237,1425.111,0,0.0,0.5495424866676331,1,0,346.29013,219.02084,385.1578,255.68655,1425.111,0.0,0.0,0.0,0.0,10.avi
941,35,7.0,1031,111,407.48175,0,14.685325989742289,0.7920012474060059,40,0,1020.92535,101.37634,1041.4437,121.23569,407.48175,-58.2166,3.3968217,2.413461586579847,3.694015559262368,10.avi
953,35,7.0,289,313,13577.803,0,209.6877474101548,0.8821696639060974,10,0,231.72855,254.32765,347.07797,372.03784,13577.803,-162.81152,-15.743738,37.98414887785297,175.1794820634576,10.avi
962,35,7.0,1137,590,551.7647,0,8.620415439418053,0.6375043988227844,7,0,1126.1895,578.3604,1149.7473,601.78204,551.7647,-43.826126,-33.990017,0.8138430869898772,55.86659176471386,10.avi
963,35,7.0,811,205,200.24194,0,2.277371922528515,0.5526752471923828,7,0,804.13214,198.78416,818.08954,213.13084,200.24194,-0.009562373,-11.649316,1.0998621595214493,75.02618668393245,10.avi
967,35,7.0,335,318,1401.0781,0,155.5757675947753,0.1889477521181106,3,0,319.0144,297.44693,351.562,340.494,1401.0781,-70.14037,101.02271,30.18524078715625,233.72753339650967,10.avi
969,35,7.0,653,460,181.74011,0,13.967635402545463,0.6713607311248779,3,0,646.789,453.9304,659.6695,468.04007,181.74011,1.064376,-10.990189,3.738467866550562,89.42751028393877,10.avi
970,35,7.0,320,287,717.5134,0,120.18149143159782,0.3320711851119995,3,0,306.92416,274.41763,333.4731,301.4437,717.5134,-5.552752,94.84273,22.882732909000016,266.01661390202423,10.avi
972,35,7.0,877,1015,377.18158,0,0.0,0.7056856751441956,1,0,864.9486,1008.07886,889.072,1023.71436,377.18158,0.0,0.0,0.0,0.0,10.avi
941,36,7.2,1023,111,438.50296,0,24.747579311428183,0.7756847739219666,42,0,1012.9868,100.90625,1034.6395,121.15785,438.50296,-41.787045,-0.26965547,3.5963678694793617,15.90205325780397,10.avi
947,36,7.2,315,421,1125.69,0,173.2561620890083,0.5402761101722717,14,0,298.33206,404.3917,331.72238,438.10477,1125.69,-1.0758493,2.104345,34.4428091476269,242.6932564613796,10.avi
962,36,7.2,1131,581,573.45294,0,14.08842738136633,0.7229272723197937,9,0,1118.9941,570.2149,1143.5579,593.5605,573.45294,-35.869713,-39.308456,2.897662041695104,51.675686332606745,10.avi
963,36,7.2,810,203,182.9021,0,1.2808177935177247,0.7146176099777222,9,0,804.23706,197.0113,817.69836,210.59856,182.9021,-0.55166817,-10.968781,1.2742436197277256,150.49110384139476,10.avi
969,36,7.2,653,458,175.11922,0,4.2550846425837126,0.6860116720199585,5,0,646.72736,451.14572,659.3682,464.99918,175.11922,-0.741505,-14.26308,0.902868709056444,119.32114666836064,10.avi
972,36,7.2,872,1008,621.01404,0,45.637970377562674,0.7724628448486328,3,0,860.1336,995.5253,884.9328,1020.56696,621.01404,-17.872686,-31.339262,9.35198637532314,122.39470354999816,10.avi
973,36,7.2,368,389,1291.2101,0,0.0,0.7790187001228333,1,0,350.1279,372.04688,386.22372,407.8186,1291.2101,0.0,0.0,0.0,0.0,10.avi
974,36,7.2,322,375,17100.412,0,0.0,0.8385096192359924,1,0,254.97171,312.29233,389.95316,438.97946,17100.412,0.0,0.0,0.0,0.0,10.avi
941,37,7.4,1017,110,471.65726,0,9.757369121098757,0.7664459347724915,44,0,1005.7617,100.11664,1028.4679,120.888855,471.65726,-35.406494,-2.0979118,1.8279052608935449,32.35094540818045,10.avi
962,37,7.4,1125,572,556.9312,0,11.563544177899942,0.6383556127548218,11,0,1113.5332,561.51227,1138.0476,584.2308,556.9312,-29.375576,-43.74917,2.2160759816590088,66.09647409364317,10.avi
963,37,7.4,811,200,200.86607,0,7.418712952914835,0.7345326542854309,11,0,804.6699,193.69212,818.96606,207.74254,200.86607,3.1434577,-14.4070215,1.6174772151068353,84.94073125060333,10.avi
966,37,7.4,386,341,1660.9785,0,125.77154780748822,0.3765216469764709,5,0,365.05206,321.37204,407.2376,360.7452,1660.9785,2.9968147,20.986422,25.06787262517566,277.81802111771617,10.avi
969,37,7.4,653,454,175.12425,0,4.992841622226092,0.7561514377593994,7,0,647.3439,447.92398,660.05273,461.70364,175.12425,2.321896,-15.819984,1.2239532222455087,85.28891495785433,10.avi
972,37,7.4,868,996,715.00525,0,30.06328431681828,0.7883160710334778,5,0,855.1137,982.5851,881.68854,1009.4905,715.00525,-20.425745,-57.625877,5.857307524867104,99.42011639218263,10.avi
973,37,7.4,373,364,838.03656,0,131.8946074457738,0.1858703047037124,3,0,357.97165,350.74652,388.7983,377.93195,838.03656,20.795137,-102.169716,26.37763745136261,79.46189991219984,10.avi
975,37,7.4,449,323,1151.3699,0,0.0,0.8198976516723633,1,0,434.0174,304.77515,464.46124,342.5946,1151.3699,0.0,0.0,0.0,0.0,10.avi
976,37,7.4,429,357,1369.5005,0,0.0,0.8142474889755249,1,0,411.24713,338.317,447.49347,376.10013,1369.5005,0.0,0.0,0.0,0.0,10.avi
977,37,7.4,331,280,1359.26,0,0.0,0.7224825620651245,1,0,315.27386,259.47202,347.36078,301.83383,1359.26,0.0,0.0,0.0,0.0,10.avi
978,37,7.4,1089,704,354.981,0,0.0,0.5152400135993958,1,0,1079.6227,695.73315,1099.7186,713.39746,354.981,0.0,0.0,0.0,0.0,10.avi
979,37,7.4,334,312,442.58926,0,0.0,0.5808031558990479,1,0,323.1795,302.81384,345.26953,322.84955,442.58926,0.0,0.0,0.0,0.0,10.avi
941,38,7.6,1009,110,421.49963,0,5.494117520555314,0.7506460547447205,46,0,998.2966,100.46124,1019.852,120.01549,421.49963,-39.095703,-1.501,1.0368486196050395,175.39965315653853,10.avi
962,38,7.6,1120,560,491.19217,0,21.86477011723986,0.7698281407356262,13,0,1108.9447,549.56445,1131.8539,571.0054,491.19217,-27.513868,-58.505615,4.122574636863461,88.8225182011181,10.avi
963,38,7.6,814,197,196.2019,0,9.79212355391246,0.2898723483085632,13,0,807.05096,191.08612,821.29535,204.8601,196.2019,9.783579,-13.879368,1.7639857802404884,28.286623836079286,10.avi
966,38,7.6,393,328,1280.5204,0,101.39623959645968,0.7588512301445007,7,0,376.46185,310.6667,411.4536,347.26154,1280.5204,32.24494,-45.070557,18.354884964783597,70.07287220115586,10.avi
969,38,7.6,654,451,171.03778,0,3.391916016605162,0.6472985744476318,9,0,648.3845,444.86633,661.13196,458.2837,171.03778,4.6080694,-16.107103,0.6698596226153253,104.05333685813838,10.avi
971,38,7.6,365,252,1092.9059,0,74.48908278985216,0.3456660211086273,6,0,348.08246,236.66322,383.14264,267.83548,1092.9059,-0.05696699,7.616788,14.664183280201764,267.1701656905137,10.avi
972,38,7.6,864,982,748.21277,0,12.568991010899152,0.6867058277130127,7,0,850.7976,968.512,878.0123,996.00507,748.21277,-20.084435,-66.269775,2.532424479148852,97.16766535346608,10.avi
973,38,7.6,368,327,624.1711,0,96.84203556679576,0.4553380906581878,5,0,355.63736,315.45425,380.90225,340.15933,624.1711,-21.672556,-175.88684,19.413329415061263,119.44720108063431,10.avi
977,38,7.6,338,297,3749.0537,0,91.4078605606251,0.3454672396183014,3,0,308.22137,266.2995,368.7326,328.25586,3749.0537,28.58146,66.366325,17.66026884219542,292.2347240215955,10.avi
978,38,7.6,1093,702,324.03162,0,20.58354323106539,0.3596181869506836,3,0,1083.8939,694.04126,1102.6664,711.30225,324.03162,14.409122,-7.559192,4.203016295675893,37.6147563994042,10.avi
979,38,7.6,357,284,1343.9794,0,183.38993281846277,0.2175147980451584,3,0,339.44998,265.50095,374.65585,303.6758,1343.9794,91.13128,-112.747734,36.74219994909269,51.69317001053571,10.avi
980,38,7.6,374,289,15338.998,0,0.0,0.8228542804718018,1,0,309.41125,230.28665,438.83875,348.80087,15338.998,0.0,0.0,0.0,0.0,10.avi
941,39,7.8,1001,109,476.11273,0,3.035775141717604,0.8002954721450806,48,0,990.1874,99.18542,1013.10767,119.95794,476.11273,-37.586555,-2.9104793,0.9722350527354696,105.21327932910664,10.avi
956,39,7.8,308,194,3848.7827,0,134.8601509552902,0.321576863527298,11,0,281.08197,159.13898,336.25702,228.89484,3848.7827,-2.391896,2.0505917,27.47283656377278,219.67114507744336,10.avi
962,39,7.8,1118,545,529.5919,0,27.65893511109623,0.7663297653198242,15,0,1106.843,534.3257,1130.5427,556.67163,529.5919,-12.913148,-70.37099,4.740827013730088,49.10795121425065,10.avi
963,39,7.8,818,195,216.61948,0,15.29463184154402,0.6133347153663635,15,0,811.19794,188.76868,826.24994,203.16003,216.61948,19.760128,-10.929062,1.8804892933975,6.020540589645464,10.avi
969,39,7.8,659,449,204.73546,0,22.32659584440768,0.530113935470581,11,0,652.2672,442.42062,666.6162,456.68893,204.73546,19.07817,-11.486588,3.382472813006069,348.9824483258058,10.avi
972,39,7.8,860,968,817.14197,0,2.3327943728995293,0.6924406290054321,9,0,846.0333,954.21014,874.3385,983.07904,817.14197,-20.860382,-67.651474,1.0769252407516792,111.12120821498002,10.avi
977,39,7.8,329,291,1303.5237,0,128.59138069897512,0.623335063457489,5,0,310.98074,273.06076,347.3027,308.94882,1303.5237,-40.341484,-23.137924,24.76033927579888,127.85121254377124,10.avi
978,39,7.8,1098,701,361.3581,0,13.56615835776694,0.5772225260734558,5,0,1088.9596,692.15533,1108.5514,710.5997,361.3581,26.285149,-6.562955,1.8449559753161275,4.972367988146175,10.avi
980,39,7.8,349,219,17369.139,0,375.67448752074125,0.8764628171920776,3,0,280.44733,156.24976,417.799,282.70715,17369.139,-99.80768,-279.7018,74.88449780376557,109.6039615975044,10.avi
941,40,8.0,995,109,465.83868,0,8.060981162485572,0.6341577172279358,50,0,984.1047,99.166824,1006.89386,119.60802,465.83868,-32.32115,-1.380419,0.869874352822995,359.31403934540793,10.avi
962,40,8.0,1123,516,486.15613,0,95.57110023015174,0.7908164858818054,17,0,1112.7334,505.6212,1135.1768,527.28265,486.15613,17.257729,-127.95476,16.893260193567865,65.93069454423915,10.avi
963,40,8.0,821,193,240.56557,0,5.172536076105758,0.4102197289466858,17,0,813.77155,186.41823,829.77704,201.44844,240.56557,16.292414,-10.333759,1.8479706082086156,155.08333897241187,10.avi
966,40,8.0,389,287,1229.0536,0,144.22803999989443,0.3437449336051941,10,0,372.56232,268.43997,405.4712,305.78714,1229.0536,-10.8402405,-71.339386,28.519773065712613,148.45229152403897,10.avi
969,40,8.0,662,447,254.81143,0,3.4476701158737013,0.2571371495723724,13,0,654.43176,439.7054,670.9158,455.16348,254.81143,16.833866,-10.805884,1.2834106056938093,168.42822029412025,10.avi
971,40,8.0,359,256,688.6507,0,29.340939090087485,0.7334976196289062,9,0,346.64355,243.57356,372.94128,269.76025,688.6507,-10.5414095,7.3404164,6.62920824549049,172.89958575289722,10.avi
972,40,8.0,854,955,791.391,0,6.158455749445384,0.5884436368942261,11,0,840.98505,940.97186,868.8664,969.35614,791.391,-25.045921,-67.46025,2.017097092677554,176.75102449419705,10.avi
974,40,8.0,332,326,3034.4727,0,249.73256095932012,0.7149917483329773,6,0,304.948,299.02982,359.80286,354.348,3034.4727,5.0689387,-25.02867,50.5439139469662,79.12315273245304,10.avi
977,40,8.0,303,287,1471.2533,0,97.04193958244922,0.2958769202232361,7,0,285.2373,268.0259,322.21338,307.81528,1471.2533,-106.86801,-17.219269,18.084152871131884,181.9736078336909,10.avi
978,40,8.0,1102,699,275.95416,0,7.56645978653637,0.52781081199646,7,0,1094.3154,691.69543,1111.0012,708.23376,275.95416,21.091755,-6.9477444,2.276960968904569,152.11470567831782,10.avi
941,41,8.2,991,108,529.126,0,14.505206170753103,0.7831280827522278,52,0,979.5045,97.77371,1003.641,119.69594,529.126,-22.561317,-2.8284569,2.2574671279981104,29.49141982808948,10.avi
962,41,8.2,1119,506,544.08215,0,99.48285872933714,0.8135262727737427,19,0,1107.7959,495.13367,1131.4414,518.14355,544.08215,-12.694359,-67.27463,17.31651438036718,240.9568510865879,10.avi
963,41,8.2,824,192,332.18176,0,3.6349468985424753,0.1518001109361648,19,0,815.00507,183.61534,834.11945,200.99403,332.18176,14.482891,-8.648788,1.0413585709877486,187.3611892191317,10.avi
966,41,8.2,372,299,1009.7122,0,176.49158052259546,0.6226630210876465,12,0,357.8258,282.7637,387.24146,317.08932,1009.7122,-65.66571,32.377953,30.0754476332371,240.41496103667555,10.avi
969,41,8.2,665,446,327.79105,0,6.714769020200097,0.314262181520462,15,0,655.84595,437.8651,675.18713,454.813,327.79105,14.818628,-6.7070084,1.2691776755282569,214.93084765936052,10.avi
971,41,8.2,352,275,830.1443,0,106.53649731334576,0.4592985808849334,11,0,338.45334,261.31058,366.84683,290.5477,830.1443,-29.797123,75.404686,17.79714604545301,251.37425826657147,10.avi
972,41,8.2,848,942,786.75574,0,6.491338404928625,0.8225491642951965,13,0,835.0548,928.1242,862.8358,956.44415,786.75574,-28.78138,-65.10551,1.9444400581289576,189.71334684700167,10.avi
974,41,8.2,316,335,14765.85,0,125.11671994153488,0.834340512752533,8,0,256.5683,273.42902,375.6902,397.38483,14765.85,-66.08065,31.543798,21.90258130920501,217.44524108460283,10.avi
977,41,8.2,285,304,793.6446,0,115.5706882799645,0.673363447189331,9,0,271.3859,290.6621,299.6946,318.69745,793.6446,-94.62927,60.328186,19.70204845927798,277.724803964606,10.avi
978,41,8.2,1104,698,287.18512,0,11.96058729535504,0.588613748550415,9,0,1096.3822,690.1176,1113.1434,707.2515,287.18512,12.97779,-6.5275345,2.933626393163228,168.69521073170642,10.avi
981,41,8.2,279,356,901.62836,0,0.0,0.569106936454773,1,0,262.93768,342.87665,295.72577,370.3753,901.62836,0.0,0.0,0.0,0.0,10.avi
941,42,8.4,985,108,505.2277,0,10.94270180314543,0.7867757678031921,54,0,973.42236,97.464775,996.8318,119.04702,505.2277,-29.997234,-2.4947894,2.067415995564095,175.307367095799,10.avi
952,42,8.4,242,322,788.33795,0,77.63233339202017,0.7540304064750671,16,0,228.85767,308.1671,256.67184,336.51013,788.33795,-0.7009141,0.36932498,16.05858431373088,205.4441283101905,10.avi
962,42,8.4,1111,502,523.19653,0,61.11020519040881,0.8327344655990601,21,0,1099.6272,490.90256,1122.7141,513.56464,523.19653,-35.420807,-32.4692,10.709425106829174,235.4093983394863,10.avi
963,42,8.4,827,191,333.81323,0,2.862115214067443,0.159152939915657,21,0,817.9054,182.31836,836.95447,199.84229,333.81323,14.371625,-6.7051144,0.6254870843168624,222.81027883910596,10.avi
969,42,8.4,667,445,368.63574,0,6.235231379334285,0.3761315643787384,17,0,656.909,436.2618,677.8499,453.86545,368.63574,10.584925,-6.453235,1.480287509646975,180.09095310511498,10.avi
972,42,8.4,841,930,733.25354,0,11.70832477410675,0.8162786364555359,15,0,828.0792,916.58594,854.7512,944.0774,733.25354,-35.603256,-60.99573,2.3097429763416404,198.6058747319452,10.avi
978,42,8.4,1105,697,281.0311,0,8.318439466463023,0.5164650678634644,11,0,1097.6611,688.6184,1114.1526,705.6593,281.0311,7.3943024,-7.451679,2.388671582581446,170.86837804883874,10.avi
982,42,8.4,145,265,884.84894,0,0.0,0.7798917293548584,1,0,130.1999,251.24753,161.53127,279.48917,884.84894,0.0,0.0,0.0,0.0,10.avi
983,42,8.4,155,229,852.19635,0,0.0,0.7255728244781494,1,0,141.98923,213.99588,170.00949,244.40945,852.19635,0.0,0.0,0.0,0.0,10.avi
984,42,8.4,225,237,747.313,0,0.0,0.7034189105033875,1,0,212.3161,222.96678,238.7107,251.27989,747.313,0.0,0.0,0.0,0.0,10.avi
985,42,8.4,225,349,953.682,0,0.0,0.6001405119895935,1,0,211.04343,332.27155,239.47073,365.81964,953.682,0.0,0.0,0.0,0.0,10.avi
986,42,8.4,244,272,1750.9498,0,0.0,0.7005511522293091,1,0,224.97351,250.2146,264.4958,294.51746,1750.9498,0.0,0.0,0.0,0.0,10.avi
941,43,8.6,979,106,469.80652,0,5.518286771334481,0.7482355833053589,56,0,968.1091,96.24262,990.3841,117.333824,469.80652,-29.539717,-6.2204285,1.761571979607272,94.1546743899246,10.avi
962,43,8.6,1100,496,506.69836,0,22.129874431308373,0.801188588142395,23,0,1088.9976,485.54224,1111.6106,507.94965,506.69836,-49.967976,-28.599394,4.094826667739243,183.64399008099664,10.avi
963,43,8.6,829,190,310.82584,0,4.822493469199352,0.2290628552436828,23,0,820.6467,181.89478,838.90247,198.92093,310.82584,12.334589,-4.1339097,1.3300591824039727,191.3033580874153,10.avi
969,43,8.6,669,444,360.8053,0,3.906501931768658,0.1712052971124649,19,0,659.37354,435.72147,680.1205,453.11227,360.8053,11.548536,-3.9768445,0.5459035564380504,204.5735800210216,10.avi
972,43,8.6,832,920,676.1003,0,18.10881723634425,0.8196839094161987,17,0,819.3248,907.204,844.84436,933.6975,676.1003,-44.10263,-52.07994,2.958464904232922,219.1414493512808,10.avi
978,43,8.6,1106,696,275.87265,0,5.39347650083459,0.5678482055664062,13,0,1098.7917,687.92395,1114.9607,704.98596,275.87265,5.4346094,-4.350008,1.4296274654624497,194.2332108390227,10.avi
987,43,8.6,44,210,2671.3706,0,0.0,0.5383116006851196,1,0,18.77784,183.84084,69.778755,236.21971,2671.3706,0.0,0.0,0.0,0.0,10.avi
941,44,8.8,974,105,453.52493,0,8.295462603572057,0.8285545706748962,58,0,963.9313,94.614784,985.54626,115.59678,453.52493,-24.154743,-7.9063077,0.8564481958443508,39.44522790587234,10.avi
962,44,8.8,1091,490,487.78867,0,9.12597535828837,0.7877408266067505,25,0,1080.7009,479.16248,1102.7317,501.30365,487.78867,-44.561207,-31.649239,1.2362512697193078,56.096532592270194,10.avi
963,44,8.8,832,189,297.87354,0,3.781072264408592,0.2164739519357681,25,0,823.91113,180.8227,841.67834,197.58807,297.87354,14.462339,-5.5787563,0.629263311702546,112.5697416272854,10.avi
969,44,8.8,672,443,342.95877,0,4.984266555829915,0.2388515472412109,21,0,662.8929,435.03293,682.9805,452.10605,342.95877,14.933008,-4.176853,0.6240717051349591,95.2129463567386,10.avi
972,44,8.8,821,912,630.03516,0,16.631576718054102,0.8061415553092957,19,0,808.95105,899.3344,833.5112,924.9871,630.03516,-51.921127,-43.90336,2.9980257741825467,220.9592209691098,10.avi
978,44,8.8,1108,695,288.00165,0,3.719567002779829,0.624478816986084,15,0,1100.4518,686.9527,1116.7115,704.6652,288.00165,7.813537,-3.488529,0.5861214412614527,86.39389153278677,10.avi
987,44,8.8,35,219,4628.7793,0,65.4958972502997,0.3922360241413116,3,0,1.5850906,186.13844,70.13914,253.65858,4628.7793,-33.59753,39.394154,12.905146171202189,224.0312308209012,10.avi
941,45,9.0,970,103,432.67426,0,2.205321106445336,0.7584061622619629,60,0,959.532,93.57309,980.4756,114.232056,432.67426,-23.785656,-6.4523277,0.5325562709196408,80.03433858667307,10.avi
962,45,9.0,1084,484,494.04312,0,13.01893589271327,0.7577688694000244,27,0,1073.9297,473.4452,1096.0645,495.76508,494.04312,-36.12701,-28.949694,1.1998317131272538,355.37384071016726,10.avi
969,45,9.0,674,442,324.4523,0,8.692353068438962,0.3015441000461578,23,0,664.6584,434.53174,684.1247,451.19916,324.4523,9.041943,-3.671798,2.0586280611787235,159.1077456722502,10.avi
972,45,9.0,810,907,607.5635,0,21.428490463535656,0.7830587029457092,21,0,798.6422,894.50543,822.6395,919.8234,607.5635,-52.713688,-29.348923,3.717687820258357,256.8318701952337,10.avi
978,45,9.0,1109,695,319.8953,0,3.8539813790266497,0.5295758843421936,17,0,1101.1755,686.052,1118.044,705.0161,319.8953,5.7571964,-1.8625126,1.1498055208752973,174.44677670359704,10.avi
