tracker_id,frame_idx,timestamp,centroid_x,centroid_y,area,class,speed_px_per_sec,source_video
2973,0,0.0,781,262,4242.37,0,0.0,1.avi
2974,0,0.0,810,131,4878.3784,0,0.0,1.avi
2975,0,0.0,462,519,1705.098,0,0.0,1.avi
2976,0,0.0,219,587,1672.8411,0,0.0,1.avi
2977,1,0.2,407,746,11960.955,0,0.0,1.avi
2978,1,0.2,331,436,4288.182,0,0.0,1.avi
2979,1,0.2,854,321,2080.6296,0,0.0,1.avi
2980,1,0.2,850,634,4452.0283,0,0.0,1.avi
2981,1,0.2,251,754,2770.2742,0,0.0,1.avi
2982,1,0.2,775,539,1350.1627,0,0.0,1.avi
2983,1,0.2,308,712,1494.7125,0,0.0,1.avi
2984,1,0.2,227,286,3205.361,0,0.0,1.avi
2985,1,0.2,1076,1019,364.98636,0,0.0,1.avi
2977,2,0.4,435,729,4698.8584,0,162.82245944940846,1.avi
2986,2,0.4,930,184,2418.2378,0,0.0,1.avi
2987,2,0.4,601,198,2467.0427,0,0.0,1.avi
2988,2,0.4,969,113,1260.1444,0,0.0,1.avi
2989,2,0.4,941,552,3318.6738,0,0.0,1.avi
2990,2,0.4,83,441,10003.999,0,0.0,1.avi
2991,2,0.4,707,734,3270.4143,0,0.0,1.avi
2992,2,0.4,854,686,6210.706,0,0.0,1.avi
2993,2,0.4,311,145,1786.1167,0,0.0,1.avi
2994,2,0.4,570,372,1558.1489,0,0.0,1.avi
2983,3,0.6,331,752,3086.8247,0,232.537562961652,1.avi
2995,3,0.6,1037,202,7074.153,0,0.0,1.avi
2996,3,0.6,1165,451,6386.3716,0,0.0,1.avi
2997,3,0.6,667,55,4159.8823,0,0.0,1.avi
2998,3,0.6,114,517,2348.6567,0,0.0,1.avi
2974,4,0.8,813,147,1307.6294,0,77.38193345531165,1.avi
2980,4,0.8,832,616,750.0554,0,125.95929740356924,1.avi
2996,4,0.8,1189,455,8725.921,0,126.55888965037566,1.avi
2999,4,0.8,625,501,8104.041,0,0.0,1.avi
3000,4,0.8,875,1002,2758.496,0,0.0,1.avi
3001,4,0.8,988,713,2625.408,0,0.0,1.avi
3002,4,0.8,397,234,2416.5737,0,0.0,1.avi
3003,4,0.8,640,102,5273.007,0,0.0,1.avi
2981,5,1.0,218,784,3933.7888,0,223.6226434698719,1.avi
2987,5,1.0,631,184,3411.4194,0,165.1490260308659,1.avi
3004,5,1.0,488,807,5372.6934,0,0.0,1.avi
3005,5,1.0,515,112,4659.6953,0,0.0,1.avi
3006,5,1.0,415,562,7520.9175,0,0.0,1.avi
3007,5,1.0,637,885,4130.1543,0,0.0,1.avi
3008,5,1.0,871,212,3389.3596,0,0.0,1.avi
3009,5,1.0,563,943,1924.3702,0,0.0,1.avi
3010,5,1.0,1165,862,1343.9454,0,0.0,1.avi
3011,5,1.0,875,581,999.7302,0,0.0,1.avi
2981,6,1.2,252,766,3231.795,0,244.3915185961396,1.avi
2983,6,1.2,398,822,2328.2476,0,123.45065937374616,1.avi
2986,6,1.2,908,199,2667.874,0,130.51989935872723,1.avi
2989,6,1.2,926,511,6669.676,0,219.23012011424865,1.avi
3005,6,1.2,509,135,1801.8223,0,118.96264511568404,1.avi
3009,6,1.2,540,924,1704.8387,0,149.7256529179176,1.avi
3012,6,1.2,1070,767,2775.4985,0,0.0,1.avi
3013,6,1.2,1148,313,2092.39,0,0.0,1.avi
3014,6,1.2,233,828,1480.4604,0,0.0,1.avi
2987,7,1.4,610,149,2312.2544,0,232.72701754485985,1.avi
3015,7,1.4,738,848,2832.98,0,0.0,1.avi
3016,7,1.4,343,650,1501.8176,0,0.0,1.avi
3017,7,1.4,734,156,1916.8538,0,0.0,1.avi
3018,8,1.6,207,623,5369.343,0,0.0,1.avi
3019,8,1.6,1220,839,3102.428,0,0.0,1.avi
3020,8,1.6,936,299,4271.0312,0,0.0,1.avi
3021,8,1.6,537,867,2646.9236,0,0.0,1.avi
3022,8,1.6,286,443,1313.9524,0,0.0,1.avi
3023,8,1.6,1210,215,3332.686,0,0.0,1.avi
3024,8,1.6,1023,296,4942.8174,0,0.0,1.avi
3025,8,1.6,1087,105,2561.4067,0,0.0,1.avi
3026,8,1.6,926,981,6885.33,0,0.0,1.avi
3027,8,1.6,361,602,5844.182,0,0.0,1.avi
2986,9,1.8,933,227,2706.8542,0,217.77543714849733,1.avi
3005,9,1.8,496,262,5268.2617,0,101.59001503515512,1.avi
3011,9,1.8,897,618,1985.5911,0,215.64485717751745,1.avi
3019,9,1.8,1188,828,3294.1165,0,168.59789976046636,1.avi
3023,9,1.8,1222,236,3711.4905,0,125.09196006764886,1.avi
3028,9,1.8,31,649,5301.2812,0,0.0,1.avi
3029,9,1.8,1137,1010,1685.5563,0,0.0,1.avi
3030,9,1.8,588,623,2418.8613,0,0.0,1.avi
3031,9,1.8,712,6,414.75998,0,0.0,1.avi
3032,9,1.8,522,316,4622.42,0,0.0,1.avi
3033,9,1.8,513,35,893.0616,0,0.0,1.avi
3034,9,1.8,51,521,1372.6436,0,0.0,1.avi
3035,9,1.8,1124,731,9218.098,0,0.0,1.avi
3036,9,1.8,322,566,2156.7854,0,0.0,1.avi
2987,10,2.0,566,38,3975.8003,0,168.415074585948,1.avi
3024,10,2.0,1041,342,2088.516,0,248.19944778924508,1.avi
3035,10,2.0,1157,764,2126.8208,0,234.00177094746377,1.avi
3037,10,2.0,656,971,5727.5464,0,0.0,1.avi
3038,10,2.0,821,754,2119.5872,0,0.0,1.avi
3039,10,2.0,805,665,1561.4863,0,0.0,1.avi
3040,10,2.0,398,294,3455.1152,0,0.0,1.avi
3041,10,2.0,320,379,1926.346,0,0.0,1.avi
3042,10,2.0,1163,433,5701.5356,0,0.0,1.avi
3043,10,2.0,430,842,1843.3016,0,0.0,1.avi
3044,10,2.0,532,929,27351.898,0,0.0,1.avi
3006,11,2.2,394,518,1585.1865,0,243.41923647394535,1.avi
3045,11,2.2,298,970,18716.91,0,0.0,1.avi
3046,11,2.2,302,84,5220.543,0,0.0,1.avi
3047,11,2.2,1247,522,4103.7466,0,0.0,1.avi
3048,11,2.2,1185,583,1050.4121,0,0.0,1.avi
3049,11,2.2,197,536,931.01373,0,0.0,1.avi
3050,11,2.2,1070,1007,2976.4487,0,0.0,1.avi
3051,11,2.2,847,625,3134.2034,0,0.0,1.avi
3013,12,2.4,1160,305,2567.1265,0,72.59947971871611,1.avi
3027,12,2.4,364,610,2467.1067,0,46.478239408846406,1.avi
3036,12,2.4,352,574,9009.344,0,151.87668602238375,1.avi
3037,12,2.4,687,1010,1621.7676,0,248.71326405939504,1.avi
3040,12,2.4,382,312,3252.5815,0,123.00342801132314,1.avi
3042,12,2.4,1195,408,1670.4849,0,203.67149931365805,1.avi
3050,12,2.4,1032,1001,2424.2605,0,195.24116321377852,1.avi
3052,12,2.4,600,432,2859.2966,0,0.0,1.avi
3053,12,2.4,1072,608,2257.6401,0,0.0,1.avi
3054,12,2.4,869,360,966.9076,0,0.0,1.avi
3055,12,2.4,572,688,11639.903,0,0.0,1.avi
3018,13,2.6,208,647,1852.4888,0,119.21361778355936,1.avi
3038,13,2.6,799,721,2761.949,0,196.682536763688,1.avi
3043,13,2.6,435,844,5953.3057,0,27.44758428190676,1.avi
3056,13,2.6,103,630,3009.0151,0,0.0,1.avi
3057,13,2.6,60,347,3848.653,0,0.0,1.avi
3058,13,2.6,685,937,1720.6525,0,0.0,1.avi
3059,13,2.6,1051,423,2249.7456,0,0.0,1.avi
3060,13,2.6,897,850,2267.3608,0,0.0,1.avi
3061,13,2.6,1159,92,2378.5586,0,0.0,1.avi
3062,13,2.6,970,28,2727.0728,0,0.0,1.avi
3063,13,2.6,1218,752,1023.26495,0,0.0,1.avi
3048,14,2.8,1165,582,5008.5,0,99.67494354356852,1.avi
3064,14,2.8,422,273,2647.941,0,0.0,1.avi
3065,14,2.8,726,834,1582.438,0,0.0,1.avi
3066,14,2.8,240,140,2376.1555,0,0.0,1.avi
3067,14,2.8,1201,882,4446.346,0,0.0,1.avi
3068,14,2.8,330,703,2825.656,0,0.0,1.avi
3069,14,2.8,1042,876,4486.556,0,0.0,1.avi
3070,14,2.8,785,349,2010.8798,0,0.0,1.avi
3071,14,2.8,554,389,3129.3599,0,0.0,1.avi
3036,15,3.0,362,543,1361.1094,0,220.13976384843025,1.avi
3043,15,3.0,442,886,5147.3447,0,208.32626480442485,1.avi
3052,15,3.0,573,463,3319.5637,0,204.34265005754636,1.avi
3056,15,3.0,105,613,1457.8007,0,88.71135287799167,1.avi
3070,15,3.0,802,380,1962.0953,0,178.62293220052769,1.avi
3072,15,3.0,1101,956,2351.6455,0,0.0,1.avi
3073,15,3.0,208,15,2102.0396,0,0.0,1.avi
3074,15,3.0,237,860,2211.5383,0,0.0,1.avi
3075,15,3.0,122,454,999.83655,0,0.0,1.avi
3076,15,3.0,931,263,2426.3684,0,0.0,1.avi
3077,15,3.0,988,218,1043.5087,0,0.0,1.avi
3078,15,3.0,314,182,2222.9885,0,0.0,1.avi
3013,16,3.2,1134,283,1531.9567,0,179.84943475804167,1.avi
3063,16,3.2,1226,782,871.6699,0,151.03079411577014,1.avi
3079,16,3.2,536,202,2433.375,0,0.0,1.avi
3080,16,3.2,340,299,3759.5457,0,0.0,1.avi
3062,17,3.4,1013,11,1632.3026,0,229.3843969091697,1.avi
3081,17,3.4,72,628,2648.652,0,0.0,1.avi
3082,17,3.4,1225,699,1990.9896,0,0.0,1.avi
3083,17,3.4,918,358,735.98236,0,0.0,1.avi
3084,18,3.6,1136,1011,2035.4075,0,0.0,1.avi
3085,18,3.6,427,758,3032.3801,0,0.0,1.avi
3086,18,3.6,614,145,2470.4766,0,0.0,1.avi
3087,18,3.6,581,278,5640.6543,0,0.0,1.avi
3088,18,3.6,941,549,990.9743,0,0.0,1.avi
3089,18,3.6,1110,238,1871.2915,0,0.0,1.avi
3090,18,3.6,490,622,5285.1694,0,0.0,1.avi
3057,19,3.8,61,344,7616.6562,0,18.542928046122963,1.avi
3060,19,3.8,939,864,2342.1387,0,219.74091297695944,1.avi
3086,19,3.8,638,154,1019.6377,0,130.77285240997014,1.avi
3091,19,3.8,921,966,4662.6396,0,0.0,1.avi
3092,19,3.8,777,475,3684.7766,0,0.0,1.avi
3093,19,3.8,21,237,2267.8247,0,0.0,1.avi
3094,20,4.0,192,570,4184.1055,0,0.0,1.avi
3095,20,4.0,995,347,5944.276,0,0.0,1.avi
3096,20,4.0,314,366,2493.9983,0,0.0,1.avi
3097,20,4.0,406,1015,1157.514,0,0.0,1.avi
3098,20,4.0,932,18,2402.2705,0,0.0,1.avi
3099,20,4.0,883,1013,883.9306,0,0.0,1.avi
3100,20,4.0,948,213,2587.8018,0,0.0,1.avi
3101,20,4.0,778,538,33471.938,0,0.0,1.avi
3081,21,4.2,71,636,2284.7156,0,36.33715579387696,1.avi
3098,21,4.2,916,62,4902.2676,0,235.6608571619627,1.avi
3101,21,4.2,774,584,4347.25,0,229.47257205650865,1.avi
3102,21,4.2,1070,674,1898.3696,0,0.0,1.avi
3103,21,4.2,154,151,4015.802,0,0.0,1.avi
3104,21,4.2,1073,91,4285.3447,0,0.0,1.avi
3105,21,4.2,418,603,25240.963,0,0.0,1.avi
3106,21,4.2,786,903,2664.518,0,0.0,1.avi
3107,21,4.2,799,84,4657.5103,0,0.0,1.avi
3108,21,4.2,14,766,1233.8406,0,0.0,1.avi
3109,21,4.2,724,1012,1188.7101,0,0.0,1.avi
3110,21,4.2,121,961,3207.3062,0,0.0,1.avi
3111,21,4.2,984,278,6174.402,0,0.0,1.avi
3081,22,4.4,87,656,25984.363,0,145.8785998121362,1.avi
3089,22,4.4,1096,200,1268.7738,0,200.92405123133352,1.avi
3090,22,4.4,447,622,1842.1621,0,216.10444906307367,1.avi
3097,22,4.4,418,1013,1006.87775,0,56.588608238862335,1.avi
3099,22,4.4,870,1016,504.75455,0,67.02351471172481,1.avi
3112,22,4.4,232,758,5255.8516,0,0.0,1.avi
3113,22,4.4,157,227,5046.31,0,0.0,1.avi
3114,22,4.4,580,873,5484.6187,0,0.0,1.avi
3115,22,4.4,1040,498,1416.6367,0,0.0,1.avi
3116,22,4.4,272,979,5116.999,0,0.0,1.avi
3117,22,4.4,1044,820,943.99176,0,0.0,1.avi
3118,22,4.4,1182,925,1993.1963,0,0.0,1.avi
3104,23,4.6,1091,95,2849.0947,0,93.338909638925,1.avi
3119,23,4.6,622,434,7277.4,0,0.0,1.avi
3120,23,4.6,993,429,3092.1555,0,0.0,1.avi
3121,23,4.6,1249,555,997.8187,0,0.0,1.avi
3122,23,4.6,1029,308,8230.96,0,0.0,1.avi
3060,24,4.8,972,884,1195.2162,0,50.3295505485594,1.avi
3100,24,4.8,950,203,1342.147,0,51.19769614624297,1.avi
3103,24,4.8,111,141,2040.8348,0,221.54763280698756,1.avi
3120,24,4.8,1003,454,4062.2036,0,136.64927119262242,1.avi
3121,24,4.8,1241,568,2393.2952,0,74.96484177029711,1.avi
3123,24,4.8,558,365,1924.1395,0,0.0,1.avi
3124,24,4.8,855,26,2104.9,0,0.0,1.avi
3125,24,4.8,1042,105,2444.0068,0,0.0,1.avi
3126,24,4.8,623,544,1734.6216,0,0.0,1.avi
3127,24,4.8,361,980,2837.8718,0,0.0,1.avi
3128,24,4.8,1204,651,12572.958,0,0.0,1.avi
3129,24,4.8,778,17,1327.2087,0,0.0,1.avi
3130,24,4.8,1170,832,2487.9622,0,0.0,1.avi
3131,24,4.8,350,843,4735.2607,0,0.0,1.avi
3060,25,5.0,993,854,2321.7827,0,212.08134357067652,1.avi
3094,25,5.0,202,600,2280.223,0,157.44603357702482,1.avi
3105,25,5.0,417,640,3430.8281,0,186.7990661351586,1.avi
3125,25,5.0,1019,102,4132.499,0,118.34908948443072,1.avi
3132,25,5.0,430,119,2149.377,0,0.0,1.avi
3133,25,5.0,803,767,1846.2528,0,0.0,1.avi
3134,25,5.0,511,1011,1563.882,0,0.0,1.avi
3135,25,5.0,551,797,3026.3752,0,0.0,1.avi
3136,25,5.0,701,247,3052.6816,0,0.0,1.avi
3137,25,5.0,1155,999,1843.2505,0,0.0,1.avi
3138,25,5.0,1072,22,1197.3164,0,0.0,1.avi
3081,26,5.2,197,943,30423.39,0,575.8309801063567,1.avi
3105,26,5.2,433,655,4469.4927,0,111.7966840792038,1.avi
3119,26,5.2,608,475,4520.5186,0,216.03410015830107,1.avi
3130,26,5.2,1182,814,1685.6506,0,105.807385843675,1.avi
3139,26,5.2,1027,1005,3282.141,0,0.0,1.avi
3140,26,5.2,237,643,1101.8037,0,0.0,1.avi
3141,26,5.2,896,931,1409.3275,0,0.0,1.avi
3142,26,5.2,250,557,2014.6873,0,0.0,1.avi
3143,26,5.2,716,844,1021.8533,0,0.0,1.avi
3144,26,5.2,12,212,1204.2366,0,0.0,1.avi
3145,26,5.2,58,796,14947.965,0,0.0,1.avi
3090,27,5.4,385,636,2940.5864,0,73.78644327286095,1.avi
3114,27,5.4,549,842,3902.481,0,219.3713366870496,1.avi
3146,27,5.4,1163,250,6734.319,0,0.0,1.avi
3147,27,5.4,83,404,2445.5034,0,0.0,1.avi
3148,27,5.4,736,33,1919.2955,0,0.0,1.avi
3149,27,5.4,1243,958,1080.0109,0,0.0,1.avi
3150,27,5.4,385,251,1441.8665,0,0.0,1.avi
3151,27,5.4,813,973,1475.9152,0,0.0,1.avi
3120,28,5.6,1062,623,870.1797,0,191.88430550413457,1.avi
3150,28,5.6,413,266,2615.5942,0,162.5628867200561,1.avi
3152,28,5.6,896,853,1386.0953,0,0.0,1.avi
3153,28,5.6,881,270,6501.8413,0,0.0,1.avi
3154,28,5.6,613,280,1577.3358,0,0.0,1.avi
3155,28,5.6,426,704,3010.1274,0,0.0,1.avi
3156,28,5.6,276,183,2797.164,0,0.0,1.avi
3157,28,5.6,196,831,8625.128,0,0.0,1.avi
3158,28,5.6,1234,708,1278.8572,0,0.0,1.avi
3136,29,5.8,734,262,2792.7454,0,182.43311761018555,1.avi
3152,29,5.8,911,822,961.34906,0,178.9321568799345,1.avi
3159,29,5.8,314,6,567.6485,0,0.0,1.avi
3160,29,5.8,324,385,2563.339,0,0.0,1.avi
3161,29,5.8,1124,142,2308.762,0,0.0,1.avi
3162,29,5.8,652,57,6279.406,0,0.0,1.avi
3163,29,5.8,658,308,4545.0825,0,0.0,1.avi
3163,30,6.0,650,317,2718.3584,0,57.152626266404354,1.avi
3164,30,6.0,752,898,1704.6477,0,0.0,1.avi
3165,30,6.0,1125,677,2023.4077,0,0.0,1.avi
3166,30,6.0,133,384,1918.4688,0,0.0,1.avi
3167,30,6.0,240,400,2725.3015,0,0.0,1.avi
3168,30,6.0,1184,528,49440.285,0,0.0,1.avi
3169,30,6.0,938,902,6123.7485,0,0.0,1.avi
3170,30,6.0,688,13,1493.537,0,0.0,1.avi
3135,31,6.2,530,780,2597.1897,0,136.7853930153151,1.avi
3151,31,6.2,784,955,1420.3387,0,170.17856907780208,1.avi
3171,31,6.2,862,558,26957.895,0,0.0,1.avi
3172,31,6.2,1158,903,2170.846,0,0.0,1.avi
3173,31,6.2,1072,222,1856.4658,0,0.0,1.avi
3174,31,6.2,519,206,3443.1785,0,0.0,1.avi
3139,32,6.4,1004,963,13377.615,0,239.39728858321035,1.avi
3145,32,6.4,62,801,3801.4463,0,31.33278482440956,1.avi
3147,32,6.4,54,403,985.64355,0,145.35365230142332,1.avi
3163,32,6.4,650,307,3892.4824,0,173.0499603223688,1.avi
3167,32,6.4,240,446,2317.8315,0,233.2562202706655,1.avi
3173,32,6.4,1083,192,6832.9976,0,162.02339208604891,1.avi
3175,32,6.4,1017,513,6830.5757,0,0.0,1.avi
3176,32,6.4,278,700,1779.7949,0,0.0,1.avi
3177,32,6.4,580,517,2385.9363,0,0.0,1.avi
3178,32,6.4,547,620,34594.695,0,0.0,1.avi
3158,33,6.6,1218,727,8065.002,0,126.04371131090434,1.avi
3161,33,6.6,1151,109,1795.6543,0,212.25317030326443,1.avi
3179,33,6.6,209,694,37174.85,0,0.0,1.avi
3180,33,6.6,736,603,1300.0648,0,0.0,1.avi
3181,33,6.6,824,702,1657.2867,0,0.0,1.avi
3182,33,6.6,124,282,3226.4478,0,0.0,1.avi
3183,33,6.6,886,945,1358.0624,0,0.0,1.avi
3153,34,6.8,850,268,6511.648,0,155.91220586365333,1.avi
3173,34,6.8,1132,107,3977.437,0,127.79474459287252,1.avi
3176,34,6.8,304,679,4075.9429,0,165.64489152008298,1.avi
3184,34,6.8,292,532,1823.3862,0,0.0,1.avi
3185,34,6.8,229,175,1725.8446,0,0.0,1.avi
3186,34,6.8,107,688,5249.507,0,0.0,1.avi
3161,35,7.0,1128,135,1735.1487,0,238.1875753392625,1.avi
3163,35,7.0,636,330,3324.8105,0,231.6436220800597,1.avi
3174,35,7.0,517,161,1612.62,0,221.5402749772,1.avi
3175,35,7.0,1058,530,1512.1001,0,225.0938738037616,1.avi
3184,35,7.0,331,515,2290.3774,0,214.12175177578564,1.avi
3187,35,7.0,1262,332,1611.315,0,0.0,1.avi
3188,35,7.0,212,799,1947.1338,0,0.0,1.avi
3181,36,7.2,810,701,14153.797,0,72.41798832436974,1.avi
3187,36,7.2,1271,299,794.779,0,170.11008120233677,1.avi
3189,36,7.2,598,943,2525.6528,0,0.0,1.avi
3190,36,7.2,434,234,2442.3608,0,0.0,1.avi
3191,36,7.2,540,709,1714.8683,0,0.0,1.avi
3161,37,7.4,1060,186,2681.2622,0,245.86911086211708,1.avi
3192,37,7.4,928,37,1971.4156,0,0.0,1.avi
3193,37,7.4,1031,963,3210.1738,0,0.0,1.avi
3194,37,7.4,672,198,1912.9015,0,0.0,1.avi
3195,37,7.4,764,213,1786.2078,0,0.0,1.avi
3196,37,7.4,110,522,2060.9211,0,0.0,1.avi
3175,38,7.6,1108,540,1320.9282,0,52.30970571217871,1.avi
3176,38,7.6,424,626,1927.3809,0,198.3250704954596,1.avi
3195,38,7.6,770,233,1015.9021,0,102.90611573258654,1.avi
3197,38,7.6,707,295,3005.0022,0,0.0,1.avi
3198,38,7.6,26,905,3287.652,0,0.0,1.avi
3199,38,7.6,352,890,1394.5271,0,0.0,1.avi
3200,38,7.6,770,163,1102.5172,0,0.0,1.avi
3201,38,7.6,625,268,2187.5828,0,0.0,1.avi
3153,39,7.8,824,233,2495.344,0,167.7131653339443,1.avi
3189,39,7.8,585,939,1572.2062,0,65.49477806938035,1.avi
3202,39,7.8,1028,490,2399.9224,0,0.0,1.avi
3203,39,7.8,654,856,1113.5892,0,0.0,1.avi
3204,39,7.8,258,402,1227.7982,0,0.0,1.avi
3205,40,8.0,1158,894,3542.5747,0,0.0,1.avi
3206,40,8.0,106,896,4445.77,0,0.0,1.avi
3207,40,8.0,641,798,3837.6077,0,0.0,1.avi
3208,40,8.0,916,150,2399.7556,0,0.0,1.avi
3181,41,8.2,745,699,5344.383,0,140.7452189992883,1.avi
3194,41,8.2,657,153,7451.5596,0,238.817281450547,1.avi
3203,41,8.2,635,844,4749.612,0,115.0730452210298,1.avi
3207,41,8.2,642,755,2961.0076,0,216.32142586674533,1.avi
3209,41,8.2,406,806,9812.723,0,0.0,1.avi
3210,41,8.2,1115,799,2759.2915,0,0.0,1.avi
3211,41,8.2,603,1004,2904.3464,0,0.0,1.avi
3212,41,8.2,1064,128,5380.757,0,0.0,1.avi
3213,41,8.2,999,893,1656.7183,0,0.0,1.avi
3214,41,8.2,668,336,5431.6357,0,0.0,1.avi
3175,42,8.4,1221,540,2869.9607,0,156.68058549794355,1.avi
3192,42,8.4,964,13,1233.4288,0,215.96821013574944,1.avi
3199,42,8.4,364,890,5687.5303,0,60.39068311565732,1.avi
3209,42,8.4,413,830,2650.4604,0,128.85007827412858,1.avi
3215,42,8.4,1034,677,19830.805,0,0.0,1.avi
3216,42,8.4,244,892,8985.86,0,0.0,1.avi
3217,42,8.4,1033,205,2254.4197,0,0.0,1.avi
3218,42,8.4,803,308,2459.4463,0,0.0,1.avi
3219,42,8.4,932,915,836.563,0,0.0,1.avi
3220,42,8.4,1159,945,1437.5554,0,0.0,1.avi
3221,42,8.4,356,550,1191.2915,0,0.0,1.avi
3222,42,8.4,351,54,2369.5,0,0.0,1.avi
3203,43,8.6,667,837,19683.59,0,262.6862616913773,1.avi
3223,43,8.6,48,365,1464.6198,0,0.0,1.avi
3224,43,8.6,847,771,2847.7354,0,0.0,1.avi
3225,43,8.6,595,177,1577.7626,0,0.0,1.avi
3226,44,8.8,220,247,4256.4478,0,0.0,1.avi
3181,45,9.0,704,696,1462.093,0,28.186943011492797,1.avi
3227,45,9.0,927,227,1692.9038,0,0.0,1.avi
3228,45,9.0,940,981,3870.2192,0,0.0,1.avi
3229,45,9.0,770,647,3064.4622,0,0.0,1.avi
3230,45,9.0,20,558,1911.7736,0,0.0,1.avi
3231,45,9.0,651,940,4079.8687,0,0.0,1.avi
3232,45,9.0,1145,76,21397.791,0,0.0,1.avi
3233,45,9.0,636,377,2384.6772,0,0.0,1.avi
3216,46,9.2,229,913,3089.0488,0,126.06495304024796,1.avi
3234,46,9.2,269,1007,2896.5916,0,0.0,1.avi
3235,46,9.2,203,753,3082.4421,0,0.0,1.avi
3236,46,9.2,1085,982,2993.535,0,0.0,1.avi
3237,46,9.2,1231,383,18927.54,0,0.0,1.avi
3238,46,9.2,1018,768,2917.8086,0,0.0,1.avi
3225,47,9.4,622,164,1613.9657,0,152.55192851862665,1.avi
3239,47,9.4,974,394,36458.4,0,0.0,1.avi
3240,47,9.4,561,844,1348.7031,0,0.0,1.avi
3241,47,9.4,979,557,1794.9368,0,0.0,1.avi
3242,47,9.4,1078,271,3088.6167,0,0.0,1.avi
3243,47,9.4,435,956,5128.755,0,0.0,1.avi
3244,47,9.4,1208,618,1703.9681,0,0.0,1.avi
3245,47,9.4,475,436,1507.8569,0,0.0,1.avi
3181,48,9.6,663,695,2076.4888,0,78.84352825408506,1.avi
3225,48,9.6,623,192,1559.197,0,169.47243834540734,1.avi
3233,48,9.6,639,410,40208.11,0,165.63110117032485,1.avi
3234,48,9.6,315,1004,2023.1428,0,226.9875033340887,1.avi
3246,48,9.6,530,242,6662.0938,0,0.0,1.avi
3247,48,9.6,907,60,2136.0208,0,0.0,1.avi
3248,48,9.6,1257,645,2943.8813,0,0.0,1.avi
3249,48,9.6,744,801,1946.8228,0,0.0,1.avi
3237,49,9.8,1239,454,4490.874,0,356.42678691226433,1.avi
3243,49,9.8,397,945,3147.5686,0,196.4717540067641,1.avi
3250,49,9.8,310,418,40842.297,0,0.0,1.avi
3251,49,9.8,1122,228,1073.944,0,0.0,1.avi
3252,49,9.8,69,146,3875.241,0,0.0,1.avi
3253,49,9.8,1195,518,1429.8905,0,0.0,1.avi
3254,49,9.8,513,686,2917.5618,0,0.0,1.avi
3255,49,9.8,1033,210,1135.7087,0,0.0,1.avi
3256,49,9.8,777,199,1596.2078,0,0.0,1.avi
3257,49,9.8,564,515,1398.106,0,0.0,1.avi
3258,50,10.0,823,554,8824.716,0,0.0,1.avi
3259,50,10.0,450,826,2028.4882,0,0.0,1.avi
3260,50,10.0,167,664,1723.9745,0,0.0,1.avi
3261,50,10.0,226,696,2413.7844,0,0.0,1.avi
3262,50,10.0,451,532,1540.5518,0,0.0,1.avi
3263,50,10.0,45,1005,2706.364,0,0.0,1.avi
3264,50,10.0,362,119,1658.1422,0,0.0,1.avi
3265,50,10.0,56,437,23362.395,0,0.0,1.avi
3266,50,10.0,845,133,2971.8096,0,0.0,1.avi
3267,50,10.0,1100,25,2419.2842,0,0.0,1.avi
3268,51,10.2,25,286,2833.8074,0,0.0,1.avi
3269,51,10.2,1139,592,5895.93,0,0.0,1.avi
3270,51,10.2,603,1017,796.0266,0,0.0,1.avi
3271,51,10.2,854,790,1179.6252,0,0.0,1.avi
3245,52,10.4,504,404,1185.1342,0,213.0703721137193,1.avi
3266,52,10.4,832,139,1192.4982,0,72.39451348936385,1.avi
3272,52,10.4,777,38,6021.3164,0,0.0,1.avi
3273,52,10.4,767,297,6053.504,0,0.0,1.avi
3274,52,10.4,208,606,2777.2366,0,0.0,1.avi
3275,52,10.4,549,392,3173.7954,0,0.0,1.avi
3276,52,10.4,822,948,3455.9976,0,0.0,1.avi
3277,52,10.4,427,111,1759.6622,0,0.0,1.avi
3278,52,10.4,1135,967,5958.758,0,0.0,1.avi
3279,52,10.4,725,580,2038.251,0,0.0,1.avi
3280,52,10.4,159,397,5188.64,0,0.0,1.avi
3281,52,10.4,895,462,1580.0322,0,0.0,1.avi
3252,53,10.6,70,156,2077.4248,0,51.36813034487079,1.avi
3279,53,10.6,729,537,4447.283,0,215.6603163290346,1.avi
3280,53,10.6,190,376,911.7378,0,187.83676206481496,1.avi
3282,53,10.6,200,863,7898.8594,0,0.0,1.avi
3283,53,10.6,848,875,2023.871,0,0.0,1.avi
3284,53,10.6,544,595,3080.211,0,0.0,1.avi
3285,53,10.6,569,6,512.33795,0,0.0,1.avi
3286,53,10.6,280,770,1594.5463,0,0.0,1.avi
3287,53,10.6,158,315,5249.5376,0,0.0,1.avi
3288,53,10.6,1227,188,2429.4414,0,0.0,1.avi
3289,53,10.6,394,327,7992.64,0,0.0,1.avi
3248,54,10.8,1264,680,1925.572,0,178.0626711014839,1.avi
3253,54,10.8,1215,510,5372.821,0,109.96447134522327,1.avi
3259,54,10.8,422,793,896.73975,0,215.26481190698087,1.avi
3261,54,10.8,203,714,1485.3716,0,145.29075616148532,1.avi
3264,54,10.8,387,91,2984.5383,0,188.27949693769685,1.avi
3285,54,10.8,609,19,2971.8748,0,209.2765936752403,1.avi
3289,54,10.8,360,355,2315.543,0,221.7621887971964,1.avi
3290,54,10.8,1195,248,4294.3594,0,0.0,1.avi
3291,54,10.8,1154,874,2001.2955,0,0.0,1.avi
3292,54,10.8,739,91,2498.0474,0,0.0,1.avi
3293,54,10.8,876,6,368.3451,0,0.0,1.avi
3294,54,10.8,726,849,2772.036,0,0.0,1.avi
3295,54,10.8,463,880,5874.814,0,0.0,1.avi
3296,54,10.8,727,13,1406.4996,0,0.0,1.avi
3262,55,11.0,438,531,1243.4717,0,63.648192941248304,1.avi
3276,55,11.0,823,943,3511.6055,0,25.05668301333066,1.avi
3283,55,11.0,863,898,4171.005,0,136.99420790546174,1.avi
3297,55,11.0,470,34,3287.9875,0,0.0,1.avi
3298,55,11.0,683,574,2665.1755,0,0.0,1.avi
3299,55,11.0,1156,327,3607.0466,0,0.0,1.avi
3300,55,11.0,515,197,807.80457,0,0.0,1.avi
3301,55,11.0,398,649,1973.4305,0,0.0,1.avi
3302,55,11.0,125,360,2902.1494,0,0.0,1.avi
3263,56,11.2,28,997,2981.101,0,96.41811687533703,1.avi
3278,56,11.2,1125,978,2143.8135,0,72.88690589023838,1.avi
3297,56,11.2,445,33,4163.556,0,126.6748311675106,1.avi
3303,56,11.2,658,918,2232.7593,0,0.0,1.avi
3304,56,11.2,353,334,3830.707,0,0.0,1.avi
3305,56,11.2,553,954,1341.692,0,0.0,1.avi
3306,56,11.2,1081,100,2585.1357,0,0.0,1.avi
3307,57,11.4,133,437,2887.753,0,0.0,1.avi
3308,57,11.4,510,1003,1619.9247,0,0.0,1.avi
3309,57,11.4,475,811,1393.5807,0,0.0,1.avi
3310,57,11.4,989,142,3977.5757,0,0.0,1.avi
3311,57,11.4,978,1013,1023.5188,0,0.0,1.avi
3312,57,11.4,1267,435,1409.4482,0,0.0,1.avi
3313,57,11.4,717,269,3175.9363,0,0.0,1.avi
3314,57,11.4,398,303,3302.2136,0,0.0,1.avi
3274,58,11.6,188,611,1996.1843,0,105.69114724182704,1.avi
3315,58,11.6,893,664,6436.9634,0,0.0,1.avi
3316,58,11.6,348,221,4256.8496,0,0.0,1.avi
3317,58,11.6,783,464,4970.8374,0,0.0,1.avi
3318,58,11.6,204,78,6393.4736,0,0.0,1.avi
3295,59,11.8,511,875,1041.7832,0,243.57512513962408,1.avi
3297,59,11.8,371,39,2024.3569,0,236.7483926959152,1.avi
3302,59,11.8,107,344,1826.112,0,118.88007826263711,1.avi
3305,59,11.8,567,922,1124.7341,0,174.386576341755,1.avi
3311,59,11.8,988,1015,1153.7734,0,50.4975467467896,1.avi
3319,59,11.8,1260,861,3017.4248,0,0.0,1.avi
3320,59,11.8,225,711,2953.398,0,0.0,1.avi
3321,59,11.8,642,148,2789.6514,0,0.0,1.avi
3322,59,11.8,916,895,1927.8243,0,0.0,1.avi
3323,59,11.8,460,437,2042.7787,0,0.0,1.avi
3324,59,11.8,156,184,4318.9526,0,0.0,1.avi
3248,60,12.0,1265,727,1461.7717,0,62.62775806080434,1.avi
3295,60,12.0,537,891,1813.324,0,156.9874174865662,1.avi
3311,60,12.0,993,991,2670.6682,0,135.25087980334143,1.avi
3325,60,12.0,646,80,7073.7754,0,0.0,1.avi
3326,60,12.0,366,509,2529.9219,0,0.0,1.avi
3327,60,12.0,548,415,10660.258,0,0.0,1.avi
3328,60,12.0,1178,962,2990.8162,0,0.0,1.avi
3329,60,12.0,336,156,2134.4744,0,0.0,1.avi
3299,61,12.2,1185,365,1660.649,0,238.5132725476943,1.avi
3321,61,12.2,667,187,3385.8691,0,230.084926564599,1.avi
3330,61,12.2,1252,349,4310.5767,0,0.0,1.avi
3331,61,12.2,599,243,2670.015,0,0.0,1.avi
3332,61,12.2,620,579,3639.2224,0,0.0,1.avi
3333,61,12.2,190,541,3006.9421,0,0.0,1.avi
3334,61,12.2,976,772,1748.0419,0,0.0,1.avi
3274,62,12.4,189,618,3935.6443,0,63.51521476109305,1.avi
3302,62,12.4,104,319,3182.3616,0,79.68298642531094,1.avi
3304,62,12.4,322,319,2384.5054,0,172.2896120710867,1.avi
3326,62,12.4,378,510,2256.1382,0,56.73973087717554,1.avi
3335,62,12.4,1105,856,4586.4707,0,0.0,1.avi
3336,62,12.4,478,894,1675.174,0,0.0,1.avi
3337,62,12.4,694,752,1456.7593,0,0.0,1.avi
3338,62,12.4,1192,883,2891.6562,0,0.0,1.avi
3339,62,12.4,1052,792,2261.0012,0,0.0,1.avi
3340,62,12.4,1262,229,2015.107,0,0.0,1.avi
3341,62,12.4,264,127,892.01514,0,0.0,1.avi
3342,62,12.4,1184,274,1507.3782,0,0.0,1.avi
3319,63,12.6,1273,905,440.1726,0,230.9466440048556,1.avi
3321,63,12.6,731,228,2936.9204,0,203.1437049450344,1.avi
3323,63,12.6,461,430,856.9811,0,33.939729069215126,1.avi
3327,63,12.6,561,453,1483.9023,0,198.94688619525695,1.avi
3334,63,12.6,978,735,4225.42,0,187.49516693706065,1.avi
3343,63,12.6,271,208,4901.2817,0,0.0,1.avi
3344,63,12.6,697,631,3358.6714,0,0.0,1.avi
3345,63,12.6,1257,488,2295.1372,0,0.0,1.avi
3302,64,12.8,148,319,2244.8452,0,241.1146047917695,1.avi
3330,64,12.8,1214,344,2373.6333,0,192.3584682223845,1.avi
3346,64,12.8,1260,973,1470.0591,0,0.0,1.avi
3347,64,12.8,524,280,1510.4257,0,0.0,1.avi
3348,64,12.8,254,22,2660.445,0,0.0,1.avi
3334,65,13.0,1017,696,1731.394,0,187.2762555375272,1.avi
3349,65,13.0,269,417,5298.169,0,0.0,1.avi
3350,65,13.0,729,98,2650.033,0,0.0,1.avi
3351,65,13.0,800,25,2630.001,0,0.0,1.avi
3352,65,13.0,1200,1006,2426.473,0,0.0,1.avi
3353,65,13.0,853,279,2891.378,0,0.0,1.avi
3354,65,13.0,980,239,4350.401,0,0.0,1.avi
3331,66,13.2,562,211,2357.008,0,245.77209027030509,1.avi
3349,66,13.2,242,385,3042.9453,0,210.13041353470044,1.avi
3355,66,13.2,1078,154,6623.5474,0,0.0,1.avi
3356,66,13.2,574,832,4897.776,0,0.0,1.avi
3357,66,13.2,400,230,1709.5674,0,0.0,1.avi
3358,66,13.2,442,103,1895.7439,0,0.0,1.avi
3359,66,13.2,98,984,5624.167,0,0.0,1.avi
3360,66,13.2,961,426,7130.571,0,0.0,1.avi
3274,67,13.4,203,589,938.0747,0,214.27849861472416,1.avi
3302,67,13.4,219,298,9910.404,0,175.62411758083363,1.avi
3341,67,13.4,285,99,8365.439,0,176.24638786207032,1.avi
3354,67,13.4,980,192,821.7112,0,234.01151410359608,1.avi
3361,67,13.4,211,698,5359.69,0,0.0,1.avi
3362,67,13.4,44,725,9930.395,0,0.0,1.avi
3363,67,13.4,746,277,1573.1257,0,0.0,1.avi
3364,67,13.4,245,471,2226.1018,0,0.0,1.avi
3365,67,13.4,1155,838,8826.474,0,0.0,1.avi
3350,68,13.6,747,67,771.3086,0,181.89929885969556,1.avi
3353,68,13.6,858,328,4675.3364,0,243.7646305321556,1.avi
3365,68,13.6,1173,855,1313.956,0,125.82050811152216,1.avi
3366,68,13.6,172,523,7212.5146,0,0.0,1.avi
3367,68,13.6,639,548,4245.6826,0,0.0,1.avi
3368,68,13.6,1186,340,1010.1159,0,0.0,1.avi
3369,68,13.6,1095,380,896.9064,0,0.0,1.avi
3370,68,13.6,1139,1015,1105.0299,0,0.0,1.avi
3351,69,13.8,839,21,1775.5801,0,195.2076788585279,1.avi
3371,69,13.8,727,1008,1286.9797,0,0.0,1.avi
3372,69,13.8,1139,196,1215.7357,0,0.0,1.avi
3373,69,13.8,214,165,1818.59,0,0.0,1.avi
3374,69,13.8,52,308,2108.9185,0,0.0,1.avi
3375,69,13.8,517,880,7101.9565,0,0.0,1.avi
3376,70,14.0,1034,484,3264.001,0,0.0,1.avi
3377,70,14.0,478,657,2262.3223,0,0.0,1.avi
3378,70,14.0,722,653,4276.3438,0,0.0,1.avi
3379,70,14.0,751,803,3330.1477,0,0.0,1.avi
3380,70,14.0,857,568,2998.3936,0,0.0,1.avi
3381,70,14.0,353,75,1714.6699,0,0.0,1.avi
3382,70,14.0,721,928,2749.4575,0,0.0,1.avi
3383,70,14.0,742,420,2215.768,0,0.0,1.avi
3384,70,14.0,201,20,3309.811,0,0.0,1.avi
3385,70,14.0,729,975,995.0683,0,0.0,1.avi
3331,71,14.2,518,226,2982.3906,0,247.4023501480294,1.avi
3364,71,14.2,261,441,960.95544,0,172.56266116080258,1.avi
3369,71,14.2,1098,405,3858.2832,0,124.49379776891222,1.avi
3377,71,14.2,477,624,5303.0063,0,164.4752523613072,1.avi
3386,71,14.2,796,56,3368.452,0,0.0,1.avi
3387,71,14.2,1248,779,1451.3287,0,0.0,1.avi
3388,71,14.2,373,925,2268.9436,0,0.0,1.avi
3389,71,14.2,1027,429,2234.5771,0,0.0,1.avi
3390,71,14.2,900,511,5412.95,0,0.0,1.avi
3357,72,14.4,398,248,3034.7598,0,90.6485528646883,1.avi
3361,72,14.4,207,666,4515.2925,0,163.9106417392542,1.avi
3391,72,14.4,957,231,5097.341,0,0.0,1.avi
3392,72,14.4,811,778,3236.7092,0,0.0,1.avi
3393,72,14.4,821,914,1502.0078,0,0.0,1.avi
3394,72,14.4,381,494,755.41364,0,0.0,1.avi
3395,72,14.4,997,358,1005.47424,0,0.0,1.avi
3396,72,14.4,1121,575,5509.356,0,0.0,1.avi
3397,72,14.4,1250,442,2979.886,0,0.0,1.avi
3378,73,14.6,746,678,5815.571,0,170.52887849408742,1.avi
3394,73,14.6,390,470,1304.6254,0,128.0880870763962,1.avi
3398,73,14.6,219,307,2994.7327,0,0.0,1.avi
3399,73,14.6,716,614,3178.0278,0,0.0,1.avi
3400,73,14.6,627,65,1354.4613,0,0.0,1.avi
3401,73,14.6,1170,759,3484.9678,0,0.0,1.avi
3402,73,14.6,387,602,2497.5227,0,0.0,1.avi
3403,73,14.6,561,654,2263.2114,0,0.0,1.avi
3404,73,14.6,957,1010,1161.2277,0,0.0,1.avi
3405,73,14.6,432,865,5080.624,0,0.0,1.avi
3406,73,14.6,191,751,1629.6476,0,0.0,1.avi
3366,74,14.8,142,535,1654.7847,0,160.43842930077878,1.avi
3382,74,14.8,758,929,1366.6581,0,186.3914101170232,1.avi
3392,74,14.8,806,743,1822.0903,0,176.15979300306776,1.avi
3407,74,14.8,545,723,1110.0042,0,0.0,1.avi
3408,74,14.8,75,929,1696.0745,0,0.0,1.avi
3409,74,14.8,352,794,6214.387,0,0.0,1.avi
3410,74,14.8,611,500,2753.9602,0,0.0,1.avi
3411,74,14.8,360,982,9959.817,0,0.0,1.avi
3377,75,15.0,436,386,9066.893,0,194.60554508751844,1.avi
3392,75,15.0,791,760,3867.0205,0,176.86678321250358,1.avi
3399,75,15.0,680,586,790.02124,0,230.93365428113773,1.avi
3403,75,15.0,563,613,1682.0702,0,206.62510610731945,1.avi
3412,75,15.0,713,253,9410.003,0,0.0,1.avi
3413,75,15.0,1206,667,2163.455,0,0.0,1.avi
3414,75,15.0,795,9,1041.4211,0,0.0,1.avi
3415,75,15.0,14,300,1475.1683,0,0.0,1.avi
3416,75,15.0,447,476,2132.6926,0,0.0,1.avi
3417,75,15.0,721,878,1093.5105,0,0.0,1.avi
3418,75,15.0,440,307,1177.7449,0,0.0,1.avi
3388,76,15.2,333,898,5152.616,0,242.635207533314,1.avi
3391,76,15.2,998,227,1008.4131,0,204.50257991671825,1.avi
3419,76,15.2,1062,938,1576.3975,0,0.0,1.avi
3420,76,15.2,626,333,2096.2322,0,0.0,1.avi
3391,77,15.4,985,228,836.2142,0,95.74363998805951,1.avi
3404,77,15.4,965,997,3136.515,0,76.98156523103897,1.avi
3412,77,15.4,704,210,1543.3818,0,217.7459206600637,1.avi
3414,77,15.4,760,11,1282.0579,0,174.37722237327642,1.avi
3415,77,15.4,26,348,3477.3518,0,249.9134642002248,1.avi
3417,77,15.4,702,901,3952.2441,0,152.7899655942125,1.avi
3421,77,15.4,142,640,1239.3267,0,0.0,1.avi
3422,77,15.4,933,227,1746.179,0,0.0,1.avi
3404,78,15.6,954,1009,2156.4834,0,98.1110563178369,1.avi
3405,78,15.6,471,873,1554.6042,0,194.6211829837519,1.avi
3408,78,15.6,84,930,1946.7151,0,46.08896441192518,1.avi
3423,78,15.6,1233,114,8148.5903,0,0.0,1.avi
3424,78,15.6,592,158,6443.396,0,0.0,1.avi
3425,78,15.6,863,413,1918.0319,0,0.0,1.avi
3426,78,15.6,883,767,2341.2578,0,0.0,1.avi
3427,78,15.6,289,327,1750.0094,0,0.0,1.avi
3428,78,15.6,1095,490,3157.8882,0,0.0,1.avi
3429,78,15.6,198,556,1319.299,0,0.0,1.avi
3430,78,15.6,64,407,2815.1753,0,0.0,1.avi
3401,79,15.8,1194,728,2610.9182,0,199.42984387219076,1.avi
3402,79,15.8,341,583,1950.2837,0,248.91571154515609,1.avi
3406,79,15.8,152,782,12785.563,0,249.54846453279876,1.avi
3413,79,15.8,1183,678,931.1018,0,130.44227863926278,1.avi
3419,79,15.8,1084,950,5005.757,0,121.96583234338196,1.avi
3431,79,15.8,688,269,6941.0166,0,0.0,1.avi
3432,79,15.8,470,89,1543.212,0,0.0,1.avi
3433,79,15.8,37,513,2229.233,0,0.0,1.avi
3434,79,15.8,1118,220,1328.8109,0,0.0,1.avi
3435,79,15.8,243,931,7354.364,0,0.0,1.avi
3436,79,15.8,212,9,862.24426,0,0.0,1.avi
3437,79,15.8,334,735,2098.1729,0,0.0,1.avi
3405,80,16.0,450,901,1308.6328,0,198.05008751452252,1.avi
3413,80,16.0,1162,656,1406.6648,0,173.27288132755692,1.avi
3438,80,16.0,174,245,11369.195,0,0.0,1.avi
3439,80,16.0,146,426,7331.7993,0,0.0,1.avi
3440,80,16.0,890,664,2771.0105,0,0.0,1.avi
3441,80,16.0,651,738,2228.2324,0,0.0,1.avi
3442,80,16.0,314,214,2893.2834,0,0.0,1.avi
3438,81,16.2,171,283,1410.873,0,194.39117826831392,1.avi
3443,81,16.2,481,365,1746.8237,0,0.0,1.avi
3444,81,16.2,1196,413,1812.5698,0,0.0,1.avi
3445,81,16.2,781,15,991.94855,0,0.0,1.avi
3446,81,16.2,631,55,1298.3225,0,0.0,1.avi
3447,81,16.2,1090,24,6374.0513,0,0.0,1.avi
3448,81,16.2,686,395,1748.6744,0,0.0,1.avi
3449,81,16.2,920,4,235.44649,0,0.0,1.avi
3450,81,16.2,517,286,2151.2285,0,0.0,1.avi
3402,82,16.4,348,577,940.40643,0,103.66096168887624,1.avi
3429,82,16.4,162,534,1723.0123,0,209.3854067837403,1.avi
3446,82,16.4,674,55,13287.124,0,220.4666527213012,1.avi
3451,82,16.4,860,136,2313.8347,0,0.0,1.avi
3452,82,16.4,939,105,2594.747,0,0.0,1.avi
3453,82,16.4,461,281,1427.6543,0,0.0,1.avi
3454,82,16.4,1220,614,1687.3683,0,0.0,1.avi
3414,83,16.6,495,31,1276.8983,0,141.82437961895755,1.avi
3415,83,16.6,138,707,2044.2373,0,212.14824974014135,1.avi
3432,83,16.6,453,122,2755.9707,0,186.6336351845548,1.avi
3447,83,16.6,1134,4,385.89404,0,243.32063788727044,1.avi
3449,83,16.6,898,14,1511.9854,0,120.60929095275044,1.avi
3455,83,16.6,1029,810,11301.0625,0,0.0,1.avi
3456,83,16.6,260,109,16803.162,0,0.0,1.avi
3457,83,16.6,850,244,10219.531,0,0.0,1.avi
3458,83,16.6,752,642,1312.0568,0,0.0,1.avi
3459,83,16.6,1247,890,2986.5212,0,0.0,1.avi
3460,83,16.6,1260,617,1663.9001,0,0.0,1.avi
3461,83,16.6,593,406,1159.4796,0,0.0,1.avi
3462,83,16.6,308,6,566.3418,0,0.0,1.avi
3430,84,16.8,65,417,1308.9194,0,51.06312944975041,1.avi
3459,84,16.8,1216,908,2113.5786,0,180.1302346584433,1.avi
3463,84,16.8,507,956,11728.701,0,0.0,1.avi
3464,84,16.8,383,169,3340.4626,0,0.0,1.avi
3465,84,16.8,554,806,7101.3716,0,0.0,1.avi
3466,84,16.8,944,208,2728.5444,0,0.0,1.avi
3467,84,16.8,194,698,3399.1763,0,0.0,1.avi
3468,84,16.8,1228,197,891.0364,0,0.0,1.avi
3469,84,16.8,449,1011,1302.864,0,0.0,1.avi
3470,84,16.8,1054,137,2264.2896,0,0.0,1.avi
3471,84,16.8,426,372,12353.617,0,0.0,1.avi
3413,85,17.0,899,398,1419.4385,0,115.22529301374692,1.avi
3433,85,17.0,28,501,6189.8833,0,79.05138710298299,1.avi
3437,85,17.0,346,745,757.99634,0,78.85427741049662,1.avi
3443,85,17.0,499,362,1415.9432,0,95.22703592796393,1.avi
3450,85,17.0,509,259,2697.4058,0,144.00525324569634,1.avi
3462,85,17.0,280,11,1009.6424,0,142.74983465194853,1.avi
3467,85,17.0,187,677,3987.096,0,114.2952391846523,1.avi
3471,85,17.0,403,405,1589.9316,0,202.4911323552863,1.avi
3472,85,17.0,572,464,5075.2476,0,0.0,1.avi
3473,85,17.0,780,939,1963.803,0,0.0,1.avi
3474,85,17.0,1180,867,2162.865,0,0.0,1.avi
3475,85,17.0,163,889,1042.1957,0,0.0,1.avi
3476,85,17.0,1134,550,3177.2786,0,0.0,1.avi
3477,85,17.0,1088,471,1781.2166,0,0.0,1.avi
3478,85,17.0,297,854,2155.1858,0,0.0,1.avi
3479,85,17.0,1157,495,3099.082,0,0.0,1.avi
3413,86,17.2,869,360,1859.3506,0,145.04936099315714,1.avi
3414,86,17.2,416,88,1134.143,0,249.80321129881776,1.avi
3429,86,17.2,114,507,965.68054,0,64.8408513057247,1.avi
3466,86,17.2,917,171,6187.483,0,230.6681246410421,1.avi
3480,86,17.2,260,204,2401.2922,0,0.0,1.avi
3481,86,17.2,817,430,1809.6476,0,0.0,1.avi
3482,86,17.2,896,515,2435.4543,0,0.0,1.avi
3483,86,17.2,1187,999,1359.3931,0,0.0,1.avi
3484,86,17.2,649,440,1427.1398,0,0.0,1.avi
3485,86,17.2,761,550,2693.344,0,0.0,1.avi
3486,86,17.2,525,104,1574.2877,0,0.0,1.avi
3487,86,17.2,689,950,1073.6666,0,0.0,1.avi
3488,86,17.2,699,72,1458.2214,0,0.0,1.avi
3489,86,17.2,1265,331,1640.7279,0,0.0,1.avi
3443,87,17.4,515,391,2014.0236,0,157.8239017239281,1.avi
3453,87,17.4,469,252,930.5903,0,148.4263964730507,1.avi
3474,87,17.4,1167,826,3046.772,0,213.7497760049304,1.avi
3477,87,17.4,1078,475,1967.3289,0,50.64255381017941,1.avi
3490,87,17.4,604,337,2566.7188,0,0.0,1.avi
3491,87,17.4,637,1012,1098.1818,0,0.0,1.avi
3492,87,17.4,46,246,1491.0334,0,0.0,1.avi
3493,87,17.4,779,466,3845.7092,0,0.0,1.avi
3494,87,17.4,805,587,2951.34,0,0.0,1.avi
3464,88,17.6,376,143,1605.5336,0,132.59506312985323,1.avi
3465,88,17.6,574,807,2940.1372,0,98.3201564512693,1.avi
3469,88,17.6,444,1020,208.38855,0,50.7463365487263,1.avi
3473,88,17.6,798,904,10776.71,0,196.5914434182801,1.avi
3495,88,17.6,974,942,2369.146,0,0.0,1.avi
3496,88,17.6,516,336,1601.8872,0,0.0,1.avi
3497,88,17.6,300,608,3616.4373,0,0.0,1.avi
3498,88,17.6,1142,303,904.8831,0,0.0,1.avi
3499,88,17.6,389,399,803.61176,0,0.0,1.avi
3500,88,17.6,1108,8,720.3957,0,0.0,1.avi
3501,88,17.6,498,730,1354.4055,0,0.0,1.avi
3502,88,17.6,1076,873,2169.903,0,0.0,1.avi
3503,88,17.6,585,985,4761.534,0,0.0,1.avi
3413,89,17.8,718,128,1586.0612,0,143.8890824947254,1.avi
3449,89,17.8,774,107,1060.3433,0,182.09582285357976,1.avi
3474,89,17.8,1133,801,2271.5447,0,127.9099275532628,1.avi
3478,89,17.8,265,865,1325.3181,0,171.1024562311282,1.avi
3479,89,17.8,1182,517,3899.9604,0,164.36052213896653,1.avi
3485,89,17.8,729,540,1319.0344,0,168.9399799390111,1.avi
3494,89,17.8,808,557,1135.5068,0,148.82421921563557,1.avi
3504,89,17.8,1228,906,6065.6685,0,0.0,1.avi
3505,89,17.8,197,737,2661.5205,0,0.0,1.avi
3506,89,17.8,511,638,2110.1025,0,0.0,1.avi
3507,89,17.8,376,538,1232.5928,0,0.0,1.avi
3508,89,17.8,194,481,753.5497,0,0.0,1.avi
3509,89,17.8,1130,907,2446.3625,0,0.0,1.avi
3510,89,17.8,659,496,708.9614,0,0.0,1.avi
3511,89,17.8,621,265,778.3803,0,0.0,1.avi
3512,89,17.8,1013,368,1666.1857,0,0.0,1.avi
3513,89,17.8,1032,739,1879.8247,0,0.0,1.avi
3514,89,17.8,789,220,1159.1018,0,0.0,1.avi
3515,89,17.8,105,444,3203.1492,0,0.0,1.avi
3516,89,17.8,630,957,1760.2869,0,0.0,1.avi
3473,90,18.0,770,881,3675.8145,0,192.06439144818364,1.avi
3495,90,18.0,944,968,6619.9116,0,200.6721849584027,1.avi
3499,90,18.0,414,400,1412.7974,0,127.90731877795731,1.avi
3502,90,18.0,1082,875,2671.23,0,31.345980138919582,1.avi
3504,90,18.0,1201,935,3192.1804,0,196.75615870401944,1.avi
3506,90,18.0,486,645,1926.7521,0,131.39607048323873,1.avi
3514,90,18.0,761,239,6040.4727,0,172.9560471026263,1.avi
3517,90,18.0,898,268,6951.6646,0,0.0,1.avi
3518,90,18.0,121,701,3071.0437,0,0.0,1.avi
3519,90,18.0,623,839,1944.959,0,0.0,1.avi
3520,90,18.0,1243,596,1123.9424,0,0.0,1.avi
3521,90,18.0,267,273,1260.6528,0,0.0,1.avi
3522,90,18.0,1126,191,3374.367,0,0.0,1.avi
3523,90,18.0,1057,1015,973.756,0,0.0,1.avi
3524,90,18.0,694,143,1158.0411,0,0.0,1.avi
3525,90,18.0,1175,771,1330.9415,0,0.0,1.avi
3526,90,18.0,829,609,2183.3274,0,0.0,1.avi
3527,90,18.0,965,654,1515.908,0,0.0,1.avi
3528,90,18.0,498,153,665.2901,0,0.0,1.avi
3529,90,18.0,238,389,1327.6145,0,0.0,1.avi
3477,91,18.2,1083,493,1698.5155,0,182.02514392519055,1.avi
3488,91,18.2,726,49,1182.1683,0,177.62772192213097,1.avi
3491,91,18.2,674,1005,4393.694,0,191.94336963736995,1.avi
3496,91,18.2,528,323,8107.4233,0,89.16789955909877,1.avi
3502,91,18.2,1086,906,2948.6687,0,173.9941293794361,1.avi
3507,91,18.2,417,522,3027.3477,0,216.3460839055047,1.avi
3530,91,18.2,408,841,1595.4766,0,0.0,1.avi
3531,91,18.2,1149,408,1736.4899,0,0.0,1.avi
3532,91,18.2,629,641,2925.3992,0,0.0,1.avi
3533,91,18.2,1260,202,2082.4998,0,0.0,1.avi
3534,91,18.2,417,310,7565.898,0,0.0,1.avi
3535,91,18.2,778,336,3652.8948,0,0.0,1.avi
3536,91,18.2,847,39,2784.5464,0,0.0,1.avi
3537,91,18.2,769,186,4284.645,0,0.0,1.avi
3414,92,18.4,172,309,1513.353,0,150.14582947944854,1.avi
3453,92,18.4,490,193,2508.4023,0,161.3716271781851,1.avi
3488,92,18.4,722,54,1485.7059,0,45.98027160099971,1.avi
3505,92,18.4,194,784,2867.917,0,233.2968329234967,1.avi
3508,92,18.4,189,448,3310.62,0,168.04308632708234,1.avi
3509,92,18.4,1119,917,4056.4746,0,76.08947030042432,1.avi
3512,92,18.4,1039,390,887.65137,0,166.4071375551474,1.avi
3518,92,18.4,123,674,993.34863,0,134.9729067259251,1.avi
3538,92,18.4,1109,642,925.7811,0,0.0,1.avi
3539,92,18.4,685,836,1652.9963,0,0.0,1.avi
3540,92,18.4,51,796,1417.551,0,0.0,1.avi
3541,92,18.4,237,932,759.0383,0,0.0,1.avi
3542,92,18.4,152,380,8202.535,0,0.0,1.avi
3543,92,18.4,663,598,2803.2798,0,0.0,1.avi
3491,93,18.6,710,1018,1341.9395,0,145.10079362871252,1.avi
3505,93,18.6,229,777,2852.1624,0,218.55271962084893,1.avi
3506,93,18.6,350,711,3249.5557,0,202.074013166817,1.avi
3519,93,18.6,647,828,1505.8569,0,132.60114253243165,1.avi
3544,93,18.6,104,590,5053.0903,0,0.0,1.avi
3545,93,18.6,264,861,1386.6547,0,0.0,1.avi
3546,93,18.6,971,75,769.6636,0,0.0,1.avi
3547,93,18.6,439,667,983.4037,0,0.0,1.avi
3548,93,18.6,303,149,1802.149,0,0.0,1.avi
3499,94,18.8,494,383,680.6819,0,95.84815391957578,1.avi
3536,94,18.8,843,50,1511.528,0,58.54575177377115,1.avi
3545,94,18.8,276,883,2137.128,0,127.8971420364887,1.avi
3549,94,18.8,129,919,5342.2637,0,0.0,1.avi
3550,94,18.8,898,52,2128.8157,0,0.0,1.avi
3551,94,18.8,344,537,4967.9233,0,0.0,1.avi
3552,94,18.8,219,224,3322.9558,0,0.0,1.avi
3553,94,18.8,179,589,1703.6829,0,0.0,1.avi
3554,94,18.8,628,70,1485.4357,0,0.0,1.avi
3555,94,18.8,12,625,783.2705,0,0.0,1.avi
3556,94,18.8,1234,803,4549.7095,0,0.0,1.avi
3557,94,18.8,1212,964,769.3881,0,0.0,1.avi
3558,94,18.8,1265,674,1503.3735,0,0.0,1.avi
3559,94,18.8,481,278,1095.6248,0,0.0,1.avi
3477,95,19.0,1117,529,2424.586,0,140.91359574504517,1.avi
3508,95,19.0,195,411,2251.6702,0,59.09362550144721,1.avi
3527,95,19.0,954,616,10007.363,0,197.86579939635132,1.avi
3560,95,19.0,952,468,2637.6174,0,0.0,1.avi
3561,95,19.0,835,517,1734.6261,0,0.0,1.avi
3562,95,19.0,520,421,4413.2603,0,0.0,1.avi
3563,95,19.0,451,549,2944.839,0,0.0,1.avi
3414,96,19.2,85,379,1243.1598,0,224.21933688237735,1.avi
3534,96,19.2,422,288,705.62646,0,113.87374515037028,1.avi
3555,96,19.2,33,597,2754.4543,0,179.50658414738106,1.avi
3558,96,19.2,1270,702,486.7912,0,142.81806550362774,1.avi
3564,96,19.2,335,845,1487.0308,0,0.0,1.avi
3565,96,19.2,572,802,1201.5526,0,0.0,1.avi
3566,96,19.2,161,723,966.2544,0,0.0,1.avi
3567,96,19.2,1252,937,2069.9285,0,0.0,1.avi
3568,96,19.2,1023,156,1006.01306,0,0.0,1.avi
3569,96,19.2,121,818,1918.3859,0,0.0,1.avi
3414,97,19.4,87,415,1551.654,0,178.64210349414793,1.avi
3538,97,19.4,1128,659,3209.7358,0,125.34223328667852,1.avi
3544,97,19.4,87,617,1536.7388,0,161.12558537892744,1.avi
3551,97,19.4,333,512,583.72363,0,136.7618675601893,1.avi
3560,97,19.4,949,486,661.8998,0,89.53688252000927,1.avi
3568,97,19.4,1039,135,1787.3518,0,137.430515143248,1.avi
3570,97,19.4,257,1000,2891.692,0,0.0,1.avi
3571,97,19.4,1236,451,1767.094,0,0.0,1.avi
3572,97,19.4,1102,13,734.4273,0,0.0,1.avi
3573,97,19.4,605,961,1830.7993,0,0.0,1.avi
3574,97,19.4,1108,171,7037.0327,0,0.0,1.avi
3575,97,19.4,321,197,819.1146,0,0.0,1.avi
3576,97,19.4,438,911,717.27844,0,0.0,1.avi
3550,98,19.6,880,22,1097.2877,0,177.06183859752022,1.avi
3568,98,19.6,1048,86,1086.2686,0,161.8538592765544,1.avi
3570,98,19.6,287,999,2851.17,0,150.06231114611415,1.avi
3577,98,19.6,691,265,7219.9263,0,0.0,1.avi
3578,98,19.6,869,985,2390.0793,0,0.0,1.avi
3579,98,19.6,623,871,3257.502,0,0.0,1.avi
3580,98,19.6,729,155,1326.4042,0,0.0,1.avi
3581,98,19.6,1167,410,1904.861,0,0.0,1.avi
3582,98,19.6,532,506,2405.1963,0,0.0,1.avi
3583,98,19.6,1060,654,831.78217,0,0.0,1.avi
3584,98,19.6,930,655,5578.614,0,0.0,1.avi
3546,99,19.8,946,75,1730.2777,0,125.71807732818004,1.avi
3573,99,19.8,613,982,956.36584,0,114.3978761315355,1.avi
3580,99,19.8,758,191,9663.418,0,236.57159150227335,1.avi
3585,99,19.8,268,362,6985.119,0,0.0,1.avi
3586,99,19.8,516,726,6436.1025,0,0.0,1.avi
3587,99,19.8,868,435,4536.667,0,0.0,1.avi
3588,99,19.8,223,464,1913.2336,0,0.0,1.avi
3589,99,19.8,757,385,2013.4635,0,0.0,1.avi
3590,99,19.8,1089,67,1360.3099,0,0.0,1.avi
3591,99,19.8,1159,9,875.11926,0,0.0,1.avi
3559,100,20.0,492,232,9612.665,0,233.6265729825357,1.avi
3569,100,20.0,100,797,6403.338,0,148.97364846453846,1.avi
3585,100,20.0,293,327,2775.6538,0,212.6736891048544,1.avi
3587,100,20.0,839,406,2611.736,0,209.5333482210575,1.avi
3592,100,20.0,306,553,4417.6235,0,0.0,1.avi
3593,100,20.0,1222,612,1969.0554,0,0.0,1.avi
3594,100,20.0,929,946,1978.4047,0,0.0,1.avi
3595,100,20.0,423,417,1724.1117,0,0.0,1.avi
3596,100,20.0,515,137,2697.9304,0,0.0,1.avi
3597,100,20.0,376,852,859.135,0,0.0,1.avi
3598,100,20.0,906,484,1095.5219,0,0.0,1.avi
3508,101,20.2,213,283,10249.482,0,42.70763610454537,1.avi
3569,101,20.2,120,774,4226.3564,0,171.1436206855637,1.avi
3599,101,20.2,1117,601,1037.1271,0,0.0,1.avi
3600,101,20.2,861,68,1759.1848,0,0.0,1.avi
3601,101,20.2,406,630,3337.199,0,0.0,1.avi
3602,101,20.2,162,193,1412.4095,0,0.0,1.avi
3603,101,20.2,1200,899,905.55273,0,0.0,1.avi
3604,101,20.2,118,863,1677.7235,0,0.0,1.avi
3574,102,20.4,1061,161,474.3042,0,235.57974318691487,1.avi
3577,102,20.4,671,234,535.66895,0,185.69647120842308,1.avi
3605,102,20.4,863,548,1840.2229,0,0.0,1.avi
3606,102,20.4,1226,520,1738.6089,0,0.0,1.avi
3607,102,20.4,694,506,790.861,0,0.0,1.avi
3608,102,20.4,120,658,2360.9583,0,0.0,1.avi
3609,102,20.4,416,1012,1751.5007,0,0.0,1.avi
3610,102,20.4,560,673,1260.6334,0,0.0,1.avi
3576,103,20.6,427,922,482.47076,0,77.6413501853045,1.avi
3584,103,20.6,960,669,1851.0754,0,164.0775424910086,1.avi
3591,103,20.6,1176,10,954.77325,0,85.89651289817249,1.avi
3596,103,20.6,480,102,2476.638,0,246.7506842493597,1.avi
3602,103,20.6,128,170,1780.2222,0,205.10434833097145,1.avi
3611,103,20.6,1063,859,1528.6559,0,0.0,1.avi
3612,103,20.6,283,332,1289.1613,0,0.0,1.avi
3613,103,20.6,759,142,670.83124,0,0.0,1.avi
3614,103,20.6,1026,144,2839.889,0,0.0,1.avi
3615,103,20.6,576,160,1728.1826,0,0.0,1.avi
3616,103,20.6,642,271,4852.519,0,0.0,1.avi
3617,103,20.6,808,408,812.09705,0,0.0,1.avi
3618,103,20.6,269,814,6881.486,0,0.0,1.avi
3619,103,20.6,926,541,2077.6375,0,0.0,1.avi
3559,104,20.8,523,208,1371.6777,0,132.8164118821129,1.avi
3586,104,20.8,479,709,1161.543,0,206.52265488175232,1.avi
3588,104,20.8,200,479,1433.7432,0,139.30163074576063,1.avi
3616,104,20.8,640,248,2836.2188,0,114.91642916340676,1.avi
3620,104,20.8,135,400,5829.005,0,0.0,1.avi
3621,104,20.8,843,274,1232.38,0,0.0,1.avi
3622,104,20.8,1120,693,1752.5924,0,0.0,1.avi
3623,104,20.8,901,605,1391.4927,0,0.0,1.avi
3624,104,20.8,1124,277,1956.866,0,0.0,1.avi
3625,104,20.8,949,795,2902.2227,0,0.0,1.avi
3626,104,20.8,924,1011,1061.8358,0,0.0,1.avi
3627,104,20.8,16,418,2503.422,0,0.0,1.avi
3628,104,20.8,678,129,1686.1375,0,0.0,1.avi
3629,104,20.8,915,646,879.38184,0,0.0,1.avi
3630,104,20.8,226,11,976.5572,0,0.0,1.avi
3631,104,20.8,1265,576,2760.1208,0,0.0,1.avi
3632,104,20.8,1055,724,5890.0596,0,0.0,1.avi
3559,105,21.0,511,240,1498.1675,0,212.69665512979392,1.avi
3580,105,21.0,1265,823,1189.7695,0,124.8494421067266,1.avi
3618,105,21.0,300,840,713.4756,0,202.68214949291408,1.avi
3619,105,21.0,926,567,1563.8977,0,129.8673255137627,1.avi
3633,105,21.0,674,692,9414.474,0,0.0,1.avi
3634,105,21.0,673,790,7017.0874,0,0.0,1.avi
3635,105,21.0,1211,689,1461.1506,0,0.0,1.avi
3636,105,21.0,376,671,2356.0562,0,0.0,1.avi
3595,106,21.2,454,388,2598.9363,0,212.5194773585968,1.avi
3603,106,21.2,1215,904,1504.3132,0,77.97044622223615,1.avi
3613,106,21.2,751,154,1020.7892,0,70.19649296205411,1.avi
3618,106,21.2,290,856,4957.394,0,121.92934158007888,1.avi
3625,106,21.2,968,762,2448.7305,0,191.8503386167332,1.avi
3636,106,21.2,412,701,1624.5544,0,238.0426316789585,1.avi
3637,106,21.2,199,134,2208.064,0,0.0,1.avi
3638,106,21.2,1010,963,2358.7493,0,0.0,1.avi
3639,106,21.2,218,532,2231.7417,0,0.0,1.avi
3640,106,21.2,194,75,1430.625,0,0.0,1.avi
3641,106,21.2,1165,702,945.15686,0,0.0,1.avi
3642,106,21.2,653,44,3095.277,0,0.0,1.avi
3643,106,21.2,592,568,1773.7179,0,0.0,1.avi
3644,106,21.2,226,775,1437.3419,0,0.0,1.avi
3606,107,21.4,1235,492,7466.0176,0,142.8029606532588,1.avi
3609,107,21.4,385,1016,499.13452,0,157.33140657068077,1.avi
3632,107,21.4,1032,766,824.6987,0,239.9149578121192,1.avi
3645,107,21.4,915,21,2054.6252,0,0.0,1.avi
3646,107,21.4,685,278,2244.4246,0,0.0,1.avi
3647,107,21.4,769,700,2524.8958,0,0.0,1.avi
3648,107,21.4,1129,804,2046.1464,0,0.0,1.avi
3649,107,21.4,1208,254,2775.6045,0,0.0,1.avi
3650,107,21.4,215,288,1704.1494,0,0.0,1.avi
3651,107,21.4,753,507,1665.0398,0,0.0,1.avi
3652,107,21.4,25,709,1909.6235,0,0.0,1.avi
3653,107,21.4,1163,632,1508.3633,0,0.0,1.avi
3588,108,21.6,216,454,2190.4053,0,241.93434055164332,1.avi
3628,108,21.6,661,153,1568.2866,0,142.70176135201993,1.avi
3636,108,21.6,474,770,2932.8752,0,128.90696925952403,1.avi
3654,108,21.6,695,582,7245.3184,0,0.0,1.avi
3655,108,21.6,807,643,2639.4983,0,0.0,1.avi
3656,108,21.6,816,91,2092.6814,0,0.0,1.avi
3657,108,21.6,528,37,926.91595,0,0.0,1.avi
3658,108,21.6,598,892,865.07733,0,0.0,1.avi
3659,108,21.6,1128,368,641.149,0,0.0,1.avi
3660,108,21.6,1268,632,914.6398,0,0.0,1.avi
3588,109,21.8,221,445,1388.4099,0,36.51478340069605,1.avi
3626,109,21.8,906,1014,607.98474,0,88.19180881639676,1.avi
3653,109,21.8,1186,615,2233.2573,0,141.80560562779834,1.avi
3661,109,21.8,932,798,6493.641,0,0.0,1.avi
3662,109,21.8,524,452,6697.1406,0,0.0,1.avi
3663,109,21.8,156,535,2812.5713,0,0.0,1.avi
3664,109,21.8,1034,549,3584.5117,0,0.0,1.avi
3665,109,21.8,1011,820,2442.964,0,0.0,1.avi
3666,109,21.8,950,73,1063.2225,0,0.0,1.avi
3667,109,21.8,158,673,6923.2026,0,0.0,1.avi
3668,109,21.8,1074,1010,1139.9602,0,0.0,1.avi
3669,109,21.8,38,527,2624.6265,0,0.0,1.avi
3606,110,22.0,1225,501,904.5547,0,117.4461821056544,1.avi
3620,110,22.0,169,399,1475.5259,0,166.36017670380193,1.avi
3628,110,22.0,673,153,3433.4536,0,89.76193921785374,1.avi
3634,110,22.0,641,784,1139.1387,0,161.60883462776675,1.avi
3642,110,22.0,662,26,967.3799,0,98.57447929347394,1.avi
3670,110,22.0,256,711,1515.6494,0,0.0,1.avi
3671,110,22.0,507,965,1183.9257,0,0.0,1.avi
3672,110,22.0,889,537,2129.9739,0,0.0,1.avi
3673,110,22.0,166,224,1226.2283,0,0.0,1.avi
3674,110,22.0,198,932,2103.253,0,0.0,1.avi
3675,110,22.0,105,569,7484.47,0,0.0,1.avi
3676,110,22.0,1076,589,1740.4335,0,0.0,1.avi
3603,111,22.2,1229,880,1313.2646,0,141.4078595243712,1.avi
3636,111,22.2,563,879,1505.0085,0,217.09690448301464,1.avi
3650,111,22.2,220,277,4246.2935,0,60.16874469659339,1.avi
3661,111,22.2,947,770,2731.2524,0,160.41147739323156,1.avi
3670,111,22.2,289,694,2147.9065,0,186.06152347436267,1.avi
3677,111,22.2,106,882,2274.9746,0,0.0,1.avi
3678,111,22.2,786,887,1103.4607,0,0.0,1.avi
3679,111,22.2,1085,973,690.12634,0,0.0,1.avi
3680,111,22.2,805,468,1036.9917,0,0.0,1.avi
3681,111,22.2,629,648,2467.2188,0,0.0,1.avi
3682,111,22.2,211,625,1667.5934,0,0.0,1.avi
3653,112,22.4,1197,552,1559.588,0,215.0161724649463,1.avi
3654,112,22.4,735,599,1730.9917,0,218.18425882840145,1.avi
3669,112,22.4,29,483,4624.7266,0,222.7169341513454,1.avi
3678,112,22.4,822,892,2659.0962,0,182.07183620088048,1.avi
3681,112,22.4,614,638,1220.0577,0,91.63170160591348,1.avi
3683,112,22.4,302,369,2581.2468,0,0.0,1.avi
3684,112,22.4,378,684,3042.8127,0,0.0,1.avi
3685,112,22.4,979,565,1437.4794,0,0.0,1.avi
3686,112,22.4,116,955,1651.5078,0,0.0,1.avi
3687,112,22.4,226,692,959.60846,0,0.0,1.avi
3688,112,22.4,646,69,736.63184,0,0.0,1.avi
3689,112,22.4,726,38,9735.435,0,0.0,1.avi
3690,112,22.4,570,510,1917.3237,0,0.0,1.avi
3652,113,22.6,9,687,864.0851,0,131.17865380140432,1.avi
3673,113,22.6,190,197,877.37164,0,180.30984142810905,1.avi
3674,113,22.6,213,937,1211.7979,0,82.06986233394102,1.avi
3680,113,22.6,799,452,763.85876,0,86.35361895979317,1.avi
3682,113,22.6,200,603,1118.198,0,123.58932637644078,1.avi
3687,113,22.6,232,687,1420.8201,0,39.742685963971375,1.avi
3691,113,22.6,261,107,15472.863,0,0.0,1.avi
3692,113,22.6,1206,120,5872.78,0,0.0,1.avi
3693,113,22.6,306,1010,1467.5035,0,0.0,1.avi
3694,113,22.6,1262,737,1964.2588,0,0.0,1.avi
3695,113,22.6,927,1001,1880.5634,0,0.0,1.avi
3696,113,22.6,556,638,1699.2417,0,0.0,1.avi
3697,113,22.6,523,237,1544.9077,0,0.0,1.avi
3698,113,22.6,366,768,1802.6174,0,0.0,1.avi
3699,113,22.6,309,560,885.5392,0,0.0,1.avi
3700,113,22.6,1041,747,1223.2493,0,0.0,1.avi
3701,113,22.6,720,692,693.47217,0,0.0,1.avi
3702,113,22.6,1074,413,652.1039,0,0.0,1.avi
3703,113,22.6,193,767,1170.8282,0,0.0,1.avi
3704,113,22.6,1069,196,3892.1494,0,0.0,1.avi
3705,113,22.6,844,601,1613.1538,0,0.0,1.avi
3659,114,22.8,1146,363,873.59625,0,92.97458302807794,1.avi
3660,114,22.8,1267,600,994.1418,0,158.9413540545399,1.avi
3700,114,22.8,1053,773,3930.241,0,142.3245596947034,1.avi
3706,114,22.8,863,427,2337.772,0,0.0,1.avi
3707,114,22.8,1118,690,3588.808,0,0.0,1.avi
3708,114,22.8,450,316,3952.1838,0,0.0,1.avi
3709,114,22.8,1248,438,2014.3187,0,0.0,1.avi
3710,114,22.8,1246,37,4869.7285,0,0.0,1.avi
3711,114,22.8,9,952,678.198,0,0.0,1.avi
3712,114,22.8,72,626,1691.1844,0,0.0,1.avi
3666,115,23.0,978,90,6224.2153,0,166.41722839315509,1.avi
3691,115,23.0,284,149,2816.376,0,240.29760050993772,1.avi
3713,115,23.0,572,845,1954.0465,0,0.0,1.avi
3714,115,23.0,659,408,880.3632,0,0.0,1.avi
3715,115,23.0,418,549,2245.1946,0,0.0,1.avi
3716,115,23.0,1257,967,1096.2646,0,0.0,1.avi
3717,115,23.0,900,872,945.1218,0,0.0,1.avi
3678,116,23.2,1075,936,1826.6064,0,167.1752149659024,1.avi
3718,116,23.2,1042,685,2501.176,0,0.0,1.avi
3719,116,23.2,227,837,705.4828,0,0.0,1.avi
3720,116,23.2,176,189,2933.8364,0,0.0,1.avi
3721,116,23.2,992,150,21553.93,0,0.0,1.avi
3603,117,23.4,1238,879,474.54874,0,200.53945886667395,1.avi
3704,117,23.4,1104,214,5549.4736,0,198.06875472144247,1.avi
3722,117,23.4,806,177,20061.121,0,0.0,1.avi
3723,117,23.4,1256,256,1637.2642,0,0.0,1.avi
3724,117,23.4,1115,14,1713.3788,0,0.0,1.avi
3725,117,23.4,1264,317,1380.3833,0,0.0,1.avi
3726,117,23.4,1079,775,3556.1152,0,0.0,1.avi
3727,117,23.4,380,922,2803.825,0,0.0,1.avi
3728,117,23.4,1059,58,944.9179,0,0.0,1.avi
3674,118,23.6,255,949,2694.4746,0,9.930225581721723,1.avi
3689,118,23.6,685,38,877.0762,0,202.1918272028396,1.avi
3694,118,23.6,1260,741,2913.1008,0,22.43085044395774,1.avi
3706,118,23.6,866,401,2119.3315,0,131.17739714369608,1.avi
3715,118,23.6,373,568,2183.0986,0,244.0313574032948,1.avi
3723,118,23.6,1268,214,1171.8655,0,221.1434940880652,1.avi
3727,118,23.6,388,905,935.0569,0,95.24315998499924,1.avi
3729,118,23.6,661,583,902.3505,0,0.0,1.avi
3730,118,23.6,624,187,26634.99,0,0.0,1.avi
3673,119,23.8,275,109,957.1449,0,40.363479071684,1.avi
3719,119,23.8,235,852,3563.8276,0,82.19941318186189,1.avi
3730,119,23.8,669,185,3209.8828,0,226.91261377565132,1.avi
3731,119,23.8,57,511,2838.9102,0,0.0,1.avi
3732,119,23.8,591,341,1675.3685,0,0.0,1.avi
3733,119,23.8,310,674,1641.7958,0,0.0,1.avi
3734,119,23.8,1198,660,2028.872,0,0.0,1.avi
3735,119,23.8,815,855,3299.444,0,0.0,1.avi
3736,119,23.8,450,197,16896.797,0,0.0,1.avi
3737,120,24.0,278,213,20222.705,0,0.0,1.avi
3738,120,24.0,1244,837,4285.754,0,0.0,1.avi
3739,120,24.0,991,525,1877.497,0,0.0,1.avi
3740,120,24.0,1225,340,930.00635,0,0.0,1.avi
3741,120,24.0,305,9,1312.3812,0,0.0,1.avi
3742,120,24.0,1079,497,1515.1726,0,0.0,1.avi
3743,120,24.0,1053,1010,525.5561,0,0.0,1.avi
3744,120,24.0,241,6,308.28757,0,0.0,1.avi
3745,120,24.0,196,240,2087.4382,0,0.0,1.avi
3746,121,24.2,860,701,1977.012,0,0.0,1.avi
3747,121,24.2,758,566,1778.2316,0,0.0,1.avi
3748,121,24.2,219,318,4127.3984,0,0.0,1.avi
3749,121,24.2,601,48,1235.2931,0,0.0,1.avi
3750,121,24.2,1272,414,701.0599,0,0.0,1.avi
3751,121,24.2,416,74,4111.4307,0,0.0,1.avi
3752,121,24.2,534,551,648.64886,0,0.0,1.avi
3753,121,24.2,601,255,1438.9336,0,0.0,1.avi
3754,121,24.2,93,220,23558.857,0,0.0,1.avi
3755,121,24.2,270,146,480.57376,0,0.0,1.avi
3718,122,24.4,1051,669,995.37036,0,88.35442941731408,1.avi
3726,122,24.4,1077,771,1064.6213,0,19.46043146372138,1.avi
3728,122,24.4,1021,39,2611.6523,0,211.92815489849352,1.avi
3737,122,24.4,298,201,3004.254,0,111.70892355148908,1.avi
3753,122,24.4,646,271,3405.8264,0,238.20138209614117,1.avi
3756,122,24.4,452,517,1090.5624,0,0.0,1.avi
3757,122,24.4,922,992,1298.3191,0,0.0,1.avi
3758,122,24.4,962,930,1132.9391,0,0.0,1.avi
3759,122,24.4,819,18,1104.5416,0,0.0,1.avi
3760,122,24.4,241,146,930.6266,0,0.0,1.avi
3722,123,24.6,840,149,2135.3848,0,216.32507796618856,1.avi
3741,123,24.6,331,11,1077.3204,0,133.2740895880443,1.avi
3761,123,24.6,699,998,943.33026,0,0.0,1.avi
3762,123,24.6,477,992,4374.3696,0,0.0,1.avi
3763,123,24.6,915,854,3100.1218,0,0.0,1.avi
3764,123,24.6,356,316,3234.2961,0,0.0,1.avi
3765,123,24.6,1265,941,1262.189,0,0.0,1.avi
3673,124,24.8,317,58,1075.5126,0,108.51653387649762,1.avi
3735,124,24.8,859,868,890.8721,0,227.8826082872394,1.avi
3739,124,24.8,964,486,1818.7942,0,237.40100167576543,1.avi
3742,124,24.8,1052,524,782.7838,0,191.4232633730744,1.avi
3747,124,24.8,745,525,2443.5679,0,214.5032207474135,1.avi
3749,124,24.8,616,45,978.7344,0,80.11659213284709,1.avi
3754,124,24.8,53,199,1486.0039,0,226.8296479545004,1.avi
3766,124,24.8,443,868,950.65326,0,0.0,1.avi
3767,124,24.8,386,16,1165.5156,0,0.0,1.avi
3768,124,24.8,282,227,2273.5847,0,0.0,1.avi
3769,124,24.8,314,776,1149.7229,0,0.0,1.avi
3770,124,24.8,819,438,945.9297,0,0.0,1.avi
3771,124,24.8,440,947,3339.7827,0,0.0,1.avi
3731,125,25.0,48,477,622.33276,0,175.66742025610029,1.avi
3738,125,25.0,1239,880,958.6787,0,220.7085128869209,1.avi
3739,125,25.0,967,497,1036.3416,0,89.71881582918495,1.avi
3744,125,25.0,216,11,1976.1986,0,125.92277687377492,1.avi
3749,125,25.0,609,21,1280.2924,0,146.2523404065699,1.avi
3759,125,25.0,795,49,1102.3013,0,196.99845595041816,1.avi
3772,125,25.0,147,662,2283.9321,0,0.0,1.avi
3773,125,25.0,423,824,1313.0907,0,0.0,1.avi
3774,125,25.0,166,195,950.35516,0,0.0,1.avi
3775,125,25.0,894,472,867.42474,0,0.0,1.avi
3776,125,25.0,478,631,743.86676,0,0.0,1.avi
3735,126,25.2,847,871,1231.7327,0,104.012406432545,1.avi
3743,126,25.2,1081,1012,769.1753,0,141.0722894631061,1.avi
3759,126,25.2,805,84,1347.9259,0,189.2073920951196,1.avi
3777,126,25.2,45,551,7029.5044,0,0.0,1.avi
3778,126,25.2,669,504,1486.4397,0,0.0,1.avi
3779,126,25.2,782,338,3010.7183,0,0.0,1.avi
3780,126,25.2,1141,49,794.8849,0,0.0,1.avi
3728,127,25.4,966,21,3065.7563,0,82.17225897434474,1.avi
3768,127,25.4,297,200,1453.7385,0,155.16403074786706,1.avi
3775,127,25.4,893,475,1073.075,0,20.60758370352293,1.avi
3781,127,25.4,299,460,3354.2266,0,0.0,1.avi
3782,127,25.4,1082,184,2009.6852,0,0.0,1.avi
3783,128,25.6,622,96,5462.0054,0,0.0,1.avi
3784,128,25.6,976,728,5060.391,0,0.0,1.avi
3785,128,25.6,720,329,1613.739,0,0.0,1.avi
3786,128,25.6,1032,624,1631.4564,0,0.0,1.avi
3787,128,25.6,633,291,2052.6401,0,0.0,1.avi
3788,128,25.6,559,665,1688.9403,0,0.0,1.avi
3789,128,25.6,358,211,1098.2355,0,0.0,1.avi
3790,128,25.6,212,331,852.4363,0,0.0,1.avi
3791,128,25.6,526,596,4837.6123,0,0.0,1.avi
3744,129,25.8,227,17,1427.4684,0,139.20941941510145,1.avi
3772,129,25.8,146,641,4648.574,0,106.53803655100144,1.avi
3786,129,25.8,1011,603,2089.0315,0,149.58839882246062,1.avi
3792,129,25.8,441,390,2121.697,0,0.0,1.avi
3793,129,25.8,902,185,1777.8215,0,0.0,1.avi
3794,129,25.8,120,775,1742.9144,0,0.0,1.avi
3795,129,25.8,357,589,758.521,0,0.0,1.avi
3796,129,25.8,380,455,3075.9124,0,0.0,1.avi
3797,129,25.8,854,937,2199.203,0,0.0,1.avi
3798,129,25.8,379,922,5249.9824,0,0.0,1.avi
3771,130,26.0,455,905,2236.316,0,222.69813894728296,1.avi
3775,130,26.0,855,471,1887.9823,0,191.16185108864047,1.avi
3799,130,26.0,419,1003,1916.3756,0,0.0,1.avi
3800,130,26.0,360,359,1696.8328,0,0.0,1.avi
3801,130,26.0,495,699,2570.4414,0,0.0,1.avi
3802,130,26.0,374,856,2051.996,0,0.0,1.avi
3803,130,26.0,1057,883,2569.4292,0,0.0,1.avi
3804,130,26.0,1250,312,4334.642,0,0.0,1.avi
3805,130,26.0,1026,367,587.3681,0,0.0,1.avi
3785,131,26.2,710,305,582.70886,0,130.65231579066227,1.avi
3795,131,26.2,360,618,2059.2427,0,145.82373193391055,1.avi
3800,131,26.2,360,331,1714.3241,0,144.81017775597422,1.avi
3806,131,26.2,1205,696,772.6116,0,0.0,1.avi
3807,131,26.2,1201,595,1201.968,0,0.0,1.avi
3728,132,26.4,917,5,478.7517,0,47.19247998254159,1.avi
3808,132,26.4,1184,435,1327.5083,0,0.0,1.avi
3809,132,26.4,981,452,1564.9434,0,0.0,1.avi
3810,132,26.4,9,218,628.07166,0,0.0,1.avi
3811,132,26.4,787,652,1416.615,0,0.0,1.avi
3812,132,26.4,827,720,830.2045,0,0.0,1.avi
3813,132,26.4,191,583,5100.741,0,0.0,1.avi
3814,133,26.6,464,60,3405.142,0,0.0,1.avi
3815,133,26.6,821,229,790.60364,0,0.0,1.avi
3816,133,26.6,700,396,2598.5396,0,0.0,1.avi
3817,133,26.6,1223,127,1535.1649,0,0.0,1.avi
3818,134,26.8,90,457,2827.6858,0,0.0,1.avi
3819,134,26.8,982,60,894.08075,0,0.0,1.avi
3820,134,26.8,397,272,756.8216,0,0.0,1.avi
3821,134,26.8,587,7,576.903,0,0.0,1.avi
3822,134,26.8,1079,167,669.1527,0,0.0,1.avi
3775,135,27.0,730,458,1989.5399,0,82.69789273440104,1.avi
3807,135,27.0,1244,570,5863.634,0,248.40496640631684,1.avi
3823,135,27.0,309,632,2002.486,0,0.0,1.avi
3824,135,27.0,495,14,1299.9982,0,0.0,1.avi
3825,135,27.0,673,912,1468.408,0,0.0,1.avi
3826,135,27.0,1086,14,789.79736,0,0.0,1.avi
3827,135,27.0,1119,949,819.62115,0,0.0,1.avi
3828,135,27.0,1227,742,1198.6495,0,0.0,1.avi
3829,135,27.0,1130,623,3452.839,0,0.0,1.avi
3830,135,27.0,940,224,2839.7131,0,0.0,1.avi
3831,136,27.2,1128,331,1247.2604,0,0.0,1.avi
3832,136,27.2,459,293,2963.0652,0,0.0,1.avi
3833,136,27.2,294,169,1565.7358,0,0.0,1.avi
3834,136,27.2,1132,671,594.97974,0,0.0,1.avi
3835,136,27.2,747,701,5750.687,0,0.0,1.avi
3836,137,27.4,286,808,7620.4033,0,0.0,1.avi
3837,137,27.4,1066,249,2320.6873,0,0.0,1.avi
3838,137,27.4,17,645,1435.1257,0,0.0,1.avi
3839,137,27.4,644,450,1241.8435,0,0.0,1.avi
3840,137,27.4,174,755,877.0009,0,0.0,1.avi
3841,137,27.4,343,263,579.548,0,0.0,1.avi
3839,138,27.6,611,478,1169.0347,0,219.254564562038,1.avi
3842,138,27.6,789,578,1638.7301,0,0.0,1.avi
3843,138,27.6,840,898,2239.7156,0,0.0,1.avi
3844,138,27.6,1104,733,1237.3788,0,0.0,1.avi
3845,138,27.6,1139,999,2365.3752,0,0.0,1.avi
3829,139,27.8,1106,645,773.0061,0,163.76347966378336,1.avi
3840,139,27.8,181,770,507.9885,0,80.61750372983416,1.avi
3846,139,27.8,808,179,1358.0371,0,0.0,1.avi
3847,139,27.8,673,873,1307.6732,0,0.0,1.avi
3848,139,27.8,381,1012,1092.2671,0,0.0,1.avi
3849,139,27.8,1265,661,1493.4211,0,0.0,1.avi
3850,139,27.8,1275,826,353.53702,0,0.0,1.avi
3835,140,28.0,719,707,534.1382,0,141.91852038129724,1.avi
3851,140,28.0,692,815,2792.749,0,0.0,1.avi
3852,140,28.0,192,921,1582.2295,0,0.0,1.avi
3853,140,28.0,57,671,1598.3541,0,0.0,1.avi
3854,140,28.0,597,1017,549.12445,0,0.0,1.avi
3855,140,28.0,1251,1018,308.02643,0,0.0,1.avi
3856,140,28.0,657,7,485.01712,0,0.0,1.avi
3857,140,28.0,854,987,570.5166,0,0.0,1.avi
3858,140,28.0,543,783,710.67664,0,0.0,1.avi
3859,141,28.2,15,571,996.1419,0,0.0,1.avi
3860,141,28.2,331,182,858.1668,0,0.0,1.avi
3861,141,28.2,887,46,2306.2334,0,0.0,1.avi
3862,141,28.2,704,382,1311.7882,0,0.0,1.avi
3863,141,28.2,738,206,398.9306,0,0.0,1.avi
3864,141,28.2,629,173,474.17145,0,0.0,1.avi
3865,141,28.2,774,89,456.3679,0,0.0,1.avi
3856,142,28.4,626,16,1638.7507,0,160.83919912468957,1.avi
3860,142,28.4,342,177,491.09546,0,63.27335987400259,1.avi
3866,142,28.4,916,812,4745.3306,0,0.0,1.avi
3867,142,28.4,1176,722,1399.5104,0,0.0,1.avi
3868,142,28.4,775,298,1547.9093,0,0.0,1.avi
3869,142,28.4,724,653,931.25653,0,0.0,1.avi
3870,142,28.4,818,939,1177.3807,0,0.0,1.avi
3871,142,28.4,500,480,685.36383,0,0.0,1.avi
3872,142,28.4,272,36,676.50977,0,0.0,1.avi
3873,143,28.6,385,915,4719.746,0,0.0,1.avi
3874,143,28.6,940,595,2734.9941,0,0.0,1.avi
3875,143,28.6,281,651,2410.7522,0,0.0,1.avi
3876,143,28.6,1059,727,1549.3512,0,0.0,1.avi
3877,143,28.6,176,456,1713.1831,0,0.0,1.avi
3878,143,28.6,895,438,1530.7886,0,0.0,1.avi
3879,143,28.6,473,722,2683.4766,0,0.0,1.avi
3846,144,28.8,820,150,667.8202,0,155.68047963788402,1.avi
3851,144,28.8,696,789,1154.4723,0,132.73142957625888,1.avi
3879,144,28.8,507,724,2712.7126,0,170.80299685614554,1.avi
3880,144,28.8,76,782,1751.472,0,0.0,1.avi
3881,144,28.8,644,762,901.4332,0,0.0,1.avi
3882,144,28.8,816,1016,384.6537,0,0.0,1.avi
3852,145,29.0,191,948,2285.1,0,135.7487217853552,1.avi
3865,145,29.0,751,78,687.76825,0,127.07315395158004,1.avi
3869,146,29.2,726,677,1420.4524,0,124.41645223404976,1.avi
3883,146,29.2,1070,897,1517.1628,0,0.0,1.avi
3884,146,29.2,457,207,1634.1432,0,0.0,1.avi
3885,147,29.4,154,774,1321.6462,0,0.0,1.avi
3886,147,29.4,866,4,215.02214,0,0.0,1.avi
3887,147,29.4,661,79,837.5141,0,0.0,1.avi
3888,147,29.4,49,723,1779.5481,0,0.0,1.avi
3889,147,29.4,853,683,1044.551,0,0.0,1.avi
3890,147,29.4,425,271,634.02405,0,0.0,1.avi
3856,148,29.6,448,83,1233.0698,0,173.32850991819475,1.avi
3869,148,29.6,711,661,1136.0771,0,144.67912101435152,1.avi
3884,148,29.6,437,197,2136.8762,0,110.45884113089166,1.avi
3891,148,29.6,27,559,2814.4998,0,0.0,1.avi
3892,148,29.6,1104,821,1137.7844,0,0.0,1.avi
3893,148,29.6,176,93,754.5664,0,0.0,1.avi
3894,149,29.8,919,376,1259.3461,0,0.0,1.avi
3895,149,29.8,422,37,960.93646,0,0.0,1.avi
3896,149,29.8,950,40,747.0274,0,0.0,1.avi
3897,149,29.8,325,837,949.1165,0,0.0,1.avi
3898,149,29.8,1129,399,1005.16046,0,0.0,1.avi
3899,149,29.8,889,542,2183.1924,0,0.0,1.avi
3881,150,30.0,683,741,2322.9802,0,221.64602635541675,1.avi
3900,150,30.0,1059,114,1539.7375,0,0.0,1.avi
3901,150,30.0,651,286,1127.879,0,0.0,1.avi
3902,150,30.0,118,526,1497.8252,0,0.0,1.avi
3903,150,30.0,463,662,2219.2705,0,0.0,1.avi
3904,150,30.0,462,349,701.59436,0,0.0,1.avi
3905,150,30.0,598,1017,625.3968,0,0.0,1.avi
3885,151,30.2,168,757,476.1952,0,111.17106748523562,1.avi
3906,151,30.2,1228,780,996.0049,0,0.0,1.avi
3907,151,30.2,1241,893,1197.9006,0,0.0,1.avi
3908,151,30.2,1139,907,1169.8414,0,0.0,1.avi
3909,151,30.2,533,916,2001.8075,0,0.0,1.avi
3910,151,30.2,694,218,1562.6626,0,0.0,1.avi
3911,151,30.2,1050,624,481.886,0,0.0,1.avi
3912,151,30.2,495,5,295.12518,0,0.0,1.avi
3913,152,30.4,1133,269,2048.1204,0,0.0,1.avi
3914,152,30.4,934,242,2108.904,0,0.0,1.avi
3915,152,30.4,402,721,1292.171,0,0.0,1.avi
3916,152,30.4,637,1016,380.64035,0,0.0,1.avi
3917,152,30.4,822,891,1098.2075,0,0.0,1.avi
3918,152,30.4,131,1006,1635.56,0,0.0,1.avi
3919,152,30.4,758,729,788.4408,0,0.0,1.avi
3920,152,30.4,183,343,582.7186,0,0.0,1.avi
3921,152,30.4,811,714,4586.611,0,0.0,1.avi
3889,153,30.6,834,667,2283.566,0,129.06512928707932,1.avi
3899,153,30.6,858,576,1270.1866,0,229.51687148777964,1.avi
3922,153,30.6,153,865,3339.8137,0,0.0,1.avi
3923,153,30.6,714,1017,364.8452,0,0.0,1.avi
3924,154,30.8,510,62,2227.0994,0,0.0,1.avi
3925,154,30.8,25,853,1133.2565,0,0.0,1.avi
3926,154,30.8,238,817,2337.7524,0,0.0,1.avi
3927,154,30.8,343,179,1094.6327,0,0.0,1.avi
3902,155,31.0,129,553,671.2882,0,149.7382229689641,1.avi
3928,155,31.0,284,238,1551.6237,0,0.0,1.avi
3929,155,31.0,144,309,899.31934,0,0.0,1.avi
3930,155,31.0,1033,244,707.48126,0,0.0,1.avi
3931,155,31.0,1166,449,1498.4458,0,0.0,1.avi
3885,156,31.2,221,742,2789.3599,0,163.6576534095892,1.avi
3932,156,31.2,755,645,1689.5764,0,0.0,1.avi
3933,156,31.2,540,621,1469.7009,0,0.0,1.avi
3934,156,31.2,817,59,1317.7484,0,0.0,1.avi
3935,156,31.2,874,9,702.27704,0,0.0,1.avi
3936,0,0.0,781,262,4242.37,0,0.0,2.avi
3937,0,0.0,810,131,4878.3784,0,0.0,2.avi
3938,0,0.0,462,519,1705.098,0,0.0,2.avi
3939,0,0.0,219,587,1672.8411,0,0.0,2.avi
3940,1,0.2,407,746,11960.955,0,0.0,2.avi
3941,1,0.2,331,436,4288.182,0,0.0,2.avi
3942,1,0.2,854,321,2080.6296,0,0.0,2.avi
3943,1,0.2,850,634,4452.0283,0,0.0,2.avi
3944,1,0.2,251,754,2770.2742,0,0.0,2.avi
3945,1,0.2,775,539,1350.1627,0,0.0,2.avi
3946,1,0.2,308,712,1494.7125,0,0.0,2.avi
3947,1,0.2,227,286,3205.361,0,0.0,2.avi
3948,1,0.2,1076,1019,364.98636,0,0.0,2.avi
3940,2,0.4,435,729,4698.8584,0,162.82245944940846,2.avi
3949,2,0.4,930,184,2418.2378,0,0.0,2.avi
3950,2,0.4,601,198,2467.0427,0,0.0,2.avi
3951,2,0.4,969,113,1260.1444,0,0.0,2.avi
3952,2,0.4,941,552,3318.6738,0,0.0,2.avi
3953,2,0.4,83,441,10003.999,0,0.0,2.avi
3954,2,0.4,707,734,3270.4143,0,0.0,2.avi
3955,2,0.4,854,686,6210.706,0,0.0,2.avi
3956,2,0.4,311,145,1786.1167,0,0.0,2.avi
3957,2,0.4,570,372,1558.1489,0,0.0,2.avi
3946,3,0.6,331,752,3086.8247,0,232.537562961652,2.avi
3958,3,0.6,1037,202,7074.153,0,0.0,2.avi
3959,3,0.6,1165,451,6386.3716,0,0.0,2.avi
3960,3,0.6,667,55,4159.8823,0,0.0,2.avi
3961,3,0.6,114,517,2348.6567,0,0.0,2.avi
3937,4,0.8,813,147,1307.6294,0,77.38193345531165,2.avi
3943,4,0.8,832,616,750.0554,0,125.95929740356924,2.avi
3959,4,0.8,1189,455,8725.921,0,126.55888965037566,2.avi
3962,4,0.8,625,501,8104.041,0,0.0,2.avi
3963,4,0.8,875,1002,2758.496,0,0.0,2.avi
3964,4,0.8,988,713,2625.408,0,0.0,2.avi
3965,4,0.8,397,234,2416.5737,0,0.0,2.avi
3966,4,0.8,640,102,5273.007,0,0.0,2.avi
3944,5,1.0,218,784,3933.7888,0,223.6226434698719,2.avi
3950,5,1.0,631,184,3411.4194,0,165.1490260308659,2.avi
3967,5,1.0,488,807,5372.6934,0,0.0,2.avi
3968,5,1.0,515,112,4659.6953,0,0.0,2.avi
3969,5,1.0,415,562,7520.9175,0,0.0,2.avi
3970,5,1.0,637,885,4130.1543,0,0.0,2.avi
3971,5,1.0,871,212,3389.3596,0,0.0,2.avi
3972,5,1.0,563,943,1924.3702,0,0.0,2.avi
3973,5,1.0,1165,862,1343.9454,0,0.0,2.avi
3974,5,1.0,875,581,999.7302,0,0.0,2.avi
3944,6,1.2,252,766,3231.795,0,244.3915185961396,2.avi
3946,6,1.2,398,822,2328.2476,0,123.45065937374616,2.avi
3949,6,1.2,908,199,2667.874,0,130.51989935872723,2.avi
3952,6,1.2,926,511,6669.676,0,219.23012011424865,2.avi
3968,6,1.2,509,135,1801.8223,0,118.96264511568404,2.avi
3972,6,1.2,540,924,1704.8387,0,149.7256529179176,2.avi
3975,6,1.2,1070,767,2775.4985,0,0.0,2.avi
3976,6,1.2,1148,313,2092.39,0,0.0,2.avi
3977,6,1.2,233,828,1480.4604,0,0.0,2.avi
3950,7,1.4,610,149,2312.2544,0,232.72701754485985,2.avi
3978,7,1.4,738,848,2832.98,0,0.0,2.avi
3979,7,1.4,343,650,1501.8176,0,0.0,2.avi
3980,7,1.4,734,156,1916.8538,0,0.0,2.avi
3981,8,1.6,207,623,5369.343,0,0.0,2.avi
3982,8,1.6,1220,839,3102.428,0,0.0,2.avi
3983,8,1.6,936,299,4271.0312,0,0.0,2.avi
3984,8,1.6,537,867,2646.9236,0,0.0,2.avi
3985,8,1.6,286,443,1313.9524,0,0.0,2.avi
3986,8,1.6,1210,215,3332.686,0,0.0,2.avi
3987,8,1.6,1023,296,4942.8174,0,0.0,2.avi
3988,8,1.6,1087,105,2561.4067,0,0.0,2.avi
3989,8,1.6,926,981,6885.33,0,0.0,2.avi
3990,8,1.6,361,602,5844.182,0,0.0,2.avi
3949,9,1.8,933,227,2706.8542,0,217.77543714849733,2.avi
3968,9,1.8,496,262,5268.2617,0,101.59001503515512,2.avi
3974,9,1.8,897,618,1985.5911,0,215.64485717751745,2.avi
3982,9,1.8,1188,828,3294.1165,0,168.59789976046636,2.avi
3986,9,1.8,1222,236,3711.4905,0,125.09196006764886,2.avi
3991,9,1.8,31,649,5301.2812,0,0.0,2.avi
3992,9,1.8,1137,1010,1685.5563,0,0.0,2.avi
3993,9,1.8,588,623,2418.8613,0,0.0,2.avi
3994,9,1.8,712,6,414.75998,0,0.0,2.avi
3995,9,1.8,522,316,4622.42,0,0.0,2.avi
3996,9,1.8,513,35,893.0616,0,0.0,2.avi
3997,9,1.8,51,521,1372.6436,0,0.0,2.avi
3998,9,1.8,1124,731,9218.098,0,0.0,2.avi
3999,9,1.8,322,566,2156.7854,0,0.0,2.avi
3950,10,2.0,566,38,3975.8003,0,168.415074585948,2.avi
3987,10,2.0,1041,342,2088.516,0,248.19944778924508,2.avi
3998,10,2.0,1157,764,2126.8208,0,234.00177094746377,2.avi
4000,10,2.0,656,971,5727.5464,0,0.0,2.avi
4001,10,2.0,821,754,2119.5872,0,0.0,2.avi
4002,10,2.0,805,665,1561.4863,0,0.0,2.avi
4003,10,2.0,398,294,3455.1152,0,0.0,2.avi
4004,10,2.0,320,379,1926.346,0,0.0,2.avi
4005,10,2.0,1163,433,5701.5356,0,0.0,2.avi
4006,10,2.0,430,842,1843.3016,0,0.0,2.avi
4007,10,2.0,532,929,27351.898,0,0.0,2.avi
3969,11,2.2,394,518,1585.1865,0,243.41923647394535,2.avi
4008,11,2.2,298,970,18716.91,0,0.0,2.avi
4009,11,2.2,302,84,5220.543,0,0.0,2.avi
4010,11,2.2,1247,522,4103.7466,0,0.0,2.avi
4011,11,2.2,1185,583,1050.4121,0,0.0,2.avi
4012,11,2.2,197,536,931.01373,0,0.0,2.avi
4013,11,2.2,1070,1007,2976.4487,0,0.0,2.avi
4014,11,2.2,847,625,3134.2034,0,0.0,2.avi
3976,12,2.4,1160,305,2567.1265,0,72.59947971871611,2.avi
3990,12,2.4,364,610,2467.1067,0,46.478239408846406,2.avi
3999,12,2.4,352,574,9009.344,0,151.87668602238375,2.avi
4000,12,2.4,687,1010,1621.7676,0,248.71326405939504,2.avi
4003,12,2.4,382,312,3252.5815,0,123.00342801132314,2.avi
4005,12,2.4,1195,408,1670.4849,0,203.67149931365805,2.avi
4013,12,2.4,1032,1001,2424.2605,0,195.24116321377852,2.avi
4015,12,2.4,600,432,2859.2966,0,0.0,2.avi
4016,12,2.4,1072,608,2257.6401,0,0.0,2.avi
4017,12,2.4,869,360,966.9076,0,0.0,2.avi
4018,12,2.4,572,688,11639.903,0,0.0,2.avi
3981,13,2.6,208,647,1852.4888,0,119.21361778355936,2.avi
4001,13,2.6,799,721,2761.949,0,196.682536763688,2.avi
4006,13,2.6,435,844,5953.3057,0,27.44758428190676,2.avi
4019,13,2.6,103,630,3009.0151,0,0.0,2.avi
4020,13,2.6,60,347,3848.653,0,0.0,2.avi
4021,13,2.6,685,937,1720.6525,0,0.0,2.avi
4022,13,2.6,1051,423,2249.7456,0,0.0,2.avi
4023,13,2.6,897,850,2267.3608,0,0.0,2.avi
4024,13,2.6,1159,92,2378.5586,0,0.0,2.avi
4025,13,2.6,970,28,2727.0728,0,0.0,2.avi
4026,13,2.6,1218,752,1023.26495,0,0.0,2.avi
4011,14,2.8,1165,582,5008.5,0,99.67494354356852,2.avi
4027,14,2.8,422,273,2647.941,0,0.0,2.avi
4028,14,2.8,726,834,1582.438,0,0.0,2.avi
4029,14,2.8,240,140,2376.1555,0,0.0,2.avi
4030,14,2.8,1201,882,4446.346,0,0.0,2.avi
4031,14,2.8,330,703,2825.656,0,0.0,2.avi
4032,14,2.8,1042,876,4486.556,0,0.0,2.avi
4033,14,2.8,785,349,2010.8798,0,0.0,2.avi
4034,14,2.8,554,389,3129.3599,0,0.0,2.avi
3999,15,3.0,362,543,1361.1094,0,220.13976384843025,2.avi
4006,15,3.0,442,886,5147.3447,0,208.32626480442485,2.avi
4015,15,3.0,573,463,3319.5637,0,204.34265005754636,2.avi
4019,15,3.0,105,613,1457.8007,0,88.71135287799167,2.avi
4033,15,3.0,802,380,1962.0953,0,178.62293220052769,2.avi
4035,15,3.0,1101,956,2351.6455,0,0.0,2.avi
4036,15,3.0,208,15,2102.0396,0,0.0,2.avi
4037,15,3.0,237,860,2211.5383,0,0.0,2.avi
4038,15,3.0,122,454,999.83655,0,0.0,2.avi
4039,15,3.0,931,263,2426.3684,0,0.0,2.avi
4040,15,3.0,988,218,1043.5087,0,0.0,2.avi
4041,15,3.0,314,182,2222.9885,0,0.0,2.avi
3976,16,3.2,1134,283,1531.9567,0,179.84943475804167,2.avi
4026,16,3.2,1226,782,871.6699,0,151.03079411577014,2.avi
4042,16,3.2,536,202,2433.375,0,0.0,2.avi
4043,16,3.2,340,299,3759.5457,0,0.0,2.avi
4025,17,3.4,1013,11,1632.3026,0,229.3843969091697,2.avi
4044,17,3.4,72,628,2648.652,0,0.0,2.avi
4045,17,3.4,1225,699,1990.9896,0,0.0,2.avi
4046,17,3.4,918,358,735.98236,0,0.0,2.avi
4047,18,3.6,1136,1011,2035.4075,0,0.0,2.avi
4048,18,3.6,427,758,3032.3801,0,0.0,2.avi
4049,18,3.6,614,145,2470.4766,0,0.0,2.avi
4050,18,3.6,581,278,5640.6543,0,0.0,2.avi
4051,18,3.6,941,549,990.9743,0,0.0,2.avi
4052,18,3.6,1110,238,1871.2915,0,0.0,2.avi
4053,18,3.6,490,622,5285.1694,0,0.0,2.avi
4020,19,3.8,61,344,7616.6562,0,18.542928046122963,2.avi
4023,19,3.8,939,864,2342.1387,0,219.74091297695944,2.avi
4049,19,3.8,638,154,1019.6377,0,130.77285240997014,2.avi
4054,19,3.8,921,966,4662.6396,0,0.0,2.avi
4055,19,3.8,777,475,3684.7766,0,0.0,2.avi
4056,19,3.8,21,237,2267.8247,0,0.0,2.avi
4057,20,4.0,192,570,4184.1055,0,0.0,2.avi
4058,20,4.0,995,347,5944.276,0,0.0,2.avi
4059,20,4.0,314,366,2493.9983,0,0.0,2.avi
4060,20,4.0,406,1015,1157.514,0,0.0,2.avi
4061,20,4.0,932,18,2402.2705,0,0.0,2.avi
4062,20,4.0,883,1013,883.9306,0,0.0,2.avi
4063,20,4.0,948,213,2587.8018,0,0.0,2.avi
4064,20,4.0,778,538,33471.938,0,0.0,2.avi
4044,21,4.2,71,636,2284.7156,0,36.33715579387696,2.avi
4061,21,4.2,916,62,4902.2676,0,235.6608571619627,2.avi
4064,21,4.2,774,584,4347.25,0,229.47257205650865,2.avi
4065,21,4.2,1070,674,1898.3696,0,0.0,2.avi
4066,21,4.2,154,151,4015.802,0,0.0,2.avi
4067,21,4.2,1073,91,4285.3447,0,0.0,2.avi
4068,21,4.2,418,603,25240.963,0,0.0,2.avi
4069,21,4.2,786,903,2664.518,0,0.0,2.avi
4070,21,4.2,799,84,4657.5103,0,0.0,2.avi
4071,21,4.2,14,766,1233.8406,0,0.0,2.avi
4072,21,4.2,724,1012,1188.7101,0,0.0,2.avi
4073,21,4.2,121,961,3207.3062,0,0.0,2.avi
4074,21,4.2,984,278,6174.402,0,0.0,2.avi
4044,22,4.4,87,656,25984.363,0,145.8785998121362,2.avi
4052,22,4.4,1096,200,1268.7738,0,200.92405123133352,2.avi
4053,22,4.4,447,622,1842.1621,0,216.10444906307367,2.avi
4060,22,4.4,418,1013,1006.87775,0,56.588608238862335,2.avi
4062,22,4.4,870,1016,504.75455,0,67.02351471172481,2.avi
4075,22,4.4,232,758,5255.8516,0,0.0,2.avi
4076,22,4.4,157,227,5046.31,0,0.0,2.avi
4077,22,4.4,580,873,5484.6187,0,0.0,2.avi
4078,22,4.4,1040,498,1416.6367,0,0.0,2.avi
4079,22,4.4,272,979,5116.999,0,0.0,2.avi
4080,22,4.4,1044,820,943.99176,0,0.0,2.avi
4081,22,4.4,1182,925,1993.1963,0,0.0,2.avi
4067,23,4.6,1091,95,2849.0947,0,93.338909638925,2.avi
4082,23,4.6,622,434,7277.4,0,0.0,2.avi
4083,23,4.6,993,429,3092.1555,0,0.0,2.avi
4084,23,4.6,1249,555,997.8187,0,0.0,2.avi
4085,23,4.6,1029,308,8230.96,0,0.0,2.avi
4023,24,4.8,972,884,1195.2162,0,50.3295505485594,2.avi
4063,24,4.8,950,203,1342.147,0,51.19769614624297,2.avi
4066,24,4.8,111,141,2040.8348,0,221.54763280698756,2.avi
4083,24,4.8,1003,454,4062.2036,0,136.64927119262242,2.avi
4084,24,4.8,1241,568,2393.2952,0,74.96484177029711,2.avi
4086,24,4.8,558,365,1924.1395,0,0.0,2.avi
4087,24,4.8,855,26,2104.9,0,0.0,2.avi
4088,24,4.8,1042,105,2444.0068,0,0.0,2.avi
4089,24,4.8,623,544,1734.6216,0,0.0,2.avi
4090,24,4.8,361,980,2837.8718,0,0.0,2.avi
4091,24,4.8,1204,651,12572.958,0,0.0,2.avi
4092,24,4.8,778,17,1327.2087,0,0.0,2.avi
4093,24,4.8,1170,832,2487.9622,0,0.0,2.avi
4094,24,4.8,350,843,4735.2607,0,0.0,2.avi
4023,25,5.0,993,854,2321.7827,0,212.08134357067652,2.avi
4057,25,5.0,202,600,2280.223,0,157.44603357702482,2.avi
4068,25,5.0,417,640,3430.8281,0,186.7990661351586,2.avi
4088,25,5.0,1019,102,4132.499,0,118.34908948443072,2.avi
4095,25,5.0,430,119,2149.377,0,0.0,2.avi
4096,25,5.0,803,767,1846.2528,0,0.0,2.avi
4097,25,5.0,511,1011,1563.882,0,0.0,2.avi
4098,25,5.0,551,797,3026.3752,0,0.0,2.avi
4099,25,5.0,701,247,3052.6816,0,0.0,2.avi
4100,25,5.0,1155,999,1843.2505,0,0.0,2.avi
4101,25,5.0,1072,22,1197.3164,0,0.0,2.avi
4044,26,5.2,197,943,30423.39,0,575.8309801063567,2.avi
4068,26,5.2,433,655,4469.4927,0,111.7966840792038,2.avi
4082,26,5.2,608,475,4520.5186,0,216.03410015830107,2.avi
4093,26,5.2,1182,814,1685.6506,0,105.807385843675,2.avi
4102,26,5.2,1027,1005,3282.141,0,0.0,2.avi
4103,26,5.2,237,643,1101.8037,0,0.0,2.avi
4104,26,5.2,896,931,1409.3275,0,0.0,2.avi
4105,26,5.2,250,557,2014.6873,0,0.0,2.avi
4106,26,5.2,716,844,1021.8533,0,0.0,2.avi
4107,26,5.2,12,212,1204.2366,0,0.0,2.avi
4108,26,5.2,58,796,14947.965,0,0.0,2.avi
4053,27,5.4,385,636,2940.5864,0,73.78644327286095,2.avi
4077,27,5.4,549,842,3902.481,0,219.3713366870496,2.avi
4109,27,5.4,1163,250,6734.319,0,0.0,2.avi
4110,27,5.4,83,404,2445.5034,0,0.0,2.avi
4111,27,5.4,736,33,1919.2955,0,0.0,2.avi
4112,27,5.4,1243,958,1080.0109,0,0.0,2.avi
4113,27,5.4,385,251,1441.8665,0,0.0,2.avi
4114,27,5.4,813,973,1475.9152,0,0.0,2.avi
4083,28,5.6,1062,623,870.1797,0,191.88430550413457,2.avi
4113,28,5.6,413,266,2615.5942,0,162.5628867200561,2.avi
4115,28,5.6,896,853,1386.0953,0,0.0,2.avi
4116,28,5.6,881,270,6501.8413,0,0.0,2.avi
4117,28,5.6,613,280,1577.3358,0,0.0,2.avi
4118,28,5.6,426,704,3010.1274,0,0.0,2.avi
4119,28,5.6,276,183,2797.164,0,0.0,2.avi
4120,28,5.6,196,831,8625.128,0,0.0,2.avi
4121,28,5.6,1234,708,1278.8572,0,0.0,2.avi
4099,29,5.8,734,262,2792.7454,0,182.43311761018555,2.avi
4115,29,5.8,911,822,961.34906,0,178.9321568799345,2.avi
4122,29,5.8,314,6,567.6485,0,0.0,2.avi
4123,29,5.8,324,385,2563.339,0,0.0,2.avi
4124,29,5.8,1124,142,2308.762,0,0.0,2.avi
4125,29,5.8,652,57,6279.406,0,0.0,2.avi
4126,29,5.8,658,308,4545.0825,0,0.0,2.avi
4126,30,6.0,650,317,2718.3584,0,57.152626266404354,2.avi
4127,30,6.0,752,898,1704.6477,0,0.0,2.avi
4128,30,6.0,1125,677,2023.4077,0,0.0,2.avi
4129,30,6.0,133,384,1918.4688,0,0.0,2.avi
4130,30,6.0,240,400,2725.3015,0,0.0,2.avi
4131,30,6.0,1184,528,49440.285,0,0.0,2.avi
4132,30,6.0,938,902,6123.7485,0,0.0,2.avi
4133,30,6.0,688,13,1493.537,0,0.0,2.avi
4098,31,6.2,530,780,2597.1897,0,136.7853930153151,2.avi
4114,31,6.2,784,955,1420.3387,0,170.17856907780208,2.avi
4134,31,6.2,862,558,26957.895,0,0.0,2.avi
4135,31,6.2,1158,903,2170.846,0,0.0,2.avi
4136,31,6.2,1072,222,1856.4658,0,0.0,2.avi
4137,31,6.2,519,206,3443.1785,0,0.0,2.avi
4102,32,6.4,1004,963,13377.615,0,239.39728858321035,2.avi
4108,32,6.4,62,801,3801.4463,0,31.33278482440956,2.avi
4110,32,6.4,54,403,985.64355,0,145.35365230142332,2.avi
4126,32,6.4,650,307,3892.4824,0,173.0499603223688,2.avi
4130,32,6.4,240,446,2317.8315,0,233.2562202706655,2.avi
4136,32,6.4,1083,192,6832.9976,0,162.02339208604891,2.avi
4138,32,6.4,1017,513,6830.5757,0,0.0,2.avi
4139,32,6.4,278,700,1779.7949,0,0.0,2.avi
4140,32,6.4,580,517,2385.9363,0,0.0,2.avi
4141,32,6.4,547,620,34594.695,0,0.0,2.avi
4121,33,6.6,1218,727,8065.002,0,126.04371131090434,2.avi
4124,33,6.6,1151,109,1795.6543,0,212.25317030326443,2.avi
4142,33,6.6,209,694,37174.85,0,0.0,2.avi
4143,33,6.6,736,603,1300.0648,0,0.0,2.avi
4144,33,6.6,824,702,1657.2867,0,0.0,2.avi
4145,33,6.6,124,282,3226.4478,0,0.0,2.avi
4146,33,6.6,886,945,1358.0624,0,0.0,2.avi
4116,34,6.8,850,268,6511.648,0,155.91220586365333,2.avi
4136,34,6.8,1132,107,3977.437,0,127.79474459287252,2.avi
4139,34,6.8,304,679,4075.9429,0,165.64489152008298,2.avi
4147,34,6.8,292,532,1823.3862,0,0.0,2.avi
4148,34,6.8,229,175,1725.8446,0,0.0,2.avi
4149,34,6.8,107,688,5249.507,0,0.0,2.avi
4124,35,7.0,1128,135,1735.1487,0,238.1875753392625,2.avi
4126,35,7.0,636,330,3324.8105,0,231.6436220800597,2.avi
4137,35,7.0,517,161,1612.62,0,221.5402749772,2.avi
4138,35,7.0,1058,530,1512.1001,0,225.0938738037616,2.avi
4147,35,7.0,331,515,2290.3774,0,214.12175177578564,2.avi
4150,35,7.0,1262,332,1611.315,0,0.0,2.avi
4151,35,7.0,212,799,1947.1338,0,0.0,2.avi
4144,36,7.2,810,701,14153.797,0,72.41798832436974,2.avi
4150,36,7.2,1271,299,794.779,0,170.11008120233677,2.avi
4152,36,7.2,598,943,2525.6528,0,0.0,2.avi
4153,36,7.2,434,234,2442.3608,0,0.0,2.avi
4154,36,7.2,540,709,1714.8683,0,0.0,2.avi
4124,37,7.4,1060,186,2681.2622,0,245.86911086211708,2.avi
4155,37,7.4,928,37,1971.4156,0,0.0,2.avi
4156,37,7.4,1031,963,3210.1738,0,0.0,2.avi
4157,37,7.4,672,198,1912.9015,0,0.0,2.avi
4158,37,7.4,764,213,1786.2078,0,0.0,2.avi
4159,37,7.4,110,522,2060.9211,0,0.0,2.avi
4138,38,7.6,1108,540,1320.9282,0,52.30970571217871,2.avi
4139,38,7.6,424,626,1927.3809,0,198.3250704954596,2.avi
4158,38,7.6,770,233,1015.9021,0,102.90611573258654,2.avi
4160,38,7.6,707,295,3005.0022,0,0.0,2.avi
4161,38,7.6,26,905,3287.652,0,0.0,2.avi
4162,38,7.6,352,890,1394.5271,0,0.0,2.avi
4163,38,7.6,770,163,1102.5172,0,0.0,2.avi
4164,38,7.6,625,268,2187.5828,0,0.0,2.avi
4116,39,7.8,824,233,2495.344,0,167.7131653339443,2.avi
4152,39,7.8,585,939,1572.2062,0,65.49477806938035,2.avi
4165,39,7.8,1028,490,2399.9224,0,0.0,2.avi
4166,39,7.8,654,856,1113.5892,0,0.0,2.avi
4167,39,7.8,258,402,1227.7982,0,0.0,2.avi
4168,40,8.0,1158,894,3542.5747,0,0.0,2.avi
4169,40,8.0,106,896,4445.77,0,0.0,2.avi
4170,40,8.0,641,798,3837.6077,0,0.0,2.avi
4171,40,8.0,916,150,2399.7556,0,0.0,2.avi
4144,41,8.2,745,699,5344.383,0,140.7452189992883,2.avi
4157,41,8.2,657,153,7451.5596,0,238.817281450547,2.avi
4166,41,8.2,635,844,4749.612,0,115.0730452210298,2.avi
4170,41,8.2,642,755,2961.0076,0,216.32142586674533,2.avi
4172,41,8.2,406,806,9812.723,0,0.0,2.avi
4173,41,8.2,1115,799,2759.2915,0,0.0,2.avi
4174,41,8.2,603,1004,2904.3464,0,0.0,2.avi
4175,41,8.2,1064,128,5380.757,0,0.0,2.avi
4176,41,8.2,999,893,1656.7183,0,0.0,2.avi
4177,41,8.2,668,336,5431.6357,0,0.0,2.avi
4138,42,8.4,1221,540,2869.9607,0,156.68058549794355,2.avi
4155,42,8.4,964,13,1233.4288,0,215.96821013574944,2.avi
4162,42,8.4,364,890,5687.5303,0,60.39068311565732,2.avi
4172,42,8.4,413,830,2650.4604,0,128.85007827412858,2.avi
4178,42,8.4,1034,677,19830.805,0,0.0,2.avi
4179,42,8.4,244,892,8985.86,0,0.0,2.avi
4180,42,8.4,1033,205,2254.4197,0,0.0,2.avi
4181,42,8.4,803,308,2459.4463,0,0.0,2.avi
4182,42,8.4,932,915,836.563,0,0.0,2.avi
4183,42,8.4,1159,945,1437.5554,0,0.0,2.avi
4184,42,8.4,356,550,1191.2915,0,0.0,2.avi
4185,42,8.4,351,54,2369.5,0,0.0,2.avi
4166,43,8.6,667,837,19683.59,0,262.6862616913773,2.avi
4186,43,8.6,48,365,1464.6198,0,0.0,2.avi
4187,43,8.6,847,771,2847.7354,0,0.0,2.avi
4188,43,8.6,595,177,1577.7626,0,0.0,2.avi
4189,44,8.8,220,247,4256.4478,0,0.0,2.avi
4144,45,9.0,704,696,1462.093,0,28.186943011492797,2.avi
4190,45,9.0,927,227,1692.9038,0,0.0,2.avi
4191,45,9.0,940,981,3870.2192,0,0.0,2.avi
4192,45,9.0,770,647,3064.4622,0,0.0,2.avi
4193,45,9.0,20,558,1911.7736,0,0.0,2.avi
4194,45,9.0,651,940,4079.8687,0,0.0,2.avi
4195,45,9.0,1145,76,21397.791,0,0.0,2.avi
4196,45,9.0,636,377,2384.6772,0,0.0,2.avi
4179,46,9.2,229,913,3089.0488,0,126.06495304024796,2.avi
4197,46,9.2,269,1007,2896.5916,0,0.0,2.avi
4198,46,9.2,203,753,3082.4421,0,0.0,2.avi
4199,46,9.2,1085,982,2993.535,0,0.0,2.avi
4200,46,9.2,1231,383,18927.54,0,0.0,2.avi
4201,46,9.2,1018,768,2917.8086,0,0.0,2.avi
4188,47,9.4,622,164,1613.9657,0,152.55192851862665,2.avi
4202,47,9.4,974,394,36458.4,0,0.0,2.avi
4203,47,9.4,561,844,1348.7031,0,0.0,2.avi
4204,47,9.4,979,557,1794.9368,0,0.0,2.avi
4205,47,9.4,1078,271,3088.6167,0,0.0,2.avi
4206,47,9.4,435,956,5128.755,0,0.0,2.avi
4207,47,9.4,1208,618,1703.9681,0,0.0,2.avi
4208,47,9.4,475,436,1507.8569,0,0.0,2.avi
4144,48,9.6,663,695,2076.4888,0,78.84352825408506,2.avi
4188,48,9.6,623,192,1559.197,0,169.47243834540734,2.avi
4196,48,9.6,639,410,40208.11,0,165.63110117032485,2.avi
4197,48,9.6,315,1004,2023.1428,0,226.9875033340887,2.avi
4209,48,9.6,530,242,6662.0938,0,0.0,2.avi
4210,48,9.6,907,60,2136.0208,0,0.0,2.avi
4211,48,9.6,1257,645,2943.8813,0,0.0,2.avi
4212,48,9.6,744,801,1946.8228,0,0.0,2.avi
4200,49,9.8,1239,454,4490.874,0,356.42678691226433,2.avi
4206,49,9.8,397,945,3147.5686,0,196.4717540067641,2.avi
4213,49,9.8,310,418,40842.297,0,0.0,2.avi
4214,49,9.8,1122,228,1073.944,0,0.0,2.avi
4215,49,9.8,69,146,3875.241,0,0.0,2.avi
4216,49,9.8,1195,518,1429.8905,0,0.0,2.avi
4217,49,9.8,513,686,2917.5618,0,0.0,2.avi
4218,49,9.8,1033,210,1135.7087,0,0.0,2.avi
4219,49,9.8,777,199,1596.2078,0,0.0,2.avi
4220,49,9.8,564,515,1398.106,0,0.0,2.avi
4221,50,10.0,823,554,8824.716,0,0.0,2.avi
4222,50,10.0,450,826,2028.4882,0,0.0,2.avi
4223,50,10.0,167,664,1723.9745,0,0.0,2.avi
4224,50,10.0,226,696,2413.7844,0,0.0,2.avi
4225,50,10.0,451,532,1540.5518,0,0.0,2.avi
4226,50,10.0,45,1005,2706.364,0,0.0,2.avi
4227,50,10.0,362,119,1658.1422,0,0.0,2.avi
4228,50,10.0,56,437,23362.395,0,0.0,2.avi
4229,50,10.0,845,133,2971.8096,0,0.0,2.avi
4230,50,10.0,1100,25,2419.2842,0,0.0,2.avi
4231,51,10.2,25,286,2833.8074,0,0.0,2.avi
4232,51,10.2,1139,592,5895.93,0,0.0,2.avi
4233,51,10.2,603,1017,796.0266,0,0.0,2.avi
4234,51,10.2,854,790,1179.6252,0,0.0,2.avi
4208,52,10.4,504,404,1185.1342,0,213.0703721137193,2.avi
4229,52,10.4,832,139,1192.4982,0,72.39451348936385,2.avi
4235,52,10.4,777,38,6021.3164,0,0.0,2.avi
4236,52,10.4,767,297,6053.504,0,0.0,2.avi
4237,52,10.4,208,606,2777.2366,0,0.0,2.avi
4238,52,10.4,549,392,3173.7954,0,0.0,2.avi
4239,52,10.4,822,948,3455.9976,0,0.0,2.avi
4240,52,10.4,427,111,1759.6622,0,0.0,2.avi
4241,52,10.4,1135,967,5958.758,0,0.0,2.avi
4242,52,10.4,725,580,2038.251,0,0.0,2.avi
4243,52,10.4,159,397,5188.64,0,0.0,2.avi
4244,52,10.4,895,462,1580.0322,0,0.0,2.avi
4215,53,10.6,70,156,2077.4248,0,51.36813034487079,2.avi
4242,53,10.6,729,537,4447.283,0,215.6603163290346,2.avi
4243,53,10.6,190,376,911.7378,0,187.83676206481496,2.avi
4245,53,10.6,200,863,7898.8594,0,0.0,2.avi
4246,53,10.6,848,875,2023.871,0,0.0,2.avi
4247,53,10.6,544,595,3080.211,0,0.0,2.avi
4248,53,10.6,569,6,512.33795,0,0.0,2.avi
4249,53,10.6,280,770,1594.5463,0,0.0,2.avi
4250,53,10.6,158,315,5249.5376,0,0.0,2.avi
4251,53,10.6,1227,188,2429.4414,0,0.0,2.avi
4252,53,10.6,394,327,7992.64,0,0.0,2.avi
4211,54,10.8,1264,680,1925.572,0,178.0626711014839,2.avi
4216,54,10.8,1215,510,5372.821,0,109.96447134522327,2.avi
4222,54,10.8,422,793,896.73975,0,215.26481190698087,2.avi
4224,54,10.8,203,714,1485.3716,0,145.29075616148532,2.avi
4227,54,10.8,387,91,2984.5383,0,188.27949693769685,2.avi
4248,54,10.8,609,19,2971.8748,0,209.2765936752403,2.avi
4252,54,10.8,360,355,2315.543,0,221.7621887971964,2.avi
4253,54,10.8,1195,248,4294.3594,0,0.0,2.avi
4254,54,10.8,1154,874,2001.2955,0,0.0,2.avi
4255,54,10.8,739,91,2498.0474,0,0.0,2.avi
4256,54,10.8,876,6,368.3451,0,0.0,2.avi
4257,54,10.8,726,849,2772.036,0,0.0,2.avi
4258,54,10.8,463,880,5874.814,0,0.0,2.avi
4259,54,10.8,727,13,1406.4996,0,0.0,2.avi
4225,55,11.0,438,531,1243.4717,0,63.648192941248304,2.avi
4239,55,11.0,823,943,3511.6055,0,25.05668301333066,2.avi
4246,55,11.0,863,898,4171.005,0,136.99420790546174,2.avi
4260,55,11.0,470,34,3287.9875,0,0.0,2.avi
4261,55,11.0,683,574,2665.1755,0,0.0,2.avi
4262,55,11.0,1156,327,3607.0466,0,0.0,2.avi
4263,55,11.0,515,197,807.80457,0,0.0,2.avi
4264,55,11.0,398,649,1973.4305,0,0.0,2.avi
4265,55,11.0,125,360,2902.1494,0,0.0,2.avi
4226,56,11.2,28,997,2981.101,0,96.41811687533703,2.avi
4241,56,11.2,1125,978,2143.8135,0,72.88690589023838,2.avi
4260,56,11.2,445,33,4163.556,0,126.6748311675106,2.avi
4266,56,11.2,658,918,2232.7593,0,0.0,2.avi
4267,56,11.2,353,334,3830.707,0,0.0,2.avi
4268,56,11.2,553,954,1341.692,0,0.0,2.avi
4269,56,11.2,1081,100,2585.1357,0,0.0,2.avi
4270,57,11.4,133,437,2887.753,0,0.0,2.avi
4271,57,11.4,510,1003,1619.9247,0,0.0,2.avi
4272,57,11.4,475,811,1393.5807,0,0.0,2.avi
4273,57,11.4,989,142,3977.5757,0,0.0,2.avi
4274,57,11.4,978,1013,1023.5188,0,0.0,2.avi
4275,57,11.4,1267,435,1409.4482,0,0.0,2.avi
4276,57,11.4,717,269,3175.9363,0,0.0,2.avi
4277,57,11.4,398,303,3302.2136,0,0.0,2.avi
4237,58,11.6,188,611,1996.1843,0,105.69114724182704,2.avi
4278,58,11.6,893,664,6436.9634,0,0.0,2.avi
4279,58,11.6,348,221,4256.8496,0,0.0,2.avi
4280,58,11.6,783,464,4970.8374,0,0.0,2.avi
4281,58,11.6,204,78,6393.4736,0,0.0,2.avi
4258,59,11.8,511,875,1041.7832,0,243.57512513962408,2.avi
4260,59,11.8,371,39,2024.3569,0,236.7483926959152,2.avi
4265,59,11.8,107,344,1826.112,0,118.88007826263711,2.avi
4268,59,11.8,567,922,1124.7341,0,174.386576341755,2.avi
4274,59,11.8,988,1015,1153.7734,0,50.4975467467896,2.avi
4282,59,11.8,1260,861,3017.4248,0,0.0,2.avi
4283,59,11.8,225,711,2953.398,0,0.0,2.avi
4284,59,11.8,642,148,2789.6514,0,0.0,2.avi
4285,59,11.8,916,895,1927.8243,0,0.0,2.avi
4286,59,11.8,460,437,2042.7787,0,0.0,2.avi
4287,59,11.8,156,184,4318.9526,0,0.0,2.avi
4211,60,12.0,1265,727,1461.7717,0,62.62775806080434,2.avi
4258,60,12.0,537,891,1813.324,0,156.9874174865662,2.avi
4274,60,12.0,993,991,2670.6682,0,135.25087980334143,2.avi
4288,60,12.0,646,80,7073.7754,0,0.0,2.avi
4289,60,12.0,366,509,2529.9219,0,0.0,2.avi
4290,60,12.0,548,415,10660.258,0,0.0,2.avi
4291,60,12.0,1178,962,2990.8162,0,0.0,2.avi
4292,60,12.0,336,156,2134.4744,0,0.0,2.avi
4262,61,12.2,1185,365,1660.649,0,238.5132725476943,2.avi
4284,61,12.2,667,187,3385.8691,0,230.084926564599,2.avi
4293,61,12.2,1252,349,4310.5767,0,0.0,2.avi
4294,61,12.2,599,243,2670.015,0,0.0,2.avi
4295,61,12.2,620,579,3639.2224,0,0.0,2.avi
4296,61,12.2,190,541,3006.9421,0,0.0,2.avi
4297,61,12.2,976,772,1748.0419,0,0.0,2.avi
4237,62,12.4,189,618,3935.6443,0,63.51521476109305,2.avi
4265,62,12.4,104,319,3182.3616,0,79.68298642531094,2.avi
4267,62,12.4,322,319,2384.5054,0,172.2896120710867,2.avi
4289,62,12.4,378,510,2256.1382,0,56.73973087717554,2.avi
4298,62,12.4,1105,856,4586.4707,0,0.0,2.avi
4299,62,12.4,478,894,1675.174,0,0.0,2.avi
4300,62,12.4,694,752,1456.7593,0,0.0,2.avi
4301,62,12.4,1192,883,2891.6562,0,0.0,2.avi
4302,62,12.4,1052,792,2261.0012,0,0.0,2.avi
4303,62,12.4,1262,229,2015.107,0,0.0,2.avi
4304,62,12.4,264,127,892.01514,0,0.0,2.avi
4305,62,12.4,1184,274,1507.3782,0,0.0,2.avi
4282,63,12.6,1273,905,440.1726,0,230.9466440048556,2.avi
4284,63,12.6,731,228,2936.9204,0,203.1437049450344,2.avi
4286,63,12.6,461,430,856.9811,0,33.939729069215126,2.avi
4290,63,12.6,561,453,1483.9023,0,198.94688619525695,2.avi
4297,63,12.6,978,735,4225.42,0,187.49516693706065,2.avi
4306,63,12.6,271,208,4901.2817,0,0.0,2.avi
4307,63,12.6,697,631,3358.6714,0,0.0,2.avi
4308,63,12.6,1257,488,2295.1372,0,0.0,2.avi
4265,64,12.8,148,319,2244.8452,0,241.1146047917695,2.avi
4293,64,12.8,1214,344,2373.6333,0,192.3584682223845,2.avi
4309,64,12.8,1260,973,1470.0591,0,0.0,2.avi
4310,64,12.8,524,280,1510.4257,0,0.0,2.avi
4311,64,12.8,254,22,2660.445,0,0.0,2.avi
4297,65,13.0,1017,696,1731.394,0,187.2762555375272,2.avi
4312,65,13.0,269,417,5298.169,0,0.0,2.avi
4313,65,13.0,729,98,2650.033,0,0.0,2.avi
4314,65,13.0,800,25,2630.001,0,0.0,2.avi
4315,65,13.0,1200,1006,2426.473,0,0.0,2.avi
4316,65,13.0,853,279,2891.378,0,0.0,2.avi
4317,65,13.0,980,239,4350.401,0,0.0,2.avi
4294,66,13.2,562,211,2357.008,0,245.77209027030509,2.avi
4312,66,13.2,242,385,3042.9453,0,210.13041353470044,2.avi
4318,66,13.2,1078,154,6623.5474,0,0.0,2.avi
4319,66,13.2,574,832,4897.776,0,0.0,2.avi
4320,66,13.2,400,230,1709.5674,0,0.0,2.avi
4321,66,13.2,442,103,1895.7439,0,0.0,2.avi
4322,66,13.2,98,984,5624.167,0,0.0,2.avi
4323,66,13.2,961,426,7130.571,0,0.0,2.avi
4237,67,13.4,203,589,938.0747,0,214.27849861472416,2.avi
4265,67,13.4,219,298,9910.404,0,175.62411758083363,2.avi
4304,67,13.4,285,99,8365.439,0,176.24638786207032,2.avi
4317,67,13.4,980,192,821.7112,0,234.01151410359608,2.avi
4324,67,13.4,211,698,5359.69,0,0.0,2.avi
4325,67,13.4,44,725,9930.395,0,0.0,2.avi
4326,67,13.4,746,277,1573.1257,0,0.0,2.avi
4327,67,13.4,245,471,2226.1018,0,0.0,2.avi
4328,67,13.4,1155,838,8826.474,0,0.0,2.avi
4313,68,13.6,747,67,771.3086,0,181.89929885969556,2.avi
4316,68,13.6,858,328,4675.3364,0,243.7646305321556,2.avi
4328,68,13.6,1173,855,1313.956,0,125.82050811152216,2.avi
4329,68,13.6,172,523,7212.5146,0,0.0,2.avi
4330,68,13.6,639,548,4245.6826,0,0.0,2.avi
4331,68,13.6,1186,340,1010.1159,0,0.0,2.avi
4332,68,13.6,1095,380,896.9064,0,0.0,2.avi
4333,68,13.6,1139,1015,1105.0299,0,0.0,2.avi
4314,69,13.8,839,21,1775.5801,0,195.2076788585279,2.avi
4334,69,13.8,727,1008,1286.9797,0,0.0,2.avi
4335,69,13.8,1139,196,1215.7357,0,0.0,2.avi
4336,69,13.8,214,165,1818.59,0,0.0,2.avi
4337,69,13.8,52,308,2108.9185,0,0.0,2.avi
4338,69,13.8,517,880,7101.9565,0,0.0,2.avi
4339,70,14.0,1034,484,3264.001,0,0.0,2.avi
4340,70,14.0,478,657,2262.3223,0,0.0,2.avi
4341,70,14.0,722,653,4276.3438,0,0.0,2.avi
4342,70,14.0,751,803,3330.1477,0,0.0,2.avi
4343,70,14.0,857,568,2998.3936,0,0.0,2.avi
4344,70,14.0,353,75,1714.6699,0,0.0,2.avi
4345,70,14.0,721,928,2749.4575,0,0.0,2.avi
4346,70,14.0,742,420,2215.768,0,0.0,2.avi
4347,70,14.0,201,20,3309.811,0,0.0,2.avi
4348,70,14.0,729,975,995.0683,0,0.0,2.avi
4294,71,14.2,518,226,2982.3906,0,247.4023501480294,2.avi
4327,71,14.2,261,441,960.95544,0,172.56266116080258,2.avi
4332,71,14.2,1098,405,3858.2832,0,124.49379776891222,2.avi
4340,71,14.2,477,624,5303.0063,0,164.4752523613072,2.avi
4349,71,14.2,796,56,3368.452,0,0.0,2.avi
4350,71,14.2,1248,779,1451.3287,0,0.0,2.avi
4351,71,14.2,373,925,2268.9436,0,0.0,2.avi
4352,71,14.2,1027,429,2234.5771,0,0.0,2.avi
4353,71,14.2,900,511,5412.95,0,0.0,2.avi
4320,72,14.4,398,248,3034.7598,0,90.6485528646883,2.avi
4324,72,14.4,207,666,4515.2925,0,163.9106417392542,2.avi
4354,72,14.4,957,231,5097.341,0,0.0,2.avi
4355,72,14.4,811,778,3236.7092,0,0.0,2.avi
4356,72,14.4,821,914,1502.0078,0,0.0,2.avi
4357,72,14.4,381,494,755.41364,0,0.0,2.avi
4358,72,14.4,997,358,1005.47424,0,0.0,2.avi
4359,72,14.4,1121,575,5509.356,0,0.0,2.avi
4360,72,14.4,1250,442,2979.886,0,0.0,2.avi
4341,73,14.6,746,678,5815.571,0,170.52887849408742,2.avi
4357,73,14.6,390,470,1304.6254,0,128.0880870763962,2.avi
4361,73,14.6,219,307,2994.7327,0,0.0,2.avi
4362,73,14.6,716,614,3178.0278,0,0.0,2.avi
4363,73,14.6,627,65,1354.4613,0,0.0,2.avi
4364,73,14.6,1170,759,3484.9678,0,0.0,2.avi
4365,73,14.6,387,602,2497.5227,0,0.0,2.avi
4366,73,14.6,561,654,2263.2114,0,0.0,2.avi
4367,73,14.6,957,1010,1161.2277,0,0.0,2.avi
4368,73,14.6,432,865,5080.624,0,0.0,2.avi
4369,73,14.6,191,751,1629.6476,0,0.0,2.avi
4329,74,14.8,142,535,1654.7847,0,160.43842930077878,2.avi
4345,74,14.8,758,929,1366.6581,0,186.3914101170232,2.avi
4355,74,14.8,806,743,1822.0903,0,176.15979300306776,2.avi
4370,74,14.8,545,723,1110.0042,0,0.0,2.avi
4371,74,14.8,75,929,1696.0745,0,0.0,2.avi
4372,74,14.8,352,794,6214.387,0,0.0,2.avi
4373,74,14.8,611,500,2753.9602,0,0.0,2.avi
4374,74,14.8,360,982,9959.817,0,0.0,2.avi
4340,75,15.0,436,386,9066.893,0,194.60554508751844,2.avi
4355,75,15.0,791,760,3867.0205,0,176.86678321250358,2.avi
4362,75,15.0,680,586,790.02124,0,230.93365428113773,2.avi
4366,75,15.0,563,613,1682.0702,0,206.62510610731945,2.avi
4375,75,15.0,713,253,9410.003,0,0.0,2.avi
4376,75,15.0,1206,667,2163.455,0,0.0,2.avi
4377,75,15.0,795,9,1041.4211,0,0.0,2.avi
4378,75,15.0,14,300,1475.1683,0,0.0,2.avi
4379,75,15.0,447,476,2132.6926,0,0.0,2.avi
4380,75,15.0,721,878,1093.5105,0,0.0,2.avi
4381,75,15.0,440,307,1177.7449,0,0.0,2.avi
4351,76,15.2,333,898,5152.616,0,242.635207533314,2.avi
4354,76,15.2,998,227,1008.4131,0,204.50257991671825,2.avi
4382,76,15.2,1062,938,1576.3975,0,0.0,2.avi
4383,76,15.2,626,333,2096.2322,0,0.0,2.avi
4354,77,15.4,985,228,836.2142,0,95.74363998805951,2.avi
4367,77,15.4,965,997,3136.515,0,76.98156523103897,2.avi
4375,77,15.4,704,210,1543.3818,0,217.7459206600637,2.avi
4377,77,15.4,760,11,1282.0579,0,174.37722237327642,2.avi
4378,77,15.4,26,348,3477.3518,0,249.9134642002248,2.avi
4380,77,15.4,702,901,3952.2441,0,152.7899655942125,2.avi
4384,77,15.4,142,640,1239.3267,0,0.0,2.avi
4385,77,15.4,933,227,1746.179,0,0.0,2.avi
4367,78,15.6,954,1009,2156.4834,0,98.1110563178369,2.avi
4368,78,15.6,471,873,1554.6042,0,194.6211829837519,2.avi
4371,78,15.6,84,930,1946.7151,0,46.08896441192518,2.avi
4386,78,15.6,1233,114,8148.5903,0,0.0,2.avi
4387,78,15.6,592,158,6443.396,0,0.0,2.avi
4388,78,15.6,863,413,1918.0319,0,0.0,2.avi
4389,78,15.6,883,767,2341.2578,0,0.0,2.avi
4390,78,15.6,289,327,1750.0094,0,0.0,2.avi
4391,78,15.6,1095,490,3157.8882,0,0.0,2.avi
4392,78,15.6,198,556,1319.299,0,0.0,2.avi
4393,78,15.6,64,407,2815.1753,0,0.0,2.avi
4364,79,15.8,1194,728,2610.9182,0,199.42984387219076,2.avi
4365,79,15.8,341,583,1950.2837,0,248.91571154515609,2.avi
4369,79,15.8,152,782,12785.563,0,249.54846453279876,2.avi
4376,79,15.8,1183,678,931.1018,0,130.44227863926278,2.avi
4382,79,15.8,1084,950,5005.757,0,121.96583234338196,2.avi
4394,79,15.8,688,269,6941.0166,0,0.0,2.avi
4395,79,15.8,470,89,1543.212,0,0.0,2.avi
4396,79,15.8,37,513,2229.233,0,0.0,2.avi
4397,79,15.8,1118,220,1328.8109,0,0.0,2.avi
4398,79,15.8,243,931,7354.364,0,0.0,2.avi
4399,79,15.8,212,9,862.24426,0,0.0,2.avi
4400,79,15.8,334,735,2098.1729,0,0.0,2.avi
4368,80,16.0,450,901,1308.6328,0,198.05008751452252,2.avi
4376,80,16.0,1162,656,1406.6648,0,173.27288132755692,2.avi
4401,80,16.0,174,245,11369.195,0,0.0,2.avi
4402,80,16.0,146,426,7331.7993,0,0.0,2.avi
4403,80,16.0,890,664,2771.0105,0,0.0,2.avi
4404,80,16.0,651,738,2228.2324,0,0.0,2.avi
4405,80,16.0,314,214,2893.2834,0,0.0,2.avi
4401,81,16.2,171,283,1410.873,0,194.39117826831392,2.avi
4406,81,16.2,481,365,1746.8237,0,0.0,2.avi
4407,81,16.2,1196,413,1812.5698,0,0.0,2.avi
4408,81,16.2,781,15,991.94855,0,0.0,2.avi
4409,81,16.2,631,55,1298.3225,0,0.0,2.avi
4410,81,16.2,1090,24,6374.0513,0,0.0,2.avi
4411,81,16.2,686,395,1748.6744,0,0.0,2.avi
4412,81,16.2,920,4,235.44649,0,0.0,2.avi
4413,81,16.2,517,286,2151.2285,0,0.0,2.avi
4365,82,16.4,348,577,940.40643,0,103.66096168887624,2.avi
4392,82,16.4,162,534,1723.0123,0,209.3854067837403,2.avi
4409,82,16.4,674,55,13287.124,0,220.4666527213012,2.avi
4414,82,16.4,860,136,2313.8347,0,0.0,2.avi
4415,82,16.4,939,105,2594.747,0,0.0,2.avi
4416,82,16.4,461,281,1427.6543,0,0.0,2.avi
4417,82,16.4,1220,614,1687.3683,0,0.0,2.avi
4377,83,16.6,495,31,1276.8983,0,141.82437961895755,2.avi
4378,83,16.6,138,707,2044.2373,0,212.14824974014135,2.avi
4395,83,16.6,453,122,2755.9707,0,186.6336351845548,2.avi
4410,83,16.6,1134,4,385.89404,0,243.32063788727044,2.avi
4412,83,16.6,898,14,1511.9854,0,120.60929095275044,2.avi
4418,83,16.6,1029,810,11301.0625,0,0.0,2.avi
4419,83,16.6,260,109,16803.162,0,0.0,2.avi
4420,83,16.6,850,244,10219.531,0,0.0,2.avi
4421,83,16.6,752,642,1312.0568,0,0.0,2.avi
4422,83,16.6,1247,890,2986.5212,0,0.0,2.avi
4423,83,16.6,1260,617,1663.9001,0,0.0,2.avi
4424,83,16.6,593,406,1159.4796,0,0.0,2.avi
4425,83,16.6,308,6,566.3418,0,0.0,2.avi
4393,84,16.8,65,417,1308.9194,0,51.06312944975041,2.avi
4422,84,16.8,1216,908,2113.5786,0,180.1302346584433,2.avi
4426,84,16.8,507,956,11728.701,0,0.0,2.avi
4427,84,16.8,383,169,3340.4626,0,0.0,2.avi
4428,84,16.8,554,806,7101.3716,0,0.0,2.avi
4429,84,16.8,944,208,2728.5444,0,0.0,2.avi
4430,84,16.8,194,698,3399.1763,0,0.0,2.avi
4431,84,16.8,1228,197,891.0364,0,0.0,2.avi
4432,84,16.8,449,1011,1302.864,0,0.0,2.avi
4433,84,16.8,1054,137,2264.2896,0,0.0,2.avi
4434,84,16.8,426,372,12353.617,0,0.0,2.avi
4376,85,17.0,899,398,1419.4385,0,115.22529301374692,2.avi
4396,85,17.0,28,501,6189.8833,0,79.05138710298299,2.avi
4400,85,17.0,346,745,757.99634,0,78.85427741049662,2.avi
4406,85,17.0,499,362,1415.9432,0,95.22703592796393,2.avi
4413,85,17.0,509,259,2697.4058,0,144.00525324569634,2.avi
4425,85,17.0,280,11,1009.6424,0,142.74983465194853,2.avi
4430,85,17.0,187,677,3987.096,0,114.2952391846523,2.avi
4434,85,17.0,403,405,1589.9316,0,202.4911323552863,2.avi
4435,85,17.0,572,464,5075.2476,0,0.0,2.avi
4436,85,17.0,780,939,1963.803,0,0.0,2.avi
4437,85,17.0,1180,867,2162.865,0,0.0,2.avi
4438,85,17.0,163,889,1042.1957,0,0.0,2.avi
4439,85,17.0,1134,550,3177.2786,0,0.0,2.avi
4440,85,17.0,1088,471,1781.2166,0,0.0,2.avi
4441,85,17.0,297,854,2155.1858,0,0.0,2.avi
4442,85,17.0,1157,495,3099.082,0,0.0,2.avi
4376,86,17.2,869,360,1859.3506,0,145.04936099315714,2.avi
4377,86,17.2,416,88,1134.143,0,249.80321129881776,2.avi
4392,86,17.2,114,507,965.68054,0,64.8408513057247,2.avi
4429,86,17.2,917,171,6187.483,0,230.6681246410421,2.avi
4443,86,17.2,260,204,2401.2922,0,0.0,2.avi
4444,86,17.2,817,430,1809.6476,0,0.0,2.avi
4445,86,17.2,896,515,2435.4543,0,0.0,2.avi
4446,86,17.2,1187,999,1359.3931,0,0.0,2.avi
4447,86,17.2,649,440,1427.1398,0,0.0,2.avi
4448,86,17.2,761,550,2693.344,0,0.0,2.avi
4449,86,17.2,525,104,1574.2877,0,0.0,2.avi
4450,86,17.2,689,950,1073.6666,0,0.0,2.avi
4451,86,17.2,699,72,1458.2214,0,0.0,2.avi
4452,86,17.2,1265,331,1640.7279,0,0.0,2.avi
4406,87,17.4,515,391,2014.0236,0,157.8239017239281,2.avi
4416,87,17.4,469,252,930.5903,0,148.4263964730507,2.avi
4437,87,17.4,1167,826,3046.772,0,213.7497760049304,2.avi
4440,87,17.4,1078,475,1967.3289,0,50.64255381017941,2.avi
4453,87,17.4,604,337,2566.7188,0,0.0,2.avi
4454,87,17.4,637,1012,1098.1818,0,0.0,2.avi
4455,87,17.4,46,246,1491.0334,0,0.0,2.avi
4456,87,17.4,779,466,3845.7092,0,0.0,2.avi
4457,87,17.4,805,587,2951.34,0,0.0,2.avi
4427,88,17.6,376,143,1605.5336,0,132.59506312985323,2.avi
4428,88,17.6,574,807,2940.1372,0,98.3201564512693,2.avi
4432,88,17.6,444,1020,208.38855,0,50.7463365487263,2.avi
4436,88,17.6,798,904,10776.71,0,196.5914434182801,2.avi
4458,88,17.6,974,942,2369.146,0,0.0,2.avi
4459,88,17.6,516,336,1601.8872,0,0.0,2.avi
4460,88,17.6,300,608,3616.4373,0,0.0,2.avi
4461,88,17.6,1142,303,904.8831,0,0.0,2.avi
4462,88,17.6,389,399,803.61176,0,0.0,2.avi
4463,88,17.6,1108,8,720.3957,0,0.0,2.avi
4464,88,17.6,498,730,1354.4055,0,0.0,2.avi
4465,88,17.6,1076,873,2169.903,0,0.0,2.avi
4466,88,17.6,585,985,4761.534,0,0.0,2.avi
4376,89,17.8,718,128,1586.0612,0,143.8890824947254,2.avi
4412,89,17.8,774,107,1060.3433,0,182.09582285357976,2.avi
4437,89,17.8,1133,801,2271.5447,0,127.9099275532628,2.avi
4441,89,17.8,265,865,1325.3181,0,171.1024562311282,2.avi
4442,89,17.8,1182,517,3899.9604,0,164.36052213896653,2.avi
4448,89,17.8,729,540,1319.0344,0,168.9399799390111,2.avi
4457,89,17.8,808,557,1135.5068,0,148.82421921563557,2.avi
4467,89,17.8,1228,906,6065.6685,0,0.0,2.avi
4468,89,17.8,197,737,2661.5205,0,0.0,2.avi
4469,89,17.8,511,638,2110.1025,0,0.0,2.avi
4470,89,17.8,376,538,1232.5928,0,0.0,2.avi
4471,89,17.8,194,481,753.5497,0,0.0,2.avi
4472,89,17.8,1130,907,2446.3625,0,0.0,2.avi
4473,89,17.8,659,496,708.9614,0,0.0,2.avi
4474,89,17.8,621,265,778.3803,0,0.0,2.avi
4475,89,17.8,1013,368,1666.1857,0,0.0,2.avi
4476,89,17.8,1032,739,1879.8247,0,0.0,2.avi
4477,89,17.8,789,220,1159.1018,0,0.0,2.avi
4478,89,17.8,105,444,3203.1492,0,0.0,2.avi
4479,89,17.8,630,957,1760.2869,0,0.0,2.avi
4436,90,18.0,770,881,3675.8145,0,192.06439144818364,2.avi
4458,90,18.0,944,968,6619.9116,0,200.6721849584027,2.avi
4462,90,18.0,414,400,1412.7974,0,127.90731877795731,2.avi
4465,90,18.0,1082,875,2671.23,0,31.345980138919582,2.avi
4467,90,18.0,1201,935,3192.1804,0,196.75615870401944,2.avi
4469,90,18.0,486,645,1926.7521,0,131.39607048323873,2.avi
4477,90,18.0,761,239,6040.4727,0,172.9560471026263,2.avi
4480,90,18.0,898,268,6951.6646,0,0.0,2.avi
4481,90,18.0,121,701,3071.0437,0,0.0,2.avi
4482,90,18.0,623,839,1944.959,0,0.0,2.avi
4483,90,18.0,1243,596,1123.9424,0,0.0,2.avi
4484,90,18.0,267,273,1260.6528,0,0.0,2.avi
4485,90,18.0,1126,191,3374.367,0,0.0,2.avi
4486,90,18.0,1057,1015,973.756,0,0.0,2.avi
4487,90,18.0,694,143,1158.0411,0,0.0,2.avi
4488,90,18.0,1175,771,1330.9415,0,0.0,2.avi
4489,90,18.0,829,609,2183.3274,0,0.0,2.avi
4490,90,18.0,965,654,1515.908,0,0.0,2.avi
4491,90,18.0,498,153,665.2901,0,0.0,2.avi
4492,90,18.0,238,389,1327.6145,0,0.0,2.avi
4440,91,18.2,1083,493,1698.5155,0,182.02514392519055,2.avi
4451,91,18.2,726,49,1182.1683,0,177.62772192213097,2.avi
4454,91,18.2,674,1005,4393.694,0,191.94336963736995,2.avi
4459,91,18.2,528,323,8107.4233,0,89.16789955909877,2.avi
4465,91,18.2,1086,906,2948.6687,0,173.9941293794361,2.avi
4470,91,18.2,417,522,3027.3477,0,216.3460839055047,2.avi
4493,91,18.2,408,841,1595.4766,0,0.0,2.avi
4494,91,18.2,1149,408,1736.4899,0,0.0,2.avi
4495,91,18.2,629,641,2925.3992,0,0.0,2.avi
4496,91,18.2,1260,202,2082.4998,0,0.0,2.avi
4497,91,18.2,417,310,7565.898,0,0.0,2.avi
4498,91,18.2,778,336,3652.8948,0,0.0,2.avi
4499,91,18.2,847,39,2784.5464,0,0.0,2.avi
4500,91,18.2,769,186,4284.645,0,0.0,2.avi
4377,92,18.4,172,309,1513.353,0,150.14582947944854,2.avi
4416,92,18.4,490,193,2508.4023,0,161.3716271781851,2.avi
4451,92,18.4,722,54,1485.7059,0,45.98027160099971,2.avi
4468,92,18.4,194,784,2867.917,0,233.2968329234967,2.avi
4471,92,18.4,189,448,3310.62,0,168.04308632708234,2.avi
4472,92,18.4,1119,917,4056.4746,0,76.08947030042432,2.avi
4475,92,18.4,1039,390,887.65137,0,166.4071375551474,2.avi
4481,92,18.4,123,674,993.34863,0,134.9729067259251,2.avi
4501,92,18.4,1109,642,925.7811,0,0.0,2.avi
4502,92,18.4,685,836,1652.9963,0,0.0,2.avi
4503,92,18.4,51,796,1417.551,0,0.0,2.avi
4504,92,18.4,237,932,759.0383,0,0.0,2.avi
4505,92,18.4,152,380,8202.535,0,0.0,2.avi
4506,92,18.4,663,598,2803.2798,0,0.0,2.avi
4454,93,18.6,710,1018,1341.9395,0,145.10079362871252,2.avi
4468,93,18.6,229,777,2852.1624,0,218.55271962084893,2.avi
4469,93,18.6,350,711,3249.5557,0,202.074013166817,2.avi
4482,93,18.6,647,828,1505.8569,0,132.60114253243165,2.avi
4507,93,18.6,104,590,5053.0903,0,0.0,2.avi
4508,93,18.6,264,861,1386.6547,0,0.0,2.avi
4509,93,18.6,971,75,769.6636,0,0.0,2.avi
4510,93,18.6,439,667,983.4037,0,0.0,2.avi
4511,93,18.6,303,149,1802.149,0,0.0,2.avi
4462,94,18.8,494,383,680.6819,0,95.84815391957578,2.avi
4499,94,18.8,843,50,1511.528,0,58.54575177377115,2.avi
4508,94,18.8,276,883,2137.128,0,127.8971420364887,2.avi
4512,94,18.8,129,919,5342.2637,0,0.0,2.avi
4513,94,18.8,898,52,2128.8157,0,0.0,2.avi
4514,94,18.8,344,537,4967.9233,0,0.0,2.avi
4515,94,18.8,219,224,3322.9558,0,0.0,2.avi
4516,94,18.8,179,589,1703.6829,0,0.0,2.avi
4517,94,18.8,628,70,1485.4357,0,0.0,2.avi
4518,94,18.8,12,625,783.2705,0,0.0,2.avi
4519,94,18.8,1234,803,4549.7095,0,0.0,2.avi
4520,94,18.8,1212,964,769.3881,0,0.0,2.avi
4521,94,18.8,1265,674,1503.3735,0,0.0,2.avi
4522,94,18.8,481,278,1095.6248,0,0.0,2.avi
4440,95,19.0,1117,529,2424.586,0,140.91359574504517,2.avi
4471,95,19.0,195,411,2251.6702,0,59.09362550144721,2.avi
4490,95,19.0,954,616,10007.363,0,197.86579939635132,2.avi
4523,95,19.0,952,468,2637.6174,0,0.0,2.avi
4524,95,19.0,835,517,1734.6261,0,0.0,2.avi
4525,95,19.0,520,421,4413.2603,0,0.0,2.avi
4526,95,19.0,451,549,2944.839,0,0.0,2.avi
4377,96,19.2,85,379,1243.1598,0,224.21933688237735,2.avi
4497,96,19.2,422,288,705.62646,0,113.87374515037028,2.avi
4518,96,19.2,33,597,2754.4543,0,179.50658414738106,2.avi
4521,96,19.2,1270,702,486.7912,0,142.81806550362774,2.avi
4527,96,19.2,335,845,1487.0308,0,0.0,2.avi
4528,96,19.2,572,802,1201.5526,0,0.0,2.avi
4529,96,19.2,161,723,966.2544,0,0.0,2.avi
4530,96,19.2,1252,937,2069.9285,0,0.0,2.avi
4531,96,19.2,1023,156,1006.01306,0,0.0,2.avi
4532,96,19.2,121,818,1918.3859,0,0.0,2.avi
4377,97,19.4,87,415,1551.654,0,178.64210349414793,2.avi
4501,97,19.4,1128,659,3209.7358,0,125.34223328667852,2.avi
4507,97,19.4,87,617,1536.7388,0,161.12558537892744,2.avi
4514,97,19.4,333,512,583.72363,0,136.7618675601893,2.avi
4523,97,19.4,949,486,661.8998,0,89.53688252000927,2.avi
4531,97,19.4,1039,135,1787.3518,0,137.430515143248,2.avi
4533,97,19.4,257,1000,2891.692,0,0.0,2.avi
4534,97,19.4,1236,451,1767.094,0,0.0,2.avi
4535,97,19.4,1102,13,734.4273,0,0.0,2.avi
4536,97,19.4,605,961,1830.7993,0,0.0,2.avi
4537,97,19.4,1108,171,7037.0327,0,0.0,2.avi
4538,97,19.4,321,197,819.1146,0,0.0,2.avi
4539,97,19.4,438,911,717.27844,0,0.0,2.avi
4513,98,19.6,880,22,1097.2877,0,177.06183859752022,2.avi
4531,98,19.6,1048,86,1086.2686,0,161.8538592765544,2.avi
4533,98,19.6,287,999,2851.17,0,150.06231114611415,2.avi
4540,98,19.6,691,265,7219.9263,0,0.0,2.avi
4541,98,19.6,869,985,2390.0793,0,0.0,2.avi
4542,98,19.6,623,871,3257.502,0,0.0,2.avi
4543,98,19.6,729,155,1326.4042,0,0.0,2.avi
4544,98,19.6,1167,410,1904.861,0,0.0,2.avi
4545,98,19.6,532,506,2405.1963,0,0.0,2.avi
4546,98,19.6,1060,654,831.78217,0,0.0,2.avi
4547,98,19.6,930,655,5578.614,0,0.0,2.avi
4509,99,19.8,946,75,1730.2777,0,125.71807732818004,2.avi
4536,99,19.8,613,982,956.36584,0,114.3978761315355,2.avi
4543,99,19.8,758,191,9663.418,0,236.57159150227335,2.avi
4548,99,19.8,268,362,6985.119,0,0.0,2.avi
4549,99,19.8,516,726,6436.1025,0,0.0,2.avi
4550,99,19.8,868,435,4536.667,0,0.0,2.avi
4551,99,19.8,223,464,1913.2336,0,0.0,2.avi
4552,99,19.8,757,385,2013.4635,0,0.0,2.avi
4553,99,19.8,1089,67,1360.3099,0,0.0,2.avi
4554,99,19.8,1159,9,875.11926,0,0.0,2.avi
4522,100,20.0,492,232,9612.665,0,233.6265729825357,2.avi
4532,100,20.0,100,797,6403.338,0,148.97364846453846,2.avi
4548,100,20.0,293,327,2775.6538,0,212.6736891048544,2.avi
4550,100,20.0,839,406,2611.736,0,209.5333482210575,2.avi
4555,100,20.0,306,553,4417.6235,0,0.0,2.avi
4556,100,20.0,1222,612,1969.0554,0,0.0,2.avi
4557,100,20.0,929,946,1978.4047,0,0.0,2.avi
4558,100,20.0,423,417,1724.1117,0,0.0,2.avi
4559,100,20.0,515,137,2697.9304,0,0.0,2.avi
4560,100,20.0,376,852,859.135,0,0.0,2.avi
4561,100,20.0,906,484,1095.5219,0,0.0,2.avi
4471,101,20.2,213,283,10249.482,0,42.70763610454537,2.avi
4532,101,20.2,120,774,4226.3564,0,171.1436206855637,2.avi
4562,101,20.2,1117,601,1037.1271,0,0.0,2.avi
4563,101,20.2,861,68,1759.1848,0,0.0,2.avi
4564,101,20.2,406,630,3337.199,0,0.0,2.avi
4565,101,20.2,162,193,1412.4095,0,0.0,2.avi
4566,101,20.2,1200,899,905.55273,0,0.0,2.avi
4567,101,20.2,118,863,1677.7235,0,0.0,2.avi
4537,102,20.4,1061,161,474.3042,0,235.57974318691487,2.avi
4540,102,20.4,671,234,535.66895,0,185.69647120842308,2.avi
4568,102,20.4,863,548,1840.2229,0,0.0,2.avi
4569,102,20.4,1226,520,1738.6089,0,0.0,2.avi
4570,102,20.4,694,506,790.861,0,0.0,2.avi
4571,102,20.4,120,658,2360.9583,0,0.0,2.avi
4572,102,20.4,416,1012,1751.5007,0,0.0,2.avi
4573,102,20.4,560,673,1260.6334,0,0.0,2.avi
4539,103,20.6,427,922,482.47076,0,77.6413501853045,2.avi
4547,103,20.6,960,669,1851.0754,0,164.0775424910086,2.avi
4554,103,20.6,1176,10,954.77325,0,85.89651289817249,2.avi
4559,103,20.6,480,102,2476.638,0,246.7506842493597,2.avi
4565,103,20.6,128,170,1780.2222,0,205.10434833097145,2.avi
4574,103,20.6,1063,859,1528.6559,0,0.0,2.avi
4575,103,20.6,283,332,1289.1613,0,0.0,2.avi
4576,103,20.6,759,142,670.83124,0,0.0,2.avi
4577,103,20.6,1026,144,2839.889,0,0.0,2.avi
4578,103,20.6,576,160,1728.1826,0,0.0,2.avi
4579,103,20.6,642,271,4852.519,0,0.0,2.avi
4580,103,20.6,808,408,812.09705,0,0.0,2.avi
4581,103,20.6,269,814,6881.486,0,0.0,2.avi
4582,103,20.6,926,541,2077.6375,0,0.0,2.avi
4522,104,20.8,523,208,1371.6777,0,132.8164118821129,2.avi
4549,104,20.8,479,709,1161.543,0,206.52265488175232,2.avi
4551,104,20.8,200,479,1433.7432,0,139.30163074576063,2.avi
4579,104,20.8,640,248,2836.2188,0,114.91642916340676,2.avi
4583,104,20.8,135,400,5829.005,0,0.0,2.avi
4584,104,20.8,843,274,1232.38,0,0.0,2.avi
4585,104,20.8,1120,693,1752.5924,0,0.0,2.avi
4586,104,20.8,901,605,1391.4927,0,0.0,2.avi
4587,104,20.8,1124,277,1956.866,0,0.0,2.avi
4588,104,20.8,949,795,2902.2227,0,0.0,2.avi
4589,104,20.8,924,1011,1061.8358,0,0.0,2.avi
4590,104,20.8,16,418,2503.422,0,0.0,2.avi
4591,104,20.8,678,129,1686.1375,0,0.0,2.avi
4592,104,20.8,915,646,879.38184,0,0.0,2.avi
4593,104,20.8,226,11,976.5572,0,0.0,2.avi
4594,104,20.8,1265,576,2760.1208,0,0.0,2.avi
4595,104,20.8,1055,724,5890.0596,0,0.0,2.avi
4522,105,21.0,511,240,1498.1675,0,212.69665512979392,2.avi
4543,105,21.0,1265,823,1189.7695,0,124.8494421067266,2.avi
4581,105,21.0,300,840,713.4756,0,202.68214949291408,2.avi
4582,105,21.0,926,567,1563.8977,0,129.8673255137627,2.avi
4596,105,21.0,674,692,9414.474,0,0.0,2.avi
4597,105,21.0,673,790,7017.0874,0,0.0,2.avi
4598,105,21.0,1211,689,1461.1506,0,0.0,2.avi
4599,105,21.0,376,671,2356.0562,0,0.0,2.avi
4558,106,21.2,454,388,2598.9363,0,212.5194773585968,2.avi
4566,106,21.2,1215,904,1504.3132,0,77.97044622223615,2.avi
4576,106,21.2,751,154,1020.7892,0,70.19649296205411,2.avi
4581,106,21.2,290,856,4957.394,0,121.92934158007888,2.avi
4588,106,21.2,968,762,2448.7305,0,191.8503386167332,2.avi
4599,106,21.2,412,701,1624.5544,0,238.0426316789585,2.avi
4600,106,21.2,199,134,2208.064,0,0.0,2.avi
4601,106,21.2,1010,963,2358.7493,0,0.0,2.avi
4602,106,21.2,218,532,2231.7417,0,0.0,2.avi
4603,106,21.2,194,75,1430.625,0,0.0,2.avi
4604,106,21.2,1165,702,945.15686,0,0.0,2.avi
4605,106,21.2,653,44,3095.277,0,0.0,2.avi
4606,106,21.2,592,568,1773.7179,0,0.0,2.avi
4607,106,21.2,226,775,1437.3419,0,0.0,2.avi
4569,107,21.4,1235,492,7466.0176,0,142.8029606532588,2.avi
4572,107,21.4,385,1016,499.13452,0,157.33140657068077,2.avi
4595,107,21.4,1032,766,824.6987,0,239.9149578121192,2.avi
4608,107,21.4,915,21,2054.6252,0,0.0,2.avi
4609,107,21.4,685,278,2244.4246,0,0.0,2.avi
4610,107,21.4,769,700,2524.8958,0,0.0,2.avi
4611,107,21.4,1129,804,2046.1464,0,0.0,2.avi
4612,107,21.4,1208,254,2775.6045,0,0.0,2.avi
4613,107,21.4,215,288,1704.1494,0,0.0,2.avi
4614,107,21.4,753,507,1665.0398,0,0.0,2.avi
4615,107,21.4,25,709,1909.6235,0,0.0,2.avi
4616,107,21.4,1163,632,1508.3633,0,0.0,2.avi
4551,108,21.6,216,454,2190.4053,0,241.93434055164332,2.avi
4591,108,21.6,661,153,1568.2866,0,142.70176135201993,2.avi
4599,108,21.6,474,770,2932.8752,0,128.90696925952403,2.avi
4617,108,21.6,695,582,7245.3184,0,0.0,2.avi
4618,108,21.6,807,643,2639.4983,0,0.0,2.avi
4619,108,21.6,816,91,2092.6814,0,0.0,2.avi
4620,108,21.6,528,37,926.91595,0,0.0,2.avi
4621,108,21.6,598,892,865.07733,0,0.0,2.avi
4622,108,21.6,1128,368,641.149,0,0.0,2.avi
4623,108,21.6,1268,632,914.6398,0,0.0,2.avi
4551,109,21.8,221,445,1388.4099,0,36.51478340069605,2.avi
4589,109,21.8,906,1014,607.98474,0,88.19180881639676,2.avi
4616,109,21.8,1186,615,2233.2573,0,141.80560562779834,2.avi
4624,109,21.8,932,798,6493.641,0,0.0,2.avi
4625,109,21.8,524,452,6697.1406,0,0.0,2.avi
4626,109,21.8,156,535,2812.5713,0,0.0,2.avi
4627,109,21.8,1034,549,3584.5117,0,0.0,2.avi
4628,109,21.8,1011,820,2442.964,0,0.0,2.avi
4629,109,21.8,950,73,1063.2225,0,0.0,2.avi
4630,109,21.8,158,673,6923.2026,0,0.0,2.avi
4631,109,21.8,1074,1010,1139.9602,0,0.0,2.avi
4632,109,21.8,38,527,2624.6265,0,0.0,2.avi
4569,110,22.0,1225,501,904.5547,0,117.4461821056544,2.avi
4583,110,22.0,169,399,1475.5259,0,166.36017670380193,2.avi
4591,110,22.0,673,153,3433.4536,0,89.76193921785374,2.avi
4597,110,22.0,641,784,1139.1387,0,161.60883462776675,2.avi
4605,110,22.0,662,26,967.3799,0,98.57447929347394,2.avi
4633,110,22.0,256,711,1515.6494,0,0.0,2.avi
4634,110,22.0,507,965,1183.9257,0,0.0,2.avi
4635,110,22.0,889,537,2129.9739,0,0.0,2.avi
4636,110,22.0,166,224,1226.2283,0,0.0,2.avi
4637,110,22.0,198,932,2103.253,0,0.0,2.avi
4638,110,22.0,105,569,7484.47,0,0.0,2.avi
4639,110,22.0,1076,589,1740.4335,0,0.0,2.avi
4566,111,22.2,1229,880,1313.2646,0,141.4078595243712,2.avi
4599,111,22.2,563,879,1505.0085,0,217.09690448301464,2.avi
4613,111,22.2,220,277,4246.2935,0,60.16874469659339,2.avi
4624,111,22.2,947,770,2731.2524,0,160.41147739323156,2.avi
4633,111,22.2,289,694,2147.9065,0,186.06152347436267,2.avi
4640,111,22.2,106,882,2274.9746,0,0.0,2.avi
4641,111,22.2,786,887,1103.4607,0,0.0,2.avi
4642,111,22.2,1085,973,690.12634,0,0.0,2.avi
4643,111,22.2,805,468,1036.9917,0,0.0,2.avi
4644,111,22.2,629,648,2467.2188,0,0.0,2.avi
4645,111,22.2,211,625,1667.5934,0,0.0,2.avi
4616,112,22.4,1197,552,1559.588,0,215.0161724649463,2.avi
4617,112,22.4,735,599,1730.9917,0,218.18425882840145,2.avi
4632,112,22.4,29,483,4624.7266,0,222.7169341513454,2.avi
4641,112,22.4,822,892,2659.0962,0,182.07183620088048,2.avi
4644,112,22.4,614,638,1220.0577,0,91.63170160591348,2.avi
4646,112,22.4,302,369,2581.2468,0,0.0,2.avi
4647,112,22.4,378,684,3042.8127,0,0.0,2.avi
4648,112,22.4,979,565,1437.4794,0,0.0,2.avi
4649,112,22.4,116,955,1651.5078,0,0.0,2.avi
4650,112,22.4,226,692,959.60846,0,0.0,2.avi
4651,112,22.4,646,69,736.63184,0,0.0,2.avi
4652,112,22.4,726,38,9735.435,0,0.0,2.avi
4653,112,22.4,570,510,1917.3237,0,0.0,2.avi
4615,113,22.6,9,687,864.0851,0,131.17865380140432,2.avi
4636,113,22.6,190,197,877.37164,0,180.30984142810905,2.avi
4637,113,22.6,213,937,1211.7979,0,82.06986233394102,2.avi
4643,113,22.6,799,452,763.85876,0,86.35361895979317,2.avi
4645,113,22.6,200,603,1118.198,0,123.58932637644078,2.avi
4650,113,22.6,232,687,1420.8201,0,39.742685963971375,2.avi
4654,113,22.6,261,107,15472.863,0,0.0,2.avi
4655,113,22.6,1206,120,5872.78,0,0.0,2.avi
4656,113,22.6,306,1010,1467.5035,0,0.0,2.avi
4657,113,22.6,1262,737,1964.2588,0,0.0,2.avi
4658,113,22.6,927,1001,1880.5634,0,0.0,2.avi
4659,113,22.6,556,638,1699.2417,0,0.0,2.avi
4660,113,22.6,523,237,1544.9077,0,0.0,2.avi
4661,113,22.6,366,768,1802.6174,0,0.0,2.avi
4662,113,22.6,309,560,885.5392,0,0.0,2.avi
4663,113,22.6,1041,747,1223.2493,0,0.0,2.avi
4664,113,22.6,720,692,693.47217,0,0.0,2.avi
4665,113,22.6,1074,413,652.1039,0,0.0,2.avi
4666,113,22.6,193,767,1170.8282,0,0.0,2.avi
4667,113,22.6,1069,196,3892.1494,0,0.0,2.avi
4668,113,22.6,844,601,1613.1538,0,0.0,2.avi
4622,114,22.8,1146,363,873.59625,0,92.97458302807794,2.avi
4623,114,22.8,1267,600,994.1418,0,158.9413540545399,2.avi
4663,114,22.8,1053,773,3930.241,0,142.3245596947034,2.avi
4669,114,22.8,863,427,2337.772,0,0.0,2.avi
4670,114,22.8,1118,690,3588.808,0,0.0,2.avi
4671,114,22.8,450,316,3952.1838,0,0.0,2.avi
4672,114,22.8,1248,438,2014.3187,0,0.0,2.avi
4673,114,22.8,1246,37,4869.7285,0,0.0,2.avi
4674,114,22.8,9,952,678.198,0,0.0,2.avi
4675,114,22.8,72,626,1691.1844,0,0.0,2.avi
4629,115,23.0,978,90,6224.2153,0,166.41722839315509,2.avi
4654,115,23.0,284,149,2816.376,0,240.29760050993772,2.avi
4676,115,23.0,572,845,1954.0465,0,0.0,2.avi
4677,115,23.0,659,408,880.3632,0,0.0,2.avi
4678,115,23.0,418,549,2245.1946,0,0.0,2.avi
4679,115,23.0,1257,967,1096.2646,0,0.0,2.avi
4680,115,23.0,900,872,945.1218,0,0.0,2.avi
4641,116,23.2,1075,936,1826.6064,0,167.1752149659024,2.avi
4681,116,23.2,1042,685,2501.176,0,0.0,2.avi
4682,116,23.2,227,837,705.4828,0,0.0,2.avi
4683,116,23.2,176,189,2933.8364,0,0.0,2.avi
4684,116,23.2,992,150,21553.93,0,0.0,2.avi
4566,117,23.4,1238,879,474.54874,0,200.53945886667395,2.avi
4667,117,23.4,1104,214,5549.4736,0,198.06875472144247,2.avi
4685,117,23.4,806,177,20061.121,0,0.0,2.avi
4686,117,23.4,1256,256,1637.2642,0,0.0,2.avi
4687,117,23.4,1115,14,1713.3788,0,0.0,2.avi
4688,117,23.4,1264,317,1380.3833,0,0.0,2.avi
4689,117,23.4,1079,775,3556.1152,0,0.0,2.avi
4690,117,23.4,380,922,2803.825,0,0.0,2.avi
4691,117,23.4,1059,58,944.9179,0,0.0,2.avi
4637,118,23.6,255,949,2694.4746,0,9.930225581721723,2.avi
4652,118,23.6,685,38,877.0762,0,202.1918272028396,2.avi
4657,118,23.6,1260,741,2913.1008,0,22.43085044395774,2.avi
4669,118,23.6,866,401,2119.3315,0,131.17739714369608,2.avi
4678,118,23.6,373,568,2183.0986,0,244.0313574032948,2.avi
4686,118,23.6,1268,214,1171.8655,0,221.1434940880652,2.avi
4690,118,23.6,388,905,935.0569,0,95.24315998499924,2.avi
4692,118,23.6,661,583,902.3505,0,0.0,2.avi
4693,118,23.6,624,187,26634.99,0,0.0,2.avi
4636,119,23.8,275,109,957.1449,0,40.363479071684,2.avi
4682,119,23.8,235,852,3563.8276,0,82.19941318186189,2.avi
4693,119,23.8,669,185,3209.8828,0,226.91261377565132,2.avi
4694,119,23.8,57,511,2838.9102,0,0.0,2.avi
4695,119,23.8,591,341,1675.3685,0,0.0,2.avi
4696,119,23.8,310,674,1641.7958,0,0.0,2.avi
4697,119,23.8,1198,660,2028.872,0,0.0,2.avi
4698,119,23.8,815,855,3299.444,0,0.0,2.avi
4699,119,23.8,450,197,16896.797,0,0.0,2.avi
4700,120,24.0,278,213,20222.705,0,0.0,2.avi
4701,120,24.0,1244,837,4285.754,0,0.0,2.avi
4702,120,24.0,991,525,1877.497,0,0.0,2.avi
4703,120,24.0,1225,340,930.00635,0,0.0,2.avi
4704,120,24.0,305,9,1312.3812,0,0.0,2.avi
4705,120,24.0,1079,497,1515.1726,0,0.0,2.avi
4706,120,24.0,1053,1010,525.5561,0,0.0,2.avi
4707,120,24.0,241,6,308.28757,0,0.0,2.avi
4708,120,24.0,196,240,2087.4382,0,0.0,2.avi
4709,121,24.2,860,701,1977.012,0,0.0,2.avi
4710,121,24.2,758,566,1778.2316,0,0.0,2.avi
4711,121,24.2,219,318,4127.3984,0,0.0,2.avi
4712,121,24.2,601,48,1235.2931,0,0.0,2.avi
4713,121,24.2,1272,414,701.0599,0,0.0,2.avi
4714,121,24.2,416,74,4111.4307,0,0.0,2.avi
4715,121,24.2,534,551,648.64886,0,0.0,2.avi
4716,121,24.2,601,255,1438.9336,0,0.0,2.avi
4717,121,24.2,93,220,23558.857,0,0.0,2.avi
4718,121,24.2,270,146,480.57376,0,0.0,2.avi
4681,122,24.4,1051,669,995.37036,0,88.35442941731408,2.avi
4689,122,24.4,1077,771,1064.6213,0,19.46043146372138,2.avi
4691,122,24.4,1021,39,2611.6523,0,211.92815489849352,2.avi
4700,122,24.4,298,201,3004.254,0,111.70892355148908,2.avi
4716,122,24.4,646,271,3405.8264,0,238.20138209614117,2.avi
4719,122,24.4,452,517,1090.5624,0,0.0,2.avi
4720,122,24.4,922,992,1298.3191,0,0.0,2.avi
4721,122,24.4,962,930,1132.9391,0,0.0,2.avi
4722,122,24.4,819,18,1104.5416,0,0.0,2.avi
4723,122,24.4,241,146,930.6266,0,0.0,2.avi
4685,123,24.6,840,149,2135.3848,0,216.32507796618856,2.avi
4704,123,24.6,331,11,1077.3204,0,133.2740895880443,2.avi
4724,123,24.6,699,998,943.33026,0,0.0,2.avi
4725,123,24.6,477,992,4374.3696,0,0.0,2.avi
4726,123,24.6,915,854,3100.1218,0,0.0,2.avi
4727,123,24.6,356,316,3234.2961,0,0.0,2.avi
4728,123,24.6,1265,941,1262.189,0,0.0,2.avi
4636,124,24.8,317,58,1075.5126,0,108.51653387649762,2.avi
4698,124,24.8,859,868,890.8721,0,227.8826082872394,2.avi
4702,124,24.8,964,486,1818.7942,0,237.40100167576543,2.avi
4705,124,24.8,1052,524,782.7838,0,191.4232633730744,2.avi
4710,124,24.8,745,525,2443.5679,0,214.5032207474135,2.avi
4712,124,24.8,616,45,978.7344,0,80.11659213284709,2.avi
4717,124,24.8,53,199,1486.0039,0,226.8296479545004,2.avi
4729,124,24.8,443,868,950.65326,0,0.0,2.avi
4730,124,24.8,386,16,1165.5156,0,0.0,2.avi
4731,124,24.8,282,227,2273.5847,0,0.0,2.avi
4732,124,24.8,314,776,1149.7229,0,0.0,2.avi
4733,124,24.8,819,438,945.9297,0,0.0,2.avi
4734,124,24.8,440,947,3339.7827,0,0.0,2.avi
4694,125,25.0,48,477,622.33276,0,175.66742025610029,2.avi
4701,125,25.0,1239,880,958.6787,0,220.7085128869209,2.avi
4702,125,25.0,967,497,1036.3416,0,89.71881582918495,2.avi
4707,125,25.0,216,11,1976.1986,0,125.92277687377492,2.avi
4712,125,25.0,609,21,1280.2924,0,146.2523404065699,2.avi
4722,125,25.0,795,49,1102.3013,0,196.99845595041816,2.avi
4735,125,25.0,147,662,2283.9321,0,0.0,2.avi
4736,125,25.0,423,824,1313.0907,0,0.0,2.avi
4737,125,25.0,166,195,950.35516,0,0.0,2.avi
4738,125,25.0,894,472,867.42474,0,0.0,2.avi
4739,125,25.0,478,631,743.86676,0,0.0,2.avi
4698,126,25.2,847,871,1231.7327,0,104.012406432545,2.avi
4706,126,25.2,1081,1012,769.1753,0,141.0722894631061,2.avi
4722,126,25.2,805,84,1347.9259,0,189.2073920951196,2.avi
4740,126,25.2,45,551,7029.5044,0,0.0,2.avi
4741,126,25.2,669,504,1486.4397,0,0.0,2.avi
4742,126,25.2,782,338,3010.7183,0,0.0,2.avi
4743,126,25.2,1141,49,794.8849,0,0.0,2.avi
4691,127,25.4,966,21,3065.7563,0,82.17225897434474,2.avi
4731,127,25.4,297,200,1453.7385,0,155.16403074786706,2.avi
4738,127,25.4,893,475,1073.075,0,20.60758370352293,2.avi
4744,127,25.4,299,460,3354.2266,0,0.0,2.avi
4745,127,25.4,1082,184,2009.6852,0,0.0,2.avi
4746,128,25.6,622,96,5462.0054,0,0.0,2.avi
4747,128,25.6,976,728,5060.391,0,0.0,2.avi
4748,128,25.6,720,329,1613.739,0,0.0,2.avi
4749,128,25.6,1032,624,1631.4564,0,0.0,2.avi
4750,128,25.6,633,291,2052.6401,0,0.0,2.avi
4751,128,25.6,559,665,1688.9403,0,0.0,2.avi
4752,128,25.6,358,211,1098.2355,0,0.0,2.avi
4753,128,25.6,212,331,852.4363,0,0.0,2.avi
4754,128,25.6,526,596,4837.6123,0,0.0,2.avi
4707,129,25.8,227,17,1427.4684,0,139.20941941510145,2.avi
4735,129,25.8,146,641,4648.574,0,106.53803655100144,2.avi
4749,129,25.8,1011,603,2089.0315,0,149.58839882246062,2.avi
4755,129,25.8,441,390,2121.697,0,0.0,2.avi
4756,129,25.8,902,185,1777.8215,0,0.0,2.avi
4757,129,25.8,120,775,1742.9144,0,0.0,2.avi
4758,129,25.8,357,589,758.521,0,0.0,2.avi
4759,129,25.8,380,455,3075.9124,0,0.0,2.avi
4760,129,25.8,854,937,2199.203,0,0.0,2.avi
4761,129,25.8,379,922,5249.9824,0,0.0,2.avi
4734,130,26.0,455,905,2236.316,0,222.69813894728296,2.avi
4738,130,26.0,855,471,1887.9823,0,191.16185108864047,2.avi
4762,130,26.0,419,1003,1916.3756,0,0.0,2.avi
4763,130,26.0,360,359,1696.8328,0,0.0,2.avi
4764,130,26.0,495,699,2570.4414,0,0.0,2.avi
4765,130,26.0,374,856,2051.996,0,0.0,2.avi
4766,130,26.0,1057,883,2569.4292,0,0.0,2.avi
4767,130,26.0,1250,312,4334.642,0,0.0,2.avi
4768,130,26.0,1026,367,587.3681,0,0.0,2.avi
4748,131,26.2,710,305,582.70886,0,130.65231579066227,2.avi
4758,131,26.2,360,618,2059.2427,0,145.82373193391055,2.avi
4763,131,26.2,360,331,1714.3241,0,144.81017775597422,2.avi
4769,131,26.2,1205,696,772.6116,0,0.0,2.avi
4770,131,26.2,1201,595,1201.968,0,0.0,2.avi
4691,132,26.4,917,5,478.7517,0,47.19247998254159,2.avi
4771,132,26.4,1184,435,1327.5083,0,0.0,2.avi
4772,132,26.4,981,452,1564.9434,0,0.0,2.avi
4773,132,26.4,9,218,628.07166,0,0.0,2.avi
4774,132,26.4,787,652,1416.615,0,0.0,2.avi
4775,132,26.4,827,720,830.2045,0,0.0,2.avi
4776,132,26.4,191,583,5100.741,0,0.0,2.avi
4777,133,26.6,464,60,3405.142,0,0.0,2.avi
4778,133,26.6,821,229,790.60364,0,0.0,2.avi
4779,133,26.6,700,396,2598.5396,0,0.0,2.avi
4780,133,26.6,1223,127,1535.1649,0,0.0,2.avi
4781,134,26.8,90,457,2827.6858,0,0.0,2.avi
4782,134,26.8,982,60,894.08075,0,0.0,2.avi
4783,134,26.8,397,272,756.8216,0,0.0,2.avi
4784,134,26.8,587,7,576.903,0,0.0,2.avi
4785,134,26.8,1079,167,669.1527,0,0.0,2.avi
4738,135,27.0,730,458,1989.5399,0,82.69789273440104,2.avi
4770,135,27.0,1244,570,5863.634,0,248.40496640631684,2.avi
4786,135,27.0,309,632,2002.486,0,0.0,2.avi
4787,135,27.0,495,14,1299.9982,0,0.0,2.avi
4788,135,27.0,673,912,1468.408,0,0.0,2.avi
4789,135,27.0,1086,14,789.79736,0,0.0,2.avi
4790,135,27.0,1119,949,819.62115,0,0.0,2.avi
4791,135,27.0,1227,742,1198.6495,0,0.0,2.avi
4792,135,27.0,1130,623,3452.839,0,0.0,2.avi
4793,135,27.0,940,224,2839.7131,0,0.0,2.avi
4794,136,27.2,1128,331,1247.2604,0,0.0,2.avi
4795,136,27.2,459,293,2963.0652,0,0.0,2.avi
4796,136,27.2,294,169,1565.7358,0,0.0,2.avi
4797,136,27.2,1132,671,594.97974,0,0.0,2.avi
4798,136,27.2,747,701,5750.687,0,0.0,2.avi
4799,137,27.4,286,808,7620.4033,0,0.0,2.avi
4800,137,27.4,1066,249,2320.6873,0,0.0,2.avi
4801,137,27.4,17,645,1435.1257,0,0.0,2.avi
4802,137,27.4,644,450,1241.8435,0,0.0,2.avi
4803,137,27.4,174,755,877.0009,0,0.0,2.avi
4804,137,27.4,343,263,579.548,0,0.0,2.avi
4802,138,27.6,611,478,1169.0347,0,219.254564562038,2.avi
4805,138,27.6,789,578,1638.7301,0,0.0,2.avi
4806,138,27.6,840,898,2239.7156,0,0.0,2.avi
4807,138,27.6,1104,733,1237.3788,0,0.0,2.avi
4808,138,27.6,1139,999,2365.3752,0,0.0,2.avi
4792,139,27.8,1106,645,773.0061,0,163.76347966378336,2.avi
4803,139,27.8,181,770,507.9885,0,80.61750372983416,2.avi
4809,139,27.8,808,179,1358.0371,0,0.0,2.avi
4810,139,27.8,673,873,1307.6732,0,0.0,2.avi
4811,139,27.8,381,1012,1092.2671,0,0.0,2.avi
4812,139,27.8,1265,661,1493.4211,0,0.0,2.avi
4813,139,27.8,1275,826,353.53702,0,0.0,2.avi
4798,140,28.0,719,707,534.1382,0,141.91852038129724,2.avi
4814,140,28.0,692,815,2792.749,0,0.0,2.avi
4815,140,28.0,192,921,1582.2295,0,0.0,2.avi
4816,140,28.0,57,671,1598.3541,0,0.0,2.avi
4817,140,28.0,597,1017,549.12445,0,0.0,2.avi
4818,140,28.0,1251,1018,308.02643,0,0.0,2.avi
4819,140,28.0,657,7,485.01712,0,0.0,2.avi
4820,140,28.0,854,987,570.5166,0,0.0,2.avi
4821,140,28.0,543,783,710.67664,0,0.0,2.avi
4822,141,28.2,15,571,996.1419,0,0.0,2.avi
4823,141,28.2,331,182,858.1668,0,0.0,2.avi
4824,141,28.2,887,46,2306.2334,0,0.0,2.avi
4825,141,28.2,704,382,1311.7882,0,0.0,2.avi
4826,141,28.2,738,206,398.9306,0,0.0,2.avi
4827,141,28.2,629,173,474.17145,0,0.0,2.avi
4828,141,28.2,774,89,456.3679,0,0.0,2.avi
4819,142,28.4,626,16,1638.7507,0,160.83919912468957,2.avi
4823,142,28.4,342,177,491.09546,0,63.27335987400259,2.avi
4829,142,28.4,916,812,4745.3306,0,0.0,2.avi
4830,142,28.4,1176,722,1399.5104,0,0.0,2.avi
4831,142,28.4,775,298,1547.9093,0,0.0,2.avi
4832,142,28.4,724,653,931.25653,0,0.0,2.avi
4833,142,28.4,818,939,1177.3807,0,0.0,2.avi
4834,142,28.4,500,480,685.36383,0,0.0,2.avi
4835,142,28.4,272,36,676.50977,0,0.0,2.avi
4836,143,28.6,385,915,4719.746,0,0.0,2.avi
4837,143,28.6,940,595,2734.9941,0,0.0,2.avi
4838,143,28.6,281,651,2410.7522,0,0.0,2.avi
4839,143,28.6,1059,727,1549.3512,0,0.0,2.avi
4840,143,28.6,176,456,1713.1831,0,0.0,2.avi
4841,143,28.6,895,438,1530.7886,0,0.0,2.avi
4842,143,28.6,473,722,2683.4766,0,0.0,2.avi
4809,144,28.8,820,150,667.8202,0,155.68047963788402,2.avi
4814,144,28.8,696,789,1154.4723,0,132.73142957625888,2.avi
4842,144,28.8,507,724,2712.7126,0,170.80299685614554,2.avi
4843,144,28.8,76,782,1751.472,0,0.0,2.avi
4844,144,28.8,644,762,901.4332,0,0.0,2.avi
4845,144,28.8,816,1016,384.6537,0,0.0,2.avi
4815,145,29.0,191,948,2285.1,0,135.7487217853552,2.avi
4828,145,29.0,751,78,687.76825,0,127.07315395158004,2.avi
4832,146,29.2,726,677,1420.4524,0,124.41645223404976,2.avi
4846,146,29.2,1070,897,1517.1628,0,0.0,2.avi
4847,146,29.2,457,207,1634.1432,0,0.0,2.avi
4848,147,29.4,154,774,1321.6462,0,0.0,2.avi
4849,147,29.4,866,4,215.02214,0,0.0,2.avi
4850,147,29.4,661,79,837.5141,0,0.0,2.avi
4851,147,29.4,49,723,1779.5481,0,0.0,2.avi
4852,147,29.4,853,683,1044.551,0,0.0,2.avi
4853,147,29.4,425,271,634.02405,0,0.0,2.avi
4819,148,29.6,448,83,1233.0698,0,173.32850991819475,2.avi
4832,148,29.6,711,661,1136.0771,0,144.67912101435152,2.avi
4847,148,29.6,437,197,2136.8762,0,110.45884113089166,2.avi
4854,148,29.6,27,559,2814.4998,0,0.0,2.avi
4855,148,29.6,1104,821,1137.7844,0,0.0,2.avi
4856,148,29.6,176,93,754.5664,0,0.0,2.avi
4857,149,29.8,919,376,1259.3461,0,0.0,2.avi
4858,149,29.8,422,37,960.93646,0,0.0,2.avi
4859,149,29.8,950,40,747.0274,0,0.0,2.avi
4860,149,29.8,325,837,949.1165,0,0.0,2.avi
4861,149,29.8,1129,399,1005.16046,0,0.0,2.avi
4862,149,29.8,889,542,2183.1924,0,0.0,2.avi
4844,150,30.0,683,741,2322.9802,0,221.64602635541675,2.avi
4863,150,30.0,1059,114,1539.7375,0,0.0,2.avi
4864,150,30.0,651,286,1127.879,0,0.0,2.avi
4865,150,30.0,118,526,1497.8252,0,0.0,2.avi
4866,150,30.0,463,662,2219.2705,0,0.0,2.avi
4867,150,30.0,462,349,701.59436,0,0.0,2.avi
4868,150,30.0,598,1017,625.3968,0,0.0,2.avi
4848,151,30.2,168,757,476.1952,0,111.17106748523562,2.avi
4869,151,30.2,1228,780,996.0049,0,0.0,2.avi
4870,151,30.2,1241,893,1197.9006,0,0.0,2.avi
4871,151,30.2,1139,907,1169.8414,0,0.0,2.avi
4872,151,30.2,533,916,2001.8075,0,0.0,2.avi
4873,151,30.2,694,218,1562.6626,0,0.0,2.avi
4874,151,30.2,1050,624,481.886,0,0.0,2.avi
4875,151,30.2,495,5,295.12518,0,0.0,2.avi
4876,152,30.4,1133,269,2048.1204,0,0.0,2.avi
4877,152,30.4,934,242,2108.904,0,0.0,2.avi
4878,152,30.4,402,721,1292.171,0,0.0,2.avi
4879,152,30.4,637,1016,380.64035,0,0.0,2.avi
4880,152,30.4,822,891,1098.2075,0,0.0,2.avi
4881,152,30.4,131,1006,1635.56,0,0.0,2.avi
4882,152,30.4,758,729,788.4408,0,0.0,2.avi
4883,152,30.4,183,343,582.7186,0,0.0,2.avi
4884,152,30.4,811,714,4586.611,0,0.0,2.avi
4852,153,30.6,834,667,2283.566,0,129.06512928707932,2.avi
4862,153,30.6,858,576,1270.1866,0,229.51687148777964,2.avi
4885,153,30.6,153,865,3339.8137,0,0.0,2.avi
4886,153,30.6,714,1017,364.8452,0,0.0,2.avi
4887,154,30.8,510,62,2227.0994,0,0.0,2.avi
4888,154,30.8,25,853,1133.2565,0,0.0,2.avi
4889,154,30.8,238,817,2337.7524,0,0.0,2.avi
4890,154,30.8,343,179,1094.6327,0,0.0,2.avi
4865,155,31.0,129,553,671.2882,0,149.7382229689641,2.avi
4891,155,31.0,284,238,1551.6237,0,0.0,2.avi
4892,155,31.0,144,309,899.31934,0,0.0,2.avi
4893,155,31.0,1033,244,707.48126,0,0.0,2.avi
4894,155,31.0,1166,449,1498.4458,0,0.0,2.avi
4848,156,31.2,221,742,2789.3599,0,163.6576534095892,2.avi
4895,156,31.2,755,645,1689.5764,0,0.0,2.avi
4896,156,31.2,540,621,1469.7009,0,0.0,2.avi
4897,156,31.2,817,59,1317.7484,0,0.0,2.avi
4898,156,31.2,874,9,702.27704,0,0.0,2.avi
4899,0,0.0,809,422,5213.192,0,0.0,3.avi
4900,0,0.0,87,471,29312.889,0,0.0,3.avi
4901,0,0.0,364,270,3188.183,0,0.0,3.avi
4902,0,0.0,804,197,4770.619,0,0.0,3.avi
4903,0,0.0,1104,902,1401.6113,0,0.0,3.avi
4904,0,0.0,303,147,2645.8457,0,0.0,3.avi
4905,0,0.0,490,859,1596.2396,0,0.0,3.avi
4905,1,0.2,464,876,2004.6555,0,158.22830103040485,3.avi
4906,1,0.2,372,475,5358.2544,0,0.0,3.avi
4907,1,0.2,688,690,3014.7683,0,0.0,3.avi
4908,1,0.2,999,354,1336.1292,0,0.0,3.avi
4909,1,0.2,260,395,4387.121,0,0.0,3.avi
4910,1,0.2,1123,294,1504.6937,0,0.0,3.avi
4911,1,0.2,560,327,2720.2246,0,0.0,3.avi
4912,1,0.2,374,750,1018.75037,0,0.0,3.avi
4906,2,0.4,371,445,2639.361,0,152.20121803848633,3.avi
4908,2,0.4,1041,350,2455.8208,0,209.81501974182908,3.avi
4913,2,0.4,781,541,8086.474,0,0.0,3.avi
4914,2,0.4,927,974,9870.315,0,0.0,3.avi
4915,2,0.4,241,574,1058.9795,0,0.0,3.avi
4916,2,0.4,1165,730,1912.3457,0,0.0,3.avi
4911,3,0.6,579,355,3453.516,0,170.14479283644633,3.avi
4917,3,0.6,466,8,1024.9626,0,0.0,3.avi
4918,3,0.6,154,283,1229.1466,0,0.0,3.avi
4919,3,0.6,657,895,5659.406,0,0.0,3.avi
4920,3,0.6,722,45,2585.6902,0,0.0,3.avi
4921,3,0.6,591,1014,743.9646,0,0.0,3.avi
4907,4,0.8,651,714,1261.2433,0,220.0430270207272,3.avi
4922,4,0.8,441,465,3650.1306,0,0.0,3.avi
4923,4,0.8,155,497,1013.05676,0,0.0,3.avi
4924,4,0.8,1160,635,589.01624,0,0.0,3.avi
4925,4,0.8,505,453,1249.8654,0,0.0,3.avi
4926,4,0.8,841,968,1117.5854,0,0.0,3.avi
4927,4,0.8,355,694,2165.3162,0,0.0,3.avi
4928,4,0.8,389,445,1473.0896,0,0.0,3.avi
4929,4,0.8,896,74,4873.4326,0,0.0,3.avi
4930,4,0.8,1110,607,54372.78,0,0.0,3.avi
4909,5,1.0,297,374,1028.3511,0,213.0684009227493,3.avi
4931,5,1.0,436,840,1749.2367,0,0.0,3.avi
4932,5,1.0,538,572,2313.9927,0,0.0,3.avi
4933,5,1.0,924,266,1523.5702,0,0.0,3.avi
4934,5,1.0,947,160,1114.7281,0,0.0,3.avi
4935,5,1.0,821,66,3144.4697,0,0.0,3.avi
4936,5,1.0,393,206,1480.8605,0,0.0,3.avi
4937,5,1.0,231,42,1355.4026,0,0.0,3.avi
4938,5,1.0,593,270,1001.04193,0,0.0,3.avi
4939,5,1.0,692,501,3120.1182,0,0.0,3.avi
4940,5,1.0,866,710,59981.25,0,0.0,3.avi
4941,6,1.2,1245,117,6607.905,0,0.0,3.avi
4942,6,1.2,995,547,2496.1655,0,0.0,3.avi
4943,6,1.2,969,229,2646.943,0,0.0,3.avi
4920,7,1.4,699,84,4577.412,0,226.20798606397491,3.avi
4927,7,1.4,309,684,9372.838,0,233.9534911607416,3.avi
4944,7,1.4,380,396,2714.532,0,0.0,3.avi
4945,7,1.4,1208,710,1447.3562,0,0.0,3.avi
4946,7,1.4,1161,452,4454.0947,0,0.0,3.avi
4926,8,1.6,851,932,1694.0708,0,182.4096037486689,3.avi
4927,8,1.6,295,694,5261.4707,0,76.25174950770737,3.avi
4947,8,1.6,1237,40,2899.5857,0,0.0,3.avi
4948,8,1.6,1210,368,1842.446,0,0.0,3.avi
4949,8,1.6,1265,348,1530.8491,0,0.0,3.avi
4950,8,1.6,706,600,1044.3674,0,0.0,3.avi
4951,8,1.6,693,30,2239.6423,0,0.0,3.avi
4922,9,1.8,428,484,8164.661,0,116.6119000011382,3.avi
4930,9,1.8,1079,633,6834.617,0,199.0837713897365,3.avi
4938,9,1.8,582,302,2136.2869,0,170.25142228260083,3.avi
4952,9,1.8,1084,133,1643.8297,0,0.0,3.avi
4953,9,1.8,1048,707,2271.8984,0,0.0,3.avi
4954,9,1.8,1274,410,452.51764,0,0.0,3.avi
4955,9,1.8,427,283,3398.587,0,0.0,3.avi
4940,10,2.0,886,712,2128.6836,0,100.12626458568154,3.avi
4945,10,2.0,1236,745,2970.165,0,226.7230051568145,3.avi
4955,10,2.0,452,283,930.65454,0,126.55119870911254,3.avi
4956,10,2.0,407,347,1565.2185,0,0.0,3.avi
4957,10,2.0,458,992,5964.536,0,0.0,3.avi
4958,10,2.0,1087,786,1811.4532,0,0.0,3.avi
4959,10,2.0,462,450,1576.0468,0,0.0,3.avi
4960,10,2.0,910,423,3602.4124,0,0.0,3.avi
4961,10,2.0,751,817,3301.134,0,0.0,3.avi
4930,11,2.2,1093,645,1772.4294,0,108.88925032687727,3.avi
4962,11,2.2,303,73,3356.0808,0,0.0,3.avi
4963,11,2.2,845,434,2521.0513,0,0.0,3.avi
4964,11,2.2,742,259,3498.1292,0,0.0,3.avi
4965,11,2.2,227,600,6401.6245,0,0.0,3.avi
4966,11,2.2,796,564,2214.1992,0,0.0,3.avi
4967,11,2.2,1206,800,2932.6655,0,0.0,3.avi
4968,0,0.0,677,252,6588.861,0,0.0,4.avi
4969,0,0.0,522,496,7207.611,0,0.0,4.avi
4970,0,0.0,305,107,3979.2432,0,0.0,4.avi
4971,0,0.0,844,745,3264.3943,0,0.0,4.avi
4972,0,0.0,803,497,3836.6902,0,0.0,4.avi
4973,0,0.0,1077,214,5328.219,0,0.0,4.avi
4974,0,0.0,852,482,2201.177,0,0.0,4.avi
4975,1,0.2,562,296,5095.808,0,0.0,4.avi
4976,1,0.2,975,778,12093.435,0,0.0,4.avi
4977,1,0.2,830,168,1796.9933,0,0.0,4.avi
4978,1,0.2,248,630,2322.2642,0,0.0,4.avi
4979,1,0.2,397,318,3850.393,0,0.0,4.avi
4980,1,0.2,411,536,1717.8197,0,0.0,4.avi
4981,1,0.2,972,233,2324.4792,0,0.0,4.avi
4982,1,0.2,891,32,2504.4316,0,0.0,4.avi
4983,2,0.4,403,825,11755.415,0,0.0,4.avi
4984,2,0.4,45,379,5069.824,0,0.0,4.avi
4985,2,0.4,674,690,7514.108,0,0.0,4.avi
4986,2,0.4,813,29,1965.573,0,0.0,4.avi
4987,2,0.4,802,314,1779.8676,0,0.0,4.avi
4988,2,0.4,171,702,9340.365,0,0.0,4.avi
4983,3,0.6,422,856,2537.878,0,184.58370082929557,4.avi
4989,3,0.6,1230,932,1340.522,0,0.0,4.avi
4990,3,0.6,759,653,3448.3914,0,0.0,4.avi
4991,3,0.6,331,719,3044.241,0,0.0,4.avi
4992,3,0.6,236,500,3620.3071,0,0.0,4.avi
4993,3,0.6,1003,834,9893.308,0,0.0,4.avi
4969,4,0.8,557,538,14419.421,0,276.6471634940209,4.avi
4987,4,0.8,815,286,881.3497,0,157.26965112407527,4.avi
4994,4,0.8,203,199,3218.3608,0,0.0,4.avi
4995,4,0.8,1081,1001,2274.8357,0,0.0,4.avi
4996,4,0.8,1258,850,5530.118,0,0.0,4.avi
4997,4,0.8,778,546,5504.4106,0,0.0,4.avi
4998,4,0.8,553,1016,615.5977,0,0.0,4.avi
4999,4,0.8,1135,121,2671.1646,0,0.0,4.avi
5000,4,0.8,1096,503,2185.07,0,0.0,4.avi
4972,5,1.0,773,494,1633.8052,0,153.3141191592307,4.avi
5001,5,1.0,754,951,24956.404,0,0.0,4.avi
5002,5,1.0,262,388,5748.341,0,0.0,4.avi
5003,5,1.0,419,924,2595.8064,0,0.0,4.avi
5004,5,1.0,977,142,2897.4607,0,0.0,4.avi
5005,5,1.0,764,382,2483.711,0,0.0,4.avi
5006,5,1.0,418,757,4544.5615,0,0.0,4.avi
5007,5,1.0,1227,731,2249.5518,0,0.0,4.avi
5008,5,1.0,1003,721,1368.941,0,0.0,4.avi
5009,5,1.0,382,580,5512.45,0,0.0,4.avi
4970,6,1.2,293,106,2985.9443,0,61.92920198613751,4.avi
4971,6,1.2,828,790,3082.216,0,239.7508231766755,4.avi
4990,6,1.2,737,681,5852.291,0,175.08533856988754,4.avi
5001,6,1.2,730,989,7004.508,0,226.4324391763352,4.avi
5010,6,1.2,397,182,3109.3784,0,0.0,4.avi
5011,6,1.2,334,492,2132.1511,0,0.0,4.avi
5012,6,1.2,1266,22,1141.4094,0,0.0,4.avi
5013,6,1.2,1063,892,2733.4849,0,0.0,4.avi
4970,7,1.4,317,93,2376.1191,0,156.5452838062877,4.avi
4990,7,1.4,747,652,3518.5151,0,207.05597777512105,4.avi
4991,7,1.4,364,745,4573.5225,0,211.033840948743,4.avi
4998,7,1.4,531,1007,2827.6675,0,119.67143874533092,4.avi
5014,7,1.4,566,653,5405.263,0,0.0,4.avi
5015,7,1.4,502,771,4462.7935,0,0.0,4.avi
5016,7,1.4,897,178,2985.886,0,0.0,4.avi
5017,7,1.4,967,451,2586.1064,0,0.0,4.avi
5018,7,1.4,1183,863,2658.7075,0,0.0,4.avi
5019,7,1.4,1082,23,3211.0369,0,0.0,4.avi
5020,7,1.4,991,376,5549.1445,0,0.0,4.avi
5021,7,1.4,767,71,3437.5928,0,0.0,4.avi
4969,8,1.6,570,550,3632.2695,0,198.2658344625517,4.avi
5008,8,1.6,995,711,1584.8495,0,61.12035179809322,4.avi
5022,8,1.6,963,584,5051.341,0,0.0,4.avi
5023,8,1.6,424,461,3227.2551,0,0.0,4.avi
5024,8,1.6,767,228,4616.162,0,0.0,4.avi
5025,8,1.6,1123,655,6359.1216,0,0.0,4.avi
5026,8,1.6,193,420,2659.9663,0,0.0,4.avi
5027,8,1.6,445,309,2623.3115,0,0.0,4.avi
5028,8,1.6,583,930,2636.142,0,0.0,4.avi
5029,8,1.6,936,408,3573.4976,0,0.0,4.avi
5003,9,1.8,395,961,20739.594,0,222.11283306160567,4.avi
5006,9,1.8,397,764,5444.3667,0,110.01826327233368,4.avi
5009,9,1.8,402,580,2887.343,0,98.2235031880534,4.avi
5016,9,1.8,854,174,2251.282,0,215.0575205402239,4.avi
5028,9,1.8,600,931,1729.804,0,89.4591963614977,4.avi
5030,9,1.8,1085,256,6129.387,0,0.0,4.avi
5031,9,1.8,677,805,12675.198,0,0.0,4.avi
5032,9,1.8,719,927,1583.5955,0,0.0,4.avi
5033,9,1.8,466,135,2890.8687,0,0.0,4.avi
5034,9,1.8,358,598,3281.8481,0,0.0,4.avi
5035,9,1.8,529,420,2240.3882,0,0.0,4.avi
5036,9,1.8,559,743,2150.7134,0,0.0,4.avi
5005,10,2.0,726,408,6540.29,0,229.38002535790832,4.avi
5006,10,2.0,420,745,14766.631,0,176.34577985860176,4.avi
5010,10,2.0,404,185,6590.4727,0,40.179773629572615,4.avi
5015,10,2.0,526,789,11318.415,0,148.92643301711746,4.avi
5037,10,2.0,665,595,9724.28,0,0.0,4.avi
5038,10,2.0,838,468,2975.892,0,0.0,4.avi
5039,10,2.0,1214,1002,4061.4578,0,0.0,4.avi
5040,10,2.0,1139,423,2997.7666,0,0.0,4.avi
5041,10,2.0,200,12,1761.4146,0,0.0,4.avi
5042,10,2.0,374,258,1383.6764,0,0.0,4.avi
5043,10,2.0,571,376,15356.714,0,0.0,4.avi
5002,11,2.2,299,378,3348.7896,0,190.9613609599185,4.avi
5007,11,2.2,1247,702,1624.1821,0,172.7137051456049,4.avi
5021,11,2.2,790,114,2365.9336,0,245.3455718982959,4.avi
5026,11,2.2,172,452,18786.02,0,187.67221976182665,4.avi
5037,11,2.2,658,617,3461.2104,0,117.97131784475376,4.avi
5038,11,2.2,810,469,1023.6836,0,139.642173985836,4.avi
5042,11,2.2,332,250,4290.8867,0,213.43101971889757,4.avi
5044,11,2.2,887,805,4657.421,0,0.0,4.avi
5045,11,2.2,650,68,4316.365,0,0.0,4.avi
5046,11,2.2,974,204,3963.7378,0,0.0,4.avi
5047,11,2.2,774,334,1623.499,0,0.0,4.avi
5048,11,2.2,520,516,7806.3804,0,0.0,4.avi
5049,11,2.2,698,163,5148.993,0,0.0,4.avi
5003,12,2.4,385,969,6737.164,0,79.64712568553213,4.avi
5026,12,2.4,147,482,7957.919,0,191.53327919138223,4.avi
5032,12,2.4,681,902,1728.4824,0,226.3556856853018,4.avi
5050,12,2.4,826,617,2925.5867,0,0.0,4.avi
5008,13,2.6,1011,706,4323.1895,0,205.0373250084994,4.avi
5030,13,2.6,1097,224,1185.4951,0,170.4423640570507,4.avi
5048,13,2.6,485,498,5216.1855,0,197.1126090182557,4.avi
5051,13,2.6,894,987,6493.4014,0,0.0,4.avi
5052,13,2.6,364,33,7508.361,0,0.0,4.avi
5053,13,2.6,711,547,1531.9213,0,0.0,4.avi
5054,13,2.6,568,485,1135.6854,0,0.0,4.avi
5010,14,2.8,398,183,2051.1519,0,73.36861638932804,4.avi
5027,14,2.8,470,309,2644.3987,0,128.97674037152106,4.avi
5039,14,2.8,1221,978,3155.024,0,123.61753794549249,4.avi
5055,14,2.8,1131,839,2627.058,0,0.0,4.avi
5056,14,2.8,260,417,7846.2476,0,0.0,4.avi
5057,14,2.8,412,854,3796.9639,0,0.0,4.avi
5058,14,2.8,350,260,5277.428,0,0.0,4.avi
5059,14,2.8,738,273,3195.3767,0,0.0,4.avi
5060,14,2.8,835,834,999.00543,0,0.0,4.avi
5005,15,3.0,703,422,2482.96,0,98.36312585540578,4.avi
5052,15,3.0,310,30,5015.823,0,270.5167990504181,4.avi
5061,15,3.0,1123,582,3200.9338,0,0.0,4.avi
5062,15,3.0,385,420,5025.658,0,0.0,4.avi
5063,15,3.0,1173,316,1799.8229,0,0.0,4.avi
5064,15,3.0,1059,886,7427.5107,0,0.0,4.avi
5065,15,3.0,952,634,48896.594,0,0.0,4.avi
5066,15,3.0,655,324,4028.1914,0,0.0,4.avi
5067,15,3.0,828,305,4637.538,0,0.0,4.avi
5068,15,3.0,403,503,2950.495,0,0.0,4.avi
5005,16,3.2,712,432,7124.661,0,78.67340461270663,4.avi
5007,16,3.2,1268,715,979.78876,0,171.826726755101,4.avi
5043,16,3.2,583,425,2031.0693,0,247.4194470038919,4.avi
5060,16,3.2,812,823,2917.2168,0,126.96372896438052,4.avi
5069,16,3.2,655,1006,3462.2024,0,0.0,4.avi
5070,16,3.2,244,541,8703.506,0,0.0,4.avi
5071,16,3.2,566,29,2678.0586,0,0.0,4.avi
5072,16,3.2,977,22,3688.133,0,0.0,4.avi
5073,16,3.2,492,684,45620.875,0,0.0,4.avi
5074,16,3.2,654,789,5620.425,0,0.0,4.avi
5075,16,3.2,435,129,5542.5513,0,0.0,4.avi
5076,16,3.2,1104,991,4443.4253,0,0.0,4.avi
5077,16,3.2,674,23,3255.1511,0,0.0,4.avi
5078,16,3.2,468,900,2301.5051,0,0.0,4.avi
5079,17,3.4,424,43,6625.245,0,0.0,4.avi
5080,17,3.4,262,677,1926.9635,0,0.0,4.avi
5081,17,3.4,187,227,2638.828,0,0.0,4.avi
5082,17,3.4,219,282,4323.1133,0,0.0,4.avi
5083,17,3.4,579,155,3499.0266,0,0.0,4.avi
5084,17,3.4,761,726,1045.4022,0,0.0,4.avi
5085,17,3.4,391,190,3340.347,0,0.0,4.avi
5057,18,3.6,410,805,2307.9219,0,248.10149260306824,4.avi
5059,18,3.6,724,278,4222.251,0,72.60630512469011,4.avi
5073,18,3.6,521,718,6271.047,0,222.51519404858848,4.avi
5086,18,3.6,773,645,1838.2458,0,0.0,4.avi
5087,18,3.6,448,595,1816.2057,0,0.0,4.avi
5088,18,3.6,904,310,966.91705,0,0.0,4.avi
5062,19,3.8,402,406,2689.08,0,110.13006985602826,4.avi
5063,19,3.8,1195,305,2623.2832,0,120.09309814658938,4.avi
5078,19,3.8,511,879,9582.198,0,237.8408175331104,4.avi
5089,19,3.8,1153,751,6077.491,0,0.0,4.avi
5090,19,3.8,753,693,1196.6605,0,0.0,4.avi
5091,19,3.8,177,547,1481.8854,0,0.0,4.avi
5092,19,3.8,996,374,1790.7832,0,0.0,4.avi
5043,20,4.0,595,443,2774.355,0,45.10015510821189,4.avi
5065,20,4.0,914,656,1189.75,0,218.3483436374957,4.avi
5076,20,4.0,1061,1015,1087.8245,0,245.33521409783415,4.avi
5080,20,4.0,297,670,3301.458,0,175.4834250593912,4.avi
5093,20,4.0,685,743,2227.1104,0,0.0,4.avi
5094,20,4.0,1174,931,5079.9697,0,0.0,4.avi
5079,21,4.2,414,48,4910.7676,0,51.693600915971096,4.avi
5095,21,4.2,793,480,1907.4567,0,0.0,4.avi
5096,21,4.2,1034,255,2253.6133,0,0.0,4.avi
5097,21,4.2,1209,511,9399.951,0,0.0,4.avi
5098,21,4.2,557,340,1337.8656,0,0.0,4.avi
5099,21,4.2,423,829,8270.219,0,0.0,4.avi
5100,0,0.0,535,752,2141.1804,0,0.0,5.avi
5101,0,0.0,1119,340,2655.626,0,0.0,5.avi
5102,0,0.0,403,394,2721.8132,0,0.0,5.avi
5103,1,0.2,937,692,21614.795,0,0.0,5.avi
5104,1,0.2,1079,300,1576.3926,0,0.0,5.avi
5105,1,0.2,395,84,1462.0182,0,0.0,5.avi
5106,1,0.2,1223,278,1697.9788,0,0.0,5.avi
5107,1,0.2,726,296,2264.0237,0,0.0,5.avi
5100,2,0.4,569,769,1134.0674,0,191.95619837840349,5.avi
5108,2,0.4,1001,599,3285.8223,0,0.0,5.avi
5109,2,0.4,1073,993,5908.7534,0,0.0,5.avi
5110,2,0.4,660,996,7355.531,0,0.0,5.avi
5111,2,0.4,1009,753,3041.8254,0,0.0,5.avi
5112,2,0.4,1246,424,2895.2102,0,0.0,5.avi
5113,2,0.4,646,328,1798.7405,0,0.0,5.avi
5114,2,0.4,1143,201,26601.621,0,0.0,5.avi
5115,2,0.4,275,339,3173.9998,0,0.0,5.avi
5116,2,0.4,382,927,36793.684,0,0.0,5.avi
5114,3,0.6,1150,234,3382.5195,0,172.1083379123791,5.avi
5117,3,0.6,555,192,5793.2065,0,0.0,5.avi
5118,3,0.6,1256,933,3138.6729,0,0.0,5.avi
5119,3,0.6,338,357,2391.8413,0,0.0,5.avi
5120,3,0.6,755,686,1531.1583,0,0.0,5.avi
5121,3,0.6,459,121,4731.1504,0,0.0,5.avi
5122,3,0.6,802,387,26396.982,0,0.0,5.avi
5106,4,0.8,1199,306,2274.2153,0,187.2844884005514,5.avi
5108,4,0.8,970,573,3535.4663,0,205.06262111097075,5.avi
5112,4,0.8,1232,401,1580.5944,0,133.1045973449955,5.avi
5123,4,0.8,451,555,27398.332,0,0.0,5.avi
5124,4,0.8,700,59,2040.72,0,0.0,5.avi
5125,4,0.8,1258,794,3619.6265,0,0.0,5.avi
5126,4,0.8,293,25,4769.315,0,0.0,5.avi
5127,4,0.8,738,1019,515.55426,0,0.0,5.avi
5128,4,0.8,1214,987,3222.0457,0,0.0,5.avi
5129,5,1.0,818,936,7137.4785,0,0.0,5.avi
5130,5,1.0,91,767,47811.84,0,0.0,5.avi
5131,5,1.0,718,170,3034.493,0,0.0,5.avi
5132,5,1.0,834,427,4258.9976,0,0.0,5.avi
5103,6,1.2,936,693,2052.5234,0,7.330693447552258,5.avi
5104,6,1.2,1086,277,1733.9172,0,119.60478062087812,5.avi
5106,6,1.2,1208,352,2399.2766,0,189.7529694013461,5.avi
5119,6,1.2,384,338,7398.2837,0,248.55212325153676,5.avi
5133,6,1.2,198,313,3677.7014,0,0.0,5.avi
5134,6,1.2,339,587,4351.3037,0,0.0,5.avi
5135,6,1.2,354,471,6788.238,0,0.0,5.avi
5110,7,1.4,695,978,2762.062,0,195.4525356767958,5.avi
5117,7,1.4,549,202,3315.915,0,56.954520253239934,5.avi
5122,7,1.4,770,379,3487.6113,0,161.3130153942614,5.avi
5124,7,1.4,688,56,2272.39,0,61.76434318342712,5.avi
5126,7,1.4,254,22,2869.1013,0,197.94534068601047,5.avi
5136,7,1.4,811,736,2516.7688,0,0.0,5.avi
5137,7,1.4,835,619,2953.1406,0,0.0,5.avi
5138,7,1.4,511,133,1872.4686,0,0.0,5.avi
5139,7,1.4,206,918,48740.492,0,0.0,5.avi
5115,8,1.6,274,323,9261.302,0,79.7075899362088,5.avi
5118,8,1.6,1272,905,693.9822,0,163.88405713855863,5.avi
5119,8,1.6,376,346,9307.326,0,178.0099994261737,5.avi
5137,8,1.6,859,581,2891.6338,0,224.49346847016875,5.avi
5140,8,1.6,564,129,2793.6267,0,0.0,5.avi
5141,8,1.6,716,285,3733.6995,0,0.0,5.avi
5142,8,1.6,1023,1019,383.24567,0,0.0,5.avi
5143,8,1.6,633,986,8548.718,0,0.0,5.avi
5144,8,1.6,400,852,4045.5178,0,0.0,5.avi
5115,9,1.8,246,295,5545.606,0,216.6394533440116,5.avi
5124,9,1.8,654,55,4475.674,0,139.74705952047742,5.avi
5145,9,1.8,961,455,11891.588,0,0.0,5.avi
5146,9,1.8,1124,109,7410.7827,0,0.0,5.avi
5147,9,1.8,408,758,3247.961,0,0.0,5.avi
5148,9,1.8,1216,567,2894.6948,0,0.0,5.avi
5149,9,1.8,438,198,3334.0796,0,0.0,5.avi
5150,10,2.0,251,503,8273.082,0,0.0,5.avi
5151,10,2.0,746,670,6179.553,0,0.0,5.avi
5152,10,2.0,1105,1017,604.0122,0,0.0,5.avi
5153,10,2.0,692,663,2750.4463,0,0.0,5.avi
5154,10,2.0,937,1013,848.77936,0,0.0,5.avi
5155,10,2.0,547,581,5766.1045,0,0.0,5.avi
5103,11,2.2,921,718,11041.537,0,137.12187585397635,5.avi
5154,11,2.2,950,1015,1098.3376,0,68.77960063984239,5.avi
5156,11,2.2,837,834,8915.777,0,0.0,5.avi
5157,11,2.2,203,595,2419.321,0,0.0,5.avi
5158,11,2.2,385,208,1898.1226,0,0.0,5.avi
5144,12,2.4,433,835,13206.447,0,183.14333045630556,5.avi
5149,12,2.4,438,190,2158.9263,0,38.25168605539078,5.avi
5150,12,2.4,273,543,5046.0557,0,230.6617591349249,5.avi
5159,12,2.4,821,204,8212.859,0,0.0,5.avi
5160,12,2.4,1106,320,13569.298,0,0.0,5.avi
5157,13,2.6,185,621,3436.9475,0,157.12084342507848,5.avi
5160,13,2.6,1089,338,2694.1807,0,125.3285847901592,5.avi
5161,13,2.6,420,640,5880.646,0,0.0,5.avi
5162,13,2.6,1171,758,3235.6868,0,0.0,5.avi
5163,13,2.6,510,711,3899.3298,0,0.0,5.avi
5164,13,2.6,354,834,1337.7129,0,0.0,5.avi
5165,13,2.6,371,287,7877.4307,0,0.0,5.avi
5146,14,2.8,1098,120,4459.9575,0,142.23926931531838,5.avi
5150,14,2.8,328,553,4451.9395,0,223.7893494198672,5.avi
5166,14,2.8,1228,186,4565.8945,0,0.0,5.avi
5167,14,2.8,1087,420,4368.106,0,0.0,5.avi
5168,14,2.8,1213,133,1577.8071,0,0.0,5.avi
5169,14,2.8,965,279,3819.1536,0,0.0,5.avi
5170,14,2.8,535,790,2417.3696,0,0.0,5.avi
5171,14,2.8,912,187,9609.492,0,0.0,5.avi
5172,15,3.0,528,301,11845.872,0,0.0,5.avi
5173,15,3.0,539,418,3996.9226,0,0.0,5.avi
5174,15,3.0,661,1015,1001.24,0,0.0,5.avi
5103,16,3.2,885,700,6399.3047,0,252.89563920640725,5.avi
5163,16,3.2,497,695,6227.546,0,107.60627194796386,5.avi
5169,16,3.2,1000,250,2206.666,0,228.7098224876989,5.avi
5175,16,3.2,128,414,13820.334,0,0.0,5.avi
5176,16,3.2,650,45,3030.632,0,0.0,5.avi
5177,16,3.2,566,65,2579.4917,0,0.0,5.avi
5178,16,3.2,678,783,3073.3396,0,0.0,5.avi
5179,16,3.2,961,134,5079.6865,0,0.0,5.avi
5165,17,3.4,402,258,22623.123,0,211.09441928217092,5.avi
5170,17,3.4,539,809,1744.3137,0,99.5874470117305,5.avi
5180,17,3.4,827,404,4627.3994,0,0.0,5.avi
5181,17,3.4,400,828,6724.694,0,0.0,5.avi
5182,17,3.4,920,1010,2647.0498,0,0.0,5.avi
5183,17,3.4,106,526,4258.8916,0,0.0,5.avi
5184,17,3.4,855,781,2388.259,0,0.0,5.avi
5157,18,3.6,132,729,7180.0894,0,195.92033070995456,5.avi
5185,18,3.6,253,424,4054.6794,0,0.0,5.avi
5186,18,3.6,282,202,3776.9958,0,0.0,5.avi
5187,18,3.6,1254,646,3629.2185,0,0.0,5.avi
5188,18,3.6,761,295,28457.576,0,0.0,5.avi
5182,19,3.8,945,1000,3800.876,0,136.11527312327007,5.avi
5189,19,3.8,1041,885,8736.878,0,0.0,5.avi
5190,19,3.8,263,372,28999.05,0,0.0,5.avi
5191,19,3.8,841,206,2504.043,0,0.0,5.avi
5163,20,4.0,490,689,4624.437,0,137.67962349164176,5.avi
5171,20,4.0,892,231,5478.471,0,239.01241341148523,5.avi
5180,20,4.0,837,401,7266.0195,0,50.38551871377447,5.avi
5192,20,4.0,1206,504,5498.4453,0,0.0,5.avi
5193,20,4.0,1032,765,3072.2415,0,0.0,5.avi
5194,20,4.0,1133,1011,1871.7935,0,0.0,5.avi
5195,20,4.0,292,541,2730.0618,0,0.0,5.avi
5196,20,4.0,925,334,4723.035,0,0.0,5.avi
5197,20,4.0,453,483,2074.7585,0,0.0,5.avi
5198,20,4.0,845,864,2159.4836,0,0.0,5.avi
5199,20,4.0,1247,585,5402.599,0,0.0,5.avi
5200,20,4.0,745,357,2142.8765,0,0.0,5.avi
5165,21,4.2,415,236,2275.1016,0,96.22876264077568,5.avi
5194,21,4.2,1104,1012,2313.5752,0,147.26771263677938,5.avi
5201,21,4.2,763,661,6855.5996,0,0.0,5.avi
5202,21,4.2,814,975,16306.385,0,0.0,5.avi
5203,21,4.2,601,662,4743.587,0,0.0,5.avi
5204,21,4.2,1264,160,1820.1377,0,0.0,5.avi
5205,21,4.2,626,296,3800.3467,0,0.0,5.avi
5206,21,4.2,576,278,4012.5127,0,0.0,5.avi
5207,21,4.2,239,595,10210.533,0,0.0,5.avi
5208,21,4.2,1205,630,3602.5752,0,0.0,5.avi
5176,22,4.4,691,33,2623.9985,0,215.6956235898872,5.avi
5197,22,4.4,476,507,1165.5299,0,166.1896505055326,5.avi
5202,22,4.4,813,1011,2837.963,0,178.1404110974498,5.avi
5209,22,4.4,1069,332,6808.436,0,0.0,5.avi
5210,22,4.4,267,737,6733.844,0,0.0,5.avi
5211,22,4.4,508,746,3566.6602,0,0.0,5.avi
5212,22,4.4,253,68,8384.183,0,0.0,5.avi
5213,22,4.4,390,547,1449.043,0,0.0,5.avi
5214,22,4.4,698,249,3819.1692,0,0.0,5.avi
5215,0,0.0,1035,179,6993.4263,0,0.0,6.avi
5216,0,0.0,585,795,1685.8616,0,0.0,6.avi
5217,0,0.0,699,560,3762.0789,0,0.0,6.avi
5218,0,0.0,1230,242,1575.2805,0,0.0,6.avi
5219,0,0.0,441,855,1304.7083,0,0.0,6.avi
5220,0,0.0,641,218,489.0447,0,0.0,6.avi
5221,0,0.0,728,742,2772.659,0,0.0,6.avi
5222,0,0.0,1194,880,1188.4958,0,0.0,6.avi
5223,0,0.0,96,314,2607.5054,0,0.0,6.avi
5224,0,0.0,216,154,1082.0079,0,0.0,6.avi
5222,1,0.2,1217,867,5858.2793,0,134.939434128481,6.avi
5225,1,0.2,1050,596,6996.8843,0,0.0,6.avi
5226,1,0.2,306,658,3711.4797,0,0.0,6.avi
5227,1,0.2,254,506,1152.4061,0,0.0,6.avi
5228,1,0.2,297,81,4872.622,0,0.0,6.avi
5229,1,0.2,1009,105,566.87494,0,0.0,6.avi
5230,1,0.2,684,265,7155.3936,0,0.0,6.avi
5220,2,0.4,654,206,594.9912,0,88.97980876963341,6.avi
5222,2,0.4,1267,828,1950.9453,0,219.94511450967204,6.avi
5231,2,0.4,334,352,7502.043,0,0.0,6.avi
5232,2,0.4,863,988,5214.568,0,0.0,6.avi
5233,2,0.4,934,417,1608.0775,0,0.0,6.avi
5234,2,0.4,1040,811,4308.97,0,0.0,6.avi
5235,2,0.4,937,1008,981.9631,0,0.0,6.avi
5236,2,0.4,734,681,7142.0264,0,0.0,6.avi
5237,2,0.4,162,13,1486.3525,0,0.0,6.avi
5238,2,0.4,458,202,454.80844,0,0.0,6.avi
5232,3,0.6,876,981,1530.8503,0,76.51930444917382,6.avi
5237,3,0.6,179,16,1513.0736,0,89.2260118895856,6.avi
5239,3,0.6,419,764,7083.619,0,0.0,6.avi
5240,3,0.6,652,916,4258.2256,0,0.0,6.avi
5241,3,0.6,503,283,1044.0719,0,0.0,6.avi
5242,3,0.6,1012,355,1397.2716,0,0.0,6.avi
5243,3,0.6,958,913,3433.7812,0,0.0,6.avi
5244,3,0.6,618,496,923.7525,0,0.0,6.avi
5245,3,0.6,483,887,773.0847,0,0.0,6.avi
5246,4,0.8,911,184,8212.771,0,0.0,6.avi
5247,4,0.8,502,390,1125.8058,0,0.0,6.avi
5248,4,0.8,535,1011,1429.7816,0,0.0,6.avi
5249,4,0.8,872,43,2970.7024,0,0.0,6.avi
5250,4,0.8,1155,592,1062.9666,0,0.0,6.avi
5251,4,0.8,621,157,629.03613,0,0.0,6.avi
5252,4,0.8,526,735,3267.6277,0,0.0,6.avi
5253,4,0.8,643,432,1460.6521,0,0.0,6.avi
5254,4,0.8,171,380,1453.6268,0,0.0,6.avi
5233,5,1.0,962,419,2468.4355,0,139.32352029735196,6.avi
5241,5,1.0,493,273,8049.6665,0,72.2249548150973,6.avi
5255,5,1.0,481,672,1092.669,0,0.0,6.avi
5256,5,1.0,183,456,1329.1427,0,0.0,6.avi
5257,5,1.0,817,638,952.5619,0,0.0,6.avi
5258,5,1.0,723,359,1362.6797,0,0.0,6.avi
5259,5,1.0,1219,552,1063.4026,0,0.0,6.avi
5260,5,1.0,252,236,583.9327,0,0.0,6.avi
5223,6,1.2,77,359,9002.0,0,242.95093905217016,6.avi
5261,6,1.2,899,868,2456.8955,0,0.0,6.avi
5262,6,1.2,436,450,1283.3627,0,0.0,6.avi
5263,6,1.2,1092,98,1306.6898,0,0.0,6.avi
5264,6,1.2,649,665,1176.1826,0,0.0,6.avi
5265,6,1.2,539,586,1812.9065,0,0.0,6.avi
5266,6,1.2,620,550,2829.7996,0,0.0,6.avi
5267,6,1.2,1233,632,2193.4521,0,0.0,6.avi
5268,6,1.2,1093,641,1387.616,0,0.0,6.avi
5226,7,1.4,305,667,2504.5928,0,40.94042733793696,6.avi
5249,7,1.4,876,34,464.42725,0,48.18670086814376,6.avi
5269,7,1.4,228,323,1903.0629,0,0.0,6.avi
5270,7,1.4,1027,450,1424.1039,0,0.0,6.avi
5271,7,1.4,952,581,954.0989,0,0.0,6.avi
5272,7,1.4,162,686,1853.626,0,0.0,6.avi
5273,7,1.4,1257,1015,738.99097,0,0.0,6.avi
5274,7,1.4,401,995,2743.4268,0,0.0,6.avi
5275,7,1.4,1236,910,1441.1195,0,0.0,6.avi
5276,7,1.4,778,145,1316.4897,0,0.0,6.avi
5277,7,1.4,1270,123,998.13293,0,0.0,6.avi
5278,7,1.4,1231,372,1207.8224,0,0.0,6.avi
5255,8,1.6,473,702,949.4011,0,159.78613772463578,6.avi
5279,8,1.6,190,130,4347.4785,0,0.0,6.avi
5280,8,1.6,980,535,873.1068,0,0.0,6.avi
5281,8,1.6,497,576,1463.2065,0,0.0,6.avi
5282,8,1.6,622,9,614.7376,0,0.0,6.avi
5283,8,1.6,243,464,1373.2638,0,0.0,6.avi
5284,8,1.6,488,107,461.15384,0,0.0,6.avi
5285,8,1.6,974,208,2941.3184,0,0.0,6.avi
5267,9,1.8,1220,649,796.4325,0,106.40337759895688,6.avi
5286,9,1.8,1254,770,3449.7808,0,0.0,6.avi
5287,9,1.8,600,662,466.05954,0,0.0,6.avi
5288,9,1.8,166,62,826.1027,0,0.0,6.avi
5289,9,1.8,1012,856,778.56494,0,0.0,6.avi
5290,9,1.8,594,611,1127.8524,0,0.0,6.avi
5267,10,2.0,1183,658,4330.0596,0,202.1326403660436,6.avi
5291,10,2.0,718,925,4913.1157,0,0.0,6.avi
5292,10,2.0,665,939,710.2512,0,0.0,6.avi
5293,10,2.0,346,378,2728.7366,0,0.0,6.avi
5277,11,2.2,1260,145,1961.3501,0,122.16334515532272,6.avi
5289,11,2.2,1033,837,1279.959,0,141.62652575421393,6.avi
5294,11,2.2,658,814,6511.2925,0,0.0,6.avi
5295,11,2.2,1127,137,645.0313,0,0.0,6.avi
5285,12,2.4,969,176,2705.7883,0,161.32913762236905,6.avi
5296,12,2.4,607,978,1789.4747,0,0.0,6.avi
5297,12,2.4,221,280,857.66254,0,0.0,6.avi
5298,12,2.4,1267,828,744.066,0,0.0,6.avi
5286,13,2.6,1222,780,923.67456,0,170.94808336948736,6.avi
5299,13,2.6,761,43,1511.9037,0,0.0,6.avi
5300,13,2.6,693,202,2614.514,0,0.0,6.avi
5301,13,2.6,1203,414,880.6479,0,0.0,6.avi
5302,13,2.6,915,908,902.5729,0,0.0,6.avi
5303,13,2.6,1019,73,1322.6158,0,0.0,6.avi
5304,13,2.6,157,442,1368.3391,0,0.0,6.avi
5305,13,2.6,828,762,1699.6465,0,0.0,6.avi
5295,14,2.8,1091,121,2728.0645,0,196.3955344076201,6.avi
5300,14,2.8,672,161,1441.2925,0,236.10847042171835,6.avi
5306,14,2.8,420,228,2573.785,0,0.0,6.avi
5307,14,2.8,1179,108,1741.5874,0,0.0,6.avi
5308,14,2.8,857,873,941.1176,0,0.0,6.avi
5309,14,2.8,1155,477,838.4241,0,0.0,6.avi
5310,14,2.8,285,121,1534.0187,0,0.0,6.avi
5311,14,2.8,567,983,924.7582,0,0.0,6.avi
5312,14,2.8,859,483,1149.78,0,0.0,6.avi
5285,15,3.0,1002,125,1125.3746,0,237.5762180580653,6.avi
5313,15,3.0,749,228,2534.6252,0,0.0,6.avi
5314,15,3.0,728,602,913.08044,0,0.0,6.avi
5315,15,3.0,328,248,1280.08,0,0.0,6.avi
5316,15,3.0,457,279,365.42368,0,0.0,6.avi
5306,16,3.2,398,195,420.54126,0,199.25121033618677,6.avi
5309,16,3.2,1146,498,14378.139,0,110.82299439933976,6.avi
5317,16,3.2,417,334,2699.1304,0,0.0,6.avi
5318,16,3.2,320,561,1106.6797,0,0.0,6.avi
5319,16,3.2,653,10,460.01355,0,0.0,6.avi
5320,16,3.2,1033,25,1413.4893,0,0.0,6.avi
5321,16,3.2,292,931,2188.8743,0,0.0,6.avi
5317,17,3.4,435,355,495.31592,0,140.6645630299002,6.avi
5322,17,3.4,1251,883,1260.7909,0,0.0,6.avi
5323,17,3.4,355,43,1705.3168,0,0.0,6.avi
5324,17,3.4,96,435,2970.633,0,0.0,6.avi
5325,17,3.4,1220,960,748.8554,0,0.0,6.avi
5326,17,3.4,686,770,463.71683,0,0.0,6.avi
5327,17,3.4,264,11,852.8349,0,0.0,6.avi
5328,17,3.4,855,242,668.29346,0,0.0,6.avi
5329,17,3.4,800,588,15084.619,0,0.0,6.avi
5286,18,3.6,1203,816,4015.0056,0,189.262368057083,6.avi
5295,18,3.6,1045,89,1134.5347,0,79.29305342456303,6.avi
5323,18,3.6,389,13,1426.3568,0,225.9361434417105,6.avi
5330,18,3.6,453,679,15397.246,0,0.0,6.avi
5331,18,3.6,1015,970,1132.0054,0,0.0,6.avi
5332,18,3.6,807,973,1337.3234,0,0.0,6.avi
5333,18,3.6,500,534,652.6724,0,0.0,6.avi
5334,18,3.6,539,357,462.99957,0,0.0,6.avi
5309,19,3.8,1147,538,3365.4414,0,95.94147253677916,6.avi
5311,19,3.8,605,957,4354.379,0,232.6297302523913,6.avi
5319,19,3.8,635,14,711.5569,0,95.97339096386834,6.avi
5335,19,3.8,860,447,648.14465,0,0.0,6.avi
5336,19,3.8,879,322,433.17114,0,0.0,6.avi
5337,19,3.8,685,191,1075.1644,0,0.0,6.avi
5338,19,3.8,1052,829,1779.048,0,0.0,6.avi
5339,19,3.8,1156,627,2574.35,0,0.0,6.avi
5340,11,2.2,1107,214,1975.1084,0,0.0,7.avi
5341,12,2.4,897,253,2010.9373,0,0.0,7.avi
5342,13,2.6,690,293,2033.4965,0,0.0,7.avi
5343,14,2.8,488,331,1870.6958,0,0.0,7.avi
5344,15,3.0,290,367,2020.0687,0,0.0,7.avi
5345,18,3.6,1246,340,1064.6637,0,0.0,7.avi
5346,21,4.2,431,526,999.1708,0,0.0,7.avi
5347,21,4.2,1264,254,758.35504,0,0.0,7.avi
5348,25,5.0,1112,979,828.4269,0,0.0,7.avi
5349,27,5.4,970,134,1097.0593,0,0.0,7.avi
5350,28,5.6,733,95,1121.1481,0,0.0,7.avi
5351,29,5.8,500,56,1144.3452,0,0.0,7.avi
5352,30,6.0,274,18,1163.9454,0,0.0,7.avi
5353,39,7.8,513,934,742.6487,0,0.0,7.avi
5354,39,7.8,1085,419,1480.8873,0,0.0,7.avi
5355,40,8.0,812,491,1485.4263,0,0.0,7.avi
5356,41,8.2,546,562,1487.216,0,0.0,7.avi
5357,42,8.4,290,628,1462.1086,0,0.0,7.avi
5358,44,8.8,1219,283,1261.8867,0,0.0,7.avi
5359,45,9.0,938,298,1254.6184,0,0.0,7.avi
5360,46,9.2,235,26,1054.6208,0,0.0,7.avi
5361,46,9.2,667,310,1235.3717,0,0.0,7.avi
5362,47,9.4,783,407,1550.9393,0,0.0,7.avi
5363,48,9.6,558,398,1475.4054,0,0.0,7.avi
5364,50,10.0,952,969,770.5712,0,0.0,7.avi
5365,54,10.8,1111,751,846.377,0,0.0,7.avi
5366,55,11.0,919,738,869.9386,0,0.0,7.avi
5367,55,11.0,421,69,24872.668,0,0.0,7.avi
5367,56,11.2,397,71,24730.8,0,121.95156446395856,7.avi
5368,56,11.2,731,724,866.72815,0,0.0,7.avi
5369,56,11.2,360,490,504.47464,0,0.0,7.avi
5367,57,11.4,377,76,26844.977,0,22.198259364539297,7.avi
5370,57,11.4,549,707,888.1561,0,0.0,7.avi
5367,58,11.6,358,78,27968.627,0,16.581072743979924,7.avi
5371,58,11.6,374,693,1150.4166,0,0.0,7.avi
5367,59,11.8,333,83,30516.969,0,36.193818819973735,7.avi
5365,60,12.0,1097,737,543.098,0,101.1490043524223,7.avi
5367,60,12.0,312,86,31256.594,0,16.62129195912649,7.avi
5367,61,12.2,291,90,33474.117,0,2.757745927741747,7.avi
5372,61,12.2,921,663,527.3861,0,0.0,7.avi
5367,62,12.4,268,94,34744.668,0,11.688856865160927,7.avi
5367,63,12.6,250,97,35387.598,0,23.9940191699794,7.avi
5367,64,12.8,231,101,35748.68,0,9.749157745321645,7.avi
5367,65,13.0,211,111,35615.367,0,31.093062270787843,7.avi
5373,65,13.0,626,878,552.90656,0,0.0,7.avi
5367,66,13.2,186,109,38065.22,0,64.12399160303511,7.avi
5374,69,13.8,131,303,1389.6241,0,0.0,7.avi
5375,73,14.6,1084,69,925.9099,0,0.0,7.avi
5376,74,14.8,890,27,942.8546,0,0.0,7.avi
5377,77,15.4,790,64,400.20966,0,0.0,7.avi
5378,85,17.0,1274,314,310.95502,0,0.0,7.avi
5379,100,20.0,850,932,532.6842,0,0.0,7.avi
5380,0,0.0,504,534,1823.7474,0,0.0,8.avi
5381,0,0.0,938,70,3102.8376,0,0.0,8.avi
5382,0,0.0,1108,534,1457.767,0,0.0,8.avi
5383,0,0.0,839,633,1093.3583,0,0.0,8.avi
5384,0,0.0,360,391,1073.77,0,0.0,8.avi
5385,1,0.2,416,196,3061.3252,0,0.0,8.avi
5386,1,0.2,305,568,2751.886,0,0.0,8.avi
5387,1,0.2,689,5,349.7509,0,0.0,8.avi
5388,1,0.2,553,704,3264.3625,0,0.0,8.avi
5389,1,0.2,1022,210,1653.3685,0,0.0,8.avi
5390,1,0.2,951,272,1689.7976,0,0.0,8.avi
5391,1,0.2,1052,393,721.10706,0,0.0,8.avi
5388,2,0.4,547,712,2327.312,0,49.12064491525741,8.avi
5392,2,0.4,287,506,1670.4728,0,0.0,8.avi
5393,2,0.4,891,664,1058.7991,0,0.0,8.avi
5394,2,0.4,755,27,2303.8748,0,0.0,8.avi
5382,3,0.6,1115,496,1889.1421,0,192.36159047551385,8.avi
5395,3,0.6,593,814,1419.557,0,0.0,8.avi
5396,3,0.6,151,296,1532.3931,0,0.0,8.avi
5397,3,0.6,83,353,2125.611,0,0.0,8.avi
5398,3,0.6,221,194,2425.2905,0,0.0,8.avi
5399,3,0.6,1202,140,26405.188,0,0.0,8.avi
5400,3,0.6,1236,437,1813.9503,0,0.0,8.avi
5381,4,0.8,938,41,1298.386,0,149.4473282390284,8.avi
5386,4,0.8,326,591,1461.4425,0,152.82586699392817,8.avi
5390,4,0.8,911,284,1945.0062,0,207.27255411083115,8.avi
5395,4,0.8,620,817,1844.1481,0,134.96376468999884,8.avi
5401,4,0.8,1135,687,1395.7982,0,0.0,8.avi
5402,4,0.8,233,111,1009.63116,0,0.0,8.avi
5403,4,0.8,448,622,2627.7778,0,0.0,8.avi
5404,4,0.8,277,26,3026.0708,0,0.0,8.avi
5405,4,0.8,1185,334,2149.4048,0,0.0,8.avi
5406,4,0.8,907,225,46526.734,0,0.0,8.avi
5407,5,1.0,1090,783,2016.1599,0,0.0,8.avi
5408,5,1.0,324,58,4109.3413,0,0.0,8.avi
5394,6,1.2,762,18,1191.384,0,57.99385857777726,8.avi
5408,6,1.2,320,43,1410.8,0,78.446584907058,8.avi
5409,6,1.2,697,193,13287.032,0,0.0,8.avi
5410,6,1.2,145,128,1469.1221,0,0.0,8.avi
5411,6,1.2,186,675,864.48413,0,0.0,8.avi
5412,6,1.2,675,916,1110.6018,0,0.0,8.avi
5413,6,1.2,220,945,25327.928,0,0.0,8.avi
5414,6,1.2,406,6,482.9902,0,0.0,8.avi
5415,7,1.4,737,935,3349.6912,0,0.0,8.avi
5416,7,1.4,927,607,771.51184,0,0.0,8.avi
5417,8,1.6,369,62,6010.27,0,0.0,8.avi
5418,8,1.6,1085,430,4162.234,0,0.0,8.avi
5419,8,1.6,477,86,1910.9988,0,0.0,8.avi
5420,8,1.6,849,965,2531.3403,0,0.0,8.avi
5421,8,1.6,861,739,1262.3878,0,0.0,8.avi
5422,8,1.6,473,153,2842.7666,0,0.0,8.avi
5423,8,1.6,442,505,1726.7224,0,0.0,8.avi
5424,8,1.6,891,123,1893.1952,0,0.0,8.avi
5418,9,1.8,1086,385,2890.6482,0,229.5075292296609,8.avi
5425,9,1.8,1066,693,2719.4612,0,0.0,8.avi
5426,9,1.8,317,327,3051.676,0,0.0,8.avi
5427,9,1.8,733,559,1150.7365,0,0.0,8.avi
5428,9,1.8,799,32,1037.8208,0,0.0,8.avi
5429,9,1.8,1011,202,1028.7617,0,0.0,8.avi
5395,10,2.0,1039,838,1301.5146,0,242.62139138714036,8.avi
5409,10,2.0,685,198,649.0654,0,64.57805836771979,8.avi
5412,10,2.0,680,908,2977.7122,0,46.95190150401229,8.avi
5418,10,2.0,1091,303,1976.7744,0,239.41182501073035,8.avi
5430,10,2.0,1144,211,3549.3677,0,0.0,8.avi
5431,10,2.0,678,960,1965.4012,0,0.0,8.avi
5432,10,2.0,507,495,3260.5503,0,0.0,8.avi
5433,10,2.0,497,604,1929.7236,0,0.0,8.avi
5434,10,2.0,567,901,1104.5363,0,0.0,8.avi
5435,10,2.0,827,267,3366.8362,0,0.0,8.avi
5425,11,2.2,1103,670,1161.3928,0,218.73181017132995,8.avi
5436,11,2.2,807,342,3872.803,0,0.0,8.avi
5437,11,2.2,1073,369,2107.3442,0,0.0,8.avi
5438,11,2.2,200,302,1654.4626,0,0.0,8.avi
5439,11,2.2,888,517,1672.8872,0,0.0,8.avi
5440,11,2.2,935,423,3671.8188,0,0.0,8.avi
5441,11,2.2,1128,9,638.714,0,0.0,8.avi
5442,11,2.2,992,905,689.5194,0,0.0,8.avi
5423,12,2.4,460,488,6394.4463,0,123.27419924662722,8.avi
5433,12,2.4,490,616,1523.1738,0,71.68966535781833,8.avi
5443,12,2.4,187,448,2749.467,0,0.0,8.avi
5444,12,2.4,685,723,1587.8035,0,0.0,8.avi
5445,12,2.4,340,9,553.8449,0,0.0,8.avi
5446,12,2.4,612,100,1111.6992,0,0.0,8.avi
5447,12,2.4,394,658,1350.738,0,0.0,8.avi
5448,12,2.4,790,1018,618.4418,0,0.0,8.avi
5449,0,0.0,530,663,7596.728,0,0.0,9.avi
5450,0,0.0,1166,76,1440.7886,0,0.0,9.avi
5451,0,0.0,771,613,1252.0854,0,0.0,9.avi
5452,0,0.0,1191,336,1017.79565,0,0.0,9.avi
5453,0,0.0,998,935,1573.6486,0,0.0,9.avi
5454,0,0.0,1071,521,992.4946,0,0.0,9.avi
5455,0,0.0,248,452,3634.632,0,0.0,9.avi
5456,0,0.0,1111,960,811.58264,0,0.0,9.avi
5457,0,0.0,781,713,3611.482,0,0.0,9.avi
5457,1,0.2,787,704,1581.1296,0,54.87646737192412,9.avi
5458,1,0.2,1196,23,2265.437,0,0.0,9.avi
5459,1,0.2,1171,1003,2037.2291,0,0.0,9.avi
5460,1,0.2,1002,993,2424.8691,0,0.0,9.avi
5461,1,0.2,1129,686,4711.112,0,0.0,9.avi
5462,1,0.2,1059,25,2535.472,0,0.0,9.avi
5452,2,0.4,1162,368,1250.386,0,215.99348424278085,9.avi
5463,2,0.4,526,720,2895.695,0,0.0,9.avi
5464,2,0.4,781,89,2444.9014,0,0.0,9.avi
5465,2,0.4,1011,413,4308.626,0,0.0,9.avi
5466,2,0.4,709,789,5292.225,0,0.0,9.avi
5467,2,0.4,594,243,2590.0012,0,0.0,9.avi
5468,2,0.4,477,790,1349.3848,0,0.0,9.avi
5469,2,0.4,1071,362,751.3914,0,0.0,9.avi
5470,2,0.4,797,232,2101.445,0,0.0,9.avi
5449,3,0.6,528,616,2183.2632,0,236.83130328426844,9.avi
5454,3,0.6,1099,518,877.5162,0,139.10228440494566,9.avi
5471,3,0.6,648,227,2021.3467,0,0.0,9.avi
5472,3,0.6,271,182,1527.7972,0,0.0,9.avi
5473,3,0.6,192,10,1182.5236,0,0.0,9.avi
5474,3,0.6,1183,574,1569.5814,0,0.0,9.avi
5475,4,0.8,981,340,1502.8009,0,0.0,9.avi
5476,4,0.8,264,518,1433.3452,0,0.0,9.avi
5477,4,0.8,345,31,1998.865,0,0.0,9.avi
5478,4,0.8,629,845,1729.1525,0,0.0,9.avi
5479,4,0.8,727,902,1615.9915,0,0.0,9.avi
5480,4,0.8,732,704,991.2323,0,0.0,9.avi
5451,5,1.0,799,627,1202.3884,0,156.23815515444764,9.avi
5469,5,1.0,1085,339,932.82355,0,133.24482360973585,9.avi
5481,5,1.0,842,716,2927.4536,0,0.0,9.avi
5482,5,1.0,1202,127,10145.999,0,0.0,9.avi
5483,5,1.0,383,318,3410.657,0,0.0,9.avi
5484,5,1.0,1121,850,2093.8481,0,0.0,9.avi
5485,5,1.0,639,693,2075.32,0,0.0,9.avi
5486,5,1.0,896,551,1918.6473,0,0.0,9.avi
5487,5,1.0,302,387,1130.8074,0,0.0,9.avi
5488,5,1.0,775,281,2577.6353,0,0.0,9.avi
5489,5,1.0,1165,485,3520.5254,0,0.0,9.avi
5454,6,1.2,1128,545,2433.3132,0,157.03423813952907,9.avi
5465,6,1.2,1056,403,1773.8215,0,228.5519137621273,9.avi
5469,6,1.2,1095,340,1566.4987,0,52.54003663937021,9.avi
5478,6,1.2,609,850,899.907,0,104.262634464997,9.avi
5489,6,1.2,1204,457,2828.6333,0,240.78846089772748,9.avi
5490,6,1.2,395,232,7280.07,0,0.0,9.avi
5491,6,1.2,632,154,3303.3025,0,0.0,9.avi
5492,6,1.2,966,745,1631.774,0,0.0,9.avi
5493,6,1.2,326,131,1339.6548,0,0.0,9.avi
5494,6,1.2,123,335,1104.7965,0,0.0,9.avi
5495,6,1.2,566,513,1184.8171,0,0.0,9.avi
5496,6,1.2,350,797,2044.985,0,0.0,9.avi
5497,6,1.2,669,926,3661.9277,0,0.0,9.avi
5498,6,1.2,479,378,752.12646,0,0.0,9.avi
5499,6,1.2,542,1006,1536.4839,0,0.0,9.avi
5500,6,1.2,863,247,9307.539,0,0.0,9.avi
5451,7,1.4,820,623,2266.1035,0,86.67047738877766,9.avi
5460,7,1.4,1032,999,1337.2423,0,152.86698578594198,9.avi
5474,7,1.4,1197,602,1492.4432,0,159.3857491762461,9.avi
5493,7,1.4,276,131,4654.8794,0,249.06558475130487,9.avi
5498,7,1.4,515,372,7954.7534,0,182.3536001970542,9.avi
5501,7,1.4,595,41,11782.377,0,0.0,9.avi
5502,7,1.4,565,556,2082.2214,0,0.0,9.avi
5503,7,1.4,952,166,2240.5994,0,0.0,9.avi
5504,7,1.4,342,601,3001.385,0,0.0,9.avi
5505,7,1.4,718,89,1570.077,0,0.0,9.avi
5506,7,1.4,374,143,1894.5978,0,0.0,9.avi
5507,7,1.4,1007,84,3664.1921,0,0.0,9.avi
5508,7,1.4,781,665,2801.0217,0,0.0,9.avi
5509,7,1.4,1262,9,658.3925,0,0.0,9.avi
5510,7,1.4,363,861,2244.081,0,0.0,9.avi
5463,8,1.6,497,719,2080.875,0,146.06798412954166,9.avi
5478,8,1.6,591,856,4722.0786,0,10.136075743639111,9.avi
5483,8,1.6,414,304,819.8762,0,169.6801066937401,9.avi
5487,8,1.6,293,394,1143.2744,0,57.55272715743878,9.avi
5491,8,1.6,624,121,3498.532,0,169.6848346102204,9.avi
5493,8,1.6,215,101,17738.17,0,192.75468504947435,9.avi
5511,8,1.6,848,42,5517.4023,0,0.0,9.avi
5512,8,1.6,156,498,8951.098,0,0.0,9.avi
5513,8,1.6,555,753,7057.57,0,0.0,9.avi
5514,8,1.6,763,170,2367.164,0,0.0,9.avi
5515,8,1.6,443,21,4370.732,0,0.0,9.avi
5479,9,1.8,746,895,2305.062,0,100.71400243407538,9.avi
5516,9,1.8,790,513,1645.3452,0,0.0,9.avi
5517,9,1.8,351,529,5333.4663,0,0.0,9.avi
5518,9,1.8,942,920,1722.3771,0,0.0,9.avi
5519,9,1.8,1037,276,12243.13,0,0.0,9.avi
5484,10,2.0,1096,846,2080.129,0,130.50159983332568,9.avi
5492,10,2.0,935,754,3110.6328,0,162.3879122630104,9.avi
5520,10,2.0,1255,326,2312.1284,0,0.0,9.avi
5521,10,2.0,715,567,1856.1511,0,0.0,9.avi
5522,10,2.0,842,465,2936.75,0,0.0,9.avi
5523,10,2.0,88,186,1816.6768,0,0.0,9.avi
5524,10,2.0,631,412,12134.3955,0,0.0,9.avi
5525,10,2.0,523,793,2958.1318,0,0.0,9.avi
5499,11,2.2,566,991,4589.899,0,142.69795695459152,9.avi
5508,11,2.2,799,661,1292.5996,0,92.27012079261384,9.avi
5526,11,2.2,274,817,1988.0428,0,0.0,9.avi
5527,11,2.2,301,271,7241.359,0,0.0,9.avi
5528,11,2.2,308,14,1462.7313,0,0.0,9.avi
5529,11,2.2,1235,178,918.8775,0,0.0,9.avi
5507,12,2.4,966,101,1511.9309,0,225.20479787671428,9.avi
5510,12,2.4,357,866,2097.786,0,40.00903593907037,9.avi
5514,12,2.4,731,192,1075.5853,0,191.5927961086725,9.avi
5525,12,2.4,475,799,2012.7161,0,242.768544925952,9.avi
5530,12,2.4,1202,974,11286.673,0,0.0,9.avi
5531,12,2.4,1183,596,1653.3375,0,0.0,9.avi
5532,12,2.4,646,86,2314.199,0,0.0,9.avi
5515,13,2.6,465,60,2026.4358,0,226.8169080917376,9.avi
5528,13,2.6,314,42,2070.7615,0,139.88361886016762,9.avi
5533,13,2.6,1127,1017,441.06827,0,0.0,9.avi
5534,13,2.6,762,831,921.5457,0,0.0,9.avi
5499,14,2.8,568,1016,735.20703,0,165.4040159578841,9.avi
5517,14,2.8,374,513,829.2178,0,138.80110556125274,9.avi
5521,14,2.8,667,555,3220.436,0,247.8937343863158,9.avi
5535,14,2.8,994,575,1460.9288,0,0.0,9.avi
5536,14,2.8,482,831,2609.5964,0,0.0,9.avi
5532,15,3.0,618,49,4556.448,0,232.0901360036027,9.avi
5537,15,3.0,445,21,2093.4563,0,0.0,9.avi
5538,15,3.0,146,453,2812.323,0,0.0,9.avi
5522,16,3.2,826,436,924.2742,0,165.41057772172542,9.avi
5539,16,3.2,983,64,6327.934,0,0.0,9.avi
5540,16,3.2,635,635,1079.5765,0,0.0,9.avi
5541,16,3.2,1073,349,1177.9818,0,0.0,9.avi
5542,16,3.2,868,260,834.46246,0,0.0,9.avi
5543,16,3.2,1202,687,1326.3755,0,0.0,9.avi
5544,16,3.2,1031,1018,360.0869,0,0.0,9.avi
5545,16,3.2,663,363,5035.045,0,0.0,9.avi
5546,16,3.2,359,168,14399.324,0,0.0,9.avi
5543,17,3.4,1222,668,1697.4813,0,143.1811583789552,9.avi
5547,17,3.4,235,481,5238.736,0,0.0,9.avi
5548,17,3.4,1039,962,3104.2253,0,0.0,9.avi
5549,17,3.4,329,490,5289.3413,0,0.0,9.avi
5550,17,3.4,1091,912,1248.1439,0,0.0,9.avi
5551,17,3.4,686,764,2095.0276,0,0.0,9.avi
5552,17,3.4,634,185,1855.3335,0,0.0,9.avi
5553,17,3.4,605,590,2718.623,0,0.0,9.avi
5528,18,3.6,308,156,2119.3513,0,212.34396139704367,9.avi
5545,18,3.6,657,317,1738.0337,0,231.88258053905173,9.avi
5548,18,3.6,1051,957,910.9282,0,68.72093987759541,9.avi
5554,18,3.6,363,744,4628.045,0,0.0,9.avi
5555,18,3.6,427,77,2362.4949,0,0.0,9.avi
5556,18,3.6,551,117,1638.6342,0,0.0,9.avi
5557,18,3.6,937,259,2342.2776,0,0.0,9.avi
5558,18,3.6,149,86,5298.4683,0,0.0,9.avi
5559,18,3.6,403,601,1266.3796,0,0.0,9.avi
5560,18,3.6,886,845,4695.0596,0,0.0,9.avi
5561,18,3.6,373,326,1828.1776,0,0.0,9.avi
5562,18,3.6,963,682,2283.7126,0,0.0,9.avi
5563,18,3.6,251,191,4475.6865,0,0.0,9.avi
5564,18,3.6,918,18,1325.6902,0,0.0,9.avi
5539,19,3.8,1003,63,4118.5117,0,100.209723011561,9.avi
5565,19,3.8,530,984,5513.747,0,0.0,9.avi
5566,19,3.8,736,440,3550.0374,0,0.0,9.avi
5567,19,3.8,1242,14,1436.2008,0,0.0,9.avi
5568,19,3.8,1207,105,3270.109,0,0.0,9.avi
5569,19,3.8,1020,636,3267.8884,0,0.0,9.avi
5570,19,3.8,269,241,2535.4688,0,0.0,9.avi
5547,20,4.0,247,465,1448.3542,0,100.74961697278188,9.avi
5561,20,4.0,340,293,2335.1304,0,234.61396337154773,9.avi
5562,20,4.0,994,701,4003.3247,0,184.5757147470192,9.avi
5567,20,4.0,1233,14,1229.249,0,44.64781131881678,9.avi
5571,20,4.0,621,76,2730.9514,0,0.0,9.avi
5572,20,4.0,1007,318,949.3926,0,0.0,9.avi
5573,20,4.0,467,273,1957.5458,0,0.0,9.avi
5574,20,4.0,461,887,2067.133,0,0.0,9.avi
5549,21,4.2,343,468,1223.8105,0,131.83057184249972,9.avi
5568,21,4.2,1214,79,18510.672,0,134.92016355868486,9.avi
5575,21,4.2,906,316,1754.0878,0,0.0,9.avi
5576,21,4.2,810,260,1485.1958,0,0.0,9.avi
5577,21,4.2,485,764,4072.9841,0,0.0,9.avi
5578,21,4.2,1068,422,3494.7935,0,0.0,9.avi
5579,21,4.2,1173,644,2120.016,0,0.0,9.avi
5580,21,4.2,892,500,1066.7706,0,0.0,9.avi
5581,21,4.2,183,544,3234.4766,0,0.0,9.avi
5557,22,4.4,943,229,26172.512,0,155.95214249946716,9.avi
5562,22,4.4,1065,723,1925.5864,0,202.06698617256663,9.avi
5576,22,4.4,838,239,771.96124,0,175.1867435439862,9.avi
5582,22,4.4,681,536,4203.8613,0,0.0,9.avi
5583,22,4.4,841,580,3625.9004,0,0.0,9.avi
5584,22,4.4,322,8,679.685,0,0.0,9.avi
5585,22,4.4,207,166,4419.616,0,0.0,9.avi
5560,23,4.6,909,838,951.23975,0,120.47782617609634,9.avi
5584,23,4.6,292,25,1522.1991,0,172.5764460391726,9.avi
5586,23,4.6,534,245,4182.3643,0,0.0,9.avi
5587,23,4.6,498,60,2133.3525,0,0.0,9.avi
5588,23,4.6,638,379,17795.086,0,0.0,9.avi
5589,24,4.8,1070,933,5877.6,0,0.0,9.avi
5590,24,4.8,827,681,1231.7228,0,0.0,9.avi
5591,24,4.8,896,759,2556.4336,0,0.0,9.avi
5592,24,4.8,1192,693,1361.8169,0,0.0,9.avi
5593,24,4.8,946,292,760.70374,0,0.0,9.avi
5594,24,4.8,323,521,21189.787,0,0.0,9.avi
5595,24,4.8,422,321,4883.794,0,0.0,9.avi
5566,25,5.0,768,406,1860.92,0,232.21103744234887,9.avi
5567,25,5.0,1134,9,817.5284,0,67.32013779615589,9.avi
5587,25,5.0,537,44,1409.9309,0,212.3760570327985,9.avi
5589,25,5.0,1063,893,1857.6013,0,202.27060740370013,9.avi
5596,25,5.0,1016,777,1305.6947,0,0.0,9.avi
5597,25,5.0,1150,437,2834.055,0,0.0,9.avi
5598,25,5.0,457,187,936.7502,0,0.0,9.avi
5599,25,5.0,637,905,956.4401,0,0.0,9.avi
5584,26,5.2,152,107,3019.4587,0,5.458340880408424,9.avi
5585,26,5.2,203,139,4715.373,0,135.09646628703626,9.avi
5587,26,5.2,586,18,2309.4038,0,230.47663900874176,9.avi
5600,26,5.2,678,140,5296.8105,0,0.0,9.avi
5601,26,5.2,990,578,1777.2124,0,0.0,9.avi
5602,26,5.2,789,725,1208.7705,0,0.0,9.avi
5603,26,5.2,336,835,1261.7766,0,0.0,9.avi
5604,26,5.2,1069,588,1458.9958,0,0.0,9.avi
5605,26,5.2,756,277,1143.2457,0,0.0,9.avi
5606,26,5.2,224,451,902.5355,0,0.0,9.avi
5557,27,5.4,918,181,5788.2266,0,166.8856649220164,9.avi
5600,27,5.4,653,153,1894.5488,0,141.263501929666,9.avi
5607,27,5.4,284,296,5063.3438,0,0.0,9.avi
5608,27,5.4,1151,512,3047.687,0,0.0,9.avi
5609,27,5.4,477,13,1446.4016,0,0.0,9.avi
5610,27,5.4,346,408,2587.3027,0,0.0,9.avi
5611,27,5.4,1264,365,2135.7744,0,0.0,9.avi
5612,27,5.4,823,10,821.26984,0,0.0,9.avi
5613,27,5.4,951,993,4992.594,0,0.0,9.avi
5567,28,5.6,1069,17,1520.4285,0,137.3605501840997,9.avi
5598,28,5.6,470,146,2802.0784,0,215.36434476286567,9.avi
5614,28,5.6,1009,148,7942.5425,0,0.0,9.avi
5615,28,5.6,845,898,827.7087,0,0.0,9.avi
5616,28,5.6,969,364,2555.4614,0,0.0,9.avi
5617,28,5.6,1046,957,1536.979,0,0.0,9.avi
5618,28,5.6,275,171,1441.0527,0,0.0,9.avi
5619,28,5.6,446,765,2294.3076,0,0.0,9.avi
5620,28,5.6,1113,329,854.0982,0,0.0,9.avi
5621,28,5.6,1216,943,3828.3557,0,0.0,9.avi
5622,28,5.6,175,303,1888.6711,0,0.0,9.avi
5623,28,5.6,1184,625,1137.9973,0,0.0,9.avi
5624,28,5.6,487,335,5480.8857,0,0.0,9.avi
5602,29,5.8,829,753,2268.474,0,243.92804345059267,9.avi
5606,29,5.8,219,427,4749.4326,0,120.66341653715416,9.avi
5617,29,5.8,1019,935,6823.472,0,173.5619779404505,9.avi
5625,29,5.8,1089,808,2541.9048,0,0.0,9.avi
5626,29,5.8,428,409,3080.083,0,0.0,9.avi
5627,29,5.8,854,444,4822.7266,0,0.0,9.avi
5628,29,5.8,1144,590,1393.3872,0,0.0,9.avi
5629,29,5.8,1156,84,7998.4204,0,0.0,9.avi
5630,29,5.8,667,828,1480.0745,0,0.0,9.avi
5631,29,5.8,197,521,3324.9297,0,0.0,9.avi
5632,29,5.8,1265,209,1421.117,0,0.0,9.avi
5633,29,5.8,541,402,8573.664,0,0.0,9.avi
5634,29,5.8,729,83,669.2533,0,0.0,9.avi
5635,29,5.8,1168,961,5557.8145,0,0.0,9.avi
5618,30,6.0,320,182,6222.9873,0,232.84741983810875,9.avi
5619,30,6.0,474,799,921.0835,0,219.3634641228031,9.avi
5625,30,6.0,1113,773,1267.6515,0,217.52985187656657,9.avi
5629,30,6.0,1146,45,13351.926,0,205.0697082809264,9.avi
5636,30,6.0,777,183,8272.331,0,0.0,9.avi
5637,30,6.0,1076,452,4003.101,0,0.0,9.avi
5638,30,6.0,642,17,1962.8197,0,0.0,9.avi
5639,30,6.0,848,236,1684.9995,0,0.0,9.avi
5640,30,6.0,66,508,13562.965,0,0.0,9.avi
5641,30,6.0,735,856,1133.0814,0,0.0,9.avi
5625,31,6.2,1123,768,1127.2769,0,130.43221057109213,9.avi
5642,31,6.2,546,928,12479.318,0,0.0,9.avi
5643,31,6.2,1248,550,9061.052,0,0.0,9.avi
5644,31,6.2,339,760,2935.418,0,0.0,9.avi
5645,31,6.2,462,472,4782.991,0,0.0,9.avi
5646,31,6.2,738,757,2106.3848,0,0.0,9.avi
5647,31,6.2,155,9,660.41376,0,0.0,9.avi
5648,31,6.2,641,78,1219.8411,0,0.0,9.avi
5649,31,6.2,876,678,1196.5483,0,0.0,9.avi
5650,31,6.2,864,74,23519.53,0,0.0,9.avi
5651,31,6.2,392,276,11196.236,0,0.0,9.avi
5652,31,6.2,528,456,1534.7893,0,0.0,9.avi
5598,32,6.4,536,77,4186.1562,0,221.15584096213647,9.avi
5620,32,6.4,1070,310,4018.046,0,231.7159925644088,9.avi
5626,32,6.4,428,374,807.89966,0,177.73933084477036,9.avi
5653,32,6.4,402,544,2612.1143,0,0.0,9.avi
5654,32,6.4,667,982,1628.8137,0,0.0,9.avi
5655,32,6.4,972,660,20164.057,0,0.0,9.avi
5656,32,6.4,1240,13,1820.0916,0,0.0,9.avi
5657,32,6.4,492,883,1660.9895,0,0.0,9.avi
5598,33,6.6,524,73,3337.842,0,117.86425899789845,9.avi
5627,33,6.6,813,460,2049.7935,0,220.26200470730004,9.avi
5634,33,6.6,709,75,4247.9136,0,105.74726169567306,9.avi
5640,33,6.6,18,494,3438.5518,0,247.60104819679304,9.avi
5644,33,6.6,309,724,3853.6816,0,233.1480675393925,9.avi
5645,33,6.6,484,485,857.91895,0,125.09670197981288,9.avi
5658,33,6.6,1186,306,3558.4534,0,0.0,9.avi
5659,33,6.6,564,603,2704.6252,0,0.0,9.avi
5660,33,6.6,335,46,787.0329,0,0.0,9.avi
5661,33,6.6,334,607,2534.6184,0,0.0,9.avi
5662,33,6.6,252,732,1457.5853,0,0.0,9.avi
5663,33,6.6,304,173,25612.37,0,0.0,9.avi
5664,33,6.6,656,778,17065.816,0,0.0,9.avi
5665,33,6.6,249,526,2118.6143,0,0.0,9.avi
5666,0,0.0,1246,949,5076.0024,0,0.0,10.avi
5667,0,0.0,329,645,2504.1418,0,0.0,10.avi
5668,0,0.0,260,465,2279.7825,0,0.0,10.avi
5669,0,0.0,714,433,1241.7063,0,0.0,10.avi
5670,1,0.2,770,635,1522.8978,0,0.0,10.avi
5671,1,0.2,1055,997,3925.3787,0,0.0,10.avi
5672,1,0.2,299,526,1211.5792,0,0.0,10.avi
5673,1,0.2,382,462,814.9364,0,0.0,10.avi
5674,1,0.2,1269,216,908.0547,0,0.0,10.avi
5675,1,0.2,1125,993,1152.1536,0,0.0,10.avi
5676,1,0.2,670,271,733.68097,0,0.0,10.avi
5671,2,0.4,1024,974,16705.271,0,192.8972527565421,10.avi
5677,2,0.4,265,673,1577.1136,0,0.0,10.avi
5678,2,0.4,743,711,2037.6653,0,0.0,10.avi
5679,2,0.4,289,22,612.36914,0,0.0,10.avi
5680,2,0.4,322,330,1047.5199,0,0.0,10.avi
5681,2,0.4,334,369,1022.3314,0,0.0,10.avi
5682,3,0.6,728,478,1757.9905,0,0.0,10.avi
5683,4,0.8,271,601,1580.2794,0,0.0,10.avi
5684,4,0.8,1086,502,1770.825,0,0.0,10.avi
5685,4,0.8,819,1009,1755.9324,0,0.0,10.avi
5686,4,0.8,741,961,3499.7825,0,0.0,10.avi
5687,4,0.8,1102,727,1241.4268,0,0.0,10.avi
5688,4,0.8,339,293,1081.4569,0,0.0,10.avi
5671,5,1.0,879,878,1216.6875,0,62.08287244037362,10.avi
5687,5,1.0,1114,759,1542.4264,0,171.83521237754752,10.avi
5689,5,1.0,574,763,2330.1553,0,0.0,10.avi
5690,5,1.0,521,562,2922.0627,0,0.0,10.avi
5691,5,1.0,963,766,953.1774,0,0.0,10.avi
5692,6,1.2,620,878,1466.4458,0,0.0,10.avi
5693,6,1.2,598,308,1368.8057,0,0.0,10.avi
5694,6,1.2,974,446,1188.0826,0,0.0,10.avi
5695,7,1.4,252,227,2633.2898,0,0.0,10.avi
5696,7,1.4,565,413,3749.7686,0,0.0,10.avi
5697,7,1.4,1079,698,1246.3313,0,0.0,10.avi
5698,7,1.4,453,6,567.67993,0,0.0,10.avi
5697,8,1.6,1062,665,2112.7698,0,187.51008827195025,10.avi
5699,8,1.6,174,518,1280.2347,0,0.0,10.avi
5700,9,1.8,633,178,2707.9998,0,0.0,10.avi
5701,9,1.8,666,405,1245.3402,0,0.0,10.avi
5702,9,1.8,1137,1018,400.423,0,0.0,10.avi
5703,10,2.0,1006,78,3570.7322,0,0.0,10.avi
5704,12,2.4,1156,586,5086.263,0,0.0,10.avi
5705,12,2.4,972,911,970.67773,0,0.0,10.avi
5706,12,2.4,919,722,1546.4558,0,0.0,10.avi
5707,13,2.6,275,574,1007.99646,0,0.0,10.avi
5708,13,2.6,980,22,2904.7776,0,0.0,10.avi
5709,13,2.6,1257,190,2558.0745,0,0.0,10.avi
5710,13,2.6,982,635,4444.754,0,0.0,10.avi
5711,14,2.8,833,578,1312.3322,0,0.0,10.avi
5712,14,2.8,540,286,689.06195,0,0.0,10.avi
5702,15,3.0,1092,1008,1833.0569,0,232.77559068407805,10.avi
5703,15,3.0,992,113,743.9961,0,188.80768955955887,10.avi
5713,15,3.0,402,240,5368.5693,0,0.0,10.avi
5714,15,3.0,555,239,1797.1965,0,0.0,10.avi
5715,15,3.0,1248,898,1665.7731,0,0.0,10.avi
5716,15,3.0,256,139,2289.1685,0,0.0,10.avi
5717,15,3.0,767,474,1472.281,0,0.0,10.avi
5718,16,3.2,1194,666,1070.9918,0,0.0,10.avi
5719,17,3.4,400,117,1193.7158,0,0.0,10.avi
5720,17,3.4,269,507,1979.9886,0,0.0,10.avi
5721,18,3.6,687,22,1818.5712,0,0.0,10.avi
5722,19,3.8,1057,424,28842.81,0,0.0,10.avi
5723,19,3.8,554,476,1123.5508,0,0.0,10.avi
5716,20,4.0,277,141,894.5144,0,104.93019346552948,10.avi
5721,20,4.0,679,15,1083.728,0,52.14061232905704,10.avi
5724,20,4.0,138,516,1153.943,0,0.0,10.avi
5725,20,4.0,192,529,1366.3773,0,0.0,10.avi
5726,20,4.0,1157,556,1802.6433,0,0.0,10.avi
5727,20,4.0,638,155,580.7384,0,0.0,10.avi
5728,20,4.0,261,288,2054.043,0,0.0,10.avi
5729,20,4.0,472,540,39923.957,0,0.0,10.avi
5721,21,4.2,653,45,2742.8608,0,220.63985070550288,10.avi
5730,21,4.2,1104,978,1433.477,0,0.0,10.avi
5731,21,4.2,818,388,2320.4685,0,0.0,10.avi
5732,21,4.2,1151,315,958.62537,0,0.0,10.avi
5733,21,4.2,661,198,1367.8641,0,0.0,10.avi
5734,21,4.2,860,879,768.5638,0,0.0,10.avi
5735,21,4.2,728,1015,473.62067,0,0.0,10.avi
5736,21,4.2,157,11,1035.0762,0,0.0,10.avi
5726,22,4.4,1160,581,790.7292,0,123.4311711961431,10.avi
5737,24,4.8,470,872,1430.3955,0,0.0,10.avi
5738,24,4.8,402,14,1315.3069,0,0.0,10.avi
5739,24,4.8,561,907,1587.1475,0,0.0,10.avi
5740,25,5.0,752,653,5975.0703,0,0.0,10.avi
5741,25,5.0,1233,496,1366.1449,0,0.0,10.avi
5742,25,5.0,541,717,1945.1163,0,0.0,10.avi
5743,27,5.4,920,717,1232.706,0,0.0,10.avi
5744,27,5.4,598,169,2675.9539,0,0.0,10.avi
5745,29,5.8,567,555,536.2385,0,0.0,10.avi
5746,31,6.2,951,1004,1363.0531,0,0.0,10.avi
5747,31,6.2,1122,659,670.5059,0,0.0,10.avi
5748,32,6.4,1225,785,11261.138,0,0.0,10.avi
5749,32,6.4,864,910,869.10876,0,0.0,10.avi
5750,34,6.8,239,399,639.98926,0,0.0,10.avi
5751,34,6.8,421,19,425.5068,0,0.0,10.avi
5752,35,7.0,407,57,580.3721,0,0.0,10.avi
5753,37,7.4,313,437,617.6502,0,0.0,10.avi
5754,39,7.8,373,819,536.68726,0,0.0,10.avi
5755,43,8.6,798,132,851.3894,0,0.0,10.avi
5756,48,9.6,720,206,479.97333,0,0.0,10.avi
5757,50,10.0,284,445,807.1831,0,0.0,10.avi
5758,50,10.0,1251,606,538.5644,0,0.0,10.avi
5759,51,10.2,1195,621,735.15295,0,0.0,10.avi
5760,51,10.2,772,952,369.67282,0,0.0,10.avi
5761,14,2.8,545,129,25587.846,0,0.0,11.avi
5762,6,1.2,277,414,207.55405,0,0.0,12.avi
5762,7,1.4,274,415,182.96887,0,15.102339046256374,12.avi
5763,12,2.4,1128,599,41342.617,0,0.0,12.avi
5764,13,2.6,1111,225,445.76062,0,0.0,12.avi
5765,13,2.6,940,554,8520.576,0,0.0,12.avi
5766,13,2.6,1272,157,573.12897,0,0.0,12.avi
5767,13,2.6,893,449,4185.927,0,0.0,12.avi
5768,13,2.6,838,555,1715.9119,0,0.0,12.avi
5769,14,2.8,1234,178,1552.3206,0,0.0,12.avi
5770,15,3.0,1171,236,1498.1833,0,0.0,12.avi
5771,15,3.0,1094,290,429.97086,0,0.0,12.avi
5772,15,3.0,956,461,1925.404,0,0.0,12.avi
5773,16,3.2,1137,285,2207.5151,0,0.0,12.avi
5774,16,3.2,833,818,3709.7158,0,0.0,12.avi
5775,17,3.4,1071,371,1784.5277,0,0.0,12.avi
5774,18,3.6,865,804,1731.3252,0,174.1560353488038,12.avi
5776,18,3.6,1007,405,1694.7166,0,0.0,12.avi
5776,19,3.8,980,427,2206.3835,0,174.24383485443664,12.avi
5776,20,4.0,956,429,1714.2599,0,76.30594767956647,12.avi
5777,20,4.0,638,988,13994.906,0,0.0,12.avi
5776,21,4.2,946,413,1530.4961,0,135.3222831200396,12.avi
5778,21,4.2,528,1001,3807.209,0,0.0,12.avi
5776,22,4.4,946,408,1480.6849,0,86.03377024871587,12.avi
5779,24,4.8,903,432,1721.5197,0,0.0,12.avi
5779,25,5.0,904,426,1770.1609,0,30.99662999636937,12.avi
5779,26,5.2,893,415,1902.5952,0,68.93273379399783,12.avi
5779,27,5.4,886,384,1675.9563,0,112.49749018318664,12.avi
5779,28,5.6,892,366,1818.0509,0,82.99892071502825,12.avi
5779,29,5.8,902,344,1925.3639,0,47.07757105696885,12.avi
5779,30,6.0,917,320,1878.5151,0,42.6750516122579,12.avi
5780,10,2.0,1269,657,408.71793,0,0.0,13.avi
5780,11,2.2,1266,658,420.2646,0,14.219901449614635,13.avi
5781,11,2.2,1060,719,234.56915,0,0.0,13.avi
5780,12,2.4,1263,662,441.17917,0,19.6133919606202,13.avi
5781,12,2.4,1059,722,240.8457,0,13.717685842842002,13.avi
5782,12,2.4,773,567,189.88507,0,0.0,13.avi
5780,13,2.6,1257,665,452.90402,0,13.56248517587726,13.avi
5781,13,2.6,1057,725,256.3802,0,9.815463422140974,13.avi
5782,13,2.6,771,568,185.25372,0,13.245921765349674,13.avi
5780,14,2.8,1248,667,467.37405,0,24.51650911802646,13.avi
5781,14,2.8,1055,726,259.1,0,4.474169254512124,13.avi
5782,14,2.8,769,570,192.82227,0,2.186187622942763,13.avi
5780,15,3.0,1240,668,479.14612,0,13.54977341725633,13.avi
5781,15,3.0,1052,729,263.72626,0,4.593441233103036,13.avi
5780,16,3.2,1232,667,537.18243,0,10.46328368542601,13.avi
5781,16,3.2,1050,730,249.6918,0,7.290432249326249,13.avi
5780,17,3.4,1221,664,482.86,0,16.333209277451484,13.avi
5781,17,3.4,1048,732,234.55324,0,2.75221969147324,13.avi
5782,17,3.4,763,577,194.44177,0,30.01111398715909,13.avi
5780,18,3.6,1215,662,524.9608,0,17.167896820130323,13.avi
5781,18,3.6,1047,732,230.52097,0,9.759647084681012,13.avi
5782,18,3.6,762,578,192.58177,0,3.90017601085584,13.avi
5780,19,3.8,1207,660,512.7806,0,6.840587866603063,13.avi
5781,19,3.8,1044,732,232.2947,0,5.619109475198962,13.avi
5782,19,3.8,762,580,174.51733,0,2.32248486028619,13.avi
5783,19,3.8,1147,967,159.99376,0,0.0,13.avi
5780,20,4.0,1195,660,475.50317,0,30.854939763728275,13.avi
5781,20,4.0,1041,732,232.77745,0,5.474903535986506,13.avi
5782,20,4.0,760,581,173.736,0,5.646846520795925,13.avi
5780,21,4.2,1176,661,515.7615,0,43.87621068018545,13.avi
5781,21,4.2,1037,731,265.5674,0,8.749454728234754,13.avi
5782,21,4.2,757,581,179.36133,0,7.978042234806933,13.avi
5780,22,4.4,1161,659,496.5991,0,15.069008502340946,13.avi
5781,22,4.4,1031,730,283.42468,0,10.470366994726009,13.avi
5782,22,4.4,754,581,181.77786,0,6.416881486886727,13.avi
5780,23,4.6,1151,657,479.55212,0,33.833166694075366,13.avi
5781,23,4.6,1026,729,284.7548,0,2.571015978407468,13.avi
5782,23,4.6,749,580,210.2439,0,10.007929568421195,13.avi
5783,23,4.6,1119,966,176.03175,0,141.5824434280579,13.avi
5780,24,4.8,1141,656,444.30896,0,5.428693984064048,13.avi
5781,24,4.8,1023,728,269.40726,0,7.927443657831309,13.avi
5780,25,5.0,1130,650,428.37057,0,23.49015509064799,13.avi
5781,25,5.0,1020,725,255.71376,0,8.713777885163244,13.avi
5780,26,5.2,1120,638,457.677,0,38.57800935880093,13.avi
5781,26,5.2,1016,723,257.67526,0,2.8949542264220627,13.avi
5783,26,5.2,1103,963,186.20789,0,10.365112042500344,13.avi
5780,27,5.4,1110,633,521.9909,0,25.819991430055214,13.avi
5781,27,5.4,1015,719,252.74019,0,15.644513349249,13.avi
5784,27,5.4,952,999,192.99405,0,0.0,13.avi
5780,28,5.6,1104,630,510.55707,0,29.46532712736128,13.avi
5781,28,5.6,1018,713,250.03514,0,24.96933076598465,13.avi
5783,28,5.6,1095,959,185.75995,0,11.8417110029464,13.avi
5784,28,5.6,951,996,202.80519,0,15.360364580582416,13.avi
5780,29,5.8,1095,629,467.78427,0,23.67686618773048,13.avi
5781,29,5.8,1020,707,256.22556,0,7.303004204753307,13.avi
5784,29,5.8,950,992,199.40987,0,9.920870028872953,13.avi
5780,30,6.0,1088,631,483.62265,0,20.57088204575855,13.avi
5781,30,6.0,1021,703,260.12488,0,10.605398519469622,13.avi
5783,30,6.0,1087,957,196.8801,0,6.830397275002927,13.avi
5784,30,6.0,949,990,205.05995,0,11.125923041093833,13.avi
5780,31,6.2,1082,635,482.94003,0,10.887668118591316,13.avi
5781,31,6.2,1023,699,262.34006,0,6.07623787344119,13.avi
5784,31,6.2,949,988,205.25423,0,5.367628193271906,13.avi
5780,32,6.4,1069,641,474.79285,0,37.45274797825914,13.avi
5781,32,6.4,1029,689,263.01712,0,40.9707167322122,13.avi
5784,32,6.4,948,986,199.97606,0,3.905783208136249,13.avi
5785,32,6.4,721,572,157.20206,0,0.0,13.avi
5780,33,6.6,1052,653,607.6065,0,50.94767358465576,13.avi
5785,33,6.6,720,570,160.50082,0,8.931231889979992,13.avi
5781,34,6.8,1049,649,679.5388,0,76.7145580747217,13.avi
5785,34,6.8,719,568,193.90053,0,4.9081464256415,13.avi
5786,42,8.4,1061,590,589.5578,0,0.0,13.avi
5786,43,8.6,1054,587,539.9566,0,37.82624526008621,13.avi
5786,44,8.8,1040,585,547.81024,0,43.24301286084591,13.avi
5787,44,8.8,1045,921,299.85016,0,0.0,13.avi
5786,45,9.0,1034,580,540.8232,0,41.92835611628828,13.avi
5787,45,9.0,1044,920,260.80203,0,7.580797526695527,13.avi
5786,46,9.2,1031,573,571.8854,0,31.715896940874337,13.avi
5787,46,9.2,1042,918,271.15524,0,7.943204108644277,13.avi
5788,46,9.2,763,523,180.32419,0,0.0,13.avi
5786,47,9.4,1029,566,645.0478,0,13.699987935405488,13.avi
5787,47,9.4,1041,916,299.6051,0,4.459558501357638,13.avi
5788,47,9.4,763,523,187.22289,0,1.7805898283748194,13.avi
5786,48,9.6,1024,563,764.3172,0,26.463451531871165,13.avi
5787,48,9.6,1038,917,356.59787,0,12.257186270691545,13.avi
5786,49,9.8,1016,559,775.4496,0,20.764429845297595,13.avi
5786,50,10.0,1010,557,774.6106,0,17.823617591267443,13.avi
5786,51,10.2,1000,557,766.2661,0,23.87149374123757,13.avi
5786,52,10.4,987,552,656.50476,0,31.83060692848068,13.avi
5786,53,10.6,979,553,613.4325,0,35.017523894192735,13.avi
5787,53,10.6,1014,926,374.20197,0,114.29450642539533,13.avi
5786,54,10.8,974,554,634.75916,0,22.94510187192649,13.avi
5787,54,10.8,1011,928,350.37555,0,13.187774369755134,13.avi
5786,55,11.0,965,551,619.9471,0,26.91113242358277,13.avi
5787,55,11.0,1007,929,335.19992,0,7.936681149749727,13.avi
5786,56,11.2,958,546,677.93054,0,18.36664016513339,13.avi
5787,56,11.2,1005,930,303.54575,0,13.14523900820417,13.avi
5789,2,0.4,781,220,353.34094,0,0.0,14.avi
5790,16,3.2,696,68,12181.754,0,0.0,14.avi
5791,16,3.2,747,35,7494.224,0,0.0,14.avi
5790,17,3.4,665,42,9679.081,0,203.82442207008685,14.avi
5791,17,3.4,740,10,1730.4717,0,129.76163700684248,14.avi
5792,17,3.4,576,18,3026.854,0,0.0,14.avi
5790,18,3.6,639,14,3329.329,0,37.6772472082927,14.avi
5792,19,3.8,538,25,2031.0911,0,195.21033100130236,14.avi
5793,20,4.0,784,248,308.42245,0,0.0,14.avi
5793,21,4.2,771,263,287.95496,0,99.27874383043304,14.avi
5794,21,4.2,873,452,169.27238,0,0.0,14.avi
5793,22,4.4,758,274,312.58694,0,13.449614357988237,14.avi
5794,22,4.4,866,452,179.28795,0,35.605621344102815,14.avi
5795,32,6.4,323,37,13166.492,0,0.0,14.avi
5796,32,6.4,168,18,2873.2246,0,0.0,14.avi
5795,33,6.6,371,70,27577.53,0,293.07746072377387,14.avi
5795,34,6.8,386,79,32049.479,0,147.4182361277776,14.avi
5795,35,7.0,398,124,38133.758,0,195.1950115384637,14.avi
5795,36,7.2,353,200,37215.88,0,396.2620280845663,14.avi
5795,37,7.4,247,287,48690.89,0,432.7134758880753,14.avi
5797,37,7.4,422,265,3638.153,0,0.0,14.avi
5798,37,7.4,353,216,1994.5737,0,0.0,14.avi
5795,38,7.6,185,338,52884.074,0,229.613905360072,14.avi
5797,38,7.6,387,296,1098.4587,0,236.2261077934469,14.avi
5799,38,7.6,266,466,3990.2415,0,0.0,14.avi
5800,38,7.6,189,180,4297.476,0,0.0,14.avi
5801,38,7.6,196,466,2241.1116,0,0.0,14.avi
5801,40,8.0,164,430,3883.0415,0,241.65954631447397,14.avi
5802,40,8.0,120,338,5445.673,0,0.0,14.avi
5803,40,8.0,257,517,1067.3121,0,0.0,14.avi
5804,41,8.2,293,556,1152.9282,0,0.0,14.avi
5804,45,9.0,319,571,2499.6704,0,146.1619764468248,14.avi
5805,49,9.8,257,648,1740.3748,0,0.0,14.avi
5806,0,0.0,983,486,25129.05,0,0.0,15.avi
5807,5,1.0,993,665,22306.127,0,0.0,15.avi
5807,6,1.2,988,709,16806.291,0,221.58636057345296,15.avi
5808,9,1.8,891,527,20153.785,0,0.0,15.avi
5808,11,2.2,887,509,26043.312,0,89.94844455560695,15.avi
5809,15,3.0,1031,317,22182.816,0,0.0,15.avi
5810,26,5.2,12,338,134.84978,0,0.0,15.avi
5811,5,1.0,1260,590,572.3559,0,0.0,16.avi
5812,11,2.2,161,648,301.63135,0,0.0,16.avi
5812,12,2.4,162,650,314.12732,0,11.485334383861929,16.avi
5812,13,2.6,162,653,336.07886,0,5.12084527407657,16.avi
5813,16,3.2,1184,403,23379.875,0,0.0,16.avi
5814,26,5.2,1271,487,459.9995,0,0.0,16.avi
5814,27,5.4,1274,483,282.16022,0,26.42609190071025,16.avi
5815,1,0.2,151,501,49026.465,0,0.0,17.avi
5815,2,0.4,148,409,44567.758,0,466.2538600144811,17.avi
5815,3,0.6,111,307,51383.957,0,231.2004950198766,17.avi
5815,4,0.8,118,250,54539.5,0,326.5065817288568,17.avi
5816,4,0.8,231,625,1430.6505,0,0.0,17.avi
5817,4,0.8,7,223,697.5857,0,0.0,17.avi
5815,5,1.0,170,228,51735.652,0,403.7565680367252,17.avi
5816,5,1.0,233,635,1523.0715,0,50.05653138640015,17.avi
5815,6,1.2,157,234,44853.8,0,364.9410960645933,17.avi
5816,6,1.2,232,636,1344.285,0,36.0193471313861,17.avi
5815,7,1.4,134,252,48140.367,0,175.2924019236396,17.avi
5816,7,1.4,244,645,1496.4783,0,80.09637768575533,17.avi
5815,8,1.6,100,285,47370.34,0,141.62403420755578,17.avi
5816,8,1.6,261,655,1665.5768,0,47.69010823094512,17.avi
5815,9,1.8,81,317,42281.168,0,68.29174767531055,17.avi
5816,9,1.8,279,638,1553.9751,0,148.79644948134117,17.avi
5815,10,2.0,65,291,30691.742,0,320.6638886237503,17.avi
5816,10,2.0,287,629,1594.9938,0,51.02368857086567,17.avi
5818,10,2.0,93,180,654.9142,0,0.0,17.avi
5815,11,2.2,81,282,32517.98,0,196.19161432543595,17.avi
5816,11,2.2,310,631,1559.0809,0,98.84525386990812,17.avi
5819,11,2.2,18,146,2729.9717,0,0.0,17.avi
5820,11,2.2,1271,261,213.37656,0,0.0,17.avi
5815,12,2.4,82,266,31605.035,0,57.01592811782762,17.avi
5816,12,2.4,316,633,1455.41,0,82.80851203624013,17.avi
5815,13,2.6,95,239,33563.984,0,86.1796221449776,17.avi
5816,13,2.6,339,635,1712.2876,0,79.30274153090993,17.avi
5816,14,2.8,336,605,1948.48,0,220.8088746091788,17.avi
5816,15,3.0,343,588,1736.9082,0,38.90372293024174,17.avi
5816,16,3.2,371,585,1546.8583,0,153.0547846524338,17.avi
5821,16,3.2,64,191,33218.332,0,0.0,17.avi
5816,17,3.4,392,574,1380.6632,0,26.26751411459475,17.avi
5821,17,3.4,58,155,26705.207,0,188.75783229951816,17.avi
5816,18,3.6,413,564,1358.9966,0,3.4916693146440902,17.avi
5821,18,3.6,86,134,37308.17,0,178.13492730811012,17.avi
5822,18,3.6,117,14,1945.9362,0,0.0,17.avi
5816,19,3.8,461,548,1467.1019,0,151.41054877512047,17.avi
5821,19,3.8,94,114,42682.316,0,99.72651032649316,17.avi
5823,19,3.8,517,914,400.7786,0,0.0,17.avi
5816,20,4.0,524,545,1462.848,0,140.0015729021931,17.avi
5821,20,4.0,91,119,45324.707,0,167.47953937265876,17.avi
5823,20,4.0,532,906,377.44604,0,85.24266727394391,17.avi
5821,21,4.2,78,98,36611.867,0,133.7760315794795,17.avi
5823,21,4.2,546,900,400.91003,0,11.744202807794892,17.avi
5821,22,4.4,84,93,33334.98,0,111.11683340479688,17.avi
5823,22,4.4,555,896,405.97922,0,34.47250666194156,17.avi
5824,22,4.4,641,531,1416.0107,0,0.0,17.avi
5821,23,4.6,78,95,30433.123,0,72.9096385036037,17.avi
5823,23,4.6,569,884,442.9874,0,47.96275989602266,17.avi
5821,24,4.8,61,94,24527.139,0,71.4224438810462,17.avi
5823,24,4.8,578,880,430.9822,0,36.99493038643983,17.avi
5825,24,4.8,788,479,1699.087,0,0.0,17.avi
5821,25,5.0,45,71,15589.385,0,121.70876893703732,17.avi
5823,25,5.0,588,874,413.88,0,2.7366096357219987,17.avi
5826,26,5.2,966,392,1631.6847,0,0.0,17.avi
5827,27,5.4,1062,329,1857.9875,0,0.0,17.avi
5828,28,5.6,1122,247,1580.6763,0,0.0,17.avi
5829,7,1.4,1082,147,30896.121,0,0.0,18.avi
5830,10,2.0,951,391,25292.607,0,0.0,18.avi
