tracker_id,frame_idx,timestamp,centroid_x,centroid_y,area,class,speed_px_per_sec,confidence,track_length,frames_lost,bbox_x1,bbox_y1,bbox_x2,bbox_y2,kalman_area,velocity_x,velocity_y,displacement,trajectory_angle,source_video
370,2,0.4,1200,194,27610.877,0,0.0,0.8535628914833069,1,0,1120.0161,108.64795,1280.0,281.2333,27610.877,0.0,0.0,0.0,0.0,1.avi
371,3,0.6,1182,373,1130.4462,0,0.0,0.691486120223999,1,0,1165.5918,357.10297,1199.4741,390.46686,1130.4462,0.0,0.0,0.0,0.0,1.avi
371,6,1.2,1158,405,997.355,0,199.60978103441727,0.5091044306755066,5,0,1143.4779,388.64224,1173.0907,422.32217,997.355,-20.442741,26.722345,39.7019872115801,231.8350359677741,1.avi
372,6,1.2,1087,432,5127.1064,0,0.0,0.5315536856651306,1,0,1048.1465,400.1664,1126.2607,465.8024,5127.1064,0.0,0.0,0.0,0.0,1.avi
373,7,1.4,940,332,3547.4858,0,0.0,0.8603551387786865,1,0,908.8551,304.49628,971.1603,361.43353,3547.4858,0.0,0.0,0.0,0.0,1.avi
374,7,1.4,919,439,2601.003,0,0.0,0.8291316628456116,1,0,893.08954,414.25107,945.06525,464.29373,2601.003,0.0,0.0,0.0,0.0,1.avi
375,7,1.4,1018,375,3430.7136,0,0.0,0.7809067368507385,1,0,989.3613,346.09283,1047.7745,404.82465,3430.7136,0.0,0.0,0.0,0.0,1.avi
376,7,1.4,985,432,3581.764,0,0.0,0.759882926940918,1,0,956.96313,400.78314,1013.2749,464.3891,3581.764,0.0,0.0,0.0,0.0,1.avi
377,7,1.4,936,383,1505.6155,0,0.0,0.6964560747146606,1,0,915.90576,365.54037,956.7241,402.42612,1505.6155,0.0,0.0,0.0,0.0,1.avi
378,7,1.4,971,385,542.6428,0,0.0,0.6479485034942627,1,0,960.1561,374.23425,983.53015,397.4499,542.6428,0.0,0.0,0.0,0.0,1.avi
379,8,1.6,765,364,680.21313,0,0.0,0.6051102876663208,1,0,752.8041,351.8916,778.9291,377.92847,680.21313,0.0,0.0,0.0,0.0,1.avi
380,8,1.6,812,361,23972.168,0,0.0,0.7257353663444519,1,0,730.7588,288.1974,894.09546,434.96277,23972.168,0.0,0.0,0.0,0.0,1.avi
379,9,1.8,762,345,2494.909,0,100.44178804969276,0.1614873707294464,3,0,738.99866,318.935,786.3534,371.62048,2494.909,-12.736807,-78.3724,20.28200877332281,100.9901793687871,1.avi
381,10,2.0,609,420,16451.674,0,0.0,0.8514652252197266,1,0,546.85187,354.9674,672.67377,485.72107,16451.674,0.0,0.0,0.0,0.0,1.avi
382,11,2.2,524,468,3757.2341,0,0.0,0.8568081855773926,1,0,494.60962,436.90817,554.397,499.7515,3757.2341,0.0,0.0,0.0,0.0,1.avi
383,12,2.4,300,500,21526.309,0,0.0,0.6001250743865967,1,0,224.2286,429.38574,376.5413,570.71545,21526.309,0.0,0.0,0.0,0.0,1.avi
384,13,2.6,74,635,24037.184,0,0.0,0.6428557634353638,1,0,0.112091064,554.6376,148.05856,717.10974,24037.184,0.0,0.0,0.0,0.0,1.avi
385,3,0.6,823,78,2556.9731,0,0.0,0.8286288976669312,1,0,799.4818,52.312546,848.2633,104.729416,2556.9731,0.0,0.0,0.0,0.0,2.avi
386,3,0.6,840,138,677.27704,0,0.0,0.706227719783783,1,0,827.1317,126.03032,853.4994,151.7162,677.27704,0.0,0.0,0.0,0.0,2.avi
385,4,0.8,829,65,1056.984,0,71.93496875148088,0.6385172605514526,3,0,813.7458,48.322044,844.8012,82.35743,1056.984,21.56061,-52.619724,14.460552483010735,69.23221497637564,2.avi
386,4,0.8,815,150,2846.655,0,137.69030950282655,0.4504964649677276,3,0,783.5536,128.66193,847.9912,172.83884,2846.655,-97.97662,47.413643,27.65287494541585,203.7265406330905,2.avi
385,5,1.0,805,57,1375.035,0,144.65772065238536,0.6926633715629578,5,0,787.08685,39.254204,824.83417,75.68157,1375.035,-104.938194,-40.475433,28.668957769630754,184.36943964109247,2.avi
386,5,1.0,772,175,1183.8047,0,149.40986123927766,0.6314074993133545,5,0,751.9764,161.1542,792.289,190.5198,1183.8047,-208.0788,118.86585,28.330045158919496,211.41579384906763,2.avi
387,5,1.0,801,216,3825.5964,0,0.0,0.861266016960144,1,0,769.9165,186.93604,833.8959,246.73026,3825.5964,0.0,0.0,0.0,0.0,2.avi
388,5,1.0,748,130,3591.2095,0,0.0,0.81789231300354,1,0,718.2744,101.16896,779.4502,159.87209,3591.2095,0.0,0.0,0.0,0.0,2.avi
389,5,1.0,844,168,1272.4753,0,0.0,0.7984760403633118,1,0,827.536,150.38852,862.3817,186.90594,1272.4753,0.0,0.0,0.0,0.0,2.avi
390,5,1.0,737,185,1305.0673,0,0.0,0.7210478186607361,1,0,719.82227,167.08484,754.3926,204.83594,1305.0673,0.0,0.0,0.0,0.0,2.avi
391,5,1.0,724,97,691.2098,0,0.0,0.7113520503044128,1,0,710.67664,84.51977,738.1068,109.71865,691.2098,0.0,0.0,0.0,0.0,2.avi
392,5,1.0,742,77,683.9125,0,0.0,0.6787316203117371,1,0,730.7815,63.722748,754.7766,92.2249,683.9125,0.0,0.0,0.0,0.0,2.avi
393,5,1.0,823,117,2802.6262,0,0.0,0.5472303032875061,1,0,797.48535,91.024445,850.2705,144.11942,2802.6262,0.0,0.0,0.0,0.0,2.avi
394,5,1.0,708,145,717.7378,0,0.0,0.5120483040809631,1,0,696.77747,130.84865,721.161,160.28398,717.7378,0.0,0.0,0.0,0.0,2.avi
390,6,1.2,726,163,2687.511,0,125.96727233322406,0.7270812392234802,3,0,704.04987,133.82211,749.8117,192.55026,2687.511,-40.62529,-90.915,25.505964915104467,115.8160512527059,2.avi
394,6,1.2,688,154,1118.1116,0,113.74974864008338,0.2243597209453582,3,0,671.9865,136.89774,704.32855,171.46918,1118.1116,-83.08067,34.399765,22.60168139500684,201.9096566348872,2.avi
395,6,1.2,635,214,7795.018,0,0.0,0.8094302415847778,1,0,589.23157,172.357,682.50183,255.93152,7795.018,0.0,0.0,0.0,0.0,2.avi
396,7,1.4,552,256,1263.6454,0,0.0,0.7077361345291138,1,0,535.54266,237.7096,569.70245,274.70178,1263.6454,0.0,0.0,0.0,0.0,2.avi
397,8,1.6,363,354,24744.531,0,0.0,0.8652107119560242,1,0,295.17688,263.32654,431.3341,445.06152,24744.531,0.0,0.0,0.0,0.0,2.avi
398,8,1.6,404,346,2557.2546,0,0.0,0.5031532645225525,1,0,381.16278,318.82004,427.2884,374.26114,2557.2546,0.0,0.0,0.0,0.0,2.avi
399,9,1.8,154,491,25568.713,0,0.0,0.9114271998405457,1,0,70.56082,415.6657,238.93973,567.51794,25568.713,0.0,0.0,0.0,0.0,2.avi
400,9,1.8,140,451,3301.9148,0,0.0,0.628136396408081,1,0,113.48897,421.04956,167.72585,481.92908,3301.9148,0.0,0.0,0.0,0.0,2.avi
401,11,2.2,583,910,1604.8535,0,0.0,0.7257181406021118,1,0,563.1869,890.549,604.11536,929.7602,1604.8535,0.0,0.0,0.0,0.0,2.avi
402,6,1.2,657,501,3212.407,0,0.0,0.8584226369857788,1,0,628.916,473.4278,685.3314,530.3698,3212.407,0.0,0.0,0.0,0.0,3.avi
403,7,1.4,601,493,1273.0201,0,0.0,0.761087954044342,1,0,582.78516,476.01154,619.9441,510.27032,1273.0201,0.0,0.0,0.0,0.0,3.avi
403,8,1.6,572,473,2509.6838,0,175.76448315896516,0.7385266423225403,3,0,547.19556,448.78372,598.26306,497.9282,2509.6838,-114.31258,-78.9819,35.60812003439017,145.55412601114108,3.avi
403,9,1.8,533,455,2898.7622,0,88.47353880443879,0.8333337306976318,5,0,506.23474,428.10117,559.9092,482.1075,2898.7622,-191.21829,-90.22469,17.05992557374748,171.3710981990357,3.avi
403,10,2.0,522,457,2691.4084,0,191.79400543005636,0.7185694575309753,7,0,497.89615,430.10272,547.70636,484.136,2691.4084,-83.94737,-13.298561,33.70354401202408,323.72600287980777,3.avi
403,11,2.2,497,435,2922.4915,0,118.36666643585887,0.6318066120147705,9,0,471.90408,406.89386,523.4532,463.58722,2922.4915,-115.93327,-87.069305,21.445054843966812,114.84888657306794,3.avi
403,12,2.4,462,388,3735.805,0,179.1985684586375,0.8808872103691101,11,0,433.10132,356.91278,492.479,419.82874,3735.805,-160.9452,-200.3736,32.33700125777302,112.72489375365508,3.avi
403,13,2.6,420,364,2528.5337,0,109.44405459005075,0.4043878316879272,13,0,397.2216,337.60867,443.72812,391.97806,2528.5337,-199.8914,-136.92416,18.94724470915887,235.97821955598403,3.avi
404,15,3.0,319,394,1586.4833,0,0.0,0.6524091958999634,1,0,300.06976,374.1116,339.81256,414.03036,1586.4833,0.0,0.0,0.0,0.0,3.avi
405,0,0.0,656,42,1166.2328,0,0.0,0.583608865737915,1,0,639.30115,25.870152,673.4159,60.055744,1166.2328,0.0,0.0,0.0,0.0,4.avi
405,1,0.2,637,67,1335.2646,0,156.90943299505628,0.275101363658905,3,0,618.72205,49.222023,655.5222,85.50626,1335.2646,-76.79188,97.40996,30.86312026564265,231.15336326732373,4.avi
405,2,0.4,644,83,1571.9989,0,118.95941499416996,0.7623921036720276,5,0,625.11646,63.61839,663.69653,104.36481,1571.9989,26.892128,84.33867,22.566443042926995,9.813179547091408,4.avi
405,3,0.6,631,84,1104.042,0,138.90669153721993,0.7285970449447632,7,0,614.82306,67.4031,647.26227,101.43731,1104.042,-44.98091,21.297745,25.241041224180695,138.09222947100795,4.avi
405,4,0.8,643,91,801.65594,0,120.66662523614366,0.3188857436180115,9,0,628.8123,77.99338,657.4787,105.95842,801.65594,36.005753,33.94967,21.081563637044933,353.6812067021056,4.avi
405,5,1.0,618,100,832.691,0,180.4012301309344,0.7492499351501465,11,0,603.92175,85.997665,633.02966,114.604706,832.691,-86.58804,39.855522,32.370215630143,182.18502771615093,4.avi
406,7,1.4,682,151,1310.647,0,0.0,0.8462912440299988,1,0,664.9601,133.38704,700.78235,169.97453,1310.647,0.0,0.0,0.0,0.0,4.avi
407,7,1.4,768,131,868.59454,0,0.0,0.613210916519165,1,0,755.09814,115.658936,782.86475,146.94092,868.59454,0.0,0.0,0.0,0.0,4.avi
406,8,1.6,693,134,1937.305,0,101.1134487197146,0.8742110729217529,3,0,670.1189,113.679855,716.46094,155.48433,1937.305,41.59172,-68.25823,20.37651754429453,60.19291784884865,4.avi
406,9,1.8,680,156,2000.7775,0,215.88052586720465,0.8664353489875793,5,0,657.8645,134.54042,703.23083,178.64317,2000.7775,-54.84758,95.03959,41.19213497960938,238.3605066421682,4.avi
406,10,2.0,652,205,2082.7144,0,192.73210392463656,0.8556908965110779,7,0,629.1696,183.01715,675.38116,228.08633,2082.7144,-121.200195,209.89986,34.25444740217826,239.1252342846197,4.avi
408,11,2.2,613,193,2125.0986,0,0.0,0.8499230742454529,1,0,587.32935,172.69351,639.6096,213.3417,2125.0986,0.0,0.0,0.0,0.0,4.avi
408,12,2.4,615,184,3632.744,0,43.932491829495895,0.8762364983558655,3,0,586.83,153.50816,645.09454,215.85728,3632.744,9.951385,-33.272964,9.146570378434165,80.36724474829987,4.avi
408,13,2.6,636,192,2277.6235,0,123.44408672648422,0.7089695930480957,5,0,613.0967,168.38359,660.23486,216.70161,2277.6235,95.64146,33.190613,22.823726127912508,322.2538629186671,4.avi
409,22,4.4,513,242,1544.7349,0,0.0,0.5530679821968079,1,0,495.39844,221.2966,532.14526,263.33383,1544.7349,0.0,0.0,0.0,0.0,4.avi
409,23,4.6,542,244,1831.3472,0,143.76187543465568,0.8684614300727844,3,0,518.8729,224.44164,565.4977,263.72006,1831.3472,113.42696,7.0484753,28.27838249002432,356.5843800268956,4.avi
410,24,4.8,510,277,2532.047,0,0.0,0.8552271127700806,1,0,484.96222,252.64813,536.75995,301.5315,2532.047,0.0,0.0,0.0,0.0,4.avi
411,24,4.8,526,248,269.6168,0,0.0,0.517427921295166,1,0,518.94,240.46027,534.78986,257.47095,269.6168,0.0,0.0,0.0,0.0,4.avi
410,25,5.0,491,297,2001.968,0,141.97574677713442,0.8625342845916748,3,0,469.83167,274.41245,513.2029,320.57138,2001.968,-77.22081,81.44551,28.122556678834165,225.07073902234464,4.avi
410,26,5.2,445,305,1827.8733,0,165.7108083754102,0.8532394170761108,5,0,425.42746,282.41385,465.4778,328.05325,1827.8733,-217.43584,42.305668,32.290011733035044,164.2201484162107,4.avi
410,27,5.4,400,318,1658.2681,0,26.473012165507907,0.85857093334198,7,0,380.10052,297.6301,420.51288,338.6638,1658.2681,-223.79683,59.379326,4.732743621988828,245.46251262957563,4.avi
410,28,5.6,382,340,1534.6913,0,164.07435864281786,0.8450679779052734,9,0,363.26044,320.43015,402.31494,359.7263,1534.6913,-119.237274,97.97612,28.271685322688118,339.33493290723,4.avi
410,29,5.8,346,368,1459.757,0,84.85644095613453,0.8263636827468872,11,0,327.1586,349.11115,365.76797,386.91956,1459.757,-167.23073,130.06384,15.387713485532007,212.75977779398744,4.avi
410,30,6.0,325,384,1522.8651,0,88.89060546203741,0.8429921269416809,13,0,306.21014,364.88763,344.92206,404.22607,1522.8651,-118.96685,93.63701,15.625351094741896,39.92500730286372,4.avi
412,30,6.0,1078,359,587.2117,0,0.0,0.5367036461830139,1,0,1066.399,347.31708,1089.9777,372.2215,587.2117,0.0,0.0,0.0,0.0,4.avi
410,31,6.2,313,397,1788.1036,0,74.7233770615864,0.8683993220329285,15,0,292.69138,375.54944,334.2009,418.62634,1788.1036,-74.07165,69.80621,12.866357194803928,29.237063902571208,4.avi
410,32,6.4,283,404,2197.6228,0,94.68469390772351,0.8754427433013916,17,0,260.38504,380.386,306.1362,428.42023,2197.6228,-133.18854,44.24591,17.147700165867203,155.72709532897056,4.avi
413,32,6.4,1206,660,1310.1218,0,0.0,0.657305121421814,1,0,1188.7028,641.6461,1224.3656,678.38245,1310.1218,0.0,0.0,0.0,0.0,4.avi
414,32,6.4,1070,471,1560.9572,0,0.0,0.618956983089447,1,0,1052.7422,450.2591,1088.7246,493.6402,1560.9572,0.0,0.0,0.0,0.0,4.avi
410,33,6.6,244,404,2029.5426,0,86.82322918826816,0.8620986938476562,19,0,222.26271,381.13986,265.8818,427.6686,2029.5426,-181.45786,10.21674,15.650657462328311,143.75951411512688,4.avi
410,34,6.8,219,417,1738.0587,0,90.9556413906381,0.7862100601196289,21,0,198.91545,396.35983,240.03877,438.62436,1738.0587,-136.47389,52.693485,15.402179194135366,316.75450442801326,4.avi
410,35,7.0,175,447,1590.7678,0,146.23047848045593,0.8632054328918457,23,0,154.92375,428.1574,195.7324,467.13855,1590.7678,-201.29456,128.14029,25.59420273445113,227.8296850446972,4.avi
415,35,7.0,1066,666,3579.6921,0,0.0,0.5494855046272278,1,0,1035.7147,636.6199,1096.3868,695.6205,3579.6921,0.0,0.0,0.0,0.0,4.avi
410,36,7.2,153,456,1284.6366,0,139.21142796847838,0.818500280380249,25,0,135.21014,438.8944,171.31375,474.47638,1284.6366,-131.32596,64.333405,24.899317202320933,43.93449823114884,4.avi
415,36,7.2,1035,701,2255.446,0,236.9671422829273,0.8526691794395447,3,0,1010.454,678.44434,1059.6708,724.271,2255.446,-123.70644,140.66867,46.69853299039077,228.32382369643355,4.avi
410,37,7.4,133,470,1825.5122,0,37.05012944940934,0.4191582798957824,27,0,111.76911,449.16364,155.27678,491.122,1825.5122,-106.22652,66.60543,6.019938504221181,355.7327400405437,4.avi
415,37,7.4,1011,716,2736.7603,0,66.46645027526051,0.8552674055099487,5,0,986.1181,690.3691,1037.8008,743.3223,2736.7603,-116.20437,82.76251,13.508467463808188,87.11901753347513,4.avi
410,38,7.6,120,482,1466.3728,0,48.887247984289374,0.3540235459804535,29,0,100.24716,465.09552,141.55658,500.59283,1466.3728,-73.05816,64.22204,7.8598792996089,10.733983125015412,4.avi
415,38,7.6,991,731,2865.9202,0,18.63741734072295,0.8650988936424255,7,0,964.7401,704.8899,1018.35767,758.34106,2865.9202,-105.35066,75.9262,3.3100254385244736,46.42927690783336,4.avi
410,39,7.8,110,491,1631.6863,0,30.40482155572294,0.7369319200515747,31,0,89.56024,472.23306,130.84023,511.76035,1631.6863,-58.020493,50.023197,5.978736947670448,51.64787773807655,4.avi
415,39,7.8,945,728,2242.9907,0,172.17334700859018,0.4477935433387756,9,0,922.57214,704.78674,969.0338,753.063,2242.9907,-200.06638,7.311363,31.66440082792134,143.57646633340295,4.avi
410,40,8.0,101,501,1372.0836,0,15.94306964493745,0.5453681349754333,33,0,82.72799,482.58014,119.79871,519.5927,1372.0836,-47.762505,46.504417,2.604081385558444,22.614454554894,4.avi
415,40,8.0,905,741,1756.5044,0,62.5305569888317,0.3463992476463318,11,0,883.8933,720.7836,926.43274,762.0749,1756.5044,-202.47672,49.78569,10.642192129478014,265.74462257161986,4.avi
415,41,8.2,840,752,2077.0767,0,139.642916713639,0.2150573134422302,13,0,816.5443,730.8357,863.4939,775.0763,2077.0767,-297.27625,55.822334,24.67529360540096,181.42488827818704,4.avi
415,42,8.4,804,772,2084.0046,0,143.91337500556523,0.7514274716377258,15,0,780.62573,750.5296,828.8043,793.78534,2084.0046,-204.3922,86.7322,24.7252956993937,341.41673920632604,4.avi
416,0,0.0,1041,249,29007.857,0,0.0,0.7799738645553589,1,0,946.3208,173.13623,1136.2656,325.85352,29007.857,0.0,0.0,0.0,0.0,6.avi
416,1,0.2,1045,241,21475.34,0,45.81332451437542,0.8933793902397156,3,0,969.9138,169.88045,1120.3252,312.65784,21475.34,15.274712,-32.837276,9.26839461593819,66.42567105557362,6.avi
416,2,0.4,1004,205,24584.232,0,275.0118627352716,0.8987434506416321,5,0,923.3685,129.35214,1085.6129,280.8781,24584.232,-184.75851,-168.31784,53.231292837765466,146.08420074115696,6.avi
416,3,0.6,977,138,21563.29,0,189.26246599632665,0.9155604243278505,7,0,901.8042,67.74397,1053.1699,210.2022,21563.29,-146.60956,-292.86658,34.76372986975528,74.20767078066814,6.avi
417,3,0.6,1230,476,16012.342,0,0.0,0.6273453235626221,1,0,1182.2267,394.50684,1279.4095,559.2719,16012.342,0.0,0.0,0.0,0.0,6.avi
416,4,0.8,986,91,23822.584,0,224.88492967020795,0.8743363618850708,9,0,907.51526,15.727684,1065.4581,166.5581,23822.584,0.48416138,-251.63005,39.29172958589013,344.3486541287607,6.avi
417,4,0.8,1202,497,23746.672,0,176.24523559057198,0.4319057762622833,3,0,1126.9236,418.29517,1277.7146,575.7759,23746.672,-113.76857,80.42371,35.14144351973249,214.90913386357028,6.avi
417,5,1.0,1130,467,29582.785,0,349.3323925046293,0.1928769946098327,5,0,1040.634,385.11203,1221.1465,548.99414,29582.785,-336.65814,-130.5235,67.70382773008019,137.0620604950147,6.avi
418,5,1.0,1040,135,18983.957,0,0.0,0.9258052110671996,1,0,966.82227,70.75485,1113.521,200.16269,18983.957,0.0,0.0,0.0,0.0,6.avi
419,5,1.0,1129,515,3255.211,0,0.0,0.7485789656639099,1,0,1094.1317,492.87073,1164.8358,538.91064,3255.211,0.0,0.0,0.0,0.0,6.avi
420,5,1.0,1080,485,2417.8125,0,0.0,0.7181971669197083,1,0,1055.3204,461.59314,1106.3488,508.9749,2417.8125,0.0,0.0,0.0,0.0,6.avi
417,6,1.2,1023,408,14613.92,0,287.74281213148,0.5983231663703918,7,0,960.15393,350.81686,1086.0197,466.92404,14613.92,-491.85968,-253.53622,52.25510736045356,140.91078971724187,6.avi
418,6,1.2,1108,185,24542.133,0,429.4203170575748,0.9069711565971376,3,0,1027.0835,110.653404,1190.2158,261.09644,24542.133,273.36514,201.2621,83.99417274837836,323.85594463913327,6.avi
420,6,1.2,1046,489,3841.8218,0,173.50423999791164,0.7138819098472595,3,0,1014.78314,459.12204,1078.621,519.30304,3841.8218,-136.25798,15.682658,35.03223436151759,186.08898806297196,6.avi
421,6,1.2,984,476,2817.1013,0,0.0,0.807475745677948,1,0,957.4724,450.4381,1011.5156,502.56494,2817.1013,0.0,0.0,0.0,0.0,6.avi
417,7,1.4,924,406,8135.193,0,270.7750657407773,0.2308583408594131,9,0,876.07294,364.00885,972.7508,448.1563,8135.193,-493.02267,-69.60213,47.842132787854766,269.1438706502367,6.avi
418,7,1.4,1192,212,21636.023,0,168.69769239142846,0.9101489186286926,5,0,1117.9331,140.81454,1267.8528,285.1319,21636.023,408.77136,141.02768,31.96831961021432,26.22626928375928,6.avi
421,7,1.4,945,505,4265.9434,0,245.01814007240617,0.2326617389917373,3,0,914.1392,471.77615,977.19904,539.4253,4265.9434,-154.9895,116.16438,48.7025720966424,215.81382553728668,6.avi
422,7,1.4,950,456,34771.945,0,0.0,0.7953867316246033,1,0,853.7543,366.94415,1048.2437,545.73,34771.945,0.0,0.0,0.0,0.0,6.avi
417,8,1.6,828,432,2785.483,0,229.256276778594,0.2767339050769806,11,0,800.4042,407.67285,856.1997,457.5959,2785.483,-483.427,86.076935,39.89812711197586,273.150400869749,6.avi
418,8,1.6,1238,242,13974.26,0,201.61232658096492,0.8999886512756348,7,0,1182.3741,180.2995,1294.6041,304.81412,13974.26,270.11197,146.31223,36.65641743940855,181.2837509694937,6.avi
423,8,1.6,872,490,4177.628,0,0.0,0.7589877247810364,1,0,832.0308,464.5219,912.8582,516.2077,4177.628,0.0,0.0,0.0,0.0,6.avi
418,9,1.8,1256,265,8047.8584,0,207.33466314061215,0.643602192401886,9,0,1217.7532,213.52927,1294.9199,317.821,8047.8584,131.25784,122.72865,37.14283069624867,169.42076112967493,6.avi
422,9,1.8,928,409,8206.58,0,262.0034151235273,0.5287371873855591,4,0,886.57544,360.17734,970.4967,457.96634,8206.58,-36.82445,-77.484,52.62841580978802,115.91304263214096,6.avi
424,9,1.8,897,324,4032.5076,0,0.0,0.5183289647102356,1,0,862.874,294.94354,931.37524,353.81122,4032.5076,0.0,0.0,0.0,0.0,6.avi
418,10,2.0,1250,299,7082.6045,0,187.12523284787105,0.8420253992080688,11,0,1216.7008,247.26942,1284.8029,351.2693,7082.6045,8.79734,157.5342,33.7499535715371,195.07731598876344,6.avi
424,10,2.0,884,367,4154.473,0,226.60440735506856,0.6582223773002625,3,0,850.6051,336.8019,918.4055,398.077,4154.473,-50.376442,171.90456,44.59757522699441,252.8850144638894,6.avi
425,10,2.0,849,316,1965.1674,0,0.0,0.7822316884994507,1,0,827.86755,293.0594,870.68835,338.9522,1965.1674,0.0,0.0,0.0,0.0,6.avi
418,11,2.2,1236,355,9176.348,0,167.89527594841692,0.8274224400520325,13,0,1197.9006,296.5959,1275.324,415.11774,9176.348,-52.351315,253.99551,29.315832246362064,235.7210122907113,6.avi
418,12,2.4,1220,418,13966.415,0,75.0760175053953,0.9175803065299988,15,0,1171.5536,348.04236,1270.1859,489.64307,13966.415,-72.62825,300.86526,12.900137513491,241.56731608050163,6.avi
426,12,2.4,955,190,3699.9104,0,0.0,0.8266900777816772,1,0,922.75366,162.52927,987.7627,219.44305,3699.9104,0.0,0.0,0.0,0.0,6.avi
427,12,2.4,1027,218,7576.0312,0,0.0,0.7725000977516174,1,0,982.0978,176.77069,1072.3522,260.71155,7576.0312,0.0,0.0,0.0,0.0,6.avi
428,12,2.4,944,254,3768.0354,0,0.0,0.7250877022743225,1,0,912.4273,225.39075,976.2028,284.47354,3768.0354,0.0,0.0,0.0,0.0,6.avi
429,12,2.4,1013,312,7314.5503,0,0.0,0.6960629224777222,1,0,961.7534,277.15692,1065.94,347.36322,7314.5503,0.0,0.0,0.0,0.0,6.avi
418,13,2.6,1184,489,16582.855,0,135.48143371049426,0.9063233137130736,17,0,1127.637,417.24442,1242.1228,562.0908,16582.855,-155.17874,341.83182,24.47333705121447,204.07695415679277,6.avi
427,13,2.6,993,209,3259.377,0,178.58416715631265,0.3011582493782043,3,0,967.5376,177.71478,1018.558,241.59857,3259.377,-136.43578,-36.26526,35.58424315235993,164.1125762889984,6.avi
430,13,2.6,1033,212,767.5066,0,0.0,0.6802577376365662,1,0,1020.18835,198.46341,1047.1122,226.97,767.5066,0.0,0.0,0.0,0.0,6.avi
431,13,2.6,1001,148,3427.3562,0,0.0,0.6483330726623535,1,0,971.92236,119.68518,1031.1421,177.56042,3427.3562,0.0,0.0,0.0,0.0,6.avi
432,13,2.6,1061,173,5454.003,0,0.0,0.5184693932533264,1,0,1022.59204,138.17471,1100.6001,208.0906,5454.003,0.0,0.0,0.0,0.0,6.avi
418,14,2.8,1125,510,20103.207,0,313.7367384093962,0.9249533414840698,19,0,1060.276,433.1658,1190.3505,587.71747,20103.207,-264.90717,158.79367,56.02899131371773,120.98455461189997,6.avi
432,14,2.8,1064,186,3451.3032,0,67.85071421474132,0.7665882110595703,3,0,1036.5032,155.30078,1092.2012,217.26523,3451.3032,11.002251,52.496387,13.089970342787533,280.5822458780303,6.avi
433,14,2.8,1141,164,6711.4185,0,0.0,0.5845168828964233,1,0,1098.8154,125.71741,1184.321,204.20837,6711.4185,0.0,0.0,0.0,0.0,6.avi
418,15,3.0,1049,500,21986.639,0,270.2236667367659,0.9223246574401855,21,0,980.267,420.9295,1119.0969,579.30054,21986.639,-352.01706,-3.0647125,48.22078626834034,118.93737177111213,6.avi
433,15,3.0,1176,153,3347.0403,0,184.46524762372763,0.8416410684585571,3,0,1147.2106,124.75047,1205.3241,182.34529,3347.0403,138.51941,-45.568897,36.4507480638193,19.15915167459372,6.avi
434,15,3.0,1186,278,5062.5874,0,0.0,0.8248573541641235,1,0,1148.7847,245.24658,1224.7173,311.9187,5062.5874,0.0,0.0,0.0,0.0,6.avi
435,15,3.0,1157,210,3049.0798,0,0.0,0.8364535570144653,1,0,1131.0823,181.43967,1184.3215,238.71094,3049.0798,0.0,0.0,0.0,0.0,6.avi
436,15,3.0,1225,203,5653.496,0,0.0,0.75238037109375,1,0,1188.3013,166.001,1262.8071,241.88089,5653.496,0.0,0.0,0.0,0.0,6.avi
418,16,3.2,1011,454,26434.086,0,311.3668502642373,0.8959446549415588,23,0,933.623,369.1756,1088.4836,539.87146,26434.086,-229.81277,-176.0501,55.46790351396398,55.1180040610526,6.avi
434,16,3.2,1209,281,3991.174,0,117.82989892596994,0.80497807264328,3,0,1177.8234,250.46771,1241.9572,312.69983,3991.174,92.37249,11.980502,22.379961249942337,353.7991321498856,6.avi
437,16,3.2,1232,347,4277.6533,0,0.0,0.7605732679367065,1,0,1198.5557,316.06213,1265.9182,379.5641,4277.6533,0.0,0.0,0.0,0.0,6.avi
438,16,3.2,1261,264,2940.6582,0,0.0,0.5594972372055054,1,0,1242.293,225.81226,1280.0,303.79926,2940.6582,0.0,0.0,0.0,0.0,6.avi
418,17,3.4,992,430,24198.547,0,170.4292800997168,0.9023035764694214,25,0,916.7024,351.53186,1069.1233,510.2932,24198.547,-122.81058,-131.4407,28.953498620748807,338.3403956383037,6.avi
437,17,3.4,1257,366,6297.1675,0,159.7656146436562,0.7478407025337219,3,0,1235.6368,294.87924,1279.3917,438.79837,6297.1675,100.90776,75.9509,30.72413011133096,323.70509109649964,6.avi
418,18,3.6,985,400,23468.55,0,100.3187390294034,0.9127250909805298,27,0,908.7133,323.65665,1062.2832,476.4767,23468.55,-56.86193,-148.96942,17.279580534888417,15.522789346284526,6.avi
437,18,3.6,1254,426,8325.841,0,264.483329799174,0.6457306146621704,5,0,1228.5596,345.17902,1279.4937,508.6419,8325.841,-7.476204,281.4688,49.94937983250705,241.6799497999569,6.avi
418,19,3.8,987,369,22716.918,0,73.79155674089255,0.8327862620353699,29,0,912.0155,293.42035,1062.2217,444.6585,22716.918,-6.8923874,-153.71295,12.936909747689196,5.646173679412925,6.avi
418,20,4.0,998,313,31792.46,0,158.48427273821483,0.8361353874206543,31,0,910.2406,223.63484,1087.2152,403.2791,31792.46,43.058056,-249.24594,28.11112212398347,64.14326986876074,6.avi
437,20,4.0,1208,566,22565.844,0,256.9539641660625,0.848224937915802,8,0,1151.967,466.0977,1264.4619,666.69226,22565.844,-80.027885,229.86047,51.11941010037536,144.35316680011238,6.avi
418,21,4.2,1029,285,33114.855,0,177.37311104342655,0.2782787084579468,33,0,938.885,194.45053,1120.6077,376.67795,33114.855,129.23361,-164.80249,30.443428186620427,315.3569898173094,6.avi
419,21,4.2,1102,554,5642.7773,0,236.4419401550432,0.2485524117946624,18,0,1064.7476,516.9015,1139.7148,592.17126,5642.7773,-1.0805806,1.532325,46.98592480862474,234.20152254426856,6.avi
429,21,4.2,1016,306,3708.1667,0,33.24923316261314,0.6139686107635498,11,0,983.37744,278.05582,1049.4365,334.18997,3708.1667,0.29906586,-0.7168797,6.620066072103745,71.01796181159784,6.avi
437,21,4.2,1143,578,25569.686,0,341.83365832044564,0.721613347530365,10,0,1076.819,482.61212,1210.7003,673.5998,25569.686,-265.76498,98.51564,60.0217236970925,145.06986790821418,6.avi
439,21,4.2,1148,614,5924.7144,0,0.0,0.6644191741943359,1,0,1107.6833,578.7257,1189.5593,651.08777,5924.7144,0.0,0.0,0.0,0.0,6.avi
418,22,4.4,1078,276,27895.502,0,188.43582365148276,0.9142953753471376,35,0,994.9463,193.35715,1162.6941,359.65152,27895.502,218.56427,-72.88194,32.39533349659523,313.76269968826483,6.avi
437,22,4.4,1069,583,18665.824,0,145.52621873249993,0.7623894810676575,12,0,1003.9892,511.82285,1134.7896,654.5275,18665.824,-348.08722,41.73651,26.19461661739058,145.57351846934,6.avi
440,22,4.4,1010,500,7763.8003,0,0.0,0.5764282941818237,1,0,968.2197,455.5334,1053.7256,546.33185,7763.8003,0.0,0.0,0.0,0.0,6.avi
418,23,4.6,1143,279,22048.477,0,151.97467080354934,0.9180498719215392,37,0,1068.4736,205.34608,1217.9622,352.83887,22048.477,298.11725,-6.8680115,26.65238696010891,320.1675325784297,6.avi
437,23,4.6,963,576,14542.851,0,221.58221324767757,0.8289735317230225,14,0,901.79047,517.6234,1025.3452,635.32715,14542.851,-487.28467,-16.11681,39.91396706152135,157.11405448868186,6.avi
441,23,4.6,926,489,8827.986,0,0.0,0.6934536099433899,1,0,874.22894,447.7406,979.6607,531.47235,8827.986,0.0,0.0,0.0,0.0,6.avi
418,24,4.8,1183,301,21014.436,0,173.1741988365199,0.8316810727119446,39,0,1111.4663,227.98245,1254.9333,374.45816,21014.436,222.57692,83.51737,30.589024900949244,229.560750976944,6.avi
423,24,4.8,842,469,6002.7227,0,181.91228522825472,0.3225280046463012,18,0,805.44714,429.16083,879.7732,509.9229,6002.7227,-1.18295,-0.82564205,37.1930601512305,144.94028002852394,6.avi
437,24,4.8,877,543,13439.172,0,182.07031123976327,0.8377203941345215,16,0,815.9064,488.63782,939.1791,597.6577,13439.172,-443.32275,-131.88406,32.151974351267384,70.20377622065655,6.avi
418,25,5.0,1197,350,19299.908,0,253.72631458199837,0.865473210811615,41,0,1128.2916,281.0783,1266.3885,420.83447,19299.908,105.755745,210.55933,44.41068385705252,226.24170839856143,6.avi
441,25,5.0,882,462,19002.043,0,258.7431751422179,0.3803152441978454,4,0,824.94226,380.6619,940.3635,545.2939,19002.043,-72.60968,-43.65341,52.74613475707034,148.44049062904287,6.avi
418,26,5.2,1171,386,17981.518,0,265.9396841101285,0.9110152125358582,43,0,1105.3718,318.63705,1238.5664,453.6389,17981.518,-73.16627,183.90567,48.01432626120453,171.53462845073216,6.avi
418,27,5.4,1168,443,17776.506,0,135.79131792339007,0.9192991256713868,45,0,1102.3608,377.16782,1235.3906,510.79575,17776.506,-28.7845,264.91183,22.73691847379032,297.9710297187206,6.avi
418,28,5.6,1133,518,19143.133,0,207.6406974102392,0.9208444356918336,47,0,1063.6494,449.04437,1202.4131,586.9992,19143.133,-144.49966,345.89868,36.73755436189084,214.93160684368632,6.avi
418,29,5.8,1063,587,22467.34,0,230.9292329862264,0.919701337814331,49,0,988.1356,512.795,1138.443,662.27094,22467.34,-301.57623,347.17325,41.13184140807928,179.71926061306056,6.avi
442,29,5.8,953,257,6185.7686,0,0.0,0.5237528085708618,1,0,909.9031,222.04297,996.5033,293.472,6185.7686,0.0,0.0,0.0,0.0,6.avi
443,29,5.8,956,174,4417.672,0,0.0,0.646145761013031,1,0,925.0432,139.34824,987.2776,210.33267,4417.672,0.0,0.0,0.0,0.0,6.avi
418,30,6.0,982,588,23229.64,0,401.6441979525973,0.9284547567367554,51,0,906.2566,512.802,1058.8185,665.0657,23229.64,-380.17407,85.51849,72.08633512357518,106.9152890146521,6.avi
443,30,6.0,967,219,5359.045,0,234.39690656525664,0.5860071182250977,3,0,927.6083,186.46432,1008.07983,253.05981,5359.045,46.641235,179.3278,45.47045649262574,283.7914033162565,6.avi
444,30,6.0,1035,232,3484.3186,0,0.0,0.7554892301559448,1,0,1006.2471,203.15414,1064.6987,262.7644,3484.3186,0.0,0.0,0.0,0.0,6.avi
445,30,6.0,996,296,8022.0864,0,0.0,0.6992166042327881,1,0,950.3744,252.97852,1043.1991,339.4004,8022.0864,0.0,0.0,0.0,0.0,6.avi
445,31,6.2,1022,279,6413.49,0,154.2358869255956,0.7085787057876587,3,0,980.1709,241.86803,1064.8613,317.59668,6413.49,102.712036,-65.69699,30.515334161885256,34.284699207452206,6.avi
446,31,6.2,932,508,19769.57,0,0.0,0.9335800409317015,1,0,866.99677,433.58057,998.53485,583.876,19769.57,0.0,0.0,0.0,0.0,6.avi
447,31,6.2,1091,300,2953.454,0,0.0,0.7223398685455322,1,0,1063.3169,273.8426,1119.2773,326.62012,2953.454,0.0,0.0,0.0,0.0,6.avi
448,31,6.2,1039,363,8240.78,0,0.0,0.7560880780220032,1,0,992.4929,319.76715,1087.2048,406.77606,8240.78,0.0,0.0,0.0,0.0,6.avi
446,32,6.4,936,424,18445.643,0,424.1285648817965,0.8914095759391785,3,0,864.8028,360.04858,1007.22906,489.55872,18445.643,12.974434,-335.02838,84.78997573970997,87.81400445041658,6.avi
448,32,6.4,1038,337,7067.8975,0,128.78569329561006,0.6087849140167236,3,0,992.6364,299.31195,1084.4501,376.2929,7067.8975,-5.212354,-101.673355,26.336583893990163,94.02558098232834,6.avi
449,32,6.4,1055,428,7351.936,0,0.0,0.785269021987915,1,0,1010.9104,387.3819,1100.4553,469.48517,7351.936,0.0,0.0,0.0,0.0,6.avi
443,33,6.6,1044,470,5600.681,0,204.7570946782331,0.722457766532898,7,0,1003.9021,435.77576,1085.2483,504.62573,5600.681,64.903366,210.3299,40.44272673810228,299.942922594226,6.avi
446,33,6.6,931,399,16021.879,0,219.74838233796396,0.8777289390563965,5,0,864.409,340.16824,999.5798,458.69882,16021.879,-17.323135,-144.37389,41.899067530073104,259.53429249343327,6.avi
448,33,6.6,1012,315,8309.232,0,128.44411367250046,0.8486658334732056,5,0,964.10315,272.9046,1061.7827,357.9709,8309.232,-117.66572,-110.96911,25.619860651277893,174.47254750200457,6.avi
449,33,6.6,1058,391,4137.073,0,184.95078232010792,0.17458276450634,3,0,1027.0011,359.25613,1090.3102,424.60336,4137.073,11.867357,-145.72372,37.50517968411798,86.45790603392197,6.avi
446,34,6.8,901,369,22571.27,0,148.5727548230156,0.5879167318344116,7,0,823.21185,297.42657,980.59357,440.84393,22571.27,-119.4328,-149.83266,27.573878234575023,176.75935242571074,6.avi
449,34,6.8,1053,395,3328.9575,0,175.64097650204337,0.3006291091442108,5,0,1025.6674,366.30893,1082.2416,425.15128,3328.9575,-20.528048,5.1361084,33.200477057742425,256.0051037839537,6.avi
446,35,7.0,874,351,18493.367,0,69.83035975440977,0.8649025559425354,9,0,805.529,284.44238,944.2078,417.79626,18493.367,-131.51523,-103.96139,12.494341358227407,251.2500004314764,6.avi
449,35,7.0,1043,379,3274.0767,0,102.3077910419717,0.7490248680114746,7,0,1016.02594,350.01935,1071.769,408.75446,3274.0767,-43.350754,-61.47612,19.03233246159945,111.0912815225576,6.avi
450,35,7.0,976,417,9075.939,0,0.0,0.7009785771369934,1,0,929.26184,370.02835,1023.9348,465.89456,9075.939,0.0,0.0,0.0,0.0,6.avi
451,35,7.0,982,321,7491.8384,0,0.0,0.7747349143028259,1,0,938.29675,279.34192,1027.1051,363.70154,7491.8384,0.0,0.0,0.0,0.0,6.avi
446,36,7.2,849,340,21872.057,0,56.59755279259852,0.8723319172859192,11,0,774.72076,266.74542,923.3461,413.90784,21872.057,-129.71469,-65.49736,9.682702769316302,272.5727229937383,6.avi
450,36,7.2,960,424,10511.993,0,87.21378807366722,0.6204144954681396,3,0,910.7413,371.20807,1010.1539,476.94916,10511.993,-64.47411,24.419733,17.662629769284752,199.9916066038253,6.avi
451,36,7.2,972,304,5276.956,0,101.53068224593564,0.1586806923151016,3,0,936.19336,267.72186,1008.12866,341.07886,5276.956,-42.075417,-68.34876,20.530972323579377,121.41338440860773,6.avi
446,37,7.4,858,329,17808.7,0,201.40312167938995,0.8465944528579712,13,0,792.25037,262.40598,925.0338,396.52432,17808.7,7.018326,-56.88997,34.95447109480988,357.0928150705233,6.avi
449,37,7.4,1010,383,2477.5828,0,212.8014304523452,0.704393744468689,10,0,987.0567,357.76266,1034.5514,409.92807,2477.5828,-55.95671,12.107353,41.25960867695048,258.9798285601568,6.avi
450,37,7.4,943,411,7813.426,0,91.56900528544044,0.6475914716720581,5,0,898.1219,369.038,989.4799,454.56332,7813.426,-81.65411,-54.166794,18.53053614878732,104.2225088146514,6.avi
451,37,7.4,966,330,5615.3926,0,206.28482491047413,0.5366834402084351,5,0,927.9164,293.8987,1005.2527,366.50882,5615.3926,-29.07688,112.40368,39.3340186013401,273.2852122507044,6.avi
446,38,7.6,856,305,16708.307,0,74.56535610946993,0.8070192337036133,15,0,793.11993,239.74142,920.56085,370.8477,16708.307,-5.3093357,-106.089554,13.698248656193789,107.17852007157605,6.avi
450,38,7.6,927,406,8069.702,0,29.44781952576634,0.42330402135849,7,0,881.8958,362.41434,973.9792,450.0491,8069.702,-79.86165,-33.9787,5.0546222325847205,264.6636344836156,6.avi
451,38,7.6,960,324,5227.292,0,156.7060710327496,0.4403936564922333,7,0,923.8321,288.8625,997.0452,360.2608,5227.292,-30.344248,4.557884,28.694819869435243,91.53599812896653,6.avi
446,39,7.8,844,287,13939.082,0,64.52529997707369,0.8245124816894531,17,0,785.69543,228.80774,904.1737,346.45862,13939.082,-47.014694,-92.41134,12.135858379577352,193.9387485114266,6.avi
450,39,7.8,905,378,7808.3096,0,123.10232650631556,0.1913234293460846,9,0,860.7399,335.06567,950.3996,422.154,7808.3096,-104.40981,-113.917946,22.539172258060248,108.00043209424848,6.avi
451,39,7.8,950,313,4943.3516,0,73.67714733139887,0.6911309361457825,9,0,914.7113,278.27606,985.62805,347.98242,4943.3516,-46.466038,-42.823402,13.216537951542806,109.30714731177407,6.avi
442,40,8.0,981,291,4729.63,0,218.7936017147647,0.7863674759864807,13,0,946.7854,257.09247,1016.49304,324.94196,4729.63,2.2834444,2.6707919,43.33276144970649,309.9017754219829,6.avi
452,40,8.0,950,359,3126.1936,0,0.0,0.5519510507583618,1,0,922.0342,332.04688,979.06494,386.8628,3126.1936,0.0,0.0,0.0,0.0,6.avi
442,41,8.2,989,294,4558.88,0,43.84050991475598,0.6671525835990906,15,0,954.73145,261.58167,1024.8431,326.60474,4558.88,36.993504,14.141695,7.3254774235989,340.4722487040325,6.avi
451,41,8.2,886,274,11615.531,0,191.5234508977329,0.7772712707519531,12,0,831.2606,222.30026,942.3186,326.8901,11615.531,-109.691376,-65.69118,38.69718122361184,159.68456076633674,6.avi
453,41,8.2,870,373,8545.312,0,0.0,0.656052827835083,1,0,825.32605,326.2105,916.5431,419.8916,8545.312,0.0,0.0,0.0,0.0,6.avi
442,42,8.4,1012,297,5765.51,0,84.5055444278123,0.7883269786834717,17,0,972.6269,261.2368,1051.9982,333.87656,5765.51,95.400406,16.59406,14.8141726219274,359.6965414323657,6.avi
451,42,8.4,896,246,15845.948,0,200.34056823102924,0.85047447681427,14,0,829.1917,186.71935,962.8162,305.305,15845.948,9.609917,-124.83807,34.772939949821826,26.392030053972576,6.avi
452,42,8.4,957,356,2640.6226,0,37.13801121330988,0.2743537425994873,4,0,931.6226,331.15735,983.2686,382.28662,2640.6226,11.304974,-4.4800606,7.317379790473089,28.173354337576995,6.avi
453,42,8.4,877,367,10261.345,0,45.298949546548016,0.7436252236366272,3,0,827.5707,316.2226,928.04504,418.35156,10261.345,27.438318,-23.009893,8.567655157521589,44.93203008442288,6.avi
442,43,8.6,993,310,5321.0654,0,222.28031039475965,0.7005671262741089,19,0,955.3124,275.48242,1031.2018,345.5985,5321.0654,-50.962555,53.68802,39.46196610902496,193.36908187048093,6.avi
451,43,8.6,909,220,17291.0,0,65.92325535255632,0.1806961894035339,16,0,839.2651,159.22333,979.92535,282.15067,17291.0,54.883015,-126.225204,11.123188846486311,5.38838898993356,6.avi
452,43,8.6,961,385,3182.5747,0,164.61356207099135,0.7367483377456665,6,0,932.1202,357.85153,990.0859,412.756,3182.5747,17.055094,116.902695,29.202698250666725,272.5384771203125,6.avi
442,44,8.8,985,322,4443.566,0,13.536012644461756,0.6139199137687683,21,0,950.7143,290.1931,1019.5878,354.71094,4443.566,-42.9376,58.203304,2.065682257321852,339.54421496094506,6.avi
451,44,8.8,914,225,16343.803,0,174.1127200541454,0.506102979183197,18,0,846.08167,165.61722,982.3501,285.5555,16343.803,30.445307,-10.324585,30.27981258886468,257.4649414190212,6.avi
452,44,8.8,956,394,3405.9116,0,92.41888980053,0.6863484382629395,8,0,925.1124,367.05148,986.9923,422.0922,3405.9116,-15.682802,62.301903,16.974047238381523,120.10534982473143,6.avi
442,45,9.0,990,330,4054.7917,0,82.26697829180944,0.2150457352399826,23,0,958.3749,299.1427,1022.9673,361.9178,4054.7917,11.320911,44.501976,14.045944856060268,16.94048382801492,6.avi
451,45,9.0,931,289,34699.25,0,375.4274027042189,0.575864851474762,20,0,835.4761,198.3165,1026.7162,379.7598,34699.25,71.94344,241.62398,66.34624700883568,279.2766020422199,6.avi
442,46,9.2,994,327,4478.948,0,66.10880431751433,0.4069796204566955,25,0,960.23535,294.91568,1028.3063,360.7139,4478.948,16.457409,-0.17198563,12.476151672980718,85.10422294287343,6.avi
454,46,9.2,945,383,3541.2122,0,0.0,0.6560218930244446,1,0,912.18384,356.24084,978.28784,409.81116,3541.2122,0.0,0.0,0.0,0.0,6.avi
453,47,9.4,955,283,50488.42,0,79.20348016446216,0.6697517037391663,9,0,847.70764,165.95998,1063.158,400.29907,50488.42,25.729696,-28.521072,16.094476174781157,108.56034637607178,6.avi
453,48,9.6,976,284,47213.45,0,96.6498990768858,0.8860042095184326,11,0,871.7116,171.3169,1080.8962,397.01917,47213.45,91.3695,-0.37576485,16.76431256878481,336.90949320672485,6.avi
442,49,9.8,1060,333,4992.2393,0,235.3344427522813,0.5630113482475281,29,0,1025.9825,297.61853,1095.1068,369.83978,4992.2393,61.102753,5.7014766,46.29537038534944,353.3121420073199,6.avi
453,49,9.8,991,277,45706.223,0,40.33613935225802,0.6184310913085938,13,0,886.67737,168.64584,1096.5195,386.45822,45706.223,79.79852,-25.77796,7.9441780703591025,116.76792108127688,6.avi
453,50,10.0,972,324,24156.785,0,354.4925242580372,0.1543720513582229,15,0,896.1604,245.81052,1049.4181,403.43246,24156.785,-53.741302,174.80696,62.6682469804981,235.43065629691156,6.avi
455,51,10.2,1039,305,39743.164,0,0.0,0.7290911674499512,1,0,948.55237,195.95435,1130.36,414.55444,39743.164,0.0,0.0,0.0,0.0,6.avi
455,53,10.6,1057,357,43575.3,0,275.9134208344957,0.4256124496459961,4,0,947.7041,257.8795,1166.4878,457.0502,43575.3,28.917646,85.590904,54.63875382254475,288.7287076523702,6.avi
455,55,11.0,1127,366,23740.87,0,341.7824040123712,0.8793340921401978,7,0,1047.4192,292.8355,1207.4832,441.15656,23740.87,123.42289,11.021408,67.78914094065631,39.17238266176941,6.avi
456,55,11.0,1126,491,8493.198,0,0.0,0.8166759014129639,1,0,1080.3215,445.19836,1172.6409,537.1964,8493.198,0.0,0.0,0.0,0.0,6.avi
457,55,11.0,1032,446,10274.728,0,0.0,0.8886821866035461,1,0,984.08984,393.3069,1080.9373,499.3988,10274.728,0.0,0.0,0.0,0.0,6.avi
455,56,11.2,1146,404,18683.45,0,204.5854418706657,0.8444920182228088,9,0,1075.6002,338.30634,1217.255,470.2005,18683.45,101.56777,145.23155,35.33645769525363,260.0006080270912,6.avi
456,56,11.2,1150,514,5979.8164,0,171.13194515432048,0.604344367980957,3,0,1106.4788,481.07907,1195.041,548.60016,5979.8164,96.92094,94.380135,32.75809863584423,315.8857933046463,6.avi
457,56,11.2,1047,478,10889.192,0,176.01141705179774,0.8958508968353271,3,0,995.66315,425.0788,1098.5212,530.945,10889.192,58.19811,126.38342,34.80516782128421,294.5958854177382,6.avi
457,57,11.4,1084,454,16037.131,0,285.2651076092815,0.6205615401268005,5,0,1027.407,384.38666,1141.1431,525.3895,16037.131,175.16376,-95.248535,55.38812957127468,62.8576851727251,6.avi
457,58,11.6,1141,506,50114.562,0,414.3135141826423,0.2173046767711639,7,0,1042.4235,380.446,1240.7675,633.11096,50114.562,260.63275,176.79324,73.43845893406257,287.18033236664576,6.avi
457,59,11.8,1178,498,38313.04,0,260.689086829036,0.908984899520874,9,0,1087.2145,393.83585,1270.2279,603.18134,38313.04,203.05345,9.329208,46.85371259476745,109.60635352265842,6.avi
458,59,11.8,1134,605,7644.68,0,0.0,0.8051372766494751,1,0,1089.7555,562.98376,1180.2272,647.4818,7644.68,0.0,0.0,0.0,0.0,6.avi
457,60,12.0,1186,505,35602.555,0,186.42242995262797,0.8434216976165771,11,0,1093.7056,409.37463,1279.69,600.80225,35602.555,77.52382,27.46184,33.65132799818519,187.900615066475,6.avi
458,60,12.0,1137,619,8021.911,0,73.9445341933773,0.8773101568222046,3,0,1094.9637,572.6545,1180.3453,666.6082,8021.911,10.631698,57.479195,13.91297477077451,278.30101051329115,6.avi
457,61,12.2,1196,537,34315.754,0,155.48199401389334,0.3428369760513305,13,0,1107.2565,441.51062,1285.9882,633.5066,34315.754,56.06227,131.02747,27.137515717622215,256.7877702062455,6.avi
458,61,12.2,1157,605,7395.7207,0,163.42134710663024,0.5969738364219666,5,0,1115.3447,561.54724,1199.8228,649.09326,7395.7207,92.15318,-60.693954,31.291027468631533,56.61314062966164,6.avi
457,62,12.4,1213,557,25357.203,0,47.032161145262194,0.8694871068000793,15,0,1137.3169,474.48947,1289.7598,640.8286,25357.203,77.99823,107.74013,8.471094468540752,52.428286863771405,6.avi
458,62,12.4,1165,639,7482.772,0,265.8921730862699,0.8123304843902588,7,0,1122.6116,595.56824,1207.5239,683.69165,7482.772,50.17503,117.427124,47.12383618774619,256.48303989802923,6.avi
457,63,12.6,1200,593,30175.098,0,177.5839750874603,0.6848147511482239,17,0,1119.97,499.88312,1281.9163,686.2109,30175.098,-30.437737,160.96773,32.23761496767673,205.3312797437084,6.avi
458,63,12.6,1151,671,7987.81,0,142.32635450278806,0.248546227812767,9,0,1106.0981,627.28284,1196.5579,715.5853,7987.81,-41.08241,149.35788,25.359648304369674,198.11425886556475,6.avi
457,64,12.8,1211,628,28214.111,0,98.84936736924192,0.7343876957893372,19,0,1136.9098,534.975,1286.951,723.0172,28214.111,35.231506,175.41153,16.378539914533913,350.30053085011406,6.avi
458,64,12.8,1132,682,7970.8086,0,123.10766806250064,0.8348042964935303,11,0,1088.9297,636.5499,1176.042,728.0502,7970.8086,-81.954895,76.2514,22.2750017532729,119.9230187027752,6.avi
457,65,13.0,1196,681,34555.13,0,160.024185761325,0.331939548254013,21,0,1114.2737,576.027,1278.5793,786.33716,34555.13,-51.495186,241.1916,28.5354100160588,216.37051853470587,6.avi
458,65,13.0,1094,699,5535.271,0,123.44367274448636,0.747338056564331,13,0,1058.0142,660.99384,1130.6206,737.2305,5535.271,-165.71185,82.258156,22.14235329907115,183.75380366355165,6.avi
457,66,13.2,1223,743,25600.96,0,223.79411265873617,0.6711540222167969,23,0,1155.377,648.9601,1290.9624,837.7781,25600.96,90.967354,294.8375,39.293648819803,339.7820323973805,6.avi
459,66,13.2,1166,816,8042.696,0,0.0,0.8696873188018799,1,0,1124.3179,768.2654,1207.8267,864.57495,8042.696,0.0,0.0,0.0,0.0,6.avi
457,67,13.4,1227,814,20395.955,0,102.86581687871686,0.8543224334716797,25,0,1168.1299,728.37897,1286.9812,899.9881,20395.955,37.86409,340.40042,18.5023365454186,219.0779613160598,6.avi
460,67,13.4,1187,912,7575.9976,0,0.0,0.8094905614852905,1,0,1146.331,865.71313,1227.9487,958.53613,7575.9976,0.0,0.0,0.0,0.0,6.avi
457,68,13.6,1224,881,18929.656,0,58.129295356566615,0.6291472315788269,27,0,1168.5763,797.0341,1281.2689,965.00995,18929.656,-1.3869934,335.62534,11.199928519493708,173.52191839132297,6.avi
457,69,13.8,1202,928,25278.0,0,166.93561319308216,0.8080257177352905,29,0,1135.4391,834.40436,1269.7059,1022.6712,25278.0,-86.277794,260.20874,30.31028526242906,138.3410699703128,6.avi
457,70,14.0,1186,934,32080.668,0,258.7414905075232,0.8683888912200928,31,0,1106.6548,833.95355,1265.6724,1035.6963,32080.668,-83.02161,84.2388,46.584537532447946,89.1597971089464,6.avi
461,0,0.0,634,553,7892.0376,0,0.0,0.6629774570465088,1,0,586.8495,511.41486,681.29504,594.9766,7892.0376,0.0,0.0,0.0,0.0,7.avi
462,5,1.0,568,559,4357.0674,0,0.0,0.754797637462616,1,0,532.8799,529.19055,604.57983,589.9586,4357.0674,0.0,0.0,0.0,0.0,7.avi
463,5,1.0,1131,719,1828.3477,0,0.0,0.7983359694480896,1,0,1107.4841,700.13904,1154.72,738.8458,1828.3477,0.0,0.0,0.0,0.0,7.avi
464,5,1.0,982,308,2194.4836,0,0.0,0.7661966681480408,1,0,962.431,281.3059,1002.1173,336.60168,2194.4836,0.0,0.0,0.0,0.0,7.avi
462,6,1.2,571,574,4325.373,0,78.83494833480282,0.5066097378730774,3,0,536.12933,544.49744,607.26056,605.3058,4325.373,11.8367195,61.185696,14.602949768466482,278.94334476054763,7.avi
461,7,1.4,617,574,2322.4443,0,133.51290671209492,0.8643705248832703,9,0,595.05457,548.89795,640.6063,599.8827,2322.4443,-3.020843,3.9420123,26.912441328924807,230.62722093372884,7.avi
465,7,1.4,847,373,2768.913,0,0.0,0.8411185145378113,1,0,820.0676,348.33142,875.38916,398.3827,2768.913,0.0,0.0,0.0,0.0,7.avi
461,8,1.6,616,592,4159.2896,0,98.71063397768076,0.8778439164161682,11,0,585.6101,558.9494,646.7383,626.9915,4159.2896,-7.5807123,81.056175,16.865926382780824,265.83056298658005,7.avi
466,8,1.6,824,684,2449.7666,0,0.0,0.8932841420173645,1,0,799.55066,660.1715,850.3225,708.422,2449.7666,0.0,0.0,0.0,0.0,7.avi
467,8,1.6,753,487,2072.1458,0,0.0,0.8636779189109802,1,0,731.23486,464.45062,776.12,510.61615,2072.1458,0.0,0.0,0.0,0.0,7.avi
461,9,1.8,618,612,2568.5767,0,30.69251937305421,0.8196648955345154,13,0,594.25836,586.615,643.1989,639.09863,2568.5767,8.193642,95.29789,4.371639025514876,319.85848264545075,7.avi
462,9,1.8,612,638,393.68628,0,143.4352084327545,0.5819211602210999,7,0,602.1154,629.9518,623.87286,648.046,393.68628,35.669792,52.982838,28.06874127984575,21.58171329561509,7.avi
468,9,1.8,654,616,719.18054,0,0.0,0.784753143787384,1,0,641.1243,603.63245,668.31256,630.08435,719.18054,0.0,0.0,0.0,0.0,7.avi
469,9,1.8,637,653,1761.3032,0,0.0,0.8517907857894897,1,0,617.52026,631.8819,658.1848,675.1949,1761.3032,0.0,0.0,0.0,0.0,7.avi
470,11,2.2,458,755,2448.6128,0,0.0,0.8141148686408997,1,0,434.80292,729.56006,482.6084,780.7804,2448.6128,0.0,0.0,0.0,0.0,7.avi
471,12,2.4,489,828,5014.815,0,0.0,0.8478649854660034,1,0,453.67334,793.11084,525.0011,863.4175,5014.815,0.0,0.0,0.0,0.0,7.avi
471,13,2.6,467,864,1838.814,0,213.04886050190007,0.7079448699951172,3,0,444.8085,843.99005,490.04147,884.64215,1838.814,-87.474,143.91994,42.14263414450018,237.991942803044,7.avi
472,13,2.6,492,895,2203.6882,0,0.0,0.7830661535263062,1,0,467.3277,873.98596,518.3581,917.1698,2203.6882,0.0,0.0,0.0,0.0,7.avi
471,14,2.8,436,910,1570.5752,0,115.37966607082518,0.4193999469280243,5,0,416.97888,890.09485,455.48615,930.88135,1570.5752,-150.19727,223.5417,21.90106153876589,230.5020764709556,7.avi
473,3,0.6,805,369,7020.9946,0,0.0,0.690670371055603,1,0,764.9579,326.35858,845.45105,413.5833,7020.9946,0.0,0.0,0.0,0.0,8.avi
474,4,0.8,692,414,5256.109,0,0.0,0.5693627595901489,1,0,656.8041,377.06076,727.2269,451.69717,5256.109,0.0,0.0,0.0,0.0,8.avi
475,5,1.0,527,514,10363.524,0,0.0,0.9363236427307128,1,0,474.87122,464.9474,579.7672,563.7455,10363.524,0.0,0.0,0.0,0.0,8.avi
476,6,1.2,940,693,3217.284,0,0.0,0.7004572749137878,1,0,910.5894,666.0509,970.0302,720.17676,3217.284,0.0,0.0,0.0,0.0,8.avi
477,6,1.2,480,549,6957.828,0,0.0,0.8430222868919373,1,0,439.2398,507.28442,522.3575,590.995,6957.828,0.0,0.0,0.0,0.0,8.avi
478,7,1.4,413,600,3121.6108,0,0.0,0.8328969478607178,1,0,384.89264,573.6879,442.10596,628.24884,3121.6108,0.0,0.0,0.0,0.0,8.avi
479,8,1.6,443,666,3996.882,0,0.0,0.8548224568367004,1,0,414.07642,632.45557,473.48438,699.73413,3996.882,0.0,0.0,0.0,0.0,8.avi
480,9,1.8,389,716,2839.4285,0,0.0,0.6799118518829346,1,0,358.43445,693.4527,419.61145,739.866,2839.4285,0.0,0.0,0.0,0.0,8.avi
480,10,2.0,400,757,2941.6694,0,213.82769482024773,0.325664758682251,3,0,374.7359,728.55646,425.51715,786.4847,2941.6694,44.325638,163.11852,41.8074473523971,285.22214201124905,8.avi
481,11,2.2,463,830,4260.457,0,0.0,0.8282209634780884,1,0,430.68268,797.5842,496.15735,862.65454,4260.457,0.0,0.0,0.0,0.0,8.avi
482,12,2.4,511,852,5732.8667,0,0.0,0.5571171045303345,1,0,474.75592,813.37683,547.71686,891.9513,5732.8667,0.0,0.0,0.0,0.0,8.avi
483,1,0.2,433,649,2550.5183,0,0.0,0.8703795075416565,1,0,408.6142,624.6018,458.88885,675.3335,2550.5183,0.0,0.0,0.0,0.0,9.avi
484,1,0.2,1069,606,3197.2927,0,0.0,0.856954038143158,1,0,1040.883,578.0387,1097.8108,634.20276,3197.2927,0.0,0.0,0.0,0.0,9.avi
485,1,0.2,691,336,1619.528,0,0.0,0.7750384211540222,1,0,669.03735,318.68085,714.7815,354.0849,1619.528,0.0,0.0,0.0,0.0,9.avi
485,2,0.4,716,336,1385.8926,0,124.86014731611012,0.2782180905342102,3,0,696.96497,319.22742,736.2958,354.4643,1385.8926,98.68637,1.8481832,24.09361850027585,0.9105299412067324,9.avi
486,3,0.6,306,690,1324.0237,0,0.0,0.8422849178314209,1,0,287.9599,672.6279,325.33783,708.05054,1324.0237,0.0,0.0,0.0,0.0,9.avi
487,3,0.6,326,654,692.7059,0,0.0,0.7436996102333069,1,0,312.36066,641.35815,339.64655,666.7451,692.7059,0.0,0.0,0.0,0.0,9.avi
486,4,0.8,308,718,7122.424,0,140.87802004703988,0.6611031293869019,3,0,261.31412,680.6495,356.2681,755.6586,7122.424,8.551918,111.037186,27.69374614349716,272.79648307180287,9.avi
488,4,0.8,922,181,954.8062,0,0.0,0.8274326324462891,1,0,906.3679,167.56123,939.5344,196.3495,954.8062,0.0,0.0,0.0,0.0,9.avi
489,5,1.0,907,229,459.7759,0,0.0,0.622657299041748,1,0,896.22644,218.67758,917.777,240.01236,459.7759,0.0,0.0,0.0,0.0,9.avi
490,5,1.0,868,551,1487.9578,0,0.0,0.5669320821762085,1,0,849.4883,531.78314,886.7827,571.6807,1487.9578,0.0,0.0,0.0,0.0,9.avi
486,6,1.2,374,782,7106.93,0,304.67677888137644,0.8340399861335754,6,0,328.92685,743.59076,420.1265,821.5179,7106.93,111.60798,107.25868,60.1418460726152,2.645922712436459,9.avi
491,6,1.2,770,558,1776.9176,0,0.0,0.8528231382369995,1,0,748.35,538.4416,793.1139,578.1369,1776.9176,0.0,0.0,0.0,0.0,9.avi
486,7,1.4,424,818,3529.5981,0,178.20263110232025,0.7846519351005554,8,0,389.70343,792.7365,458.94434,843.7121,3529.5981,216.94885,161.77112,30.545825796633352,332.7334979882569,9.avi
491,7,1.4,761,535,2005.4438,0,123.1192404110454,0.5000972747802734,3,0,739.24854,513.18665,783.7318,558.2698,2005.4438,-36.89322,-90.06401,25.240829866409012,112.67870506600856,9.avi
492,7,1.4,427,787,879.5968,0,0.0,0.5859887599945068,1,0,411.3723,773.1964,442.76855,801.2124,879.5968,0.0,0.0,0.0,0.0,9.avi
493,9,1.8,763,414,1525.6827,0,0.0,0.6478107571601868,1,0,743.727,395.31277,784.04315,433.15573,1525.6827,0.0,0.0,0.0,0.0,9.avi
494,9,1.8,422,857,2906.422,0,0.0,0.6238194108009338,1,0,399.2071,826.29834,446.4524,887.81604,2906.422,0.0,0.0,0.0,0.0,9.avi
494,10,2.0,441,867,15003.071,0,109.20755222019046,0.4141889214515686,3,0,375.99063,810.3504,507.8027,924.17206,15003.071,76.115425,40.734818,20.712743226376222,331.31241181332774,9.avi
495,10,2.0,699,474,1424.1526,0,0.0,0.8550514578819275,1,0,679.56384,455.84912,718.683,492.25464,1424.1526,0.0,0.0,0.0,0.0,9.avi
496,10,2.0,585,571,3247.8762,0,0.0,0.743959367275238,1,0,559.3932,540.70215,611.6737,602.8262,3247.8762,0.0,0.0,0.0,0.0,9.avi
497,10,2.0,395,904,958.6103,0,0.0,0.6606921553611755,1,0,381.3321,887.7053,410.30255,920.79456,958.6103,0.0,0.0,0.0,0.0,9.avi
496,11,2.2,574,555,2843.7876,0,99.89694145610524,0.635358989238739,3,0,547.30096,529.31274,602.4272,580.89954,2843.7876,-42.592407,-66.49913,20.34840218723212,124.5272875126048,9.avi
498,11,2.2,1033,150,2458.612,0,0.0,0.8595984578132629,1,0,1009.01,125.54648,1057.8235,175.91397,2458.612,0.0,0.0,0.0,0.0,9.avi
499,12,2.4,514,589,1353.8073,0,0.0,0.6436806917190552,1,0,496.28934,571.05725,532.1504,608.8087,1353.8073,0.0,0.0,0.0,0.0,9.avi
499,13,2.6,477,601,1807.9375,0,192.04019707056224,0.6880303025245667,3,0,456.85114,580.07587,499.11322,622.85504,1807.9375,-144.6614,46.03788,38.83034881003176,196.5594138345388,9.avi
483,14,2.8,452,658,1892.5513,0,104.1920591079283,0.5735849738121033,15,0,430.13138,637.6234,475.3492,679.47754,1892.5513,1.1141491,0.5035888,19.938039831118637,336.24256184944403,9.avi
497,14,2.8,420,905,4121.584,0,124.32597207778542,0.2568855285644531,6,0,389.7964,872.19635,451.48944,939.0042,4121.584,12.6943865,0.6905005,24.194307544895608,358.2234573775331,9.avi
497,16,3.2,401,883,10750.429,0,177.2658131147466,0.5229958891868591,9,0,352.0262,829.208,450.41745,938.4701,10750.429,-36.299397,-39.492718,35.675683716605995,139.82639802553427,9.avi
500,5,1.0,800,272,574.7803,0,0.0,0.5565653443336487,1,0,788.3458,260.11688,811.88635,284.5335,574.7803,0.0,0.0,0.0,0.0,10.avi
500,6,1.2,768,294,594.8889,0,193.6654135246308,0.7402750253677368,3,0,756.65436,281.5173,780.378,306.59317,594.8889,-126.14737,86.74664,38.74584264622924,214.01499237580288,10.avi
501,6,1.2,1151,666,6007.558,0,0.0,0.702037513256073,1,0,1115.176,624.8394,1188.0432,707.2847,6007.558,0.0,0.0,0.0,0.0,10.avi
500,7,1.4,763,293,543.5609,0,140.08130407630298,0.7996758222579956,5,0,752.1696,281.8562,774.9714,305.6947,543.5609,-33.265137,6.020729,26.969300228362897,43.03356905748461,10.avi
502,7,1.4,1031,624,1270.2607,0,0.0,0.6199044585227966,1,0,1011.77405,607.8115,1050.8649,640.30664,1270.2607,0.0,0.0,0.0,0.0,10.avi
500,8,1.6,761,290,454.23715,0,32.606950198738126,0.7108981013298035,7,0,750.6277,280.1024,771.63025,301.73007,454.23715,-17.11491,-9.561449,6.439194044990746,50.65333300940671,10.avi
503,8,1.6,861,576,3013.105,0,0.0,0.7316639423370361,1,0,834.105,549.28906,889.249,603.9297,3013.105,0.0,0.0,0.0,0.0,10.avi
500,9,1.8,756,290,483.59464,0,12.539853419407766,0.7415591478347778,9,0,745.2721,279.99765,767.60376,301.65274,483.59464,-21.982254,-2.5706687,1.975488877422468,210.2789911194526,10.avi
504,9,1.8,737,576,3716.9495,0,0.0,0.8807545304298401,1,0,705.6448,547.4492,769.0947,606.03,3716.9495,0.0,0.0,0.0,0.0,10.avi
500,11,2.2,734,293,601.94086,0,51.5062418720656,0.4875670671463012,12,0,721.2845,282.16025,747.06366,305.5101,601.94086,-38.14373,5.536958,9.967650665914796,201.89616943327115,10.avi
505,11,2.2,565,473,4856.6934,0,0.0,0.8681554794311523,1,0,530.8109,437.8756,599.56067,508.51868,4856.6934,0.0,0.0,0.0,0.0,10.avi
500,12,2.4,727,294,553.5554,0,4.569337549309182,0.7897568941116333,14,0,714.8856,283.5449,739.7112,305.84268,553.5554,-35.25998,4.5842276,1.0464883809228356,64.24945505251696,10.avi
505,12,2.4,555,486,983.79736,0,81.95933214378422,0.6009001135826111,3,0,540.64087,469.7745,570.47437,502.75082,983.79736,-38.435745,52.1578,16.360423948457655,231.4946852017419,10.avi
500,13,2.6,716,294,566.5787,0,21.166247824458026,0.7323903441429138,16,0,704.0561,283.57077,729.0789,306.21323,566.5787,-49.533054,1.796123,4.5415879006898665,159.22865146837682,10.avi
505,13,2.6,537,501,3264.416,0,62.8079183722962,0.8595134615898132,5,0,509.88968,471.90576,564.1834,532.0308,3264.416,-88.04573,76.30851,11.692185575726452,201.6084622202521,10.avi
500,14,2.8,706,295,602.7055,0,0.9311432700472706,0.7269792556762695,18,0,693.6714,283.6536,719.8994,306.6331,602.7055,-49.054302,1.3813158,0.7070259389098259,159.18692091782623,10.avi
505,14,2.8,502,490,3851.2708,0,177.3620345851008,0.8905273079872131,7,0,472.0636,458.6438,532.96405,521.88257,3851.2708,-152.90613,-27.10402,32.32935391903601,122.61960385987707,10.avi
500,15,3.0,702,295,832.54553,0,29.751445332072013,0.776348888874054,20,0,686.15027,282.3774,718.3207,308.25662,832.54553,-28.822996,0.9867399,5.042939873013602,4.773028597576968,10.avi
506,15,3.0,458,433,4502.116,0,0.0,0.8548732399940491,1,0,424.62228,400.0956,492.8854,466.048,4502.116,0.0,0.0,0.0,0.0,10.avi
506,16,3.2,434,425,2502.1687,0,125.63499126838454,0.8599255084991455,3,0,410.0539,400.80875,459.76245,451.14554,2502.1687,-95.19229,-28.322002,26.03664600271397,161.93973348661166,10.avi
506,17,3.4,403,423,1881.0309,0,68.06479727722687,0.8422872424125671,5,0,381.34372,401.8356,425.0081,444.9149,1881.0309,-153.31882,-14.2984085,13.147282941587068,191.79416074059284,10.avi
506,18,3.6,367,397,2599.291,0,128.82225125343075,0.8360785841941833,7,0,341.21716,373.26617,393.9093,422.59595,2599.291,-172.297,-100.9056,24.152960523855253,103.19219439821175,10.avi
506,19,3.8,343,367,2137.1343,0,82.67487923657036,0.610075056552887,9,0,319.38733,346.0688,368.40283,389.66998,2137.1343,-130.87576,-138.83124,14.611486936342782,47.36795009011337,10.avi
507,19,3.8,341,398,918.0971,0,0.0,0.8070355653762817,1,0,324.65833,384.5721,358.64502,411.58554,918.0971,0.0,0.0,0.0,0.0,10.avi
507,20,4.0,330,406,2120.2026,0,71.22280424951624,0.737962543964386,3,0,304.25415,386.88696,357.10974,427.00006,2120.2026,-43.79128,35.387966,14.08923177725965,214.2090972007377,10.avi
507,21,4.2,335,420,2114.5466,0,80.85472012003412,0.8675424456596375,5,0,310.9078,399.68488,360.7471,442.11218,2114.5466,19.875813,66.88043,14.378361849212697,335.4287206919132,10.avi
507,22,4.4,349,420,3196.4148,0,95.91824658965226,0.7648873329162598,7,0,320.0207,392.83524,378.8438,447.17465,3196.4148,56.803608,12.15897,16.98107581924264,57.205621513515496,10.avi
508,23,4.6,293,414,3124.0857,0,0.0,0.8958231210708618,1,0,266.52063,385.23465,320.3119,443.3126,3124.0857,0.0,0.0,0.0,0.0,10.avi
508,24,4.8,286,390,2520.498,0,124.61600921320928,0.6068034172058105,3,0,256.6569,369.50098,316.48666,411.62878,2520.498,-27.323244,-94.64563,25.38128377780496,106.98935555392694,10.avi
509,24,4.8,327,419,2227.7134,0,0.0,0.8624324798583984,1,0,303.68817,396.36218,352.08038,442.39673,2227.7134,0.0,0.0,0.0,0.0,10.avi
509,25,5.0,328,392,6129.007,0,137.28914338626043,0.6795134544372559,3,0,293.1976,349.07822,364.254,435.3337,6129.007,3.3593462,-108.47697,27.37970012337578,89.75783374147812,10.avi
509,26,5.2,326,382,3727.8462,0,63.02957152223936,0.7208733558654785,5,0,297.47083,350.49252,356.04987,414.1304,3727.8462,-8.717349,-54.43914,11.981295632229513,253.52591947969,10.avi
509,27,5.4,337,342,2941.162,0,177.36534859430478,0.6296141147613525,7,0,308.9919,316.16095,365.72678,368.0014,2941.162,38.613617,-166.96185,31.770208399463424,67.8408143921215,10.avi
510,31,6.2,378,316,5365.9053,0,0.0,0.6976706981658936,1,0,341.57202,279.47296,414.78613,352.76355,5365.9053,0.0,0.0,0.0,0.0,10.avi
510,32,6.4,400,292,2851.2444,0,162.20821442917511,0.7841302156448364,3,0,374.3604,265.52078,426.41107,320.29904,2851.2444,88.649345,-92.64811,32.52449735223632,47.86287032039797,10.avi
510,33,6.6,400,260,3782.3018,0,115.03834382254918,0.7851966619491577,5,0,368.539,231.39043,433.03864,290.0311,3782.3018,9.307869,-155.24255,23.12936281584453,141.55722911996014,10.avi
510,34,6.8,406,263,5024.541,0,187.9438420738649,0.8935563564300537,7,0,370.43076,228.26863,442.38492,298.0984,5024.541,23.716988,-26.694962,33.50562184426665,275.7375329340362,10.avi
510,35,7.0,401,288,2534.594,0,178.9320765544428,0.6148329973220825,9,0,376.50403,263.14163,427.23846,313.0997,2534.594,-11.903404,89.51728,31.818252266396296,251.39521707030823,10.avi
511,35,7.0,436,317,1530.3164,0,0.0,0.8552488088607788,1,0,416.93323,297.26328,455.4148,337.0308,1530.3164,0.0,0.0,0.0,0.0,10.avi
510,36,7.2,394,290,2080.5396,0,93.4809233724868,0.8532361388206482,11,0,371.18604,268.06598,418.1734,312.34467,2080.5396,-30.408724,28.66927,16.93866657352292,108.913733038768,10.avi
512,36,7.2,401,318,720.7021,0,0.0,0.7725973725318909,1,0,388.80078,304.55362,415.0298,332.0309,720.7021,0.0,0.0,0.0,0.0,10.avi
510,37,7.4,411,299,2757.772,0,130.88943725465828,0.8646645545959473,13,0,384.63672,274.03516,438.22223,325.50006,2757.772,57.402344,43.393646,22.61017383256716,352.2197737716076,10.avi
512,38,7.6,387,295,709.96783,0,134.73437401620538,0.2871048152446747,4,0,374.58627,281.86545,400.61356,309.14328,709.96783,-23.467808,-37.357204,27.65854963371839,122.63360698884571,10.avi
513,38,7.6,370,276,777.06,0,0.0,0.5647136569023132,1,0,355.61298,262.78992,384.65082,289.55017,777.06,0.0,0.0,0.0,0.0,10.avi
514,38,7.6,382,264,2810.9243,0,0.0,0.6538500189781189,1,0,353.72742,240.07239,410.5528,289.5384,2810.9243,0.0,0.0,0.0,0.0,10.avi
512,39,7.8,395,292,624.59924,0,75.74251320348623,0.2068525403738021,6,0,383.8177,279.09943,407.93872,304.99384,624.59924,29.947323,-20.829664,12.727695439028617,341.8390057436534,10.avi
514,39,7.8,414,266,3465.6577,0,163.89551125747948,0.7109358906745911,3,0,387.1405,235.12537,441.9334,298.3755,3465.6577,129.3288,7.7646127,31.88228234220337,357.8526577677484,10.avi
514,40,8.0,436,269,3837.7715,0,18.76353798577578,0.622302234172821,5,0,405.3869,238.9159,468.5094,299.71466,3837.7715,113.50991,12.398349,4.457486238918362,188.9915513499648,10.avi
512,41,8.2,413,285,3600.5764,0,30.935339799574837,0.8938500881195068,9,0,384.14536,254.80292,442.54495,316.45703,3600.5764,29.059101,-10.058623,5.516524082543949,261.17195211590484,10.avi
512,42,8.4,400,258,4688.8135,0,180.11518168097797,0.901472508907318,11,0,367.25122,223.36162,434.2741,293.32,4688.8135,-41.40286,-106.88741,31.98882611599737,126.78863917070304,10.avi
512,43,8.6,413,243,3220.3625,0,123.85724298228918,0.7081432342529297,13,0,385.17624,215.1973,441.47427,272.39932,3220.3625,39.464993,-80.3689,21.38752286634413,343.605354630008,10.avi
515,43,8.6,450,262,1198.8047,0,0.0,0.8038305640220642,1,0,433.92133,244.17499,467.30585,280.08398,1198.8047,0.0,0.0,0.0,0.0,10.avi
515,44,8.8,444,256,4844.588,0,42.21091533800984,0.8689929842948914,3,0,408.3143,222.94455,480.9066,289.6815,4844.588,-23.964622,-23.219414,9.01721271042422,137.17558008792514,10.avi
511,45,9.0,478,296,2185.0723,0,237.40287263066747,0.8022136688232422,12,0,454.5416,273.67337,503.0311,318.73618,2185.0723,4.0897784,-2.0099614,46.86801009744733,26.820957701107204,10.avi
515,45,9.0,454,261,2005.7249,0,89.66274228131682,0.8304448127746582,5,0,431.93762,238.6507,476.17383,283.99194,2005.7249,41.233955,20.979229,16.97669968602277,326.65849561034406,10.avi
516,45,9.0,498,259,1499.2382,0,0.0,0.7704486846923828,1,0,479.7323,239.04266,516.7638,279.52814,1499.2382,0.0,0.0,0.0,0.0,10.avi
516,46,9.2,482,264,5392.493,0,82.76493146677738,0.8247336745262146,3,0,442.15976,231.0999,523.1803,297.65698,5392.493,-62.187588,20.331583,16.918229125086235,196.18083054616167,10.avi
516,47,9.4,496,244,3601.7708,0,184.31741556716585,0.8513200283050537,5,0,464.60297,215.94287,527.79425,272.94077,3601.7708,56.714375,-89.58092,35.51773938968906,43.49102669154951,10.avi
516,48,9.6,493,251,3119.472,0,160.9997165616195,0.8627088069915771,7,0,464.23715,224.78673,522.2996,278.51285,3119.472,1.9798927,6.7654114,28.468401596876976,239.28323229387587,10.avi
516,49,9.8,463,242,3335.9834,0,177.39143289516423,0.8646755218505859,9,0,434.4345,214.6307,493.4508,271.1572,3335.9834,-112.10414,-32.036766,32.57862641851806,160.26117129946977,10.avi
511,50,10.0,457,279,2214.7542,0,173.83675856540697,0.8143742680549622,18,0,434.54352,255.8348,481.44507,303.05615,2214.7542,-8.587452,-6.1241198,35.84228398657145,161.83343292222196,10.avi
516,50,10.0,440,248,1663.889,0,69.94881617622814,0.7210627198219299,11,0,419.05563,228.96582,461.06058,268.57758,1663.889,-117.73445,15.2186775,11.613537436638648,262.4703949058488,10.avi
517,50,10.0,413,284,1441.7948,0,0.0,0.8175436854362488,1,0,393.79156,266.01065,432.70013,303.06662,1441.7948,0.0,0.0,0.0,0.0,10.avi
511,51,10.2,451,306,3408.5454,0,161.79054775286892,0.2966388761997223,20,0,421.90924,277.66678,481.21478,335.14108,3408.5454,-28.178095,110.981895,28.27609034847227,259.2445880931924,10.avi
511,52,10.4,446,302,2137.766,0,144.5701627163168,0.692963719367981,22,0,423.75607,279.52002,469.55533,326.1969,2137.766,-25.345064,10.9859085,26.6004131237056,89.84145148686224,10.avi
517,52,10.4,404,297,3195.162,0,76.67727523338814,0.8049514889717102,4,0,379.19925,265.85797,430.1318,328.5912,3195.162,-14.066116,20.79665,15.51680850994714,233.4260173331093,10.avi
517,53,10.6,407,322,3748.6792,0,123.90885781679144,0.6121141314506531,6,0,377.9301,291.4989,437.89856,354.00977,3748.6792,10.896015,108.795074,21.249046749233862,284.01971855698605,10.avi
517,54,10.8,413,346,4879.425,0,22.641647093872923,0.8311027884483337,8,0,377.00195,313.15973,450.22424,379.79828,4879.425,24.51305,116.40018,3.2646133156797674,332.9101360479501,10.avi
518,54,10.8,246,831,2945.4014,0,0.0,0.5696040391921997,1,0,219.95868,804.31647,273.64297,859.1817,2945.4014,0.0,0.0,0.0,0.0,10.avi
517,55,11.0,407,378,2780.4678,0,76.90586566308895,0.8085806965827942,10,0,379.71454,353.29733,435.7915,402.8804,2780.4678,-16.838257,148.4042,14.16069424393157,215.5885626525095,10.avi
519,55,11.0,276,758,6611.265,0,0.0,0.7922496795654297,1,0,239.94131,713.8978,314.0153,803.15,6611.265,0.0,0.0,0.0,0.0,10.avi
520,55,11.0,448,386,1853.5488,0,0.0,0.7299866676330566,1,0,429.26196,362.7749,467.69537,411.00244,1853.5488,0.0,0.0,0.0,0.0,10.avi
521,55,11.0,412,412,855.486,0,0.0,0.7018373012542725,1,0,396.1828,399.694,428.7719,425.94467,855.486,0.0,0.0,0.0,0.0,10.avi
522,56,11.2,326,663,3662.548,0,0.0,0.7845291495323181,1,0,292.61365,636.4679,360.51843,690.4044,3662.548,0.0,0.0,0.0,0.0,10.avi
523,56,11.2,386,463,4211.869,0,0.0,0.6694449186325073,1,0,349.71338,434.93195,423.17053,492.2697,4211.869,0.0,0.0,0.0,0.0,10.avi
524,57,11.4,232,505,12596.72,0,0.0,0.8810076117515564,1,0,175.85101,449.77606,289.18454,560.9234,12596.72,0.0,0.0,0.0,0.0,10.avi
525,58,11.6,58,381,15263.476,0,0.0,0.6374816298484802,1,0,0.8689041,315.09558,116.13663,447.51318,15263.476,0.0,0.0,0.0,0.0,10.avi
526,0,0.0,735,926,1614.5306,0,0.0,0.8353171348571777,1,0,715.9491,906.4968,755.89,946.9198,1614.5306,0.0,0.0,0.0,0.0,11.avi
527,0,0.0,857,9,1380.5204,0,0.0,0.6209580302238464,1,0,822.8005,0.0,892.00653,19.947971,1380.5204,0.0,0.0,0.0,0.0,11.avi
528,0,0.0,973,265,1126.98,0,0.0,0.5573611259460449,1,0,956.6421,248.8473,989.7522,282.88464,1126.98,0.0,0.0,0.0,0.0,11.avi
527,1,0.2,869,47,9474.4375,0,201.55331370124037,0.8064694404602051,3,0,818.93933,1.3745689,920.7722,94.41365,9474.4375,49.709637,151.37775,38.79954395656706,287.3904832938716,11.avi
528,1,0.2,967,267,1434.8578,0,30.36054202254118,0.6244168281555176,3,0,948.70746,248.38313,986.14264,286.71228,1434.8578,-23.04234,6.7135053,6.300049169902944,190.36998495717677,11.avi
527,2,0.4,846,71,9210.865,0,178.27001517665258,0.8374442458152771,5,0,798.145,23.956524,894.2095,119.8387,9210.865,-104.2428,122.65724,34.54982747917717,168.02314219820337,11.avi
528,2,0.4,955,263,1262.6567,0,50.20997633674568,0.2473657876253128,5,0,937.599,245.07584,972.6813,281.06717,1262.6567,-58.19375,-19.931953,9.787543887092726,142.99911728021254,11.avi
527,3,0.6,827,125,6231.587,0,164.54535234574286,0.4263724982738495,7,0,789.9159,84.57984,865.3773,167.15958,6231.587,-95.354,235.55649,28.61978046816885,273.3478390801598,11.avi
529,3,0.6,509,987,1785.4454,0,0.0,0.7215513586997986,1,0,489.04657,966.4043,530.4576,1009.51953,1785.4454,0.0,0.0,0.0,0.0,11.avi
527,4,0.8,832,172,5804.7476,0,132.76939289396276,0.7952806949615479,9,0,794.72955,133.48473,869.399,211.22401,5804.7476,-5.195694,233.15117,23.444728122424067,2.398177110369886,11.avi
530,4,0.8,466,974,2475.9397,0,0.0,0.710192084312439,1,0,444.82645,945.72705,488.1064,1002.9346,2475.9397,0.0,0.0,0.0,0.0,11.avi
530,5,1.0,436,974,3397.5867,0,149.6759538043096,0.6702866554260254,3,0,404.96362,948.3215,468.7044,1001.6247,3397.5867,-118.29313,2.5639591,30.46822661439375,179.37789551001356,11.avi
531,5,1.0,845,129,15018.186,0,0.0,0.8247081637382507,1,0,789.99133,61.67575,900.3678,197.73904,15018.186,0.0,0.0,0.0,0.0,11.avi
528,6,1.2,817,212,1043.1959,0,119.17176265696877,0.3842736780643463,10,0,799.97925,197.54956,835.07117,227.27704,1043.1959,-70.64592,-26.26398,24.470129124254264,152.7411047553353,11.avi
530,6,1.2,377,956,3245.2805,0,213.7999739065929,0.1587025970220565,5,0,347.71967,928.4323,406.3084,983.8232,3245.2805,-283.88043,-86.07944,41.08964320044421,151.69083708950933,11.avi
531,6,1.2,828,165,13881.594,0,201.93273084712007,0.7127618193626404,3,0,771.567,104.6926,884.911,227.16571,13881.594,-67.62695,144.59784,39.25181858631718,244.044327398874,11.avi
532,7,1.4,920,33,1794.1814,0,0.0,0.798329770565033,1,0,898.99335,11.953583,941.5157,54.147438,1794.1814,0.0,0.0,0.0,0.0,11.avi
533,7,1.4,755,119,2477.068,0,0.0,0.6836706399917603,1,0,730.678,94.49707,780.2273,144.48904,2477.068,0.0,0.0,0.0,0.0,11.avi
534,7,1.4,770,157,1174.4307,0,0.0,0.6802365183830261,1,0,753.19763,140.46869,786.85,175.36761,1174.4307,0.0,0.0,0.0,0.0,11.avi
534,8,1.6,797,167,9638.275,0,146.30870591874128,0.8604249358177185,3,0,746.6892,119.96227,848.0325,215.0675,9638.275,109.1299,38.310356,28.463926853938396,341.3935992171682,11.avi
534,9,1.8,812,198,9721.387,0,125.83188261411688,0.4425368309020996,5,0,762.1776,149.9982,862.6959,246.71078,9721.387,78.220535,144.44313,23.92783187776363,252.52111199847587,11.avi
534,10,2.0,797,237,10161.574,0,182.2127704215524,0.6413871645927429,7,0,744.54504,189.34561,849.63904,286.03595,10161.574,-40.615692,184.50789,32.57633065704475,197.42807343459577,11.avi
534,11,2.2,771,263,15647.193,0,118.37703124354998,0.8721392154693604,9,0,705.26215,204.28452,836.81964,323.22263,15647.193,-109.43058,142.90422,21.383705331412227,147.17252654421543,11.avi
535,12,2.4,725,380,1496.315,0,0.0,0.697184681892395,1,0,700.6343,365.12518,750.71655,395.00232,1496.315,0.0,0.0,0.0,0.0,11.avi
536,12,2.4,680,353,1617.7601,0,0.0,0.5684098601341248,1,0,660.86035,332.6339,699.50024,374.50153,1617.7601,0.0,0.0,0.0,0.0,11.avi
537,12,2.4,725,342,1708.2971,0,0.0,0.512855052947998,1,0,702.7825,323.016,747.5193,361.20148,1708.2971,0.0,0.0,0.0,0.0,11.avi
534,13,2.6,725,387,11267.22,0,220.35258573767223,0.8606964945793152,12,0,667.45026,339.56354,784.1938,436.0761,11267.22,-73.0284,211.15776,42.32477534711063,297.61303232851736,11.avi
534,14,2.8,749,415,5975.9214,0,237.6988623049572,0.7180048823356628,14,0,705.1239,381.8808,794.40137,448.81726,5975.9214,74.58728,154.85394,40.67120742199602,21.720234482917988,11.avi
534,15,3.0,755,449,6511.901,0,58.23964101017923,0.829358696937561,16,0,708.7881,414.71497,801.24866,485.14392,6511.901,37.10272,168.85811,10.044300061026687,195.476046799374,11.avi
534,16,3.2,750,521,5979.535,0,225.51532384290252,0.6794588565826416,18,0,706.3471,487.60504,794.0777,555.763,5979.535,-9.906273,314.89682,39.31841824936311,251.55686653587924,11.avi
538,16,3.2,681,497,1500.375,0,0.0,0.5756291747093201,1,0,659.39374,480.60944,704.1628,514.1231,1500.375,0.0,0.0,0.0,0.0,11.avi
534,17,3.4,739,583,7959.737,0,47.898976694950655,0.915452778339386,20,0,690.291,543.3629,789.3812,623.69116,7959.737,-42.18989,310.527,9.379809071590044,169.78528986991682,11.avi
539,18,3.6,776,595,764.5188,0,0.0,0.5766171813011169,1,0,760.8817,583.23126,791.66296,608.0684,764.5188,0.0,0.0,0.0,0.0,11.avi
540,18,3.6,734,593,1463.2233,0,0.0,0.6522359848022461,1,0,716.1749,573.6621,753.5475,612.81445,1463.2233,0.0,0.0,0.0,0.0,11.avi
541,18,3.6,701,591,786.3515,0,0.0,0.5107549428939819,1,0,686.2362,578.2809,715.932,604.7611,786.3515,0.0,0.0,0.0,0.0,11.avi
542,18,3.6,738,586,9687.698,0,0.0,0.6443879008293152,1,0,678.5648,545.6687,798.1293,626.6936,9687.698,0.0,0.0,0.0,0.0,11.avi
543,19,3.8,680,673,2419.3472,0,0.0,0.8266851902008057,1,0,653.40454,650.554,706.6998,695.94916,2419.3472,0.0,0.0,0.0,0.0,11.avi
544,19,3.8,694,626,2169.879,0,0.0,0.8136071562767029,1,0,669.1985,605.0465,719.005,648.6127,2169.879,0.0,0.0,0.0,0.0,11.avi
535,20,4.0,753,380,627.70746,0,139.2831788649003,0.3987652063369751,10,0,740.3172,368.85397,766.73016,392.61905,627.70746,4.047954,0.09778985,27.3246593300929,0.1336770261171977,11.avi
545,20,4.0,617,723,8056.804,0,0.0,0.6965892910957336,1,0,571.7755,679.1871,663.39124,767.12836,8056.804,0.0,0.0,0.0,0.0,11.avi
535,21,4.2,752,384,704.93475,0,20.00319874469443,0.599682629108429,12,0,738.98444,371.39948,766.76385,396.7757,704.93475,-2.3473716,14.699955,3.9958887710698634,234.27375471950637,11.avi
546,21,4.2,1118,430,673.7536,0,0.0,0.8065133094787598,1,0,1105.9465,417.615,1131.3538,444.13318,673.7536,0.0,0.0,0.0,0.0,11.avi
547,21,4.2,615,793,7250.2637,0,0.0,0.8591123223304749,1,0,579.1606,744.4208,652.69806,843.01355,7250.2637,0.0,0.0,0.0,0.0,11.avi
535,22,4.4,751,387,648.1824,0,4.098918246918329,0.4368019104003906,14,0,738.7128,375.25046,765.06537,399.84702,648.1824,-4.3439846,16.718233,1.4049339759236366,178.87484299988603,11.avi
547,22,4.4,646,816,7534.9346,0,193.341315032944,0.880657970905304,3,0,604.5115,771.8779,688.67896,861.4011,7534.9346,122.41867,91.50642,37.42686921284141,323.4609835320225,11.avi
535,23,4.6,749,392,632.7159,0,12.515240267163412,0.3532777428627014,16,0,736.7072,380.27536,762.4394,404.86392,632.7159,-9.899141,23.157188,2.3040183841714645,208.7329264781006,11.avi
548,23,4.6,587,839,3147.6113,0,0.0,0.7907964587211609,1,0,563.0243,807.93805,612.29895,871.81696,3147.6113,0.0,0.0,0.0,0.0,11.avi
549,24,4.8,568,927,6343.269,0,0.0,0.7827233076095581,1,0,532.95325,883.4214,604.645,971.9011,6343.269,0.0,0.0,0.0,0.0,11.avi
550,0,0.0,936,265,1156.6372,0,0.0,0.8352014422416687,1,0,917.64716,249.60968,954.40497,281.0761,1156.6372,0.0,0.0,0.0,0.0,12.avi
551,0,0.0,724,910,1040.2025,0,0.0,0.7274877429008484,1,0,709.9032,893.3085,740.0687,927.7916,1040.2025,0.0,0.0,0.0,0.0,12.avi
550,1,0.2,904,260,958.1898,0,160.4246592474565,0.7502085566520691,3,0,889.58203,244.5798,919.67725,276.41843,958.1898,-125.33509,-19.336445,32.46867999142955,170.52859426384998,12.avi
551,1,0.2,693,926,1296.4512,0,177.9963406426456,0.5024039149284363,3,0,676.7971,907.6669,710.64014,945.97473,1296.4512,-124.81979,64.95323,35.52186299704984,205.78160516235204,12.avi
550,2,0.4,859,248,922.1802,0,110.50012509745407,0.8380343317985535,5,0,845.18427,232.99062,874.68866,264.24628,922.1802,-215.20583,-56.030804,22.30089724783331,157.22817161154387,12.avi
551,2,0.4,661,921,1316.9385,0,102.19522794258594,0.7812485694885254,5,0,644.8218,902.1315,678.8899,940.7875,1316.9385,-156.41039,-19.082703,20.347126053723944,112.40289861520164,12.avi
552,2,0.4,650,23,2642.0986,0,0.0,0.7005323171615601,1,0,622.425,0.0,678.2603,47.31948,2642.0986,0.0,0.0,0.0,0.0,12.avi
551,3,0.6,627,927,1644.9055,0,56.47979177994253,0.8368982076644897,7,0,608.0491,905.94604,646.6492,948.56006,1644.9055,-168.77615,17.770317,10.01628874202597,249.09669553827365,12.avi
553,3,0.6,781,201,1305.9567,0,0.0,0.8003860712051392,1,0,764.1614,182.67104,799.6311,219.48994,1305.9567,0.0,0.0,0.0,0.0,12.avi
554,3,0.6,731,130,938.0997,0,0.0,0.7066512107849121,1,0,717.0048,114.12671,745.55597,146.98352,938.0997,0.0,0.0,0.0,0.0,12.avi
555,3,0.6,708,97,5230.281,0,0.0,0.7056970596313477,1,0,673.6902,59.601685,743.2738,134.76709,5230.281,0.0,0.0,0.0,0.0,12.avi
550,4,0.8,705,195,5634.922,0,163.10787539122094,0.8525623083114624,8,0,669.52496,155.99554,741.01215,234.8197,5634.922,-260.05103,-90.42663,32.654379996492935,142.23140496000758,12.avi
551,4,0.8,584,930,1285.6075,0,52.89602386284855,0.5944147109985352,9,0,567.2809,911.295,601.21936,949.1756,1285.6075,-204.64137,15.575359,9.627763934207495,175.19105152517795,12.avi
551,5,1.0,554,940,1068.2292,0,73.66333746414216,0.2020473480224609,11,0,538.5124,923.332,570.5125,956.71405,1068.2292,-161.59587,41.242126,12.579391472745694,328.08805930105376,12.avi
556,5,1.0,585,309,3380.8113,0,0.0,0.8298619985580444,1,0,555.247,281.7656,616.40985,337.04117,3380.8113,0.0,0.0,0.0,0.0,12.avi
551,6,1.2,529,956,1005.0609,0,62.22342140934995,0.3929236531257629,13,0,513.5453,940.7004,544.78284,972.87506,1005.0609,-134.78607,73.9962,10.298644798335642,311.3709745631892,12.avi
557,7,1.4,483,421,4105.4204,0,0.0,0.7383700013160706,1,0,453.69952,387.9776,514.06506,455.98694,4105.4204,0.0,0.0,0.0,0.0,12.avi
551,8,1.6,471,977,1869.556,0,167.43577857061945,0.7397698163986206,16,0,448.90677,956.3551,493.38107,998.39185,1869.556,-94.08839,31.587975,33.174824613899986,46.805092690230765,12.avi
558,8,1.6,417,456,7948.07,0,0.0,0.6992829442024231,1,0,370.77072,413.3103,463.356,499.15625,7948.07,0.0,0.0,0.0,0.0,12.avi
559,10,2.0,315,583,2773.491,0,0.0,0.5161965489387512,1,0,293.93158,551.57043,336.72943,616.3749,2773.491,0.0,0.0,0.0,0.0,12.avi
560,11,2.2,258,649,3626.5251,0,0.0,0.7440434694290161,1,0,223.53824,623.9107,293.82492,675.5069,3626.5251,0.0,0.0,0.0,0.0,12.avi
561,13,2.6,183,736,1275.9624,0,0.0,0.6226177215576172,1,0,165.97418,718.2163,201.73822,753.89355,1275.9624,0.0,0.0,0.0,0.0,12.avi
562,3,0.6,674,39,2022.2516,0,0.0,0.6048039793968201,1,0,650.505,18.1008,698.5775,60.167496,2022.2516,0.0,0.0,0.0,0.0,13.avi
563,4,0.8,713,521,1320.3207,0,0.0,0.7574747800827026,1,0,693.327,505.29053,733.40955,538.2306,1320.3207,0.0,0.0,0.0,0.0,13.avi
564,4,0.8,586,98,3982.8062,0,0.0,0.7074287533760071,1,0,554.2029,68.345245,619.31445,129.51419,3982.8062,0.0,0.0,0.0,0.0,13.avi
563,5,1.0,685,540,2252.0552,0,169.87884720792485,0.767163872718811,3,0,661.32025,516.46686,708.99506,563.70465,2252.0552,-112.61735,73.15437,33.72590789160753,212.73906405030684,13.avi
565,5,1.0,485,149,3082.4824,0,0.0,0.8484213352203369,1,0,457.29865,121.713806,513.18634,176.86874,3082.4824,0.0,0.0,0.0,0.0,13.avi
563,6,1.2,649,563,2712.331,0,83.3316145049718,0.8670397400856018,5,0,622.08984,538.9553,676.79346,588.5376,2712.331,-173.0275,114.50331,15.953202733724751,211.2806356483064,13.avi
566,6,1.2,492,205,1964.5513,0,0.0,0.7559676170349121,1,0,473.19714,179.21866,511.25818,230.83447,1964.5513,0.0,0.0,0.0,0.0,13.avi
567,6,1.2,474,236,1003.8833,0,0.0,0.7533076405525208,1,0,459.50906,220.31726,489.95145,253.29376,1003.8833,0.0,0.0,0.0,0.0,13.avi
563,7,1.4,616,584,2132.2852,0,16.161014983704085,0.8497853875160217,7,0,591.8079,562.50195,640.9582,605.885,2132.2852,-167.09561,105.094246,2.891640306990708,66.26688840559376,13.avi
568,7,1.4,476,302,932.058,0,0.0,0.6672383546829224,1,0,461.29498,286.54993,491.11676,317.8042,932.058,0.0,0.0,0.0,0.0,13.avi
563,8,1.6,577,572,1534.1858,0,188.75480249754847,0.5604752898216248,9,0,555.5561,554.71826,599.25226,589.8286,1534.1858,-188.43613,-21.338707,33.7435631646025,100.18008804395612,13.avi
569,8,1.6,494,390,2904.0715,0,0.0,0.6913020014762878,1,0,461.6836,368.62927,527.99817,412.42163,2904.0715,0.0,0.0,0.0,0.0,13.avi
570,9,1.8,479,465,2106.258,0,0.0,0.7644277811050415,1,0,454.1366,445.3587,505.50262,486.3636,2106.258,0.0,0.0,0.0,0.0,13.avi
571,10,2.0,454,521,3283.964,0,0.0,0.8237898945808411,1,0,423.8103,495.08978,485.11853,548.6546,3283.964,0.0,0.0,0.0,0.0,13.avi
571,11,2.2,458,552,3145.015,0,154.80641113099446,0.7521181702613831,3,0,431.89035,522.7037,485.09042,581.8204,3145.015,16.071787,121.316666,30.334553606013586,276.6932083347192,13.avi
572,12,2.4,412,592,3866.9211,0,0.0,0.8747145533561707,1,0,380.7971,562.2697,444.9086,622.58527,3866.9211,0.0,0.0,0.0,0.0,13.avi
572,13,2.6,410,625,854.2505,0,168.11669781746204,0.4251235723495483,3,0,397.56006,608.8806,423.07343,642.36304,854.2505,-10.124116,132.51239,32.697203438209065,264.99455551914645,13.avi
573,13,2.6,374,630,2524.866,0,0.0,0.8340095281600952,1,0,348.72168,606.1992,400.27087,655.17896,2524.866,0.0,0.0,0.0,0.0,13.avi
574,14,2.8,360,684,1706.575,0,0.0,0.7961047291755676,1,0,342.56067,661.3422,379.17365,707.9534,1706.575,0.0,0.0,0.0,0.0,13.avi
574,15,3.0,328,714,1624.385,0,222.5340800010993,0.7272258400917053,3,0,309.73236,692.6961,347.0735,736.1973,1624.385,-129.59778,118.95776,44.06586047287816,221.76660106065947,13.avi
575,15,3.0,289,699,1425.2125,0,0.0,0.753666341304779,1,0,269.47778,681.86487,310.4298,716.6669,1425.2125,0.0,0.0,0.0,0.0,13.avi
574,16,3.2,294,741,2971.3135,0,44.03281953961404,0.831016480922699,5,0,266.70245,714.5871,322.46423,767.873,2971.3135,-165.77304,132.65736,8.921581794662938,198.03240463160333,13.avi
575,16,3.2,284,688,1917.6705,0,58.87472390269705,0.844064474105835,3,0,261.5829,668.1695,308.07,709.4211,1917.6705,-20.46849,-41.79871,12.742350603722686,117.85559523759878,13.avi
574,17,3.4,300,767,3719.2388,0,217.2036652990342,0.8635112047195435,7,0,268.9225,737.71783,331.8935,796.7806,3719.2388,-16.295135,130.69267,38.578775541443775,1.1310782135638533,13.avi
576,19,3.8,1044,100,2273.506,0,0.0,0.5912409424781799,1,0,1020.2496,77.08344,1069.5952,123.15653,2273.506,0.0,0.0,0.0,0.0,13.avi
577,20,4.0,1022,155,3329.8508,0,0.0,0.8398629426956177,1,0,993.11914,126.70001,1051.5497,183.6882,3329.8508,0.0,0.0,0.0,0.0,13.avi
577,21,4.2,1047,189,3813.705,0,213.43327964507455,0.4686718881130218,3,0,1015.72437,159.11171,1078.9587,219.42235,3813.705,99.82867,136.01962,41.84769584865501,306.11538501823804,13.avi
578,21,4.2,476,947,3833.7031,0,0.0,0.7420048117637634,1,0,444.9489,917.1207,507.13312,978.7715,3833.7031,0.0,0.0,0.0,0.0,13.avi
577,22,4.4,1041,188,3421.743,0,197.4415029161188,0.6238552927970886,5,0,1011.901,159.85999,1071.8197,216.96637,3421.743,-16.695702,7.5395355,38.7642398628665,132.7380370798557,13.avi
579,22,4.4,423,1002,1863.2347,0,0.0,0.6028473973274231,1,0,401.18494,981.32263,446.05444,1022.84827,1863.2347,0.0,0.0,0.0,0.0,13.avi
580,22,4.4,461,995,1031.9237,0,0.0,0.5561862587928772,1,0,446.11725,978.9331,477.78204,1011.5221,1031.9237,0.0,0.0,0.0,0.0,13.avi
577,23,4.6,1070,168,3041.7727,0,214.31351314009683,0.5485771298408508,7,0,1039.9407,143.447,1100.8716,193.36858,3041.7727,105.57696,-74.95979,38.35943342119923,34.852462387513754,13.avi
581,0,0.0,1000,69,13312.109,0,0.0,0.8495823740959167,1,0,939.8152,14.227379,1060.2887,124.72561,13312.109,0.0,0.0,0.0,0.0,14.avi
581,1,0.2,1023,81,2679.4844,0,130.51251705140507,0.7590710520744324,3,0,994.5115,57.842,1051.5046,104.85611,2679.4844,91.64127,47.39546,25.678874779803667,333.33620909970267,14.avi
582,2,0.4,1031,160,14994.832,0,0.0,0.902096688747406,1,0,968.28784,101.23932,1094.6062,219.94598,14994.832,0.0,0.0,0.0,0.0,14.avi
583,3,0.6,1129,236,9242.873,0,0.0,0.8315621614456177,1,0,1079.3611,190.39401,1179.717,282.4949,9242.873,0.0,0.0,0.0,0.0,14.avi
584,4,0.8,1114,363,15894.735,0,0.0,0.8652546405792236,1,0,1049.7375,302.52405,1179.887,424.65088,15894.735,0.0,0.0,0.0,0.0,14.avi
585,4,0.8,1114,406,2510.6821,0,0.0,0.715527355670929,1,0,1077.1406,389.46814,1151.918,423.04358,2510.6821,0.0,0.0,0.0,0.0,14.avi
584,5,1.0,1154,392,19199.684,0,249.2000766705168,0.4168839156627655,3,0,1080.2009,328.22382,1229.1543,457.12097,19199.684,159.14302,116.10757,48.40404454253883,324.0565252629103,14.avi
585,5,1.0,1132,434,2693.6519,0,167.96534349874014,0.8065117597579956,3,0,1103.514,411.03354,1161.7699,457.27182,2693.6519,72.30615,111.364555,32.78662542412165,302.19894318300226,14.avi
584,6,1.2,1175,462,12785.332,0,247.61362075611063,0.8375481367111206,5,0,1113.7799,410.1279,1236.8693,513.99817,12785.332,107.94083,327.5218,47.52014054434205,255.98749497174603,14.avi
586,7,1.4,1210,307,2055.9841,0,0.0,0.761817455291748,1,0,1186.3313,286.10513,1234.9155,328.42307,2055.9841,0.0,0.0,0.0,0.0,14.avi
587,7,1.4,1226,338,946.26855,0,0.0,0.7239684462547302,1,0,1208.4917,324.6469,1243.6855,351.53424,946.26855,0.0,0.0,0.0,0.0,14.avi
588,7,1.4,1219,448,12021.48,0,0.0,0.8724012970924377,1,0,1166.2548,392.64136,1273.1554,505.09607,12021.48,0.0,0.0,0.0,0.0,14.avi
589,8,1.6,1160,352,11428.597,0,0.0,0.7996245622634888,1,0,1103.5306,301.98364,1216.5929,403.06598,11428.597,0.0,0.0,0.0,0.0,14.avi
589,9,1.8,1104,362,13947.721,0,283.153192279034,0.6678297519683838,3,0,1044.3214,304.99875,1165.4716,420.12625,13947.721,-220.22064,40.070667,56.85684650532213,189.59309539788524,14.avi
589,10,2.0,1050,333,21008.773,0,200.7692163095789,0.3460354208946228,5,0,977.588,261.46777,1123.4838,405.46625,21008.773,-267.46094,-129.85896,39.1123433211725,106.1089486737486,14.avi
590,10,2.0,1022,371,1362.6233,0,0.0,0.612979531288147,1,0,1002.9503,353.38177,1041.4996,388.7293,1362.6233,0.0,0.0,0.0,0.0,14.avi
591,10,2.0,1027,328,2148.2158,0,0.0,0.5095888376235962,1,0,1001.8501,307.77734,1053.354,349.48706,2148.2158,0.0,0.0,0.0,0.0,14.avi
589,11,2.2,1024,338,20189.28,0,229.36328537878467,0.4811664223670959,7,0,952.1179,268.40192,1096.1106,408.61237,20189.28,-163.6506,-10.934204,40.70852903646908,311.46620392643115,14.avi
590,11,2.2,1043,368,1182.5667,0,107.8602564872014,0.4663006067276001,3,0,1023.5338,353.3593,1063.2618,383.12592,1182.5667,84.522354,-11.229262,20.998523192617952,8.366942565611623,14.avi
591,11,2.2,1032,328,1458.7845,0,23.600311679345943,0.3899550139904022,3,0,1013.90826,308.68814,1050.641,348.40164,1458.7845,18.653116,-0.3486,4.443156185325104,8.180190929605601,14.avi
592,11,2.2,1072,334,999.7371,0,0.0,0.7244961261749268,1,0,1057.6555,317.93518,1087.2488,351.71777,999.7371,0.0,0.0,0.0,0.0,14.avi
589,12,2.4,1051,356,14875.477,0,355.05577565731033,0.8556026220321655,9,0,989.6044,295.50867,1112.4908,416.55927,14875.477,65.36182,64.73485,62.780084760688766,341.73151245135307,14.avi
589,13,2.6,1077,366,18106.473,0,76.84174051044079,0.5613371133804321,11,0,1007.58777,301.2185,1147.201,430.9087,18106.473,116.42253,53.513165,13.220455690375646,13.03100835293492,14.avi
591,13,2.6,1024,354,2396.6494,0,163.60752891380108,0.7784105539321899,6,0,1000.1497,330.41116,1049.0935,379.37857,2396.6494,-13.39226,44.814472,32.21182615562484,232.8194004393889,14.avi
593,13,2.6,1061,400,3170.4673,0,0.0,0.5384303331375122,1,0,1030.1995,375.01935,1092.3804,426.00714,3170.4673,0.0,0.0,0.0,0.0,14.avi
590,14,2.8,1164,357,2606.161,0,97.79663592194927,0.7089526653289795,7,0,1136.0004,334.19177,1192.3947,380.4049,2606.161,101.56291,-9.00312,19.30493516861541,353.3592794673401,14.avi
594,14,2.8,1165,432,1564.5101,0,0.0,0.6635924577713013,1,0,1145.7249,411.92142,1184.4648,452.3063,1564.5101,0.0,0.0,0.0,0.0,14.avi
582,15,3.0,1022,183,573.3291,0,121.62366631401235,0.3169948160648346,15,0,1010.7587,171.58939,1035.0835,195.15909,573.3291,-0.50024754,1.3366889,24.317390642884508,247.139531016566,14.avi
588,15,3.0,1185,460,3247.0312,0,183.01765914538072,0.1887207627296447,10,0,1151.8992,436.4688,1218.3679,485.31927,3247.0312,-5.0252223,1.7479696,36.44650860512285,197.78309373579867,14.avi
589,15,3.0,1158,456,16726.025,0,300.7683749958066,0.7762057781219482,14,0,1091.207,393.96472,1225.0496,518.9326,16726.025,135.79976,157.3013,58.81956746474025,280.53275412022106,14.avi
582,16,3.2,1018,182,412.34976,0,21.8616003252199,0.331686407327652,17,0,1008.83514,172.35439,1028.9193,192.88542,412.34976,-18.418367,-3.3050413,5.092918430963538,161.19645676144444,14.avi
595,16,3.2,1245,536,1743.4802,0,0.0,0.5854856967926025,1,0,1221.9463,517.4864,1269.0132,554.529,1743.4802,0.0,0.0,0.0,0.0,14.avi
589,17,3.4,1207,534,14148.82,0,184.0567794795415,0.8011611104011536,17,0,1146.8323,475.86288,1267.9478,592.6838,14148.82,77.25351,127.215744,36.694995737647645,152.701187231973,14.avi
589,18,3.6,1172,530,12503.676,0,336.8616224843979,0.8801062107086182,19,0,1114.8582,475.9651,1229.5437,584.99084,12503.676,-116.54909,15.317566,58.88842396144512,149.69362711095732,14.avi
593,18,3.6,1039,367,272.86377,0,198.09217344735544,0.1726068705320358,7,0,1032.6068,357.84888,1047.3029,376.41608,272.86377,-7.3253574,-11.4612055,40.24894986301534,123.628184496396,14.avi
589,19,3.8,1187,520,15547.49,0,231.31436092651072,0.7439441084861755,21,0,1123.8718,459.20886,1251.3577,581.16345,15547.49,33.66591,-36.489746,40.44328837997109,19.562016728674905,14.avi
593,19,3.8,1046,367,259.33194,0,45.70819196163737,0.2776485979557037,9,0,1038.9722,358.47217,1053.3655,376.4897,259.33194,24.944502,-0.36419773,7.814632104391467,343.9560999614531,14.avi
595,19,3.8,1216,546,3732.713,0,154.07115351596005,0.6195234060287476,5,0,1180.8987,520.2522,1252.1086,572.67065,3732.713,-24.428207,8.812982,31.127176301822363,198.7243559487027,14.avi
596,20,4.0,1208,638,1701.7365,0,0.0,0.8111068606376648,1,0,1188.117,617.80237,1229.5879,658.8368,1701.7365,0.0,0.0,0.0,0.0,14.avi
597,20,4.0,1168,644,1374.7393,0,0.0,0.7742946147918701,1,0,1150.3418,625.9907,1187.5476,662.9403,1374.7393,0.0,0.0,0.0,0.0,14.avi
596,21,4.2,1233,664,14207.802,0,182.5791606477869,0.5354902148246765,3,0,1188.6456,585.45306,1278.048,744.37286,14207.802,97.78218,106.161125,35.2503862742386,313.23799083991474,14.avi
598,21,4.2,1259,719,2044.2151,0,0.0,0.6760734915733337,1,0,1239.644,693.818,1279.6995,744.85266,2044.2151,0.0,0.0,0.0,0.0,14.avi
596,22,4.4,1228,738,11997.654,0,298.4249481949418,0.8650330901145935,5,0,1180.1022,676.6477,1277.6879,799.5924,11997.654,-12.154045,344.1605,57.52468419971248,244.34741483906103,14.avi
596,23,4.6,1215,805,4513.907,0,60.01783389674729,0.3955397307872772,7,0,1182.285,771.5151,1249.4073,838.764,4513.907,-52.87239,337.2095,11.62925324068074,170.33627201552395,14.avi
599,23,4.6,1212,882,1024.9475,0,0.0,0.6949213147163391,1,0,1196.2611,867.6133,1229.6774,898.2854,1024.9475,0.0,0.0,0.0,0.0,14.avi
600,23,4.6,1235,857,810.349,0,0.0,0.5403947830200195,1,0,1220.3506,843.8508,1250.5742,870.6626,810.349,0.0,0.0,0.0,0.0,14.avi
601,23,4.6,1193,804,1028.3274,0,0.0,0.5284733176231384,1,0,1179.1973,786.2516,1207.2017,822.9718,1028.3274,0.0,0.0,0.0,0.0,14.avi
602,23,4.6,1189,847,2272.0874,0,0.0,0.6789585947990417,1,0,1165.3689,824.49976,1214.2278,871.0028,2272.0874,0.0,0.0,0.0,0.0,14.avi
603,24,4.8,1121,939,1207.799,0,0.0,0.7966306209564209,1,0,1102.3759,923.4031,1140.5651,955.0298,1207.799,0.0,0.0,0.0,0.0,14.avi
604,24,4.8,1168,963,8060.054,0,0.0,0.7925766110420227,1,0,1119.1909,923.13116,1218.2532,1004.4947,8060.054,0.0,0.0,0.0,0.0,14.avi
605,24,4.8,1117,969,491.8091,0,0.0,0.5713872313499451,1,0,1107.769,956.4556,1126.2524,983.0638,491.8091,0.0,0.0,0.0,0.0,14.avi
606,24,4.8,1149,897,2514.878,0,0.0,0.6082874536514282,1,0,1126.8936,869.3489,1172.2515,924.79407,2514.878,0.0,0.0,0.0,0.0,14.avi
604,25,5.0,1176,998,6811.4893,0,181.26649225489888,0.8107072114944458,3,0,1107.6774,974.1588,1246.0367,1023.38916,6811.4893,32.475048,139.56522,34.95317667087399,282.0180661885562,14.avi
607,0,0.0,887,494,1421.1664,0,0.0,0.8731972575187683,1,0,868.1334,476.4124,907.01624,512.9624,1421.1664,0.0,0.0,0.0,0.0,15.avi
608,0,0.0,952,46,952.852,0,0.0,0.8404109477996826,1,0,937.1492,31.493649,967.90063,62.47923,952.852,0.0,0.0,0.0,0.0,15.avi
607,1,0.2,868,520,1540.6202,0,162.11807734891835,0.8517192006111145,3,0,848.54266,500.42438,887.5549,539.9151,1540.6202,-77.94841,101.725945,31.998456610763867,232.2843660076399,15.avi
608,1,0.2,954,50,909.75726,0,18.36453647438236,0.8385199308395386,3,0,939.5436,34.676888,968.786,65.78775,909.75726,6.546443,12.957607,3.3552145230399915,296.08112584464624,15.avi
607,2,0.4,856,555,1475.7322,0,82.1620075342994,0.6156631112098694,5,0,837.63855,536.50726,876.2252,574.7519,1475.7322,-57.467102,170.93762,14.911555787074043,283.73665811797935,15.avi
608,2,0.4,957,54,1031.7529,0,14.99071875355427,0.8276430368423462,5,0,941.91187,38.30431,973.51917,70.94711,1031.7529,16.810421,21.208603,1.92661192285651,322.3758928170037,15.avi
609,2,0.4,1211,353,5664.06,0,0.0,0.7162078022956848,1,0,1175.7587,313.89493,1246.5714,393.88138,5664.06,0.0,0.0,0.0,0.0,15.avi
607,3,0.6,846,567,1999.8362,0,126.57017776519052,0.8827316761016846,7,0,824.2828,544.53467,868.5517,589.70935,1999.8362,-53.713726,83.906364,22.823986077171373,88.59024758339655,15.avi
608,3,0.6,966,61,1245.264,0,35.61585013718538,0.8277602195739746,7,0,949.3815,43.75677,984.381,79.33624,1245.264,39.066235,31.482338,5.364523180875903,336.576032509474,15.avi
610,3,0.6,1088,332,9181.366,0,0.0,0.7957412004470825,1,0,1038.4604,286.4837,1138.0664,378.66058,9181.366,0.0,0.0,0.0,0.0,15.avi
611,3,0.6,1025,78,620.18475,0,0.0,0.7091584801673889,1,0,1012.7401,66.70557,1038.0282,91.23035,620.18475,0.0,0.0,0.0,0.0,15.avi
607,4,0.8,842,569,1918.8278,0,91.54563242819717,0.8489267230033875,9,0,820.07056,548.16797,865.4166,590.48315,1918.8278,-26.579622,27.951305,16.19009244924126,67.00181694753184,15.avi
608,4,0.8,983,80,1646.4042,0,87.64548432794403,0.8536719083786011,9,0,963.1919,60.20803,1003.0287,101.53681,1646.4042,71.36952,81.49465,14.723286891702372,304.34045730713626,15.avi
612,4,0.8,1077,278,5781.2666,0,0.0,0.7201119065284729,1,0,1034.2468,245.0539,1120.2478,312.27716,5781.2666,0.0,0.0,0.0,0.0,15.avi
607,5,1.0,821,569,2184.936,0,97.3254923385015,0.8530218005180359,11,0,795.9544,547.8516,846.1431,591.3859,2184.936,-89.58217,7.5758953,17.46039878581691,160.19534966974015,15.avi
608,5,1.0,987,112,1615.7837,0,101.80502069545796,0.8023484945297241,11,0,967.7404,91.5554,1006.99677,132.71524,1615.7837,32.843834,139.05453,18.10305568836897,234.99717889187588,15.avi
610,5,1.0,1043,317,653.792,0,235.3122778515338,0.2237613797187805,4,0,1031.341,304.43222,1056.0355,330.90744,653.792,-73.074135,-24.43004,47.86720740917297,161.0150574949214,15.avi
613,5,1.0,1019,348,1241.7365,0,0.0,0.6786181926727295,1,0,999.6233,333.0095,1039.2598,364.33762,1241.7365,0.0,0.0,0.0,0.0,15.avi
614,5,1.0,1011,320,8132.5103,0,0.0,0.5140058994293213,1,0,967.49414,274.51797,1056.164,366.23477,8132.5103,0.0,0.0,0.0,0.0,15.avi
608,6,1.2,974,135,1466.5985,0,114.62854813368524,0.7320422530174255,13,0,955.4285,115.72685,993.00433,154.75725,1466.5985,-43.00376,120.96204,20.54176746070481,166.06689794879583,15.avi
615,6,1.2,907,468,4825.8667,0,0.0,0.8527203798294067,1,0,870.9335,434.69638,943.3248,501.35995,4825.8667,0.0,0.0,0.0,0.0,15.avi
616,6,1.2,860,508,896.7036,0,0.0,0.818446695804596,1,0,844.4911,493.9414,875.8771,522.5116,896.7036,0.0,0.0,0.0,0.0,15.avi
608,7,1.4,972,143,1407.7649,0,95.59934950479244,0.81394362449646,15,0,953.6967,125.0007,990.9245,162.81561,1407.7649,-17.255295,61.248726,17.630977485701298,68.77021685465974,15.avi
617,7,1.4,834,581,1065.2211,0,0.0,0.8397183418273926,1,0,818.7826,564.41504,850.85535,597.6277,1065.2211,0.0,0.0,0.0,0.0,15.avi
618,7,1.4,854,605,769.9699,0,0.0,0.7719504237174988,1,0,840.6979,591.75775,867.9169,620.0457,769.9699,0.0,0.0,0.0,0.0,15.avi
619,7,1.4,881,543,779.36926,0,0.0,0.6055391430854797,1,0,867.714,529.0969,894.6582,558.0222,779.36926,0.0,0.0,0.0,0.0,15.avi
620,7,1.4,857,548,427.61682,0,0.0,0.5062528252601624,1,0,847.83514,537.89185,867.1806,559.9961,427.61682,0.0,0.0,0.0,0.0,15.avi
608,8,1.6,975,149,1922.6519,0,55.92544587830564,0.8913960456848145,17,0,953.8758,127.02338,997.55914,171.03671,1922.6519,9.119883,33.83531,9.430828686363917,49.37517658346263,15.avi
621,8,1.6,778,660,1637.9441,0,0.0,0.8227132558822632,1,0,758.89355,639.6266,798.6493,680.8268,1637.9441,0.0,0.0,0.0,0.0,15.avi
622,8,1.6,783,605,1888.1138,0,0.0,0.7719165682792664,1,0,763.61426,582.1438,803.3113,629.7069,1888.1138,0.0,0.0,0.0,0.0,15.avi
608,9,1.8,969,159,1802.3145,0,47.87264008697869,0.8535175919532776,19,0,948.84076,138.16428,991.0346,180.87936,1802.3145,-20.123716,48.16042,9.122214087813806,200.55519271915955,15.avi
623,9,1.8,643,712,4375.9043,0,0.0,0.6759153604507446,1,0,611.3788,677.6181,674.82654,746.58673,4375.9043,0.0,0.0,0.0,0.0,15.avi
624,9,1.8,989,592,319.45282,0,0.0,0.5888186097145081,1,0,980.20544,583.6459,997.8883,601.71155,319.45282,0.0,0.0,0.0,0.0,15.avi
608,10,2.0,963,176,1459.7899,0,44.713418890881336,0.8253977298736572,21,0,944.7212,157.2382,982.2599,196.12581,1459.7899,-29.44015,77.11319,7.44005656536606,246.950613131203,15.avi
624,10,2.0,978,599,337.2912,0,63.74661324716724,0.4003245532512665,3,0,968.9919,591.2529,988.4329,608.6024,337.2912,-41.255424,28.937902,12.72761339282849,209.7792338957925,15.avi
625,10,2.0,518,780,4841.153,0,0.0,0.8202000260353088,1,0,479.7884,749.8346,557.76434,811.9198,4841.153,0.0,0.0,0.0,0.0,15.avi
608,11,2.2,959,191,1328.4453,0,10.418020131177892,0.843144416809082,23,0,941.05505,173.13876,977.51697,209.57251,1328.4453,-22.96556,74.23253,1.7813301635677152,38.3251569265604,15.avi
620,11,2.2,865,559,480.0141,0,68.57995443129532,0.2992855310440063,6,0,855.28015,548.46674,876.3605,571.2375,480.0141,4.2505083,5.5778036,12.54016362833849,306.6875173266365,15.avi
626,11,2.2,402,837,2080.4023,0,0.0,0.7476118803024292,1,0,378.85788,815.7322,426.93307,859.0061,2080.4023,0.0,0.0,0.0,0.0,15.avi
627,11,2.2,431,865,1524.1377,0,0.0,0.7154155373573303,1,0,413.6706,843.8687,449.66437,886.2132,1524.1377,0.0,0.0,0.0,0.0,15.avi
608,12,2.4,953,211,1365.8591,0,32.90596783357172,0.8198490142822266,25,0,935.0873,193.44272,972.0608,230.38431,1365.8591,-27.2686,96.19818,5.087749222970607,250.5651504758477,15.avi
620,12,2.4,886,573,681.16833,0,133.38052303796715,0.3985650837421417,8,0,873.15594,560.8013,899.9393,586.23376,681.16833,86.188774,57.311333,22.7686287937844,328.098422051567,15.avi
608,13,2.6,952,223,1428.778,0,47.54608050187779,0.8254635334014893,27,0,933.0879,204.87727,971.00684,242.55708,1428.778,-12.165307,67.59976,9.02917299356094,64.55243233357072,15.avi
620,13,2.6,891,579,772.8975,0,78.12141337864126,0.7524864673614502,10,0,876.8219,565.7863,905.31287,592.9141,772.8975,36.78251,35.44185,14.114633503580723,154.93416182861515,15.avi
628,0,0.0,913,180,2543.3752,0,0.0,0.639340341091156,1,0,886.20874,156.5993,939.975,203.90363,2543.3752,0.0,0.0,0.0,0.0,16.avi
628,1,0.2,931,170,3751.5605,0,105.54298461059314,0.2163054198026657,3,0,900.0706,140.3953,962.84515,200.15771,3751.5605,73.31746,-39.820194,20.634778519593457,29.78885650732218,16.avi
628,2,0.4,918,194,2605.2434,0,220.12023371650835,0.3651291728019714,5,0,893.5225,169.09637,944.4549,220.24744,2605.2434,-50.926674,108.35776,42.366409664324586,228.4122441139174,16.avi
628,3,0.6,924,227,4213.8896,0,108.57982155623806,0.4869574308395386,7,0,892.5881,194.72191,957.2236,259.91656,4213.8896,10.823177,150.44775,18.56071589411744,324.960230721646,16.avi
629,5,1.0,899,233,2616.1516,0,0.0,0.8692728281021118,1,0,873.5116,208.41849,924.8622,259.36536,2616.1516,0.0,0.0,0.0,0.0,16.avi
630,6,1.2,957,290,3450.755,0,0.0,0.8746880292892456,1,0,930.3468,258.08087,984.2816,322.06097,3450.755,0.0,0.0,0.0,0.0,16.avi
630,7,1.4,945,311,2430.6838,0,122.49728911198662,0.8587685823440552,3,0,918.26086,288.59375,972.2301,333.63214,2430.6838,-48.17845,84.00006,24.2830396201981,239.52838005411868,16.avi
630,8,1.6,908,329,994.22705,0,143.89701848987545,0.7708054780960083,5,0,891.09296,314.32965,924.9578,343.6883,994.22705,-174.49094,89.01878,27.631193018442826,182.25464964936933,16.avi
631,8,1.6,883,348,2567.6082,0,0.0,0.8744815587997437,1,0,856.85706,324.18512,910.54016,372.0141,2567.6082,0.0,0.0,0.0,0.0,16.avi
631,9,1.8,856,344,697.8893,0,139.06690922488357,0.6396925449371338,3,0,844.79736,329.317,868.0415,359.34128,697.8893,-108.899025,-15.051801,28.00035185917456,171.58090124642672,16.avi
632,9,1.8,826,347,1058.9996,0,0.0,0.8281697034835815,1,0,808.8657,331.81256,843.6841,362.22754,1058.9996,0.0,0.0,0.0,0.0,16.avi
633,9,1.8,811,373,707.23,0,0.0,0.7472702860832214,1,0,797.181,361.89136,826.6936,385.85504,707.23,0.0,0.0,0.0,0.0,16.avi
632,10,2.0,812,354,2115.8638,0,79.22095684019844,0.8665812015533447,3,0,787.8242,333.22095,837.27295,376.01,2115.8638,-54.795578,30.321085,15.890013789939376,206.05708714112356,16.avi
632,11,2.2,811,359,1316.423,0,51.690702439472645,0.804315984249115,5,0,792.7152,342.2239,830.2147,377.32895,1316.423,-9.574558,26.18493,9.559251178071714,10.120169996297308,16.avi
633,11,2.2,829,382,663.1496,0,96.66867377000725,0.8226267695426941,4,0,815.835,370.01205,842.75653,394.6448,663.1496,28.45649,13.861019,18.899207436493462,334.53196524658523,16.avi
634,11,2.2,844,357,561.9702,0,0.0,0.6927132606506348,1,0,833.3242,344.88745,855.53467,370.1895,561.9702,0.0,0.0,0.0,0.0,16.avi
632,12,2.4,810,371,584.083,0,38.2838004513118,0.6941499710083008,7,0,798.0468,359.97717,822.67206,383.69598,584.083,-6.47083,52.350388,6.003457632783139,274.29827307741976,16.avi
633,12,2.4,848,379,601.65204,0,83.88017061986294,0.7802127599716187,6,0,836.4233,367.58704,861.52057,391.5598,601.65204,86.04285,-8.898859,14.372003572768726,25.117836747617105,16.avi
634,12,2.4,840,363,481.9393,0,34.873978985382124,0.6499723196029663,3,0,828.85767,352.53998,851.73755,373.60382,481.9393,-16.49445,22.08954,7.031937148703982,230.95698056897464,16.avi
635,12,2.4,830,347,275.09808,0,0.0,0.6733013987541199,1,0,821.92053,339.082,838.2328,355.9465,275.09808,0.0,0.0,0.0,0.0,16.avi
636,13,2.6,821,430,1335.6431,0,0.0,0.7878624796867371,1,0,800.2615,414.31976,841.7578,446.50677,1335.6431,0.0,0.0,0.0,0.0,16.avi
636,14,2.8,846,421,3181.955,0,136.11539426640852,0.8943990468978882,3,0,819.3972,391.9218,873.41064,450.83228,3181.955,101.37433,-36.072742,26.70444811897609,20.64019057641559,16.avi
636,15,3.0,859,392,3832.507,0,120.95053624987148,0.5141515731811523,5,0,828.7167,361.0777,890.5918,423.01703,3832.507,69.208145,-137.34082,23.455068019437046,109.10996300970696,16.avi
636,16,3.2,880,368,2724.5945,0,42.22170823182179,0.7882723212242126,7,0,854.94934,341.25244,905.12976,395.54846,2724.5945,94.30199,-122.68701,7.348870120414922,332.2582258288203,16.avi
636,17,3.4,861,346,3865.9395,0,211.56873608256976,0.8377364873886108,9,0,830.9874,314.82117,892.10645,378.07373,3865.9395,-49.074112,-112.767,37.960161149794175,183.2271653702416,16.avi
637,19,3.8,845,328,4439.9165,0,0.0,0.9020453691482544,1,0,813.8528,293.19812,877.3512,363.1198,4439.9165,0.0,0.0,0.0,0.0,16.avi
637,20,4.0,854,329,3531.6934,0,47.68259130436733,0.8245857357978821,3,0,820.6889,304.11252,889.06085,355.76663,3531.6934,37.01746,7.1081834,8.440018619970928,354.28107868500706,16.avi
637,22,4.4,853,360,4726.442,0,176.24555378326224,0.5154033899307251,6,0,816.85455,328.2653,890.52313,392.4235,4726.442,-2.7676468,51.55837,35.29186034776322,226.96358990914348,16.avi
638,1,0.2,200,632,1489.9663,0,0.0,0.8419791460037231,1,0,180.56174,614.5687,221.3953,651.0575,1489.9663,0.0,0.0,0.0,0.0,17.avi
639,1,0.2,866,42,8562.291,0,0.0,0.5125223398208618,1,0,815.14655,0.7191582,918.76227,83.3542,8562.291,0.0,0.0,0.0,0.0,17.avi
638,2,0.4,171,629,1267.07,0,149.9820213099193,0.6798256635665894,3,0,154.14731,610.83856,188.88129,647.3178,1267.07,-117.62162,-14.909948,30.220046486257463,172.75120094513034,17.avi
640,3,0.6,665,257,4697.4053,0,0.0,0.8496212363243103,1,0,630.98315,222.87091,699.40283,291.52667,4697.4053,0.0,0.0,0.0,0.0,17.avi
641,4,0.8,778,635,2201.6462,0,0.0,0.839825451374054,1,0,753.97363,612.7312,802.37756,658.21606,2201.6462,0.0,0.0,0.0,0.0,17.avi
642,4,0.8,671,316,1126.8818,0,0.0,0.6227442622184753,1,0,652.2325,301.93707,690.45575,331.41864,1126.8818,0.0,0.0,0.0,0.0,17.avi
643,4,0.8,673,351,4974.1797,0,0.0,0.5040158629417419,1,0,634.4701,319.65103,712.0134,383.79813,4974.1797,0.0,0.0,0.0,0.0,17.avi
644,5,1.0,641,587,895.9026,0,0.0,0.840542733669281,1,0,626.3162,572.55273,657.179,601.5813,895.9026,0.0,0.0,0.0,0.0,17.avi
645,5,1.0,561,487,1191.216,0,0.0,0.5279446244239807,1,0,544.86304,469.19046,578.0681,505.06497,1191.216,0.0,0.0,0.0,0.0,17.avi
646,6,1.2,494,560,2723.8127,0,0.0,0.7968653440475464,1,0,469.06885,534.4941,520.5437,587.4095,2723.8127,0.0,0.0,0.0,0.0,17.avi
647,6,1.2,517,595,1089.087,0,0.0,0.7726060748100281,1,0,500.2992,580.1763,535.2853,611.3054,1089.087,0.0,0.0,0.0,0.0,17.avi
648,6,1.2,438,781,707.1842,0,0.0,0.6212378144264221,1,0,425.85742,767.5152,452.00427,794.5618,707.1842,0.0,0.0,0.0,0.0,17.avi
649,7,1.4,1038,453,1799.9816,0,0.0,0.8319644927978516,1,0,1016.0477,433.8739,1060.7726,474.11957,1799.9816,0.0,0.0,0.0,0.0,17.avi
650,7,1.4,419,699,3730.7397,0,0.0,0.7451462149620056,1,0,381.52515,674.6885,457.1106,724.0464,3730.7397,0.0,0.0,0.0,0.0,17.avi
651,7,1.4,207,818,1763.4685,0,0.0,0.739243745803833,1,0,186.44601,797.23584,228.47025,839.199,1763.4685,0.0,0.0,0.0,0.0,17.avi
652,7,1.4,420,648,2158.5547,0,0.0,0.5328191518783569,1,0,398.03323,624.0365,442.3013,672.7975,2158.5547,0.0,0.0,0.0,0.0,17.avi
640,8,1.6,622,234,765.7412,0,243.89543358000796,0.3870802819728851,7,0,608.3231,220.4141,635.9652,248.11606,765.7412,-14.780722,-7.8742375,49.02875264283666,151.75992455907476,17.avi
649,8,1.6,1002,466,1239.2875,0,190.08310741073444,0.2118847370147705,3,0,982.4377,451.30725,1023.3438,481.60315,1239.2875,-141.79408,49.734364,38.33768195852159,198.2457369569587,17.avi
653,8,1.6,538,549,962.2285,0,0.0,0.5460032224655151,1,0,521.7594,535.3265,554.6913,564.5452,962.2285,0.0,0.0,0.0,0.0,17.avi
654,8,1.6,342,774,5021.1216,0,0.0,0.5386441946029663,1,0,298.7992,745.23645,385.71875,803.0039,5021.1216,0.0,0.0,0.0,0.0,17.avi
655,0,0.0,292,643,2065.0605,0,0.0,0.5098849534988403,1,0,269.9904,620.54425,314.87253,666.555,2065.0605,0.0,0.0,0.0,0.0,18.avi
656,2,0.4,989,223,2644.0098,0,0.0,0.8345150351524353,1,0,963.70087,198.70943,1016.2083,249.06438,2644.0098,0.0,0.0,0.0,0.0,18.avi
656,3,0.6,976,184,4321.983,0,209.43993538342784,0.5747489929199219,3,0,943.91235,151.44818,1008.9365,217.91556,4321.983,-54.012497,-156.50711,42.25749066538484,109.28259063380888,18.avi
657,4,0.8,935,216,1839.9413,0,0.0,0.7574426531791687,1,0,914.60657,194.36087,957.0436,237.71786,1839.9413,0.0,0.0,0.0,0.0,18.avi
657,5,1.0,899,231,1380.8073,0,201.34801150013416,0.7233095765113831,3,0,879.6971,214.2969,918.82623,249.58533,1380.8073,-145.96184,63.48006,39.74803817590162,202.11004439366675,18.avi
657,6,1.2,828,259,2410.6482,0,229.3792675234242,0.8583627343177795,5,0,803.5318,235.29831,853.65656,283.39127,2410.6482,-335.88147,130.82828,44.45352521753756,198.8504155676971,18.avi
657,7,1.4,770,258,2194.163,0,156.09429889434537,0.8582731485366821,7,0,746.35034,235.81862,793.91235,281.95126,2194.163,-302.4672,28.724602,28.8179883504502,72.6742875694618,18.avi
657,8,1.6,709,266,2263.463,0,12.802672910688257,0.8727755546569824,9,0,685.0127,243.45615,733.3845,290.2491,2263.463,-304.15363,37.256393,1.5113529876691063,245.0328700949541,18.avi
658,8,1.6,586,13,1034.2621,0,0.0,0.7250459790229797,1,0,566.8373,-9.536743e-07,605.23694,26.934147,1034.2621,0.0,0.0,0.0,0.0,18.avi
659,8,1.6,550,29,2219.0369,0,0.0,0.7425939440727234,1,0,526.0322,6.763771,574.8479,52.221237,2219.0369,0.0,0.0,0.0,0.0,18.avi
660,9,1.8,644,205,2421.6956,0,0.0,0.8669813275337219,1,0,619.71545,180.95496,669.6627,229.44,2421.6956,0.0,0.0,0.0,0.0,18.avi
661,9,1.8,606,95,4245.46,0,0.0,0.8257785439491272,1,0,567.6487,67.95033,645.7085,122.3376,4245.46,0.0,0.0,0.0,0.0,18.avi
662,9,1.8,1148,995,2734.8633,0,0.0,0.6641116142272949,1,0,1123.6682,967.9763,1174.2153,1022.08154,2734.8633,0.0,0.0,0.0,0.0,18.avi
661,10,2.0,578,125,1272.2732,0,208.240403242255,0.7025967836380005,3,0,559.89734,107.9502,596.88525,142.34714,1272.2732,-112.92324,119.77927,41.39860124845215,226.15236929301705,18.avi
663,10,2.0,540,158,1150.1884,0,0.0,0.8195735216140747,1,0,525.0421,139.83499,556.0685,176.90631,1150.1884,0.0,0.0,0.0,0.0,18.avi
664,10,2.0,628,143,814.7888,0,0.0,0.7975004315376282,1,0,613.3174,129.57578,643.58276,156.49725,814.7888,0.0,0.0,0.0,0.0,18.avi
665,10,2.0,572,158,827.4441,0,0.0,0.7385873794555664,1,0,558.0272,144.16844,586.9396,172.78749,827.4441,0.0,0.0,0.0,0.0,18.avi
666,10,2.0,556,189,1031.5999,0,0.0,0.6896613240242004,1,0,539.74896,174.31448,573.27496,205.08463,1031.5999,0.0,0.0,0.0,0.0,18.avi
667,10,2.0,1088,1011,1211.6664,0,0.0,0.6434905529022217,1,0,1061.8918,1000.2595,1114.1641,1023.43945,1211.6664,0.0,0.0,0.0,0.0,18.avi
668,10,2.0,456,387,357.7437,0,0.0,0.589744508266449,1,0,446.72583,378.31183,466.83008,396.10626,357.7437,0.0,0.0,0.0,0.0,18.avi
669,11,2.2,519,228,2057.3735,0,0.0,0.7992112636566162,1,0,493.02893,209.76016,546.4955,248.23978,2057.3735,0.0,0.0,0.0,0.0,18.avi
669,12,2.4,512,260,9094.164,0,162.3636917078412,0.5179665088653564,3,0,461.77487,215.85872,563.8745,304.93018,9094.164,-27.69452,125.327255,31.95706103644016,255.94253728946563,18.avi
669,13,2.6,556,300,10917.711,0,269.0270768035406,0.8759636282920837,5,0,502.7752,249.90317,610.4904,351.26035,10917.711,198.27158,194.57217,50.83786062736503,343.380812242014,18.avi
669,14,2.8,626,309,6996.3223,0,237.99926095240963,0.8549002408981323,7,0,585.6425,267.01917,667.8719,352.10217,6996.3223,315.11853,79.77518,42.57784855193983,45.74535187224416,18.avi
670,15,3.0,636,358,3002.9634,0,0.0,0.8465139865875244,1,0,611.46216,327.56372,660.7296,388.516,3002.9634,0.0,0.0,0.0,0.0,18.avi
671,16,3.2,622,443,5156.0454,0,0.0,0.888080894947052,1,0,586.16187,407.9391,658.4636,479.25195,5156.0454,0.0,0.0,0.0,0.0,18.avi
672,17,3.4,673,516,6458.0957,0,0.0,0.8376436829566956,1,0,627.31946,481.4447,719.4852,551.51514,6458.0957,0.0,0.0,0.0,0.0,18.avi
673,18,3.6,674,569,4422.316,0,0.0,0.8038331866264343,1,0,636.0626,540.7047,712.93787,598.2306,4422.316,0.0,0.0,0.0,0.0,18.avi
674,19,3.8,749,569,10418.829,0,0.0,0.6607897281646729,1,0,693.43585,523.4845,805.89435,616.1305,10418.829,0.0,0.0,0.0,0.0,18.avi
675,22,4.4,861,797,8109.2085,0,0.0,0.7029562592506409,1,0,814.62427,754.1605,909.2219,839.88367,8109.2085,0.0,0.0,0.0,0.0,18.avi
676,0,0.0,629,805,17945.111,0,0.0,0.6715252995491028,1,0,562.50836,738.81854,697.1186,872.1302,17945.111,0.0,0.0,0.0,0.0,20.avi
676,3,0.6,662,851,15720.681,0,282.28404101581884,0.646533727645874,5,0,595.1426,793.16016,730.18005,909.5773,15720.681,27.692297,38.691162,55.75442324879543,305.26022653862964,20.avi
676,5,1.0,682,862,20590.799,0,60.73403864734397,0.780551552772522,8,0,608.1145,793.3361,756.03015,932.5424,20590.799,32.75905,17.587711,12.874696704413576,77.78823010928124,20.avi
676,6,1.2,688,817,22360.457,0,284.0367312752411,0.9061587452888488,10,0,613.0539,742.9397,763.70294,891.3672,22360.457,31.818903,-171.03297,49.46072531612293,90.7230353443141,20.avi
676,7,1.4,634,835,26471.854,0,450.1021514344491,0.7718639969825745,12,0,552.03046,755.0479,717.1175,915.39874,26471.854,-201.59454,31.765717,79.99465592798599,220.59500243542996,20.avi
676,8,1.6,582,819,23544.75,0,143.68145672480378,0.7786833047866821,14,0,505.9345,742.1886,659.1962,895.813,23544.75,-246.5404,-55.03569,25.688206567960552,118.49419607192316,20.avi
676,9,1.8,585,802,19758.258,0,295.48552409859457,0.5952566266059875,16,0,515.8336,730.7998,654.52014,873.2667,19758.258,-46.88005,-77.95682,52.0887193322088,6.6074448686223946,20.avi
677,12,2.4,536,783,15111.036,0,0.0,0.810385525226593,1,0,477.64307,719.3568,594.58325,848.577,15111.036,0.0,0.0,0.0,0.0,20.avi
677,13,2.6,563,761,26614.232,0,181.3749212091534,0.8826184868812561,3,0,481.00635,681.01,646.8544,841.48364,26614.232,111.04659,-90.69897,35.36073493491583,40.50417375678035,20.avi
677,14,2.8,620,732,22499.516,0,188.1090147660351,0.8516388535499573,5,0,547.2909,656.29675,694.2013,809.4481,22499.516,269.51373,-137.56448,35.63551730311599,18.16080486566545,20.avi
677,15,3.0,619,677,20703.205,0,344.52765230270484,0.903598964214325,7,0,547.40936,605.7778,691.22845,749.7309,20703.205,57.333984,-243.4252,62.45847167091502,152.9958761999701,20.avi
678,15,3.0,1123,64,1439.9843,0,0.0,0.8514665961265564,1,0,1104.8857,45.301666,1142.2178,83.87402,1439.9843,0.0,0.0,0.0,0.0,20.avi
677,16,3.2,598,601,21105.648,0,242.2942486473015,0.916569709777832,9,0,526.60583,527.5241,669.43445,675.29315,21105.648,-68.43352,-349.5979,43.16001254668986,139.43172351646928,20.avi
679,16,3.2,1084,126,1323.7203,0,0.0,0.8156824707984924,1,0,1065.9875,108.58583,1102.9392,144.40886,1323.7203,0.0,0.0,0.0,0.0,20.avi
680,17,3.4,627,693,21972.326,0,0.0,0.88957679271698,1,0,549.99805,622.6935,704.723,764.7024,21972.326,0.0,0.0,0.0,0.0,20.avi
680,18,3.6,649,630,24346.855,0,335.8547398859517,0.8312476277351379,3,0,572.7808,551.3953,725.8575,710.4454,24346.855,87.65927,-250.60915,67.27327581889462,71.23634669370892,20.avi
680,19,3.8,635,597,20426.66,0,185.87762758298803,0.8652950525283813,5,0,561.6538,528.8195,709.4768,667.00275,20426.66,-55.601837,-172.24823,35.73478556600633,206.96082083454692,20.avi
681,19,3.8,946,295,1644.0524,0,0.0,0.8405003547668457,1,0,924.2458,277.1327,969.05096,313.82605,1644.0524,0.0,0.0,0.0,0.0,20.avi
682,19,3.8,582,238,828.6183,0,0.0,0.5603762269020081,1,0,568.5631,224.04895,596.6317,253.57013,828.6183,0.0,0.0,0.0,0.0,20.avi
680,20,4.0,618,581,14480.152,0,107.99233744141446,0.272150456905365,7,0,555.317,524.0089,680.71436,639.48303,14480.152,-80.25691,-102.130684,18.685202095776013,249.8229361287239,20.avi
680,21,4.2,628,536,11348.646,0,204.1231924480112,0.6536509990692139,9,0,574.08276,483.65796,681.9187,588.89795,11348.646,19.68148,-198.25153,36.31737136425208,44.2013650022152,20.avi
680,22,4.4,639,509,15446.977,0,86.76231870881335,0.886982798576355,11,0,576.7131,448.59778,702.9134,570.9983,15446.977,49.977898,-147.5908,14.246454951464155,299.72064578007263,20.avi
683,23,4.6,603,595,27947.332,0,0.0,0.897018551826477,1,0,520.1105,511.85596,687.068,679.2478,27947.332,0.0,0.0,0.0,0.0,20.avi
683,24,4.8,653,609,26569.775,0,261.233086144,0.7872918248176575,3,0,578.4306,521.1433,728.1707,698.5825,26569.775,198.4487,57.12987,51.20816136945738,344.7746132628756,20.avi
684,24,4.8,708,634,1142.5442,0,0.0,0.5186734795570374,1,0,692.35205,616.8062,723.975,652.93646,1142.5442,0.0,0.0,0.0,0.0,20.avi
685,25,5.0,613,688,5123.828,0,0.0,0.6498357653617859,1,0,573.163,656.13525,653.1612,720.1846,5123.828,0.0,0.0,0.0,0.0,20.avi
686,26,5.2,558,682,18602.479,0,0.0,0.8792441487312317,1,0,493.79846,610.3917,623.6178,753.6869,18602.479,0.0,0.0,0.0,0.0,20.avi
687,28,5.6,500,630,15117.69,0,0.0,0.5576652884483337,1,0,442.89404,565.15576,557.86163,696.651,15117.69,0.0,0.0,0.0,0.0,20.avi
686,29,5.8,551,616,18681.79,0,330.4061574490232,0.8066999316215515,5,0,488.0084,542.9243,615.20184,689.8013,18681.79,-5.9881773,-55.368443,66.48763259332374,96.65745860914558,20.avi
686,30,6.0,583,652,23852.746,0,326.9882183777651,0.786872148513794,7,0,510.82587,570.1807,656.05035,734.42816,23852.746,127.93828,135.26068,56.95769435363013,304.90542081452315,20.avi
686,31,6.2,606,697,24164.475,0,101.70009924930712,0.6976898312568665,9,0,531.11395,617.27814,682.1346,777.28595,24164.475,118.61172,204.87793,17.90100329443739,260.2687355568149,20.avi
686,32,6.4,616,673,25239.635,0,375.4028827661124,0.8319756984710693,11,0,539.0123,592.1404,694.6846,754.27356,25239.635,66.75015,-45.054398,66.81604343980393,102.39899355778384,20.avi
686,33,6.6,593,707,24639.71,0,319.30505089157435,0.8417189121246338,13,0,517.2954,627.0002,670.4553,787.8759,24639.71,-72.9362,121.23935,56.70891226558131,229.00790816270376,20.avi
687,36,7.2,543,692,29230.979,0,374.7747716721953,0.8610958456993103,10,0,453.79083,610.73035,633.01276,773.8297,29230.979,6.2538524,8.921548,74.4946004272535,304.9003597698587,20.avi
687,37,7.4,529,661,29836.379,0,196.99156314325225,0.8506906032562256,12,0,440.95996,577.1332,617.07776,746.5447,29836.379,-62.26947,-132.32379,36.58214722740743,115.33278055968076,20.avi
687,38,7.6,559,609,27681.848,0,282.7740755523874,0.8624702095985413,14,0,477.18106,525.7765,642.7202,692.9989,27681.848,105.75188,-232.96252,49.96328401058384,31.861688112587103,20.avi
685,39,7.8,594,650,2978.9233,0,210.2512591776077,0.3563147783279419,16,0,570.5895,619.5139,618.8679,681.2168,2978.9233,-0.94059515,-1.9285325,42.70088205054654,116.66364645481434,20.avi
687,39,7.8,545,603,27415.69,0,304.30254931983615,0.8470384478569031,16,0,461.37915,522.03424,629.94434,684.6757,27415.69,-30.299591,-77.253265,54.034357853065714,228.0784705683346,20.avi
688,40,8.0,626,550,2271.4817,0,0.0,0.7651327848434448,1,0,604.16064,525.0292,649.37964,575.2621,2271.4817,0.0,0.0,0.0,0.0,20.avi
689,42,8.4,653,447,19040.16,0,0.0,0.8160597085952759,1,0,586.1008,376.90216,720.521,518.54877,19040.16,0.0,0.0,0.0,0.0,20.avi
689,44,8.8,629,452,11595.566,0,123.64950765118218,0.2632081806659698,4,0,575.0834,398.3428,682.9264,505.8654,11595.566,-39.8459,7.1780996,24.683843992026983,189.97226315432064,20.avi
689,45,9.0,620,477,14588.638,0,131.5973753170488,0.8551101088523865,6,0,561.04425,415.933,680.2415,538.3237,14588.638,-41.463432,104.31072,23.483147234308195,267.4721951710493,20.avi
690,46,9.2,672,555,20270.682,0,0.0,0.81683349609375,1,0,597.6714,487.198,746.4105,623.48145,20270.682,0.0,0.0,0.0,0.0,20.avi
690,47,9.4,654,547,24062.754,0,96.18289349497468,0.8752868175506592,3,0,579.6901,467.25223,729.72955,627.6284,24062.754,-69.18613,-31.53467,19.87528616668082,155.19049971518564,20.avi
691,47,9.4,907,341,1107.9612,0,0.0,0.7862050533294678,1,0,891.1148,325.01324,924.01105,358.69373,1107.9612,0.0,0.0,0.0,0.0,20.avi
690,48,9.6,638,546,24873.986,0,28.38497955710445,0.8838858604431152,5,0,564.0399,463.0477,713.6365,629.32153,24873.986,-78.50212,-8.4043255,5.651204362115226,239.44801629676164,20.avi
692,48,9.6,1175,199,479.40543,0,0.0,0.5285166501998901,1,0,1164.8474,188.08405,1186.3923,210.33548,479.40543,0.0,0.0,0.0,0.0,20.avi
690,49,9.8,652,528,23592.133,0,185.74796722548905,0.8462135791778564,7,0,576.4172,451.51135,728.80096,606.3319,23592.133,34.5148,-68.15881,33.247616469409664,29.76145002712883,20.avi
693,52,10.4,748,520,17459.547,0,0.0,0.8551718592643738,1,0,681.05286,455.8849,815.3683,585.874,17459.547,0.0,0.0,0.0,0.0,20.avi
693,53,10.6,686,514,22111.129,0,312.3581234262756,0.8830488324165344,3,0,618.47876,433.10193,754.98035,595.0863,22111.129,-245.43323,-27.087065,62.5897922108844,173.6896777132829,20.avi
693,54,10.8,696,521,25825.59,0,315.63763829725644,0.9012666940689088,5,0,619.22577,437.99393,774.5887,604.22144,25825.59,25.94571,29.835989,59.64408496878602,348.07600234077603,20.avi
693,55,11.0,671,481,30339.34,0,305.3723257384672,0.8782420754432678,7,0,586.27124,392.49182,756.09106,571.1478,30339.34,-92.60823,-143.70848,55.586689134034366,124.01578201370457,20.avi
693,56,11.2,649,428,25938.008,0,140.66539688359336,0.8154062032699585,9,0,571.0543,345.74014,727.9829,511.02554,25938.008,-104.66412,-238.49905,25.343720780110598,98.30219698117264,20.avi
693,57,11.4,596,379,21378.771,0,180.00602702893792,0.8666063547134399,11,0,522.5501,307.34827,671.0009,451.36078,21378.771,-227.02455,-243.60936,32.62925076956427,177.04332301868303,20.avi
694,60,12.0,695,405,19077.246,0,0.0,0.8425881862640381,1,0,625.02795,338.08154,766.4866,472.9425,19077.246,0.0,0.0,0.0,0.0,20.avi
695,61,12.2,712,299,30334.172,0,0.0,0.7466136813163757,1,0,637.19946,198.19913,787.1997,400.4266,30334.172,0.0,0.0,0.0,0.0,20.avi
696,5,1.0,704,974,10054.549,0,0.0,0.5423864126205444,1,0,653.1209,925.79675,756.2347,1023.306,10054.549,0.0,0.0,0.0,0.0,21.avi
697,7,1.4,631,897,16158.037,0,0.0,0.5519903302192688,1,0,568.59174,833.1832,694.6766,961.3353,16158.037,0.0,0.0,0.0,0.0,21.avi
698,8,1.6,988,592,507.2318,0,0.0,0.5607732534408569,1,0,976.83545,581.1119,999.4015,603.58954,507.2318,0.0,0.0,0.0,0.0,21.avi
697,9,1.8,618,870,10177.4795,0,149.46957576828115,0.5255066752433777,4,0,569.33716,818.55695,667.171,922.58514,10177.4795,-21.934551,-43.75119,30.478818732419494,116.57264536389482,21.avi
698,9,1.8,966,608,532.3695,0,135.781131044784,0.6581358909606934,3,0,954.16974,597.3204,978.6307,619.0844,532.3695,-86.6996,63.28019,27.094778487773944,215.28022674393347,21.avi
697,10,2.0,615,885,11289.356,0,134.7280770062817,0.5171116590499878,6,0,564.9741,829.705,665.3522,942.1734,11289.356,-16.598051,55.562737,23.20686408334088,272.797929892558,21.avi
698,10,2.0,949,622,527.0367,0,10.942819774708711,0.2424580454826355,5,0,938.26385,611.4565,961.5257,634.1132,527.0367,-82.878456,72.10129,1.1431321862940211,266.97611816662163,21.avi
697,11,2.2,589,926,17145.0,0,205.8559761330023,0.6779350638389587,8,0,530.5321,854.16815,649.2245,998.61725,17145.0,-101.58099,169.08186,36.87586303005096,231.7224081431306,21.avi
698,11,2.2,929,634,590.6758,0,27.58358569020159,0.6369422674179077,7,0,916.91034,622.4528,941.4539,646.5192,590.6758,-98.74303,61.67417,5.378390069266679,143.42191568150037,21.avi
697,12,2.4,601,932,18617.012,0,241.00323377848665,0.5854917168617249,10,0,540.14136,856.4294,663.14453,1007.78326,18617.012,21.676666,61.108604,42.23853113548033,41.90142012130008,21.avi
698,12,2.4,915,642,672.94965,0,44.01745767649264,0.5437458753585815,9,0,902.8766,629.08,928.5287,655.31366,672.94965,-74.67954,43.925232,7.3638486329906705,40.89433417196631,21.avi
697,13,2.6,598,932,19238.021,0,77.82455196006755,0.8977664709091187,12,0,534.7357,857.45764,662.6748,1007.8262,19238.021,-6.2943935,16.165218,14.684480821590876,122.90946519897476,21.avi
698,13,2.6,892,657,679.01465,0,57.04738703242338,0.4351852238178253,11,0,880.0535,643.72406,905.4339,670.4776,679.01465,-105.5405,67.462166,10.6335930500993,214.46858411352304,21.avi
697,14,2.8,573,921,16044.721,0,159.27688052000724,0.5106346011161804,14,0,513.65125,854.16626,632.7731,988.85803,16044.721,-99.499825,-39.07428,28.61626856321987,148.6806883920417,21.avi
698,14,2.8,870,669,750.7818,0,9.812775278671989,0.1746815145015716,13,0,857.13635,655.22266,883.6239,683.56726,750.7818,-110.36915,62.85336,2.2833606969076645,135.75159710716753,21.avi
699,17,3.4,677,862,16138.858,0,0.0,0.741356611251831,1,0,608.7439,803.78955,746.10645,921.2805,16138.858,0.0,0.0,0.0,0.0,21.avi
699,18,3.6,651,822,17830.264,0,243.54817226478264,0.8928849697113037,3,0,584.6033,755.1367,717.8539,888.94666,17830.264,-104.57711,-161.65004,48.387794462654135,123.10070879518912,21.avi
700,25,5.0,710,647,12424.16,0,0.0,0.7758749127388,1,0,654.16,592.41693,767.42035,702.1125,12424.16,0.0,0.0,0.0,0.0,21.avi
700,27,5.4,667,611,17541.305,0,281.0648417863637,0.5968230962753296,4,0,608.1361,537.6597,727.3778,684.7669,17541.305,-70.54622,-59.10065,56.85690252883854,140.37023230959284,21.avi
700,28,5.6,659,623,16088.258,0,135.65678005102868,0.5860758423805237,6,0,594.4343,561.0037,724.0624,685.1147,16088.258,-47.48401,38.350414,24.20596230753552,282.77451512651,21.avi
700,30,6.0,579,619,16402.605,0,291.7982344099408,0.3502410054206848,9,0,512.8696,558.3386,646.1504,681.40674,16402.605,-138.25507,-8.049736,58.40924026060837,152.39038220594125,21.avi
700,32,6.4,520,568,10576.514,0,265.61140341728134,0.4042364060878753,12,0,463.41895,522.66705,578.2062,614.8072,10576.514,-94.177185,-92.197754,52.56048689906277,63.5113891513505,21.avi
701,33,6.6,791,258,702.34906,0,0.0,0.7758243680000305,1,0,777.6957,245.28741,805.1261,270.89215,702.34906,0.0,0.0,0.0,0.0,21.avi
701,34,6.8,779,283,885.81757,0,142.17282878331716,0.8171515464782715,3,0,764.1078,268.84573,794.3773,298.11002,885.81757,-48.576267,101.349724,27.83072192415016,243.51637456975817,21.avi
702,34,6.8,836,376,405.6246,0,0.0,0.6165540814399719,1,0,825.58746,367.2268,846.6757,386.46143,405.6246,0.0,0.0,0.0,0.0,21.avi
703,34,6.8,530,671,2679.0886,0,0.0,0.7202491760253906,1,0,496.04224,651.39795,564.03284,690.80176,2679.0886,0.0,0.0,0.0,0.0,21.avi
701,35,7.0,771,313,1061.1608,0,51.161346203450506,0.8333860635757446,5,0,755.17786,297.43253,788.6948,329.093,1061.1608,-37.545006,144.91968,9.368643751134009,279.0442038645899,21.avi
703,35,7.0,539,655,15120.89,0,90.43779270520852,0.7577043175697327,3,0,480.29846,591.21173,597.7184,719.988,15120.89,35.81196,-61.87614,18.426367874402658,60.89619663190763,21.avi
701,36,7.2,773,349,1294.3077,0,65.96202035661413,0.8490409851074219,7,0,755.37885,331.91376,792.21893,367.04694,1294.3077,-1.6071205,172.65936,10.913158208620542,321.7698817676737,21.avi
703,36,7.2,513,653,5531.0166,0,180.68390194994996,0.4314672648906708,5,0,475.8197,616.34973,550.29895,690.6123,5531.0166,-115.80979,-14.910633,34.581248037687494,196.4201576385137,21.avi
704,36,7.2,472,697,2330.6826,0,0.0,0.7836865186691284,1,0,446.78525,674.31683,497.44608,720.32245,2330.6826,0.0,0.0,0.0,0.0,21.avi
701,37,7.4,765,368,1015.7195,0,96.2690108556646,0.7705206274986267,9,0,749.48914,353.17136,781.8303,384.5778,1015.7195,-31.614902,114.554955,18.11790296131724,117.898465131401,21.avi
704,37,7.4,513,724,15157.828,0,248.65815486912584,0.8145209550857544,3,0,446.43713,667.77057,579.7521,781.4699,15157.828,163.5887,108.98443,48.8197774985202,326.87228073068337,21.avi
701,38,7.6,755,378,990.548,0,79.8057452341574,0.7979787588119507,11,0,739.2067,362.87817,771.4118,393.63562,990.548,-47.106735,62.516113,14.45159874606039,107.46280386456029,21.avi
705,38,7.6,485,813,13312.75,0,0.0,0.8596239686012268,1,0,429.3512,753.9005,540.6631,873.49915,13312.75,0.0,0.0,0.0,0.0,21.avi
701,39,7.8,740,381,926.04333,0,59.98146876067794,0.799618661403656,13,0,725.0701,366.694,756.3288,396.31918,926.04333,-67.06177,26.926613,11.398596600395448,121.10108253314957,21.avi
701,40,8.0,722,394,1015.6338,0,52.9923411326253,0.6957363486289978,15,0,705.4183,379.45407,738.75214,409.92264,1015.6338,-87.06801,56.911274,8.85881004201492,233.35756060679924,21.avi
706,40,8.0,586,813,8355.306,0,0.0,0.8064913153648376,1,0,540.3692,768.53516,632.25995,859.4617,8355.306,0.0,0.0,0.0,0.0,21.avi
701,41,8.2,707,422,1005.02856,0,92.18594023831687,0.7150782942771912,17,0,690.9329,406.73834,723.4827,437.615,1005.02856,-77.31399,118.85434,16.09864975972046,278.31593096691466,21.avi
707,41,8.2,635,867,3324.9448,0,0.0,0.7029123306274414,1,0,605.18976,840.249,666.3505,894.61304,3324.9448,0.0,0.0,0.0,0.0,21.avi
701,42,8.4,701,465,1085.1903,0,126.4879951094661,0.8390470743179321,19,0,685.39545,449.4346,718.368,482.34653,1085.1903,-38.32882,195.55435,21.18136461334439,295.90867835791914,21.avi
706,42,8.4,622,822,1217.4863,0,184.7277704562091,0.6016833782196045,4,0,606.4208,803.41565,637.89197,842.1013,1217.4863,58.757004,14.360796,36.5715044349327,347.3618536478567,21.avi
707,42,8.4,665,845,11392.977,0,187.47358728181243,0.6026201844215393,3,0,614.7726,789.95776,716.9662,901.442,11392.977,120.15675,-86.750984,36.844751880296016,37.50267847365927,21.avi
708,42,8.4,63,480,824.31146,0,0.0,0.5249194502830505,1,0,49.70629,465.93698,77.76061,495.31967,824.31146,0.0,0.0,0.0,0.0,21.avi
709,42,8.4,612,852,592.28076,0,0.0,0.6668033599853516,1,0,601.0834,839.98926,624.5962,865.17896,592.28076,0.0,0.0,0.0,0.0,21.avi
707,43,8.6,706,803,19757.154,0,156.46809802797824,0.757839024066925,5,0,641.92773,726.9374,771.17065,879.8058,19757.154,196.39197,-201.12872,30.029842163407466,57.58090524943475,21.avi
708,43,8.6,70,479,869.278,0,34.22402458446986,0.5910311937332153,3,0,55.52555,464.65015,85.22637,493.91797,869.278,26.517002,-5.3663898,6.474648462875359,14.565856346251508,21.avi
710,43,8.6,702,543,1254.4536,0,0.0,0.7866628170013428,1,0,686.2654,524.7927,719.709,562.30225,1254.4536,0.0,0.0,0.0,0.0,21.avi
711,43,8.6,695,845,5434.554,0,0.0,0.6220757961273193,1,0,655.9325,811.4752,735.02563,880.18604,5434.554,0.0,0.0,0.0,0.0,21.avi
707,44,8.8,720,794,7701.1074,0,228.12432030721877,0.326869249343872,7,0,677.04224,750.2236,763.0951,839.71625,7701.1074,97.611404,-79.08942,40.237352321516845,230.0678058400877,21.avi
708,44,8.8,85,478,649.348,0,51.3388778563125,0.1567011028528213,5,0,73.62824,464.82755,97.42188,492.11838,649.348,71.60173,-4.165865,9.323023694156303,1.2955147803397722,21.avi
712,44,8.8,667,797,1461.9834,0,0.0,0.5040525794029236,1,0,647.35767,779.0108,687.5857,815.3532,1461.9834,0.0,0.0,0.0,0.0,21.avi
713,45,9.0,765,866,17615.273,0,0.0,0.824732780456543,1,0,701.3856,797.80554,830.1205,934.6393,17615.273,0.0,0.0,0.0,0.0,21.avi
713,46,9.2,743,848,13344.238,0,141.9514631278137,0.5329587459564209,3,0,685.3818,791.5835,802.04706,905.964,13344.238,-87.97868,-69.65535,29.1506032077827,141.30954061246752,21.avi
713,48,9.6,693,814,11155.29,0,38.50778334128548,0.7515615224838257,6,0,640.7917,761.411,746.5927,866.84753,11155.29,-83.27683,-57.49907,7.319120430652549,286.4516107105948,21.avi
713,49,9.8,659,766,11905.243,0,231.21637238118043,0.8000014424324036,8,0,604.19434,712.8447,715.3694,819.9303,11905.243,-149.43182,-196.4497,40.8294418381183,116.21621439813538,21.avi
713,50,10.0,629,755,13304.7295,0,162.522389637271,0.8439207673072815,10,0,570.7608,699.50397,688.7487,812.2675,13304.7295,-149.97815,-84.71926,27.916771429321106,268.16176373744906,21.avi
713,51,10.2,593,695,16695.725,0,246.78041284960065,0.2731879353523254,12,0,527.5628,632.0553,658.53156,759.53394,16695.725,-175.78395,-250.6098,44.45870302883269,98.74471503034944,21.avi
714,51,10.2,188,493,953.06757,0,0.0,0.6487836837768555,1,0,173.51639,478.4613,204.31186,509.4096,953.06757,0.0,0.0,0.0,0.0,21.avi
713,52,10.4,573,649,18846.057,0,90.52648776927563,0.8394275903701782,14,0,505.2038,580.21155,641.8177,718.16284,18846.057,-115.71515,-237.09442,15.471642633268653,347.5809523076456,21.avi
714,52,10.4,218,505,962.76245,0,161.28195420624627,0.206924170255661,3,0,203.88054,489.0823,233.69801,521.37085,962.76245,119.26209,45.074223,31.119324521167417,339.17270801655445,21.avi
715,53,10.6,497,639,4131.3247,0,0.0,0.7557803392410278,1,0,466.25183,606.5294,528.8243,672.5541,4131.3247,0.0,0.0,0.0,0.0,21.avi
716,54,10.8,585,646,17054.535,0,0.0,0.8905556201934814,1,0,520.01,581.4016,650.06714,712.5327,17054.535,0.0,0.0,0.0,0.0,21.avi
715,55,11.0,509,682,17223.201,0,225.7939827845292,0.3406232595443725,4,0,451.83466,608.6177,567.6813,757.29004,17223.201,20.03262,71.16736,43.978168816718885,285.1073319319278,21.avi
717,55,11.0,478,713,691.89905,0,0.0,0.6257504820823669,1,0,466.1162,699.5236,491.7755,726.48846,691.89905,0.0,0.0,0.0,0.0,21.avi
718,58,11.6,437,565,9868.715,0,0.0,0.6313087940216064,1,0,388.51944,515.0597,486.02267,616.2739,9868.715,0.0,0.0,0.0,0.0,21.avi
719,59,11.8,521,537,14485.461,0,0.0,0.8958039283752441,1,0,458.28516,479.94507,584.16064,595.0227,14485.461,0.0,0.0,0.0,0.0,21.avi
719,60,12.0,571,552,17795.635,0,267.3107575076549,0.8456597328186035,3,0,508.12662,482.88327,635.7899,622.2784,17795.635,202.53636,60.267273,51.85052738705483,343.7421369807732,21.avi
719,61,12.2,559,554,12910.53,0,282.7656757074259,0.8301716446876526,5,0,500.66232,499.253,617.7224,609.5428,12910.53,-41.407974,13.393452,54.51283485068903,168.75069566797504,21.avi
720,61,12.2,626,561,1017.49603,0,0.0,0.5831249952316284,1,0,611.22406,545.4115,642.0975,578.3685,1017.49603,0.0,0.0,0.0,0.0,21.avi
719,62,12.4,536,564,13090.555,0,91.44372143984684,0.3137577176094055,7,0,480.29114,506.26578,592.4061,623.0259,13090.555,-97.25093,42.420044,16.43972142027691,204.90649147693296,21.avi
719,63,12.6,532,590,6284.733,0,131.25847944651642,0.3366222679615021,9,0,490.09186,553.28577,575.16034,627.1643,6284.733,-36.881702,108.038475,22.64199865748586,311.8337338042732,21.avi
716,64,12.8,564,629,10954.368,0,136.00812907936415,0.6351863145828247,12,0,515.7893,572.9121,612.7516,685.8877,10954.368,-1.9932488,-1.6860422,27.66659636663909,139.5023256013443,21.avi
716,65,13.0,594,652,11705.053,0,211.51152387484075,0.5096513628959656,14,0,544.60754,594.3652,644.875,711.10345,11705.053,135.97305,104.11071,37.8659129632162,322.7170930677894,21.avi
716,66,13.2,575,660,14643.384,0,270.7653857838395,0.9003980755805969,16,0,517.85834,596.8264,632.50934,724.54785,14643.384,-44.79152,54.352154,48.854451974098886,163.88974361300507,21.avi
716,67,13.4,579,670,17423.227,0,75.59211906087185,0.2445663213729858,18,0,514.84845,603.6158,644.3294,738.1778,17423.227,6.501335,51.815895,12.869079034194463,6.95160217599522,21.avi
716,68,13.6,567,688,19581.305,0,86.2325382724151,0.8669087886810303,20,0,498.27936,617.2641,636.3243,759.1114,19581.305,-45.75736,78.46091,15.438223875165118,205.8860043210856,21.avi
716,69,13.8,539,691,20105.703,0,127.97000490123206,0.870543360710144,22,0,469.09033,619.79114,609.3844,763.1023,20105.703,-118.497894,30.641823,23.07873646711239,146.0763928437724,21.avi
716,70,14.0,549,672,20226.543,0,238.3632228658577,0.7199804782867432,24,0,480.2521,598.59875,617.93353,745.5071,20226.543,10.55307,-67.51501,42.11655835528415,37.39057044990187,21.avi
716,72,14.4,611,647,10853.086,0,294.0720918633853,0.5774811506271362,27,0,559.27216,595.26807,662.97003,699.9286,10853.086,109.74666,-38.922623,57.68453457126383,344.4582160865371,21.avi
721,73,14.6,601,709,13724.331,0,0.0,0.8151584267616272,1,0,538.8915,654.14984,663.27454,764.4891,13724.331,0.0,0.0,0.0,0.0,21.avi
721,74,14.8,629,738,20716.016,0,207.08783014116875,0.8849360346794128,3,0,555.492,668.9009,703.9554,808.437,20716.016,114.334045,117.16362,40.02414198658813,314.2270771496812,21.avi
721,75,15.0,628,786,21453.65,0,179.0976970407835,0.9361340403556824,5,0,556.65466,712.6882,701.084,861.22906,21453.65,5.711746,230.98666,34.29027435098812,224.1821327186356,21.avi
721,76,15.2,676,807,22808.354,0,298.7862124397829,0.6302005052566528,7,0,601.2534,731.73016,752.52734,882.50543,22808.354,185.48267,131.13533,52.90615347749509,29.62912515037993,21.avi
722,77,15.4,739,947,762.14233,0,0.0,0.6580921411514282,1,0,726.38965,932.40564,751.646,962.5819,762.14233,0.0,0.0,0.0,0.0,21.avi
723,77,15.4,633,736,20602.58,0,0.0,0.621171236038208,1,0,557.37427,668.68665,710.1433,803.5476,20602.58,0.0,0.0,0.0,0.0,21.avi
723,78,15.6,623,704,16731.576,0,166.54111503481164,0.6068794131278992,3,0,561.69794,637.34985,685.9733,771.9829,16731.576,-39.613506,-125.55197,33.87124672122561,108.52013041440114,21.avi
724,82,16.4,557,689,20177.424,0,0.0,0.8809649348258972,1,0,481.3048,623.7283,633.5792,756.2352,20177.424,0.0,0.0,0.0,0.0,21.avi
724,83,16.6,563,694,20591.184,0,38.22779450359846,0.4355135262012481,3,0,495.67,618.6665,630.7202,771.1371,20591.184,22.966589,19.640776,6.858389650328627,324.13423849115424,21.avi
725,83,16.6,561,748,2132.7917,0,0.0,0.6566289663314819,1,0,537.17786,726.533,586.74854,769.5583,2132.7917,0.0,0.0,0.0,0.0,21.avi
724,84,16.8,542,713,4440.4043,0,151.66777829276583,0.2348245084285736,5,0,512.96014,676.9247,572.90875,750.9949,4440.4043,-90.843056,88.92216,29.42506430960412,208.78758206766972,21.avi
726,84,16.8,469,660,2477.5696,0,0.0,0.5822117924690247,1,0,443.6576,636.8816,495.64807,684.5359,2477.5696,0.0,0.0,0.0,0.0,21.avi
727,84,16.8,502,695,1802.8628,0,0.0,0.67750084400177,1,0,481.95667,674.0286,523.4444,717.48395,1802.8628,0.0,0.0,0.0,0.0,21.avi
728,84,16.8,538,637,2336.009,0,0.0,0.573578953742981,1,0,515.36487,612.1645,562.1908,662.0516,2336.009,0.0,0.0,0.0,0.0,21.avi
726,86,17.2,485,635,2574.4187,0,146.039322395091,0.2742069065570831,4,0,460.54272,609.7452,509.6432,662.1768,2574.4187,25.311684,-40.57006,29.941190509056213,59.164359354705255,21.avi
729,86,17.2,488,587,1536.9497,0,0.0,0.5782784223556519,1,0,468.39224,568.271,507.83133,607.2412,1536.9497,0.0,0.0,0.0,0.0,21.avi
728,87,17.4,535,628,15761.889,0,46.14897818514867,0.4816196262836456,5,0,475.78278,562.71704,595.8112,694.03503,15761.889,-2.512983,-7.361486,9.860439437288765,112.52770909929274,21.avi
728,88,17.6,553,635,12852.936,0,116.23556320990026,0.1844256520271301,7,0,500.2989,575.6688,606.924,696.21204,12852.936,71.75569,29.278852,19.468912313964918,335.4268029487071,21.avi
728,89,17.8,576,593,12014.3125,0,274.17236390932766,0.7620837688446045,9,0,523.96533,537.0715,629.75085,650.64386,12014.3125,106.30318,-156.90019,49.45371087926478,80.64657173586966,21.avi
728,90,18.0,568,600,14985.539,0,273.68924244218124,0.8828429579734802,11,0,508.28897,538.35284,628.45905,663.0556,14985.539,-7.979477,-10.029053,48.11514719952661,231.24646761450543,21.avi
728,91,18.2,540,647,17680.791,0,315.2267405831296,0.8723279237747192,13,0,474.90137,580.28516,605.8413,715.31494,17680.791,-109.531006,178.799,55.22780777341712,240.9962460793184,21.avi
728,92,18.4,507,684,19986.123,0,60.32459813496855,0.8556884527206421,15,0,438.5786,611.95557,577.043,756.29675,19986.123,-150.50775,180.97702,11.473593572902894,182.19839280015512,21.avi
730,97,19.4,558,620,17046.951,0,0.0,0.6672375798225403,1,0,490.76404,557.4268,626.6637,682.86456,17046.951,0.0,0.0,0.0,0.0,21.avi
730,98,19.6,602,575,20428.375,0,316.43364493166337,0.8412017226219177,3,0,535.3772,499.13574,669.5282,651.4147,20428.375,174.60614,-179.12372,62.5445657297431,46.204647001030594,21.avi
730,99,19.8,560,548,17629.506,0,403.71457455489576,0.8670623302459717,5,0,498.64584,477.5581,622.3374,620.08606,17629.506,-177.44736,-136.20992,77.84481741467405,186.30541538717088,21.avi
730,100,20.0,515,511,20200.1,0,77.84876877523793,0.9005739688873291,7,0,445.92938,438.71216,584.1546,584.8512,20200.1,-215.64273,-173.78494,14.559601755253464,133.39175030058607,21.avi
731,100,20.0,731,1008,1056.071,0,0.0,0.6834765672683716,1,0,713.3008,994.27014,749.4619,1023.47473,1056.071,0.0,0.0,0.0,0.0,21.avi
732,100,20.0,581,158,2261.5093,0,0.0,0.5868948101997375,1,0,561.3616,131.19897,602.3213,186.41199,2261.5093,0.0,0.0,0.0,0.0,21.avi
730,101,20.2,517,442,19934.447,0,323.6859449005044,0.8866870403289795,9,0,450.4201,368.63373,585.0677,516.6828,19934.447,-39.72682,-305.69733,57.09225531675364,37.841216558130384,21.avi
733,102,20.4,461,457,16624.117,0,0.0,0.8265277743339539,1,0,392.7964,396.93945,530.4128,517.73987,16624.117,0.0,0.0,0.0,0.0,21.avi
734,104,20.8,745,844,1261.1852,0,0.0,0.5585256814956665,1,0,728.65594,826.2025,762.7409,863.20374,1261.1852,0.0,0.0,0.0,0.0,21.avi
735,105,21.0,368,413,2090.3743,0,0.0,0.6739582419395447,1,0,345.11108,391.3416,392.40454,435.5417,2090.3743,0.0,0.0,0.0,0.0,21.avi
736,105,21.0,365,468,2331.567,0,0.0,0.5330169796943665,1,0,344.1822,440.5103,386.50232,495.60388,2331.567,0.0,0.0,0.0,0.0,21.avi
736,106,21.2,375,477,12896.473,0,68.2726895724964,0.6627339720726013,3,0,319.50082,419.41083,431.37564,534.68677,12896.473,40.30335,35.895065,13.16235293152976,317.2008580510883,21.avi
736,107,21.4,421,519,17636.754,0,270.2072722853165,0.8913094401359558,5,0,353.9441,454.17828,489.69592,584.09735,17636.754,215.7805,195.7524,51.14136740092904,317.1623357487445,21.avi
736,108,21.6,456,581,20562.043,0,139.7709221467286,0.8910390734672546,7,0,384.55707,510.82947,529.01514,653.1686,20562.043,184.37344,286.6786,24.421162529701647,248.43513289129623,21.avi
733,109,21.8,474,516,23865.188,0,300.2284715714204,0.9051132798194884,9,0,399.7986,435.72513,548.2949,596.4375,23865.188,2.3141387,10.925437,59.9556649329454,281.9315538459253,21.avi
733,110,22.0,442,446,22428.682,0,432.6642798485112,0.8774449229240417,11,0,369.11676,370.6848,516.18463,523.1904,22428.682,-135.77077,-298.23218,79.24203032873653,114.2209681750349,21.avi
737,110,22.0,612,271,800.2364,0,0.0,0.787213146686554,1,0,597.7611,257.93927,626.93274,285.37128,800.2364,0.0,0.0,0.0,0.0,21.avi
733,111,22.2,437,436,22116.703,0,301.1498643548045,0.4365931451320648,13,0,364.51425,360.57147,510.2568,512.32336,22116.703,-50.946373,-107.74138,53.2442073649224,293.81999430450105,21.avi
738,111,22.2,487,460,1512.3397,0,0.0,0.5879328846931458,1,0,467.12067,441.23804,507.2021,478.96973,1512.3397,0.0,0.0,0.0,0.0,21.avi
739,112,22.4,519,476,19231.129,0,0.0,0.8576752543449402,1,0,452.90198,404.01013,585.4923,549.0519,19231.129,0.0,0.0,0.0,0.0,21.avi
739,113,22.6,522,502,14454.886,0,134.98274996012043,0.3225080966949463,3,0,465.52234,440.10883,580.4602,565.87146,14454.886,15.146128,105.62532,25.62275681475786,276.2801148775333,21.avi
740,0,0.0,1269,436,1219.5145,0,0.0,0.5301851034164429,1,0,1259.8286,405.37152,1279.5005,467.36432,1219.5145,0.0,0.0,0.0,0.0,1.avi
740,1,0.2,1245,439,2070.9282,0,124.98920630255672,0.7200806736946106,3,0,1223.0153,415.67648,1267.1261,462.62466,2070.9282,-98.179276,11.108398,24.804594549770865,186.09127211971256,1.avi
741,1,0.2,1172,449,8902.85,0,0.0,0.7639198303222656,1,0,1120.3337,406.7168,1223.7493,492.80493,8902.85,0.0,0.0,0.0,0.0,1.avi
742,1,0.2,1200,374,3471.2917,0,0.0,0.6882243156433105,1,0,1167.6533,347.4987,1232.6128,400.9365,3471.2917,0.0,0.0,0.0,0.0,1.avi
743,1,0.2,1260,382,1932.9531,0,0.0,0.642984926700592,1,0,1240.9014,356.8499,1279.2297,407.2813,1932.9531,0.0,0.0,0.0,0.0,1.avi
744,1,0.2,1150,395,1784.3031,0,0.0,0.5567168593406677,1,0,1131.3044,372.02576,1169.762,418.4225,1784.3031,0.0,0.0,0.0,0.0,1.avi
740,2,0.4,1203,463,1763.6458,0,161.21051180095634,0.7408388257026672,5,0,1183.9963,441.57858,1223.958,485.71207,1763.6458,-196.4368,113.09966,31.162161699129776,223.9506644293966,1.avi
741,2,0.4,1144,482,4822.3877,0,218.0213185407068,0.6300602555274963,3,0,1099.4573,455.9193,1189.0906,509.72064,4822.3877,-110.84853,131.97249,42.72806823070083,228.9833514892118,1.avi
742,2,0.4,1214,416,1047.7979,0,225.69157904132828,0.4313443005084991,3,0,1198.312,400.0887,1229.9128,433.24588,1047.7979,55.805916,169.4599,44.02342417161667,288.3602169327173,1.avi
744,2,0.4,1156,396,3916.2598,0,29.746617599769483,0.7966758608818054,3,0,1124.607,365.85364,1187.7838,427.84265,3916.2598,22.603756,6.4831157,5.521580946583457,351.9222055302181,1.avi
740,3,0.6,1126,471,7681.548,0,228.60465188098277,0.7320680618286133,7,0,1083.1094,426.98035,1169.9304,515.45593,7681.548,-342.81128,55.39682,41.5924301543506,158.4680425460392,1.avi
741,3,0.6,1129,521,1588.6777,0,75.57894217540995,0.5034381747245789,5,0,1107.2717,503.75772,1151.2109,539.91406,1588.6777,-78.16681,189.76738,13.654667138978144,300.33205751698466,1.avi
745,3,0.6,1259,517,1713.8809,0,0.0,0.8497437834739685,1,0,1239.332,496.0807,1279.3828,538.8734,1713.8809,0.0,0.0,0.0,0.0,1.avi
746,3,0.6,1102,573,3628.0205,0,0.0,0.8045684695243835,1,0,1068.224,546.7805,1137.2386,599.34937,3628.0205,0.0,0.0,0.0,0.0,1.avi
747,3,0.6,1066,533,4291.6406,0,0.0,0.7746974229812622,1,0,1032.2045,502.5322,1101.4454,564.5134,4291.6406,0.0,0.0,0.0,0.0,1.avi
748,3,0.6,1097,480,1173.0504,0,0.0,0.5710510611534119,1,0,1081.053,463.26926,1114.3489,498.50034,1173.0504,0.0,0.0,0.0,0.0,1.avi
740,4,0.8,1077,474,8015.769,0,117.55068443587444,0.8289675712585449,9,0,1032.5326,429.75354,1121.9982,519.3497,8015.769,-268.70056,25.664858,20.77161965214036,23.54467961099658,1.avi
747,4,0.8,1067,532,1460.9465,0,8.24286305000312,0.6028124690055847,3,0,1044.957,516.0032,1090.3174,548.2108,1460.9465,3.242342,-5.652145,1.5328550538932972,83.4426366783166,1.avi
749,4,0.8,1007,498,1694.0436,0,0.0,0.7349360585212708,1,0,988.906,475.5381,1026.0366,521.162,1694.0436,0.0,0.0,0.0,0.0,1.avi
740,5,1.0,1003,445,3825.0137,0,220.7690158665934,0.3569344878196716,11,0,973.32385,414.68823,1034.6392,477.07092,3825.0137,-343.87686,-104.3683,40.30268064291506,120.6157495822638,1.avi
748,5,1.0,1082,450,3725.5376,0,172.07734845917207,0.7567433714866638,4,0,1050.0638,421.2467,1114.4393,479.1187,3725.5376,-25.326723,-50.331287,34.64664146044569,116.94745311856838,1.avi
750,5,1.0,1048,422,1450.0797,0,0.0,0.7966752052307129,1,0,1025.6135,406.2444,1071.1985,438.05487,1450.0797,0.0,0.0,0.0,0.0,1.avi
751,5,1.0,991,416,1128.0027,0,0.0,0.8120158910751343,1,0,974.0398,399.57666,1008.0095,432.78278,1128.0027,0.0,0.0,0.0,0.0,1.avi
740,6,1.2,949,396,11455.675,0,181.16099765650952,0.9021602272987366,13,0,895.35754,343.40594,1003.6056,449.23395,11455.675,-288.97287,-214.6959,32.11875872908338,64.56638442680332,1.avi
740,7,1.4,863,380,7190.1826,0,220.702582415456,0.5509042143821716,15,0,820.16956,339.24643,907.1786,421.88364,7190.1826,-396.709,-110.146706,39.13474368235761,222.8588333760572,1.avi
752,7,1.4,854,425,990.21136,0,0.0,0.5989678502082825,1,0,837.6793,410.5343,870.3677,440.82678,990.21136,0.0,0.0,0.0,0.0,1.avi
753,7,1.4,929,382,2386.222,0,0.0,0.7161955237388611,1,0,904.52,358.86816,954.5344,406.57886,2386.222,0.0,0.0,0.0,0.0,1.avi
740,8,1.6,792,365,11217.672,0,58.582452566275386,0.9047333598136902,17,0,736.5198,314.903,847.94116,415.58087,11217.672,-366.33304,-84.35484,10.029013072551365,319.8673527771223,1.avi
754,8,1.6,438,803,277.965,0,0.0,0.512407124042511,1,0,429.7284,795.6703,447.6261,811.20105,277.965,0.0,0.0,0.0,0.0,1.avi
740,9,1.8,715,348,14248.942,0,20.720554316775875,0.8786121010780334,19,0,652.4459,291.3571,778.1865,404.67728,14248.942,-380.36166,-85.71546,3.981188650047788,174.65335784021602,1.avi
754,9,1.8,435,804,295.5198,0,17.79485990291385,0.4534776508808136,3,0,425.7016,796.64246,444.85126,812.0746,295.5198,-13.5761,3.6840627,3.720296812525089,188.7248652677234,1.avi
755,9,1.8,742,325,1262.5955,0,0.0,0.7783475518226624,1,0,726.298,305.90106,759.25305,344.21368,1262.5955,0.0,0.0,0.0,0.0,1.avi
756,9,1.8,749,370,1668.039,0,0.0,0.7414728999137878,1,0,730.4237,348.3866,768.8976,391.7417,1668.039,0.0,0.0,0.0,0.0,1.avi
757,9,1.8,1190,346,356.61642,0,0.0,0.7280914187431335,1,0,1180.7373,336.81323,1199.5791,355.7401,356.61642,0.0,0.0,0.0,0.0,1.avi
758,9,1.8,690,321,1173.6755,0,0.0,0.5565487146377563,1,0,673.6776,304.02985,707.63196,338.59613,1173.6755,0.0,0.0,0.0,0.0,1.avi
740,10,2.0,625,380,14291.252,0,289.63215828688607,0.9246962666511536,21,0,561.85724,323.85602,688.75287,436.47815,14291.252,-433.96976,103.86315,51.14923424116244,253.83065863651413,1.avi
754,10,2.0,434,803,291.0453,0,14.003030042623248,0.5691365003585815,5,0,425.3941,795.7836,444.1264,811.32074,291.0453,-3.5064907,-3.3820903,2.5417572019853854,55.52421409344072,1.avi
757,10,2.0,1184,360,454.04187,0,77.86146622823392,0.7242390513420105,3,0,1173.9895,349.69925,1194.8425,371.47263,454.04187,-22.922682,57.122875,15.041714900684974,245.8323286189816,1.avi
759,10,2.0,813,80,175.49167,0,0.0,0.5637304782867432,1,0,806.7024,73.91437,819.9717,87.13977,175.49167,0.0,0.0,0.0,0.0,1.avi
740,11,2.2,541,388,12156.894,0,70.43780109856607,0.953837513923645,23,0,483.41736,336.14435,598.92334,441.39337,12156.894,-423.74243,57.054512,13.176916805828563,79.11241306635844,1.avi
754,11,2.2,434,803,328.32724,0,3.126436398865445,0.2579272389411926,7,0,425.06418,794.4555,444.09915,811.70416,328.32724,-1.5019951,-2.5996995,0.1374901535019852,244.60664115943013,1.avi
760,11,2.2,618,422,432.37094,0,0.0,0.6621070504188538,1,0,607.48865,412.76517,628.91956,432.94028,432.37094,0.0,0.0,0.0,0.0,1.avi
761,11,2.2,1003,681,366.42688,0,0.0,0.6251187920570374,1,0,994.1837,671.9419,1013.80774,690.61426,366.42688,0.0,0.0,0.0,0.0,1.avi
740,12,2.4,473,373,10813.464,0,178.1108470272139,0.9475758075714112,25,0,419.96338,323.44995,527.33405,424.1615,10813.464,-357.48883,-44.37879,31.83666061241275,58.61914672871677,1.avi
760,12,2.4,624,436,464.51788,0,75.25512037428948,0.7269808053970337,3,0,613.6798,425.74344,635.79114,446.75156,464.51788,26.07335,53.472107,14.368136729946416,293.78999558654607,1.avi
740,13,2.6,401,353,11618.52,0,62.81234540452513,0.9615474343299866,27,0,346.6023,301.2019,456.99335,406.45062,11618.52,-358.84686,-87.08316,11.985351886568989,95.51054116568162,1.avi
754,13,2.6,439,797,263.85907,0,37.756959859014536,0.3242867588996887,10,0,431.6272,789.3542,448.08826,805.3835,263.85907,9.492139,-9.987864,6.980534321338778,40.35470752078254,1.avi
740,14,2.8,341,324,9956.342,0,94.25181576938095,0.9329284429550172,29,0,290.80984,275.16876,392.14633,373.41907,9956.342,-314.81207,-133.67964,16.564243967558333,48.5195908382006,1.avi
754,14,2.8,439,794,253.42047,0,12.561770140532506,0.4911027252674103,12,0,431.80356,786.6817,447.5383,802.7874,253.42047,1.5057149,-12.426514,3.078448187858206,153.5482386694415,1.avi
762,14,2.8,426,323,2365.2573,0,0.0,0.8781226277351379,1,0,401.7121,299.7649,451.30048,347.4627,2365.2573,0.0,0.0,0.0,0.0,1.avi
763,14,2.8,670,447,657.364,0,0.0,0.7843541502952576,1,0,655.9031,436.27112,684.1134,459.57336,657.364,0.0,0.0,0.0,0.0,1.avi
740,15,3.0,287,288,10536.095,0,72.84001264105672,0.9178775548934937,31,0,235.4171,237.20781,339.01697,338.90768,10536.095,-281.34702,-170.21716,12.780400232342082,48.40556772108084,1.avi
754,15,3.0,440,794,243.55193,0,10.828513130405677,0.453039288520813,14,0,433.04605,786.0298,448.2366,802.063,243.55193,4.102195,-5.454201,1.750955093526626,270.91377062797267,1.avi
763,15,3.0,676,450,736.8456,0,34.12616762329371,0.4029630720615387,3,0,661.9211,437.62845,690.61505,463.30795,736.8456,24.989433,10.16356,6.341787802017437,340.8750218717105,1.avi
740,16,3.2,244,246,9053.918,0,86.63781284890855,0.9178122878074646,33,0,196.11865,199.07678,292.15564,293.35208,9053.918,-230.62077,-200.21512,15.3164461756351,31.55043088212193,1.avi
754,16,3.2,441,790,218.79236,0,16.19707135052712,0.4807205498218536,16,0,434.11758,782.4305,448.38614,797.76434,218.79236,3.295107,-16.443468,2.991420472148134,98.87979288958638,1.avi
740,17,3.4,212,201,10553.41,0,85.31818296711091,0.8975158929824829,35,0,161.33072,150.34433,263.6497,253.4866,10553.41,-174.94205,-216.58328,14.912410288202864,20.29080421962675,1.avi
754,17,3.4,442,788,280.15128,0,11.111018050124033,0.1828172504901886,18,0,434.49725,780.03467,450.78973,797.22974,280.15128,6.1123505,-9.431183,1.194612416465659,274.2779145695121,1.avi
740,18,3.6,150,164,13609.575,0,157.64942443895933,0.7638242244720459,37,0,93.24583,105.12784,207.36847,224.38177,13609.575,-279.53146,-192.90765,28.02716222293897,191.1111242222366,1.avi
740,19,3.8,55,140,10583.453,0,233.98695005409397,0.3305600881576538,39,0,5.3499756,87.66543,105.71911,193.11072,10583.453,-429.00946,-138.23822,41.75649737049301,199.3372195049131,1.avi
764,19,3.8,929,430,963.6254,0,0.0,0.734336256980896,1,0,913.2666,415.36243,944.73694,445.98254,963.6254,0.0,0.0,0.0,0.0,1.avi
764,20,4.0,911,447,700.6372,0,123.92806403943024,0.8189427852630615,3,0,898.3359,434.57944,924.674,461.18106,700.6372,-69.84762,68.69362,24.303321962872385,222.20787021152864,1.avi
765,0,0.0,1116,625,25678.525,0,0.0,0.9002945423126221,1,0,1042.831,538.82654,1190.8049,712.3607,25678.525,0.0,0.0,0.0,0.0,2.avi
765,1,0.2,1084,660,25979.361,0,240.5563294173652,0.6586663126945496,3,0,1000.3833,583.9711,1169.2659,737.80206,25979.361,-127.71836,140.89014,47.54807161554749,226.353534198068,2.avi
766,3,0.6,967,652,18576.89,0,0.0,0.881371259689331,1,0,895.4861,587.78076,1038.9424,717.2759,18576.89,0.0,0.0,0.0,0.0,2.avi
766,4,0.8,887,625,21228.266,0,424.6588254706691,0.9063413739204408,3,0,810.53436,556.7798,964.47943,694.6748,21228.266,-318.19293,-106.99004,84.80643642393309,161.0585492301318,2.avi
766,5,1.0,825,599,17545.45,0,25.414391713688165,0.8945582509040833,5,0,756.9682,535.9867,894.4235,663.6315,17545.45,-309.8241,-127.68851,5.448123654014405,78.01090974239366,2.avi
766,6,1.2,754,564,12348.069,0,75.92652929030464,0.6665773391723633,7,0,694.044,513.1712,815.4389,614.88934,12348.069,-344.2974,-166.96117,14.148978627550475,133.4525883363748,2.avi
766,7,1.4,696,551,17798.992,0,135.6727361927089,0.8730005621910095,9,0,624.1126,490.84628,769.7391,613.0699,17798.992,-301.90637,-85.126205,22.73726703627738,296.4232210365941,2.avi
766,8,1.6,644,535,16857.473,0,42.9921186591905,0.8922613263130188,11,0,573.147,475.6501,715.14966,594.3625,16857.473,-272.65805,-84.84363,7.455747182334419,359.48357801900136,2.avi
767,8,1.6,1144,500,1368.6233,0,0.0,0.7522631287574768,1,0,1125.6815,482.8504,1164.0648,518.50714,1368.6233,0.0,0.0,0.0,0.0,2.avi
766,9,1.8,613,510,16950.264,0,143.63669334441065,0.947920024394989,13,0,543.8477,450.41528,684.11224,571.26025,16950.264,-178.95566,-112.534256,24.726114744573803,18.969371245372884,2.avi
767,9,1.8,1140,510,1131.7272,0,52.86238185766789,0.638451099395752,3,0,1123.0011,493.89313,1157.8156,526.4006,1131.7272,-17.823713,37.796684,10.518225492320308,242.3992821892744,2.avi
766,10,2.0,570,495,14310.378,0,59.99288437914599,0.9393008947372437,15,0,507.11005,438.84576,633.5252,552.0472,14310.378,-209.22783,-85.16828,10.560947198266504,219.15968184595232,2.avi
767,10,2.0,1156,532,1645.4131,0,129.130552666975,0.8514026403427124,5,0,1135.4321,513.2853,1177.4243,552.4691,1645.4131,71.8564,107.26681,23.90146384168025,323.27097112079167,2.avi
766,11,2.2,552,468,6250.799,0,148.57050982838751,0.3150632381439209,17,0,511.86328,430.63864,593.9304,506.80557,6250.799,-115.29128,-122.43826,25.72919087230463,23.87283484113891,2.avi
767,11,2.2,1166,538,1375.8828,0,94.2966268408954,0.8441466093063354,7,0,1146.9436,520.1296,1185.2971,556.00323,1375.8828,53.912453,44.896927,17.02125672775251,106.37808512036248,2.avi
768,11,2.2,582,544,2166.874,0,0.0,0.5006473660469055,1,0,561.56757,519.35706,604.0966,570.3075,2166.874,0.0,0.0,0.0,0.0,2.avi
767,12,2.4,1177,533,1171.312,0,77.47795860824793,0.8116506338119507,9,0,1159.7332,516.6053,1194.7336,550.071,1171.312,55.181168,-7.7186356,14.046112464706876,89.6036370253455,2.avi
769,12,2.4,527,495,11222.006,0,0.0,0.9446259140968324,1,0,472.89996,444.4317,582.4274,546.8901,11222.006,0.0,0.0,0.0,0.0,2.avi
767,13,2.6,1192,533,730.99243,0,26.951165756942547,0.6675540208816528,11,0,1178.9023,520.4257,1206.3306,547.0767,730.99243,71.90131,-0.19176579,3.92031589422767,342.0903027837145,2.avi
769,13,2.6,493,472,15489.84,0,210.2728559182516,0.9218431115150452,3,0,429.94873,411.0865,556.3845,533.59796,15489.84,-137.7128,-93.08851,41.969149302353365,145.68317546809732,2.avi
770,13,2.6,1180,548,338.65222,0,0.0,0.5829372406005859,1,0,1171.1545,538.7079,1189.1294,557.5482,338.65222,0.0,0.0,0.0,0.0,2.avi
767,14,2.8,1200,547,908.9964,0,86.53285676004107,0.7982516884803772,13,0,1184.8767,532.4173,1215.2817,562.31354,908.9964,45.296402,52.316387,15.016695502940532,242.2296804189457,2.avi
769,14,2.8,512,448,14349.93,0,243.6550585198002,0.9326344728469848,5,0,449.13098,391.40195,574.9988,505.40988,14349.93,74.94565,-117.4431,46.72794621023994,7.036794547634543,2.avi
767,15,3.0,1220,568,939.3409,0,86.35065615668942,0.5856473445892334,15,0,1204.7155,553.1688,1236.1381,583.0626,939.3409,88.71038,91.87987,14.88042225566828,316.8793068960873,2.avi
769,15,3.0,532,446,14257.095,0,126.92642755356788,0.937597632408142,7,0,471.4105,388.86856,594.0955,505.07748,14257.095,96.80008,-32.86361,21.655094252299836,283.2027836147133,2.avi
769,16,3.2,536,441,12888.385,0,90.6631009845388,0.9584409594535828,9,0,478.26898,386.20804,594.0052,497.56802,12888.385,35.477863,-27.15305,16.124193191934328,182.13147153328055,2.avi
769,17,3.4,539,440,13030.561,0,31.92120166673869,0.9618403911590576,11,0,480.8683,384.6021,597.57227,496.25696,13030.561,20.04396,-11.874035,5.519536042751303,219.92798331170303,2.avi
769,18,3.6,519,441,12987.936,0,138.38212820076916,0.9552252888679504,13,0,461.046,385.5519,576.9691,497.5911,12987.936,-73.11308,1.6516886,24.40742251633425,186.9308623355288,2.avi
769,19,3.8,517,437,12542.122,0,75.98808675436266,0.9473674297332764,15,0,459.80414,382.62802,574.29376,492.17618,12542.122,-24.407963,-15.654077,13.533946415196723,21.23473165972973,2.avi
769,20,4.0,518,436,12203.472,0,40.02983042680603,0.9468398094177246,17,0,462.5562,382.07556,575.44305,490.17914,12203.472,1.8686123,-8.515734,6.083437586211457,343.490770003314,2.avi
769,21,4.2,521,440,12717.507,0,35.36218928426536,0.946053147315979,19,0,463.86023,385.0606,578.85876,495.649,12717.507,9.5071335,14.293133,5.808234874218589,286.2637208905065,2.avi
769,22,4.4,518,443,11249.659,0,25.253056724775654,0.9142468571662904,21,0,464.5546,391.94812,573.1033,495.58514,11249.659,-7.5381184,16.42078,5.2652519902068295,177.67707040340224,2.avi
771,22,4.4,1268,657,549.82263,0,0.0,0.7072933912277222,1,0,1258.1919,645.0856,1279.4941,670.8961,549.82263,0.0,0.0,0.0,0.0,2.avi
769,23,4.6,516,449,11877.436,0,14.115744329537018,0.9225646257400512,23,0,460.377,395.8796,571.74347,502.5314,11877.436,-12.387936,24.707693,2.354837260201581,235.86839333958,2.avi
771,23,4.6,1267,665,540.68396,0,36.28654525657541,0.5283606648445129,3,0,1255.3173,653.8916,1279.5692,676.18604,540.68396,-5.5877323,28.135519,7.24741136133685,255.2678820647287,2.avi
769,24,4.8,513,455,12836.062,0,7.819024194914173,0.9422378540039062,25,0,455.77838,400.17523,571.74677,510.86115,12836.062,-11.695846,29.98109,1.0329679372891316,235.66391864408388,2.avi
771,24,4.8,1269,668,566.9601,0,16.90009086563033,0.7390601634979248,5,0,1257.8099,656.3837,1280.3536,681.533,566.9601,7.03306,20.316559,3.776103373275455,44.90963024874662,2.avi
769,25,5.0,505,460,11885.584,0,35.25676416796005,0.9269816279411316,27,0,449.87494,406.91223,560.6471,514.2098,11885.584,-35.39608,26.3143,6.599507498709813,166.73399297752235,2.avi
771,25,5.0,1261,668,784.89636,0,56.46616974830356,0.8122147917747498,7,0,1247.6797,654.2221,1275.1489,682.79584,784.89636,-27.764322,3.0113354,10.735312843756098,152.1102989476302,2.avi
769,26,5.2,500,461,10897.103,0,29.23647816783444,0.9349889755249025,29,0,448.21588,409.48343,553.2904,513.1917,10897.103,-25.506815,9.060322,5.1551361998797205,69.34756743697875,2.avi
771,26,5.2,1260,654,1020.16077,0,87.27413658121712,0.3365116417407989,9,0,1244.2025,638.22534,1276.0118,670.29663,1020.16077,-11.467566,-53.990204,15.66773715462682,74.68386278332639,2.avi
769,27,5.4,486,461,11183.01,0,54.2641298375111,0.9031144380569458,31,0,433.3544,408.2548,539.20654,513.9022,11183.01,-61.548416,1.0948548,9.888284288925652,167.44395708567038,2.avi
771,27,5.4,1261,649,975.7507,0,40.37011224363764,0.6707301735877991,11,0,1245.928,634.0075,1277.6025,664.8129,975.7507,3.7323427,-31.113728,6.388370690204246,299.9181568279279,2.avi
769,28,5.6,487,448,11724.779,0,104.6465807213056,0.8784541487693787,33,0,433.84457,393.75,540.8791,503.292,11724.779,-10.046997,-48.042892,18.616748051278293,45.58384783540379,2.avi
771,28,5.6,1248,644,1007.1748,0,78.6174080588867,0.7313591837882996,13,0,1232.7112,628.6361,1264.612,660.2081,1007.1748,-49.535606,-26.365208,14.53444657801258,183.20460094639984,2.avi
769,29,5.8,502,438,12997.437,0,94.97493682988308,0.9419595003128052,35,0,446.1633,380.59012,558.13245,496.67062,12997.437,54.54747,-49.127632,16.672506954341028,3.1371186487509704,2.avi
771,29,5.8,1231,645,1349.0206,0,56.461817041094,0.8475145101547241,15,0,1212.746,627.6405,1249.8766,663.9724,1349.0206,-78.16203,-0.76122093,9.714225072913116,217.0353508397198,2.avi
769,30,6.0,499,427,13229.613,0,79.52999075481588,0.9403688311576844,37,0,442.57953,369.28006,555.4642,486.47592,13229.613,0.56747437,-52.692287,14.172762071024293,172.68376363715242,2.avi
771,30,6.0,1218,652,1248.602,0,44.96573911082301,0.5075214505195618,17,0,1201.0345,635.47107,1236.8326,670.3501,1248.602,-65.64422,27.146353,6.756962259917124,290.0916155151984,2.avi
769,31,6.2,500,423,11590.323,0,35.368780865728354,0.9310537576675416,39,0,446.94138,369.1869,553.6709,477.78217,11590.323,5.070313,-29.059002,5.726115459424718,278.68468597841087,2.avi
769,32,6.4,497,421,11948.337,0,32.33545141886994,0.9191267490386964,41,0,442.70294,367.03723,551.9055,476.45166,11948.337,-10.374975,-13.399383,5.453008504636997,217.60190627551643,2.avi
769,33,6.6,488,426,12643.416,0,54.30572068077132,0.8498771786689758,43,0,433.28198,369.4245,544.4832,483.123,12643.416,-34.783905,14.32676,10.01809086326934,223.8116620912246,2.avi
769,34,6.8,482,433,12162.09,0,25.72506732591338,0.8739900588989258,45,0,428.68875,377.207,536.4378,490.0812,12162.09,-32.33222,31.652775,3.861613000212463,271.1003653861062,2.avi
769,35,7.0,479,443,12815.839,0,27.31067068734769,0.9249961376190186,47,0,424.26056,385.36584,534.2098,501.9273,12815.839,-20.262474,45.77481,4.192949411814237,313.81923658914127,2.avi
772,35,7.0,375,24,324.53308,0,0.0,0.600236713886261,1,0,366.36685,15.70044,384.00888,34.09589,324.53308,0.0,0.0,0.0,0.0,2.avi
769,36,7.2,473,449,11553.919,0,19.264185180026093,0.8989705443382263,49,0,420.93268,394.84363,525.8607,504.95636,11553.919,-27.131268,34.61554,4.383585569830098,119.86253312673811,2.avi
769,37,7.4,469,457,11358.138,0,11.435423818996298,0.9000632762908936,51,0,417.6226,402.86578,522.3235,511.34753,11358.138,-19.429539,35.70609,1.0446300745338168,350.249843308998,2.avi
769,38,7.6,462,462,11064.784,0,24.63728390383475,0.9220536351203918,53,0,410.3911,408.91043,513.9594,515.7461,11064.784,-34.474396,28.323315,4.664493996601882,151.1898139035559,2.avi
773,38,7.6,1156,568,825.12744,0,0.0,0.7854745984077454,1,0,1140.7151,555.2637,1172.6609,581.09265,825.12744,0.0,0.0,0.0,0.0,2.avi
769,39,7.8,457,463,11848.355,0,29.176839454673395,0.9460596442222596,55,0,403.58054,408.78525,511.92624,518.1422,11848.355,-24.963348,10.904198,5.280747007366258,70.99585244038855,2.avi
769,40,8.0,449,458,13645.424,0,43.67697464892839,0.8557724952697754,57,0,390.43155,400.65997,507.60843,517.11145,13645.424,-39.349953,-15.090065,8.519495894506502,116.19478613228614,2.avi
769,41,8.2,408,432,13609.811,0,227.89338515617632,0.9355581998825072,59,0,348.37122,375.74313,468.2025,489.3179,13609.811,-165.74008,-104.843765,40.84835422065152,144.24647679999237,2.avi
769,42,8.4,390,439,12797.5625,0,179.73520898852692,0.9152456521987916,61,0,332.34512,384.37607,448.6456,494.41483,12797.5625,-106.67965,2.203247,31.20433030411598,298.4409413627112,2.avi
769,43,8.6,379,445,11309.653,0,67.12957367892656,0.8868653774261475,63,0,325.26825,393.53748,433.7246,497.8158,11309.653,-66.924034,24.665752,11.113186085675675,332.3114488522661,2.avi
769,44,8.8,377,443,13252.565,0,74.65331058082964,0.9051793217658995,65,0,319.3441,386.1145,435.00717,500.69354,13252.565,-24.372444,-3.0472164,13.284018787128067,34.94931848448397,2.avi
769,45,9.0,371,441,13914.803,0,8.716667112785958,0.9203521609306335,67,0,312.74435,382.20547,429.65683,501.22446,13914.803,-28.60511,-7.1993403,2.216647080263248,125.94362862786544,2.avi
769,46,9.2,369,440,13072.584,0,20.796864942911675,0.8962293267250061,69,0,313.27008,382.34918,424.94598,499.4074,13072.584,-14.650286,-4.879366,3.5311474971167764,4.4680152678694185,2.avi
769,47,9.4,363,433,14665.344,0,36.117179070267404,0.9017295837402344,71,0,304.81912,371.93677,423.15396,495.86768,14665.344,-23.07846,-27.955908,7.598892060965721,114.7220095183311,2.avi
769,48,9.6,361,428,13758.807,0,14.041821273086152,0.9303845167160034,73,0,304.79404,368.46835,418.81662,489.1357,13758.807,-13.7155285,-26.067503,1.6585758540678963,10.808758120776533,2.avi
769,49,9.8,362,421,14777.105,0,23.55193543973166,0.9048610925674438,75,0,303.51746,358.95007,421.74786,483.93573,14777.105,0.016144753,-34.31944,3.9154840363023298,41.38391656369669,2.avi
769,50,10.0,374,402,13466.062,0,95.18640177238048,0.9233524203300476,77,0,318.65213,342.4859,430.47427,462.9098,13466.062,45.88806,-80.01387,16.952120232636915,47.90477107593944,2.avi
769,51,10.2,380,401,11930.928,0,84.10624337262075,0.9170296788215636,79,0,328.0626,343.6823,431.96548,458.50995,11930.928,31.555016,-24.62801,14.785964973213405,255.3450318856736,2.avi
769,52,10.4,386,410,11420.561,0,82.03394048229576,0.9096036553382874,81,0,335.86667,354.54047,437.59372,466.8072,11420.561,33.11315,31.151016,13.833287088373748,268.65358896141515,2.avi
769,53,10.6,390,413,10570.7295,0,24.464952121225377,0.9360955953598022,83,0,341.04984,360.1723,439.27304,467.79175,10570.7295,20.839249,19.913174,5.146139263076615,130.65631730403345,2.avi
769,54,10.8,392,417,12216.6,0,8.98759410164804,0.928678572177887,85,0,339.86432,359.6809,445.9386,474.85114,12216.6,15.347887,17.226189,2.521138081014552,157.50337316147193,2.avi
769,55,11.0,395,418,11614.81,0,14.011797678291511,0.939713180065155,87,0,343.37405,362.77744,448.07217,473.7136,11614.81,14.394343,7.74296,2.879916442501399,109.70491619181098,2.avi
769,56,11.2,400,422,11080.189,0,16.157576051968828,0.93993878364563,89,0,348.56073,368.5465,451.9898,475.67493,11080.189,20.829699,16.652525,2.6115965888873545,302.3648459644503,2.avi
774,56,11.2,1248,715,2728.4402,0,0.0,0.5685141086578369,1,0,1217.2485,693.5993,1280.0,737.0794,2728.4402,0.0,0.0,0.0,0.0,2.avi
769,57,11.4,404,429,11876.467,0,20.642033497368573,0.9309096336364746,91,0,350.4149,374.23328,458.6633,483.94824,11876.467,21.206154,30.688515,3.586024340448638,262.9324384705382,2.avi
774,57,11.4,1244,738,2867.3562,0,117.8642166220559,0.6342694759368896,3,0,1215.6254,713.8953,1274.1783,762.86566,2867.3562,-14.859769,91.980705,23.12766008929067,258.46623802861694,2.avi
769,58,11.6,405,431,12287.791,0,25.85735401969393,0.9185792207717896,93,0,350.4127,376.28323,460.9526,487.44485,12287.791,9.292621,17.749199,5.671927092578314,131.79743758740085,2.avi
769,59,11.8,411,436,12794.886,0,22.657262816995537,0.887657105922699,95,0,355.1962,379.63135,467.56296,493.49854,12794.886,24.054955,22.176167,3.5081412023567817,350.3822378470602,2.avi
775,1,0.2,306,10,1210.4307,0,0.0,0.6438434720039368,1,0,276.24948,0.08828354,336.44052,20.1981,1210.4307,0.0,0.0,0.0,0.0,3.avi
775,2,0.4,342,24,3149.2056,0,194.90796940577232,0.6316051483154297,3,0,309.7246,0.3988781,374.42993,49.068855,3149.2056,142.64375,58.24622,38.252974841944365,338.76209198336,3.avi
776,2,0.4,185,10,1418.4592,0,0.0,0.5194116234779358,1,0,151.43506,0.0,218.83734,21.044676,1418.4592,0.0,0.0,0.0,0.0,3.avi
775,3,0.6,331,46,15409.239,0,213.117475737991,0.8803888559341431,5,0,250.42651,-1.0126076,411.69287,94.53888,15409.239,-38.443817,105.77767,40.75685512225405,193.64807706984385,3.avi
777,3,0.6,159,81,2542.608,0,0.0,0.8520455956459045,1,0,137.02084,53.403625,182.7114,109.05206,2542.608,0.0,0.0,0.0,0.0,3.avi
778,3,0.6,280,74,2835.8494,0,0.0,0.5644602179527283,1,0,253.35617,48.714447,307.66183,100.934586,2835.8494,0.0,0.0,0.0,0.0,3.avi
779,4,0.8,173,316,680.2814,0,0.0,0.627979040145874,1,0,161.61674,302.83368,186.18245,330.526,680.2814,0.0,0.0,0.0,0.0,3.avi
778,5,1.0,264,62,12069.628,0,101.03648317963764,0.7740005850791931,4,0,213.91986,2.8675232,315.3296,121.885956,12069.628,-26.039791,-20.40619,20.904913008852308,142.15924009962862,3.avi
779,5,1.0,159,303,545.0698,0,100.11564366558784,0.7711457014083862,3,0,147.1676,292.00177,171.85254,314.08282,545.0698,-57.44325,-54.44131,20.227111029457514,137.44387404837028,3.avi
780,5,1.0,354,87,6666.274,0,0.0,0.872458815574646,1,0,316.80682,43.415054,392.13385,131.91283,6666.274,0.0,0.0,0.0,0.0,3.avi
781,5,1.0,364,15,2951.5522,0,0.0,0.5330823659896851,1,0,315.45523,0.0,412.83676,30.309158,2951.5522,0.0,0.0,0.0,0.0,3.avi
778,6,1.2,229,55,16774.436,0,164.87975443352843,0.8573395609855652,6,0,160.19922,-4.180374,299.7051,116.061386,16774.436,-147.36824,-30.10352,30.59478304797885,173.81641689188805,3.avi
779,6,1.2,156,299,627.0054,0,57.0264701162945,0.6779307723045349,5,0,143.19041,287.2866,169.83397,310.81967,627.0054,-18.56292,-22.849384,10.513091711295058,319.36892157094064,3.avi
781,6,1.2,354,16,3366.0283,0,47.84500235611821,0.3769260048866272,3,0,302.71707,0.060121536,406.75027,32.415443,3366.0283,-37.574135,4.324163,10.181157749819238,184.7631995574284,3.avi
776,7,1.4,186,21,2024.979,0,56.70082449809093,0.4005357623100281,7,0,163.17067,0.3634262,210.55852,43.095444,2024.979,0.5934413,3.8479297,10.513208517049335,274.7129239565244,3.avi
778,7,1.4,223,69,28777.281,0,169.4114368049125,0.3991095721721649,8,0,126.1962,-4.599121,321.13333,143.02428,28777.281,-57.6614,44.539577,29.51730505900856,319.7287310616824,3.avi
782,7,1.4,872,749,693.14844,0,0.0,0.6619965434074402,1,0,855.8987,739.76843,889.89624,760.1566,693.14844,0.0,0.0,0.0,0.0,3.avi
776,8,1.6,187,21,2752.778,0,8.231462602602226,0.3638705313205719,9,0,154.89111,-0.3052559,219.36218,42.39263,2752.778,1.195955,-2.2678654,1.4991148147329456,89.36081383203418,3.avi
778,8,1.6,251,96,40963.13,0,245.94473933697657,0.8079943656921387,10,0,138.05179,6.3548355,365.03525,186.8223,40963.13,93.75948,115.49567,42.78272400270789,335.29701505043363,3.avi
778,9,1.8,230,132,62492.5,0,236.40681895466665,0.7422871589660645,12,0,94.808945,17.262901,366.13202,247.58792,62492.5,-59.402138,164.48329,42.13446156330843,196.99058296263303,3.avi
779,9,1.8,161,272,2869.5532,0,137.94107119451488,0.2830246388912201,9,0,133.90436,246.83275,189.5568,298.3948,2869.5532,7.4962807,-21.92062,26.76582504283112,359.21624871574386,3.avi
780,9,1.8,358,112,3781.3372,0,127.64714428633997,0.1946682184934616,6,0,332.5243,76.98752,385.31885,148.6111,3781.3372,2.2761052,12.852781,24.59069573863311,278.25254193916544,3.avi
777,10,2.0,160,98,1454.5518,0,88.9048996212783,0.7783353924751282,9,0,139.88455,81.394806,181.20514,116.596436,1454.5518,0.12623833,3.3046536,16.772690091767956,270.4573431946308,3.avi
778,10,2.0,249,151,50057.273,0,192.90572229472875,0.8869680762290955,14,0,132.90277,44.186386,366.50916,258.4668,50057.273,60.270187,110.65634,33.61378672912118,25.218892835191525,3.avi
780,10,2.0,370,120,2795.9507,0,69.24571083173714,0.8232256174087524,8,0,347.2366,90.320816,393.81406,150.3488,2795.9507,48.23295,33.319416,11.58837836285142,336.4499609244451,3.avi
783,10,2.0,144,160,1684.102,0,0.0,0.7271562218666077,1,0,122.86809,140.65034,165.39204,180.25395,1684.102,0.0,0.0,0.0,0.0,3.avi
784,10,2.0,343,78,2513.8735,0,0.0,0.8537939786911011,1,0,319.56262,52.674896,368.1693,104.39357,2513.8735,0.0,0.0,0.0,0.0,3.avi
785,10,2.0,158,217,3239.9316,0,0.0,0.6903109550476074,1,0,127.355865,191.38005,190.53275,242.66356,3239.9316,0.0,0.0,0.0,0.0,3.avi
786,10,2.0,86,261,3053.1243,0,0.0,0.6607010364532471,1,0,59.28461,234.19556,114.3649,289.62598,3053.1243,0.0,0.0,0.0,0.0,3.avi
787,10,2.0,65,92,2551.7788,0,0.0,0.6559327840805054,1,0,37.323227,69.29585,93.00847,115.120895,2551.7788,0.0,0.0,0.0,0.0,3.avi
778,11,2.2,165,168,64866.074,0,546.6297907568867,0.2289285361766815,16,0,34.01454,44.584587,296.43427,291.76904,64866.074,-311.00134,90.34575,96.91381569980948,176.7715892613852,3.avi
778,12,2.4,97,231,56660.754,0,258.3772216689338,0.7435798048973083,18,0,-20.451889,111.78399,215.9242,351.48993,56660.754,-331.33862,264.91736,45.157647443327065,262.3337698782852,3.avi
779,12,2.4,214,235,2499.894,0,226.2844655938732,0.4461722671985626,13,0,191.85521,208.01602,237.23149,263.10855,2499.894,50.089752,-32.367207,44.72721729753968,14.645886005436353,3.avi
778,13,2.6,92,303,58056.758,0,361.08720452618286,0.7867611646652222,20,0,-22.181084,176.88687,207.16241,430.03012,58056.758,-96.64992,337.36768,63.26041331970191,343.1098095559873,3.avi
778,14,2.8,64,375,24816.71,0,53.025756139300256,0.217771828174591,22,0,-10.900887,293.5113,140.69226,457.2173,24816.71,-128.43666,354.41385,10.023287257352964,203.9444754949216,3.avi
788,14,2.8,221,347,4706.609,0,0.0,0.590288519859314,1,0,191.53041,308.42038,251.49406,386.9114,4706.609,0.0,0.0,0.0,0.0,3.avi
789,17,3.4,118,376,1129.398,0,0.0,0.5987353920936584,1,0,103.92874,357.61908,133.339,396.02057,1129.398,0.0,0.0,0.0,0.0,3.avi
788,18,3.6,217,320,739.5044,0,136.79043683005756,0.7224675416946411,6,0,203.52498,307.2486,231.15459,334.01355,739.5044,-2.133555,-13.824053,28.03144580424552,99.26323551336736,3.avi
789,18,3.6,142,392,5513.9907,0,145.180392944893,0.7358741164207458,3,0,104.82442,356.06885,180.85616,428.59106,5513.9907,96.63238,61.916668,27.86419976226689,326.9895917218127,3.avi
790,18,3.6,301,519,2351.5264,0,0.0,0.8057519197463989,1,0,276.68475,496.13885,326.24152,543.59,2351.5264,0.0,0.0,0.0,0.0,3.avi
791,18,3.6,254,412,18386.533,0,0.0,0.7793661952018738,1,0,187.83948,343.04523,320.35095,481.7995,18386.533,0.0,0.0,0.0,0.0,3.avi
792,18,3.6,251,526,2844.3274,0,0.0,0.6902424693107605,1,0,226.86774,497.70807,275.87177,555.7508,2844.3274,0.0,0.0,0.0,0.0,3.avi
791,19,3.8,263,380,3792.121,0,170.4237926613249,0.1695542484521865,3,0,232.7318,349.3952,294.57202,410.71643,3792.121,38.15047,-129.20781,33.622980822947845,74.64242182097843,3.avi
792,19,3.8,224,541,2445.2273,0,154.09793015202672,0.5800574421882629,3,0,200.1143,517.1674,249.62648,566.5538,2445.2273,-105.785866,60.403816,30.86668760581124,207.5375044681715,3.avi
793,20,4.0,236,497,1727.7139,0,0.0,0.7171494960784912,1,0,214.24124,477.6875,258.17294,517.0148,1727.7139,0.0,0.0,0.0,0.0,3.avi
794,21,4.2,124,495,2245.4844,0,0.0,0.7612817883491516,1,0,100.948395,470.9823,147.46793,519.252,2245.4844,0.0,0.0,0.0,0.0,3.avi
795,21,4.2,262,411,3194.1226,0,0.0,0.6340506076812744,1,0,237.20844,379.187,287.08685,443.22516,3194.1226,0.0,0.0,0.0,0.0,3.avi
796,21,4.2,162,403,59780.074,0,0.0,0.6090484857559204,1,0,42.84839,278.81433,282.29962,528.4688,59780.074,0.0,0.0,0.0,0.0,3.avi
794,22,4.4,153,499,2341.8992,0,150.26440609514768,0.3059723079204559,3,0,128.78915,476.35724,178.33536,523.6242,2341.8992,117.182014,19.45538,29.052478335398337,352.3194780389759,3.avi
796,22,4.4,116,365,73947.336,0,300.42116759407986,0.7461193799972534,3,0,1.2249374,205.72412,232.7674,525.09247,73947.336,-181.94743,-152.62782,60.51701385879181,140.31814775251735,3.avi
797,22,4.4,188,457,4561.726,0,0.0,0.6816339492797852,1,0,158.11246,420.11633,219.44699,494.49084,4561.726,0.0,0.0,0.0,0.0,3.avi
786,23,4.6,69,300,3576.4658,0,209.30047040530843,0.3355345129966736,15,0,41.491158,268.40585,97.9018,331.80643,3576.4658,-1.0049859,2.2410777,42.05367419778328,244.92165036475575,3.avi
795,23,4.6,253,390,2150.463,0,110.74229227850346,0.6322820782661438,4,0,230.21988,367.66965,276.4838,414.1522,2150.463,-14.419353,-33.270752,23.094965712507456,113.33386134747924,3.avi
797,23,4.6,210,437,2695.9924,0,149.51834106635602,0.5408964157104492,3,0,187.93886,408.40845,233.97734,466.96796,2695.9924,88.53644,-78.30497,29.36896030275281,43.73533527375099,3.avi
798,26,5.2,167,412,2265.0376,0,0.0,0.7919365167617798,1,0,143.48322,388.93854,191.56573,436.04584,2265.0376,0.0,0.0,0.0,0.0,3.avi
799,26,5.2,149,353,3492.7937,0,0.0,0.6603845953941345,1,0,119.933655,323.6715,178.4689,383.34143,3492.7937,0.0,0.0,0.0,0.0,3.avi
786,27,5.4,33,321,2017.4601,0,190.23359762547813,0.4057337939739227,20,0,10.587717,299.48178,56.582794,343.34433,2017.4601,-20.054325,11.63958,38.37315065116136,205.32088538150344,3.avi
798,27,5.4,155,396,2321.7354,0,103.49491089789495,0.3198307454586029,3,0,131.74136,371.36514,178.59564,420.9174,2321.7354,-49.325214,-65.27312,20.70880790888186,127.21371514219976,3.avi
800,27,5.4,66,362,4185.8164,0,0.0,0.5911278128623962,1,0,33.94832,330.21634,98.924194,394.63742,4185.8164,0.0,0.0,0.0,0.0,3.avi
801,28,5.6,85,474,1646.1654,0,0.0,0.6462582945823669,1,0,65.622055,453.3215,104.387314,495.78647,1646.1654,0.0,0.0,0.0,0.0,3.avi
802,29,5.8,84,550,1937.4167,0,0.0,0.534498393535614,1,0,60.122574,530.7866,109.123856,570.3247,1937.4167,0.0,0.0,0.0,0.0,3.avi
803,0,0.0,357,503,3654.3833,0,0.0,0.7420651912689209,1,0,331.28027,468.80096,384.69843,537.21185,3654.3833,0.0,0.0,0.0,0.0,4.avi
804,0,0.0,559,626,291.07352,0,0.0,0.6032038927078247,1,0,550.5831,617.6653,567.5465,634.8242,291.07352,0.0,0.0,0.0,0.0,4.avi
803,1,0.2,349,545,4232.6455,0,216.8003993096401,0.6550368070602417,3,0,317.751,511.2365,380.42276,578.77325,4232.6455,-35.538746,167.65851,42.94496609619619,257.91734570260644,4.avi
803,2,0.4,359,580,4791.885,0,91.01922474493936,0.8267843127250671,5,0,324.74274,545.5693,393.98566,614.77325,4791.885,44.069614,175.14397,17.083670828713384,355.0858440954948,4.avi
804,2,0.4,531,594,353.5394,0,212.3222952764272,0.3872886300086975,4,0,521.3657,585.2951,541.5945,602.7723,353.5394,-45.220894,-52.805042,42.74760870387184,131.03528814060394,4.avi
805,3,0.6,321,545,3101.8813,0,0.0,0.8381276726722717,1,0,291.0705,520.62695,352.25665,571.32275,3101.8813,0.0,0.0,0.0,0.0,4.avi
805,4,0.8,307,540,6515.2285,0,77.13217341204664,0.8367326259613037,3,0,265.64948,501.60535,349.0268,579.7468,6515.2285,-57.18741,-21.152662,15.834117702037146,157.8309573740678,4.avi
805,5,1.0,298,536,4371.377,0,11.758258941452468,0.8351322412490845,5,0,262.87656,505.95007,333.306,568.0176,4371.377,-47.15627,-18.687805,2.1460957511615484,11.982484411026403,4.avi
805,6,1.2,253,553,2062.457,0,225.16116883469144,0.7792794108390808,7,0,230.04926,531.51483,277.20087,575.2558,2062.457,-181.50867,58.54162,40.76576524201735,208.98407290548352,4.avi
806,6,1.2,247,522,805.648,0,0.0,0.7860509157180786,1,0,232.61102,508.2437,261.48828,536.14276,805.648,0.0,0.0,0.0,0.0,4.avi
805,7,1.4,195,538,2398.5803,0,193.69489048635168,0.8531540036201477,9,0,169.83159,515.2751,220.64165,562.4819,2398.5803,-266.2865,-42.08275,35.10549677287346,129.4862356001234,4.avi
805,8,1.6,154,529,2342.8813,0,70.39956956470071,0.8481635451316833,11,0,129.56287,505.42776,179.14001,552.68506,2342.8813,-218.69626,-47.489132,12.109261037382572,6.93405834776587,4.avi
807,8,1.6,469,600,337.82617,0,0.0,0.5050597786903381,1,0,459.61456,592.411,480.2464,608.78503,337.82617,0.0,0.0,0.0,0.0,4.avi
805,9,1.8,141,537,5736.3135,0,204.3283376249544,0.8757122755050659,13,0,103.20538,500.52298,180.74982,574.4975,5736.3135,-98.06339,21.553722,35.03743850895354,330.14587927220464,4.avi
808,9,1.8,497,595,686.7525,0,0.0,0.7587933540344238,1,0,483.9547,583.32935,511.34644,608.4009,686.7525,0.0,0.0,0.0,0.0,4.avi
809,10,2.0,69,457,1708.3875,0,0.0,0.7134572863578796,1,0,48.34189,437.28516,91.47038,476.89673,1708.3875,0.0,0.0,0.0,0.0,4.avi
808,11,2.2,511,576,887.88934,0,119.566586256694,0.1878436058759689,4,0,493.02582,564.4094,529.9969,588.4252,887.88934,22.722565,-31.881638,23.93386447282381,56.09875857145346,4.avi
809,11,2.2,55,428,2794.8574,0,162.16371782448155,0.6537511348724365,3,0,30.040115,400.9273,80.889046,455.89124,2794.8574,-57.650917,-114.497734,32.687548180092165,117.130502946156,4.avi
810,11,2.2,73,396,956.3801,0,0.0,0.706627368927002,1,0,58.483147,380.69757,89.22408,411.80853,956.3801,0.0,0.0,0.0,0.0,4.avi
808,12,2.4,521,566,997.0449,0,35.19122504580289,0.265258640050888,6,0,501.61227,554.28436,541.3575,579.3703,997.0449,45.07806,-45.11453,6.385449179475309,39.25981333094512,4.avi
809,12,2.4,57,375,2382.9966,0,170.56494271650075,0.8482829332351685,5,0,33.758675,351.19153,81.9768,400.61267,2382.9966,6.1516113,-250.07486,33.18966668430806,66.81726982723961,4.avi
810,12,2.4,87,401,1596.092,0,71.37331627463955,0.719470202922821,3,0,66.81048,381.4355,107.48026,420.68066,1596.092,53.0609,19.181684,13.977158554346708,340.1461640777174,4.avi
810,13,2.6,113,401,3949.8552,0,84.41526806759663,0.7483411431312561,5,0,82.872925,369.4389,144.34122,433.69733,3949.8552,125.63783,3.9501934,15.732088556205486,14.332320379268992,4.avi
808,14,2.8,514,539,846.1293,0,173.892635550135,0.2671563923358917,9,0,496.13947,527.9491,532.326,551.33154,846.1293,-15.672886,-45.32403,34.540069943802806,178.74150762029194,4.avi
810,14,2.8,106,404,4098.106,0,180.73142491144145,0.6830337643623352,7,0,75.44368,371.105,137.26263,437.39706,4098.106,1.4610748,11.208994,32.77578292850031,182.8713338938514,4.avi
808,15,3.0,503,527,873.5398,0,46.87843961811652,0.3423917591571808,11,0,484.73178,515.72345,522.60846,538.7862,873.5398,-44.12696,-58.044323,8.852352714996943,156.177536933375,4.avi
811,1,0.2,509,484,3920.5234,0,0.0,0.6755485534667969,1,0,476.9787,454.7727,542.73737,514.3926,3920.5234,0.0,0.0,0.0,0.0,5.avi
811,2,0.4,482,498,1815.9187,0,155.8597731489579,0.3904726505279541,3,0,460.1998,478.09045,504.50522,519.07684,1815.9187,-109.80249,55.89228,30.920793423331105,205.71701890403693,5.avi
811,3,0.6,454,516,6075.612,0,46.08896647020387,0.9126181602478028,5,0,415.77942,477.76358,493.9068,555.52905,6075.612,-135.2115,87.41571,8.931319316114271,224.3007536111526,5.avi
811,4,0.8,461,537,4192.801,0,187.4419824831973,0.8318279385566711,7,0,431.2386,502.41638,491.3471,572.1703,4192.801,-6.776016,99.548546,33.32305695216174,355.0582512735397,5.avi
812,4,0.8,428,543,1450.77,0,0.0,0.7996775507926941,1,0,410.10223,523.7933,446.43768,563.7204,1450.77,0.0,0.0,0.0,0.0,5.avi
811,5,1.0,450,551,6278.371,0,65.74939577259687,0.917386829853058,9,0,413.09827,508.58057,487.0514,593.4772,6278.371,-44.633553,75.8495,11.71473181551982,148.02766773128286,5.avi
811,6,1.2,442,553,6145.1953,0,72.25696384183489,0.8784731030464172,11,0,405.0758,512.63873,480.25513,594.3792,6145.1953,-38.797073,27.037174,13.226253275233647,86.30717558297243,5.avi
811,7,1.4,454,559,7612.733,0,110.4126172122126,0.9120319485664368,13,0,411.97702,514.4284,496.88626,604.08575,7612.733,36.29924,28.347511,19.09411619932896,359.7490858882904,5.avi
811,8,1.6,483,557,7138.871,0,129.1690445090435,0.8781348466873169,15,0,441.62622,515.2962,525.2763,600.63824,7138.871,119.986115,1.5822906,22.73505778477419,20.40475672208925,5.avi
811,9,1.8,498,567,6276.12,0,73.89317506047367,0.8641303181648254,17,0,459.1333,528.2507,538.1757,607.6525,6276.12,86.16485,38.764572,12.854879594700416,222.6917990378104,5.avi
811,10,2.0,511,554,8085.7695,0,120.28849832072818,0.8644681572914124,19,0,466.12537,509.97125,555.9241,600.01447,8085.7695,67.46306,-40.891563,22.248005523204508,102.69026315578832,5.avi
813,11,2.2,479,583,5772.9326,0,0.0,0.8917936682701111,1,0,442.18256,544.69727,515.9638,622.94116,5772.9326,0.0,0.0,0.0,0.0,5.avi
813,12,2.4,470,579,1887.5427,0,49.36511243966434,0.6576140522956848,3,0,448.85153,557.66113,491.4656,601.95496,1887.5427,-35.587234,-16.012682,10.273628303619814,152.02502529530545,5.avi
814,12,2.4,489,603,859.6215,0,0.0,0.8008918762207031,1,0,474.3723,589.56604,504.5213,618.0785,859.6215,0.0,0.0,0.0,0.0,5.avi
815,12,2.4,478,632,1019.17773,0,0.0,0.7692921757698059,1,0,463.84406,614.94556,493.32098,649.521,1019.17773,0.0,0.0,0.0,0.0,5.avi
816,12,2.4,964,528,638.9541,0,0.0,0.6851679086685181,1,0,951.87805,515.9118,977.4335,540.9145,638.9541,0.0,0.0,0.0,0.0,5.avi
817,12,2.4,436,602,1554.9216,0,0.0,0.680702805519104,1,0,417.97626,581.5464,454.9134,623.6428,1554.9216,0.0,0.0,0.0,0.0,5.avi
818,12,2.4,461,608,381.75992,0,0.0,0.5329651236534119,1,0,450.10895,600.071,473.6167,616.3107,381.75992,0.0,0.0,0.0,0.0,5.avi
814,13,2.6,497,611,1768.9609,0,58.79477586758341,0.8334335088729858,3,0,477.78943,589.8302,517.7581,634.08887,1768.9609,33.241364,32.484215,10.4197208331966,316.4600228145985,5.avi
815,13,2.6,451,643,6197.925,0,148.4815506930198,0.873272716999054,3,0,410.78568,604.86865,491.76633,681.40454,6197.925,-109.008064,43.526268,29.60941947214013,201.322984165099,5.avi
816,13,2.6,955,516,547.2825,0,77.2822557362495,0.1662320047616958,3,0,944.4376,503.73846,966.3292,528.7381,547.2825,-37.01529,-48.60232,15.726409384663842,127.8781236342394,5.avi
814,14,2.8,467,644,1250.8862,0,238.3103849998872,0.6061847805976868,5,0,449.21768,627.6054,485.17593,662.39264,1250.8862,-137.21774,154.02649,45.30880691745556,214.316759241909,5.avi
815,14,2.8,445,689,4656.494,0,212.7170616240955,0.8074662089347839,5,0,410.73428,655.89514,480.29294,722.8385,4656.494,-35.562515,215.35788,40.27122931865861,292.676396234036,5.avi
815,15,3.0,431,721,6908.1943,0,73.18041374145608,0.8959174156188965,7,0,388.82535,680.8279,474.38065,761.57324,6908.1943,-61.631985,172.26295,13.624021877961107,122.9045203523861,5.avi
816,15,3.0,949,494,547.9378,0,87.19143546380674,0.2552302479743957,6,0,937.6646,482.08466,960.3892,506.19672,547.9378,-10.0582905,-36.590546,17.273779180422068,336.3726509022161,5.avi
815,16,3.2,425,749,7886.0137,0,49.56465254065304,0.8863271474838257,9,0,381.06897,706.00745,470.80725,793.8854,7886.0137,-36.062424,150.35815,8.776184397842302,49.29610037564481,5.avi
815,17,3.4,389,774,7803.9185,0,170.61850064340197,0.7597740292549133,11,0,343.43396,731.70264,434.69507,817.2146,7803.9185,-150.1559,128.97327,30.32868933706905,168.554942114366,5.avi
815,18,3.6,368,779,7420.782,0,129.26987028650964,0.8713446855545044,13,0,324.83942,737.65295,413.14258,821.69055,7420.782,-111.85822,49.81578,23.06737617501301,67.1253264906959,5.avi
815,19,3.8,339,787,6520.583,0,40.86502821090466,0.826961874961853,15,0,299.16214,747.5318,380.08383,828.11066,6520.583,-138.76584,42.8405,8.062083621753075,160.92384215529626,5.avi
815,20,4.0,306,777,6535.1973,0,109.14204384627996,0.8581765294075012,17,0,266.0213,737.52936,347.10156,818.1309,6535.1973,-159.18166,-28.537323,20.258364326215386,106.84284453306049,5.avi
815,21,4.2,281,793,7036.5176,0,127.28795505360448,0.902734875679016,19,0,240.061,751.21124,323.139,835.909,7036.5176,-132.74109,53.91001,21.799928029200213,286.7287144287756,5.avi
819,0,0.0,103,111,45614.203,0,0.0,0.5854569673538208,1,0,0.14720154,0.8417969,206.27255,222.13531,45614.203,0.0,0.0,0.0,0.0,6.avi
819,1,0.2,87,109,38637.547,0,80.11243777388601,0.7770249843597412,3,0,-0.41902924,-0.67809296,175.45163,219.0149,38637.547,-62.649033,-9.2621155,16.399787295036802,171.27203996323544,6.avi
819,2,0.4,96,117,43412.49,0,121.701355284256,0.5829024910926819,5,0,2.6129227,1.0934448,189.80222,233.01102,43412.49,34.52498,35.321445,23.137597179676938,335.2575031541588,6.avi
819,3,0.6,95,103,40062.86,0,122.82485622065283,0.5204821228981018,7,0,2.65448,-4.6763,187.763,211.75275,40062.86,4.215292,-43.59238,22.621255411731585,111.0158623619277,6.avi
820,3,0.6,22,189,2418.7178,0,0.0,0.7168627977371216,1,0,0.0,162.67465,44.950397,216.48325,2418.7178,0.0,0.0,0.0,0.0,6.avi
819,5,1.0,159,124,53376.766,0,394.97342014438607,0.8742032647132874,10,0,48.005066,5.0202713,271.65396,243.6835,53376.766,114.724655,40.00224,76.98185920601799,322.7307864849897,6.avi
819,6,1.2,192,128,54846.945,0,61.18341076657977,0.554147481918335,12,0,72.74381,14.356941,312.70395,242.92386,54846.945,152.83078,25.785603,10.200667112349109,25.25645708189279,6.avi
821,6,1.2,563,136,1541.4991,0,0.0,0.766287624835968,1,0,541.6906,118.93904,585.60284,154.04314,1541.4991,0.0,0.0,0.0,0.0,6.avi
822,6,1.2,785,269,776.3512,0,0.0,0.5127682089805603,1,0,771.8906,254.35342,798.2473,283.809,776.3512,0.0,0.0,0.0,0.0,6.avi
819,7,1.4,204,137,48288.32,0,107.24858755239732,0.9315539598464966,14,0,92.60354,29.947792,316.77917,245.35175,48288.32,80.67368,40.73114,19.55406637099256,189.4261293542717,6.avi
821,7,1.4,534,128,1364.2695,0,151.46310316969692,0.3082793056964874,3,0,515.0005,111.38251,554.3579,146.04614,1364.2695,-115.63895,-31.04494,30.83872730560793,164.0178125363674,6.avi
822,7,1.4,758,260,781.4939,0,139.04482398020855,0.8242367506027222,3,0,744.9704,246.53928,772.7847,274.63614,781.4939,-104.5566,-33.906235,28.551662782334844,161.4542191417861,6.avi
823,7,1.4,56,122,2320.7737,0,0.0,0.5093156099319458,1,0,30.573105,100.47461,82.46341,145.19922,2320.7737,0.0,0.0,0.0,0.0,6.avi
819,8,1.6,199,135,61404.57,0,135.4462171293659,0.7943627238273621,16,0,73.88141,12.938789,324.57715,257.87543,61404.57,-2.3626328,0.7875023,24.35019195371108,153.68130697268953,6.avi
821,8,1.6,504,127,1324.8451,0,46.22546342440384,0.7417777180671692,5,0,485.09067,110.38803,523.52637,144.85715,1324.8451,-148.805,-7.612421,8.787802823024402,210.76150642312132,6.avi
822,8,1.6,728,248,604.5342,0,54.6233468241007,0.8396737575531006,5,0,716.65106,236.17929,741.24347,260.76144,604.5342,-145.85568,-58.34086,11.534341737840824,149.77439992779478,6.avi
824,8,1.6,113,64,3987.1685,0,0.0,0.620897114276886,1,0,80.94357,33.719254,145.85867,95.14053,3987.1685,0.0,0.0,0.0,0.0,6.avi
819,9,1.8,178,155,48487.92,0,158.23247657473183,0.7308610677719116,18,0,69.8813,43.534584,287.37177,266.47736,48487.92,-79.774666,75.550476,28.43548818905529,223.1170316255373,6.avi
821,9,1.8,467,122,1139.0941,0,45.13080261355485,0.8314123153686523,7,0,449.65546,106.54123,484.6173,139.1223,1139.0941,-177.22542,-20.145874,8.589314280723547,151.48756060774713,6.avi
822,9,1.8,692,235,569.1482,0,42.11038376563556,0.7726032733917236,7,0,680.478,223.88551,704.0537,248.02681,569.1482,-174.65607,-61.58526,7.982231243462898,166.95145602670004,6.avi
824,9,1.8,142,57,1288.0999,0,151.53803990299505,0.6766777634620667,3,0,126.36424,37.30429,158.69783,77.14211,1288.0999,116.287056,-28.769226,29.54825003798028,14.56330430702667,6.avi
825,9,1.8,243,59,822.1924,0,0.0,0.695732593536377,1,0,227.2067,46.3983,259.60077,71.77925,822.1924,0.0,0.0,0.0,0.0,6.avi
819,10,2.0,145,160,63107.72,0,112.41983683448022,0.5967509746551514,20,0,23.733307,30.598984,267.0473,289.96637,63107.72,-146.23833,37.731445,20.362222255267152,150.2111406730624,6.avi
821,10,2.0,425,116,1173.6265,0,34.69051893854853,0.8181549310684204,9,0,408.82486,99.48849,443.08286,133.74698,1173.6265,-199.24797,-28.532215,7.254501458462595,157.27402762899283,6.avi
822,10,2.0,663,226,704.1999,0,36.758852818240015,0.3779124915599823,9,0,650.4759,212.42946,676.2414,239.76064,704.1999,-151.53354,-52.15837,6.1375814658139305,337.3773299926696,6.avi
826,10,2.0,231,251,3042.4856,0,0.0,0.7743465900421143,1,0,205.46094,222.86313,258.40582,280.32828,3042.4856,0.0,0.0,0.0,0.0,6.avi
819,11,2.2,143,162,71925.41,0,159.70822420619643,0.6664305329322815,22,0,16.827415,21.189682,271.0039,304.16394,71925.41,-39.424454,17.916452,27.482627843820087,12.245262866470624,6.avi
822,11,2.2,636,217,767.7127,0,23.72883259086109,0.3442943692207336,11,0,623.4874,203.10986,650.1658,231.88644,767.7127,-137.01402,-45.10079,3.236914650944851,335.6108770368887,6.avi
825,11,2.2,243,75,1839.592,0,79.89844402156992,0.7716936469078064,4,0,222.24521,53.768356,265.48422,96.313065,1839.592,0.75571173,26.15071,15.916345704046943,268.54648556718894,6.avi
826,11,2.2,243,260,2750.304,0,74.61713950280142,0.7926855683326721,3,0,219.96733,231.57098,266.75116,290.35846,2750.304,45.61226,37.401283,13.896124689194854,322.7859593566493,6.avi
827,11,2.2,63,224,1583.1185,0,0.0,0.7121248841285706,1,0,43.97741,203.75366,82.41166,244.94397,1583.1185,0.0,0.0,0.0,0.0,6.avi
828,11,2.2,111,319,1235.8854,0,0.0,0.7532956004142761,1,0,92.99303,302.62823,129.04489,336.909,1235.8854,0.0,0.0,0.0,0.0,6.avi
829,11,2.2,316,139,882.21454,0,0.0,0.7445664405822754,1,0,302.02145,124.3535,330.6088,155.21382,882.21454,0.0,0.0,0.0,0.0,6.avi
830,11,2.2,74,272,2147.7605,0,0.0,0.7171874046325684,1,0,50.9877,248.73859,97.084015,295.33148,2147.7605,0.0,0.0,0.0,0.0,6.avi
819,12,2.4,138,97,56762.883,0,391.83075950410415,0.8069617748260498,24,0,17.392853,-20.082924,259.7849,214.09503,56762.883,-29.5861,-248.43144,69.28809085288573,88.37137614560737,6.avi
823,12,2.4,27,108,1729.1783,0,162.01654054340892,0.747139036655426,7,0,5.7889137,88.73827,48.805016,128.93668,1729.1783,-10.033061,-4.8066764,33.037274759684635,153.3142890970321,6.avi
827,12,2.4,89,214,1495.7524,0,141.41694110169817,0.8491180539131165,3,0,70.53067,194.2884,108.068054,234.13542,1495.7524,104.2109,-40.46667,27.803238135281248,21.85236176245587,6.avi
828,12,2.4,131,342,1787.0674,0,156.64073652809606,0.8523761630058289,3,0,110.77034,321.5277,152.43663,364.41772,1787.0674,82.17374,92.6311,29.89107633585521,311.9484520397184,6.avi
831,12,2.4,178,358,2590.343,0,0.0,0.856360673904419,1,0,155.15424,331.77905,202.80444,386.1407,2590.343,0.0,0.0,0.0,0.0,6.avi
832,12,2.4,196,199,9732.153,0,0.0,0.6613889932632446,1,0,139.63019,157.21915,253.46622,242.71188,9732.153,0.0,0.0,0.0,0.0,6.avi
819,13,2.6,118,97,48825.805,0,297.1269249407797,0.7671539783477783,26,0,5.460602,-10.281624,231.18115,206.02924,48825.805,-84.77856,-54.00293,51.80137854955203,253.546973491951,6.avi
825,13,2.6,227,79,3921.962,0,100.8279711737931,0.6484791040420532,7,0,198.4547,46.1571,257.3323,112.76921,3921.962,-28.528824,6.0603294,20.91740046445282,145.88669409272245,6.avi
833,13,2.6,140,314,3346.2427,0,0.0,0.8749217391014099,1,0,109.97278,287.71533,171.42554,342.1676,3346.2427,0.0,0.0,0.0,0.0,6.avi
825,14,2.8,198,83,3355.3694,0,138.09113303109697,0.6773882508277893,9,0,171.16904,52.34407,225.53067,114.0672,3355.3694,-119.79849,15.74869,24.29919361824557,185.4900538139413,6.avi
827,14,2.8,125,162,2313.8484,0,191.049011725004,0.4618951976299286,6,0,100.85169,139.02092,150.25499,185.85683,2313.8484,59.53517,-87.21781,38.72751803142291,133.84287650113657,6.avi
825,15,3.0,197,50,5737.124,0,240.4896694037161,0.4614505469799042,11,0,162.07161,10.728092,233.63689,90.894394,5737.124,-28.76355,-122.15387,42.812593054091785,58.1220150755679,6.avi
825,16,3.2,172,22,7373.7124,0,115.9515591877074,0.3274137675762176,13,0,113.1179,-9.034216,230.88339,53.579308,7373.7124,-106.048615,-137.94824,20.573285049979667,167.70647117981878,6.avi
834,16,3.2,91,72,3782.3438,0,0.0,0.8528348207473755,1,0,56.01458,46.00386,126.79902,99.43854,3782.3438,0.0,0.0,0.0,0.0,6.avi
835,16,3.2,296,6,480.67242,0,0.0,0.5206103324890137,1,0,278.7821,0.058768272,314.65625,13.457622,480.67242,0.0,0.0,0.0,0.0,6.avi
825,17,3.4,177,16,5830.4287,0,193.8598234751119,0.5987996459007263,15,0,121.56021,-9.732243,233.06659,42.5556,5830.4287,-4.054756,-54.388847,33.783641541055594,320.8768854782078,6.avi
836,17,3.4,171,126,1310.0052,0,0.0,0.8407797813415527,1,0,153.62737,108.143265,189.36034,144.80423,1310.0052,0.0,0.0,0.0,0.0,6.avi
837,17,3.4,15,405,431.11362,0,0.0,0.5652709007263184,1,0,5.3009434,395.54645,26.544659,415.84015,431.11362,0.0,0.0,0.0,0.0,6.avi
837,18,3.6,4,397,202.70776,0,71.00925884402754,0.5390936136245728,3,0,-0.06736469,386.63272,9.560248,407.68753,202.70776,-44.616207,-34.064613,14.755562345592198,143.90300471152932,6.avi
838,0,0.0,885,826,1695.8578,0,0.0,0.7845109105110168,1,0,864.3557,806.0279,905.9387,846.81036,1695.8578,0.0,0.0,0.0,0.0,7.avi
839,0,0.0,1027,78,5785.0073,0,0.0,0.7015125155448914,1,0,988.20544,41.246895,1065.8798,115.72463,5785.0073,0.0,0.0,0.0,0.0,7.avi
838,1,0.2,906,782,3807.2808,0,247.95918494005312,0.8098224997520447,3,0,873.50354,753.5056,939.7156,811.00696,3807.2808,85.677925,-176.29872,49.07033255163991,64.85205587478526,7.avi
839,1,0.2,998,102,4497.5693,0,187.1431791698093,0.5533052086830139,3,0,965.66296,67.96045,1031.4082,136.36948,4497.5693,-113.800415,94.52775,37.36832988076472,218.99523445092325,7.avi
838,2,0.4,892,749,4479.291,0,162.71164448349097,0.8876159191131592,5,0,859.08575,715.97235,926.15326,782.7601,4479.291,-56.850212,-165.44762,31.80827554846696,183.6112277627041,7.avi
839,2,0.4,981,125,5303.06,0,38.55476667839743,0.8831806778907776,5,0,945.43835,88.92108,1018.05786,161.94638,5303.06,-86.45108,114.507484,6.537289382057119,323.05210809428246,7.avi
838,3,0.6,888,704,3539.1973,0,78.50276502581804,0.8738324642181396,7,0,858.28986,675.12805,918.9898,733.43445,3539.1973,-28.509604,-211.44778,14.010231989106623,61.19501300566384,7.avi
839,3,0.6,948,182,4821.1543,0,207.47546293006292,0.3027622997760772,7,0,915.1711,145.92905,981.9747,218.09818,4821.1543,-147.36708,243.65762,37.47236802631657,243.94711393030437,7.avi
838,4,0.8,890,640,4151.0986,0,128.44047783166027,0.5704237222671509,9,0,858.6402,608.1415,922.591,673.05225,4151.0986,0.96042633,-293.56985,23.09778574040019,72.1969046315524,7.avi
839,4,0.8,929,236,3778.4714,0,66.94637345290663,0.7895562648773193,9,0,901.3493,202.76971,957.9194,269.5625,3778.4714,-106.92993,264.4655,11.20865491498208,332.04203406951854,7.avi
840,4,0.8,891,244,2187.8018,0,0.0,0.7743824124336243,1,0,871.68317,216.89075,911.74005,271.50812,2187.8018,0.0,0.0,0.0,0.0,7.avi
841,4,0.8,209,211,1083.7277,0,0.0,0.6259211301803589,1,0,193.09543,194.65973,225.75583,227.84143,1083.7277,0.0,0.0,0.0,0.0,7.avi
839,5,1.0,893,305,2119.1443,0,124.21224277511897,0.8510713577270508,11,0,871.19165,280.91846,915.1344,329.14355,2119.1443,-164.95671,325.90216,22.059492608403453,226.27183959967937,7.avi
841,5,1.0,197,197,1162.0735,0,90.592295414378,0.2961212396621704,3,0,182.60062,178.39539,212.61575,217.11163,1162.0735,-47.17541,-53.880535,18.907016508518637,131.0864252273492,7.avi
842,5,1.0,894,509,4793.5503,0,0.0,0.889265239238739,1,0,858.3041,476.2318,929.83716,543.24347,4793.5503,0.0,0.0,0.0,0.0,7.avi
843,5,1.0,866,341,4635.4194,0,0.0,0.894453227519989,1,0,831.7964,307.82632,900.44214,375.353,4635.4194,0.0,0.0,0.0,0.0,7.avi
838,6,1.2,866,443,2091.8723,0,165.06037725831987,0.6484761238098145,12,0,842.39417,421.6201,890.26587,465.3176,2091.8723,-43.317818,-330.94553,33.089912431099286,139.58022771094022,7.avi
839,6,1.2,864,398,864.98035,0,163.03851139902997,0.7273260354995728,13,0,850.1111,383.43103,878.3196,414.09485,864.98035,-149.40475,435.71265,28.051039197530184,277.8440083364123,7.avi
844,6,1.2,836,421,868.97455,0,0.0,0.802079439163208,1,0,821.1094,407.60803,851.6636,436.04846,868.97455,0.0,0.0,0.0,0.0,7.avi
841,7,1.4,172,183,890.5083,0,94.209576650814,0.1681296080350875,6,0,158.00589,168.29674,186.45544,199.59807,890.5083,-42.196888,-22.384039,17.780558298802326,278.7246632935009,7.avi
843,7,1.4,867,372,11983.213,0,153.89827342711854,0.92357337474823,4,0,809.1396,320.59775,924.9948,424.03036,11983.213,1.5540417,50.36786,30.423090538514323,271.65892356106286,7.avi
843,8,1.6,853,381,4589.257,0,79.54841101967277,0.8236575722694397,6,0,818.3825,348.33612,887.93024,414.3233,4589.257,-57.00734,46.011562,14.4447965063011,174.48740013004408,7.avi
845,8,1.6,820,380,683.51526,0,0.0,0.7956523895263672,1,0,808.6126,366.64703,832.78204,394.9272,683.51526,0.0,0.0,0.0,0.0,7.avi
846,8,1.6,828,326,2507.2178,0,0.0,0.8257096409797668,1,0,803.3019,301.8883,854.02905,351.31384,2507.2178,0.0,0.0,0.0,0.0,7.avi
847,8,1.6,861,346,921.01697,0,0.0,0.7933521270751953,1,0,846.4955,331.7903,877.31726,361.67233,921.01697,0.0,0.0,0.0,0.0,7.avi
846,9,1.8,825,332,7351.357,0,35.19029857324718,0.9054839611053468,3,0,781.90857,291.18198,869.8363,374.78873,7351.357,-11.149893,25.486158,6.525645014163873,235.8264321275797,7.avi
848,9,1.8,137,117,1221.9883,0,0.0,0.7847707271575928,1,0,121.65285,98.80577,153.6368,137.01207,1221.9883,0.0,0.0,0.0,0.0,7.avi
845,10,2.0,838,368,948.7216,0,107.7196064893206,0.4734257459640503,4,0,820.4282,355.28586,856.30237,381.73166,948.7216,28.963911,-20.128447,21.514940643040426,36.46533009503531,7.avi
846,10,2.0,811,336,2299.206,0,66.29425534267664,0.790282130241394,5,0,787.607,311.8693,834.4638,360.93808,2299.206,-68.879105,17.798296,12.81283875299606,170.64572491574586,7.avi
847,10,2.0,842,341,764.8923,0,102.42848462994463,0.6348042488098145,4,0,828.79236,326.91867,855.6505,355.39755,764.8923,-32.270348,-9.136391,20.71501182978557,163.9381495172952,7.avi
848,10,2.0,117,99,786.4055,0,139.76580102277623,0.748369038105011,3,0,105.05556,83.071396,129.39905,115.37596,786.4055,-81.50706,-74.591774,27.995640865646862,137.51293577181502,7.avi
849,10,2.0,869,384,896.379,0,0.0,0.6335049271583557,1,0,856.0172,367.9072,882.5082,401.74435,896.379,0.0,0.0,0.0,0.0,7.avi
850,10,2.0,337,554,439.50696,0,0.0,0.6077921390533447,1,0,326.7666,544.2221,348.26318,564.66754,439.50696,0.0,0.0,0.0,0.0,7.avi
851,10,2.0,851,362,510.78275,0,0.0,0.7094682455062866,1,0,839.1698,351.88123,864.1129,372.35913,510.78275,0.0,0.0,0.0,0.0,7.avi
848,11,2.2,123,72,1306.4333,0,130.17043221216989,0.5358383059501648,5,0,106.378685,53.051247,139.66928,92.29455,1306.4333,19.682938,-127.85809,25.27226417202105,29.137693100992635,7.avi
849,11,2.2,894,375,5775.4507,0,134.64764804315732,0.5266094207763672,3,0,860.93536,331.79227,927.3676,418.7297,5775.4507,99.35655,-38.182796,26.61728950196619,21.663211451281317,7.avi
850,11,2.2,335,546,543.5759,0,43.93746626532665,0.7350730895996094,3,0,323.61514,534.4649,347.16025,557.55145,543.5759,-8.491848,-33.679104,8.811341598479471,106.58368057504993,7.avi
851,11,2.2,874,342,587.4061,0,154.908340880938,0.6416348218917847,3,0,862.6541,330.0974,887.1176,354.10895,587.4061,92.792496,-79.90817,30.07873783335656,41.98353109252173,7.avi
852,11,2.2,947,376,973.33765,0,0.0,0.7915450930595398,1,0,933.504,359.21014,961.1361,394.43506,973.33765,0.0,0.0,0.0,0.0,7.avi
853,11,2.2,908,353,1201.3313,0,0.0,0.684500515460968,1,0,892.1842,334.84882,925.2661,371.16266,1201.3313,0.0,0.0,0.0,0.0,7.avi
848,12,2.4,122,64,1162.8427,0,100.9828440013068,0.2201982140541076,7,0,105.77307,47.301323,139.24773,82.039314,1162.8427,2.6173668,-60.48419,17.611757378910706,253.64054810816927,7.avi
849,12,2.4,945,357,1977.9902,0,173.1096711505298,0.2056689858436584,5,0,922.82935,336.26355,968.6841,379.39954,1977.9902,244.66992,-83.025665,32.748489152014635,18.9307268483617,7.avi
850,12,2.4,335,538,522.82416,0,9.671694047464577,0.6931472420692444,5,0,323.5545,527.41516,347.1798,549.54504,522.82416,-0.8088107,-37.306953,1.8266634274442983,44.14983202367904,7.avi
852,12,2.4,950,376,1118.3838,0,17.070925653698755,0.6800005435943604,3,0,935.83014,358.07333,965.57,395.67886,1118.3838,13.493113,0.21362305,2.803338461083425,17.063795865808572,7.avi
853,12,2.4,905,355,2224.8286,0,20.418805300392968,0.6886661648750305,3,0,883.43805,330.77814,928.0284,380.67303,2224.8286,-11.943832,10.857624,4.225386488130359,208.1623578599432,7.avi
850,13,2.6,332,528,431.3536,0,18.523716891183582,0.7067140340805054,7,0,322.3552,518.3991,343.59982,538.7032,431.3536,-9.352308,-46.769787,4.403096633918581,136.7176394729825,7.avi
852,13,2.6,916,349,10727.15,0,239.09771078547527,0.8362405300140381,5,0,867.741,294.6575,965.35345,404.55276,10727.15,-155.25435,-124.85919,46.67035546988399,143.25796473511332,7.avi
853,13,2.6,907,333,3576.6877,0,130.1483542023445,0.5355124473571777,5,0,879.55145,300.93164,934.9152,365.53497,3576.6877,5.8640423,-102.081116,25.16406367064556,81.64709671423356,7.avi
854,13,2.6,898,383,1508.66,0,0.0,0.7302098274230957,1,0,877.9211,364.36108,918.1506,401.86243,1508.66,0.0,0.0,0.0,0.0,7.avi
850,14,2.8,334,521,383.60544,0,21.942298018469803,0.7233108878135681,9,0,324.47058,511.53168,344.51086,530.6734,383.60544,3.6356335,-39.456436,3.4086945040166485,328.070087635684,7.avi
852,14,2.8,861,294,5202.9355,0,215.6086411235404,0.7558819055557251,7,0,829.5032,253.62158,893.4874,334.93738,5202.9355,-247.29396,-241.26025,39.22336901753276,128.64812596807582,7.avi
853,14,2.8,906,299,4033.2607,0,73.48340300824702,0.7357776761054993,7,0,876.18286,266.69138,937.202,332.78958,4033.2607,-0.70762014,-152.22743,14.025016436109286,99.87851701559048,7.avi
850,15,3.0,332,519,486.0396,0,38.53846026117656,0.5058338642120361,11,0,321.43097,508.8445,344.0905,530.2941,486.0396,-5.8157253,-14.999508,6.623003099207424,240.9313436670438,7.avi
853,15,3.0,895,287,5213.6562,0,122.78414173542872,0.8757501840591431,9,0,859.7404,251.06519,930.6579,324.5824,5213.6562,-44.280277,-81.10626,21.1397965379723,236.8792298011088,7.avi
840,16,3.2,897,261,2503.7192,0,89.01002617461863,0.1989051401615142,14,0,874.7919,233.04106,919.2667,289.33618,2503.7192,0.36269683,1.1587628,17.61323800880626,287.47267525051075,7.avi
850,16,3.2,326,521,469.17264,0,38.09640329452652,0.1827158033847808,13,0,315.79245,510.7392,337.90335,531.9583,469.17264,-24.083324,3.381956,7.138821648828217,218.36190027406087,7.avi
853,16,3.2,911,277,8531.437,0,147.55470626934763,0.7932568788528442,11,0,867.03687,229.9815,956.39124,325.46014,8531.437,53.310947,-57.571815,25.24076775462004,347.65257616134943,7.avi
853,17,3.4,937,244,8430.514,0,152.29887701840013,0.8782350420951843,13,0,892.9689,197.16962,982.6996,291.12305,8430.514,112.76314,-142.41605,26.58912193765661,56.63360051009391,7.avi
850,18,3.6,318,526,502.33957,0,34.956250857250225,0.612216591835022,16,0,306.78757,516.03375,329.78622,537.8759,502.33957,-13.595254,9.752329,6.1853510492431765,334.9179203741519,7.avi
853,18,3.6,948,254,8297.265,0,227.84383606938115,0.908721387386322,15,0,903.98914,207.5127,992.9332,300.79895,8297.265,66.89778,5.624771,40.288341557386815,252.0940930682353,7.avi
850,19,3.8,316,527,486.01984,0,10.071552507492376,0.6179735660552979,18,0,305.1366,516.98004,328.16443,538.08575,486.01984,-9.449045,4.4968,1.953670555453637,77.2202500109671,7.avi
853,19,3.8,942,222,10277.764,0,215.5702775233617,0.781720757484436,17,0,889.3923,173.90744,994.76996,271.4401,10277.764,-9.096947,-119.780266,38.74617200356954,120.80182204560548,7.avi
855,19,3.8,970,227,1927.0497,0,0.0,0.7461045980453491,1,0,948.0995,206.65756,993.4689,249.13223,1927.0497,0.0,0.0,0.0,0.0,7.avi
850,20,4.0,316,528,491.558,0,11.217105541278208,0.7138972878456116,20,0,304.77197,517.7237,328.63696,538.3211,491.558,-1.9078279,2.9068027,1.3125077035229402,19.228244398748306,7.avi
853,20,4.0,939,165,9543.169,0,187.4027178585833,0.7754409909248352,19,0,886.8998,119.98617,991.53296,211.19214,9543.169,-13.117254,-247.19118,33.741310938540416,92.14301150114916,7.avi
850,21,4.2,312,528,548.60547,0,21.283373153962515,0.5761033892631531,22,0,299.5867,517.76086,325.54782,538.8927,548.60547,-16.347708,1.8419647,4.364864993521649,172.0492021928835,7.avi
853,21,4.2,955,148,7535.742,0,210.84381889518176,0.8240953087806702,21,0,908.75397,107.97806,1002.14594,188.66748,7535.742,59.40602,-123.45975,36.78566425061035,300.0256723480163,7.avi
856,21,4.2,1206,562,1484.7306,0,0.0,0.5519843697547913,1,0,1185.2311,544.57275,1226.9718,580.14307,1484.7306,0.0,0.0,0.0,0.0,7.avi
850,22,4.4,310,528,618.94604,0,5.318902878197532,0.2036168128252029,24,0,295.89844,517.5809,324.48724,539.2308,618.94604,-12.905494,0.729223,0.9881667873756522,44.709719883038815,7.avi
853,22,4.4,968,168,8278.835,0,256.4740391143542,0.9097422957420348,23,0,920.92377,125.23106,1015.53424,212.73553,8278.835,62.858997,50.96376,44.37422705184348,270.86361391810726,7.avi
856,22,4.4,1202,566,1270.4492,0,29.421234985142625,0.5720224380493164,3,0,1184.5308,549.27344,1220.4819,584.6116,1270.4492,-14.351706,18.301863,5.485128259960936,221.60516036112705,7.avi
853,23,4.6,988,174,7993.5327,0,51.21651369064502,0.9238547682762146,25,0,941.53955,131.73726,1035.3712,216.92735,7993.5327,92.29835,32.33499,8.866800291804159,35.71509817370412,7.avi
856,23,4.6,1182,567,1040.8105,0,90.07259588484813,0.1841173321008682,5,0,1166.3649,551.51843,1198.9044,583.5044,1040.8105,-92.20298,4.1454287,18.00024833648624,168.45376382943584,7.avi
853,24,4.8,1024,178,7886.26,0,99.6503203180554,0.877321720123291,27,0,978.18353,135.98206,1070.6293,221.289,7886.26,159.5693,24.013203,17.312769193577235,9.30500180130457,7.avi
856,24,4.8,1167,568,1035.2134,0,17.243838308563806,0.5168384313583374,7,0,1150.4728,553.42267,1184.0199,584.28107,1035.2134,-80.49799,6.1063414,2.826494543192814,6.919378243383335,7.avi
853,25,5.0,1020,181,3898.255,0,201.1221504916141,0.1593089997768402,29,0,989.04694,150.75412,1052.5626,212.12881,3898.255,22.97853,16.333996,36.401935560623386,176.1595011069586,7.avi
857,25,5.0,923,175,1376.1904,0,0.0,0.7542427182197571,1,0,904.67505,157.11372,942.6582,193.34532,1376.1904,0.0,0.0,0.0,0.0,7.avi
858,25,5.0,969,160,858.32446,0,0.0,0.7286198735237122,1,0,954.3823,146.0173,984.3137,174.6937,858.32446,0.0,0.0,0.0,0.0,7.avi
859,25,5.0,927,135,1194.9655,0,0.0,0.6978082060813904,1,0,909.78796,118.56706,944.64734,152.84666,1194.9655,0.0,0.0,0.0,0.0,7.avi
860,25,5.0,990,132,2585.2656,0,0.0,0.8037886023521423,1,0,963.3476,108.91516,1017.9086,156.29816,2585.2656,0.0,0.0,0.0,0.0,7.avi
860,26,5.2,982,152,5986.0093,0,110.49630126425564,0.804766058921814,3,0,933.14087,122.197784,1031.0724,183.32227,5986.0093,-34.01781,80.45254,21.226069066372013,246.0156808223772,7.avi
850,27,5.4,303,520,524.9916,0,167.8188100877493,0.3671205937862396,30,0,290.93076,509.96237,315.98123,530.9197,524.9916,-0.08269215,-3.3416183,33.25601172158866,18.57501114545363,7.avi
861,27,5.4,988,115,8566.97,0,0.0,0.8895098567008972,1,0,939.28,72.7054,1038.3768,159.15591,8566.97,0.0,0.0,0.0,0.0,7.avi
850,28,5.6,298,518,622.2089,0,30.692809445066445,0.4115464389324188,32,0,284.99744,506.52954,311.4842,530.0209,622.2089,-21.595898,-9.53862,5.721025571790641,161.94933175945744,7.avi
861,28,5.6,975,124,8145.1763,0,77.64353091389063,0.8086165189743042,3,0,921.88464,86.716324,1030.0604,162.01208,8145.1763,-51.32092,33.66686,16.010614814148756,210.26496651033693,7.avi
862,0,0.0,725,319,1931.6985,0,0.0,0.8493003845214844,1,0,701.0668,299.48248,749.24646,339.5761,1931.6985,0.0,0.0,0.0,0.0,8.avi
863,0,0.0,1266,156,2457.1726,0,0.0,0.5611553192138672,1,0,1253.155,109.35181,1279.3547,203.13806,2457.1726,0.0,0.0,0.0,0.0,8.avi
862,1,0.2,727,323,2259.5137,0,25.93369925217932,0.7975794672966003,3,0,700.5522,303.2175,755.2851,344.50003,2259.5137,11.026134,17.283323,3.929865643462024,297.9739734011289,8.avi
863,1,0.2,1240,145,6289.917,0,141.7540687697333,0.7839895486831665,3,0,1202.4991,103.67018,1278.5507,186.37617,6289.917,-102.71469,-44.797455,28.561642354867057,156.81460871890465,8.avi
864,1,0.2,1251,204,6700.61,0,0.0,0.5767897963523865,1,0,1223.9136,143.39645,1278.5552,266.0248,6700.61,0.0,0.0,0.0,0.0,8.avi
862,2,0.4,732,326,2699.6265,0,11.40884131968391,0.809712827205658,5,0,702.18787,304.47748,762.3613,349.34155,2699.6265,20.874834,15.424627,2.291359937344842,35.03540581372209,8.avi
863,2,0.4,1213,168,3832.5312,0,170.28014601986754,0.3033541142940521,5,0,1181.7535,137.46124,1244.495,198.54575,3832.5312,-134.11655,101.45894,32.690599279797084,257.6679911861571,8.avi
864,2,0.4,1251,225,2646.523,0,106.37655456326564,0.7130404114723206,3,0,1228.9135,196.80533,1274.6,254.73312,2646.523,2.0853276,84.06628,20.290721335715546,269.33817054932695,8.avi
865,2,0.4,1160,146,4249.265,0,0.0,0.5404108166694641,1,0,1130.7173,111.71042,1191.0723,182.11496,4249.265,0.0,0.0,0.0,0.0,8.avi
865,3,0.6,1181,179,11919.016,0,194.74372444701223,0.7394610047340393,3,0,1127.9691,123.97832,1235.7028,234.6125,11919.016,83.59742,129.27234,37.865757227244856,302.0703806870354,8.avi
866,3,0.6,1110,208,7883.88,0,0.0,0.7826050519943237,1,0,1065.9949,163.57727,1154.2156,252.94269,7883.88,0.0,0.0,0.0,0.0,8.avi
865,4,0.8,1112,195,23621.285,0,453.305930967452,0.7916871905326843,5,0,1030.5261,122.69366,1193.8401,267.3308,23621.285,-311.9125,82.85086,87.14849749674308,173.31178797854818,8.avi
867,4,0.8,1054,208,6631.6924,0,0.0,0.5921130776405334,1,0,1019.369,162.16013,1090.3168,255.63303,6631.6924,0.0,0.0,0.0,0.0,8.avi
862,5,1.0,747,323,2553.8125,0,122.86616921201497,0.2662867903709411,9,0,717.9603,301.28577,776.55786,344.86804,2553.8125,11.334742,-5.751688,24.68216409354143,114.72692915605212,8.avi
865,5,1.0,1037,224,25159.035,0,101.87904369379824,0.9074307084083556,7,0,954.5841,148.65038,1119.7635,300.9638,25159.035,-360.3342,133.56496,17.83406090189919,224.12976392470068,8.avi
862,6,1.2,748,321,1921.7617,0,5.036660398569371,0.8351258039474487,11,0,724.4383,301.87714,772.9285,341.5091,1921.7617,8.009365,-6.672988,1.7853307680430326,148.73525174551253,8.avi
865,6,1.2,956,249,28091.852,0,50.19444778176247,0.2127170264720916,9,0,866.0926,171.69022,1046.8759,327.07993,28091.852,-393.4321,125.369934,9.449182268437346,164.5321112522303,8.avi
868,6,1.2,892,240,2022.9714,0,0.0,0.7091872096061707,1,0,871.7118,215.33597,912.32324,265.1488,2022.9714,0.0,0.0,0.0,0.0,8.avi
862,7,1.4,748,318,1635.0668,0,12.43970560763809,0.848506510257721,13,0,726.8788,300.12436,770.2566,337.81796,1635.0668,1.3311582,-12.067257,3.284070033824257,134.09640351231133,8.avi
865,7,1.4,915,291,32965.438,0,233.6598810474077,0.5901251435279846,11,0,819.13556,205.85963,1011.8703,376.9001,32965.438,-248.39659,190.45694,40.71372702652838,336.0289729761073,8.avi
868,7,1.4,876,249,6860.0654,0,91.52815649560908,0.2111933678388595,3,0,833.62683,209.08948,918.9812,289.46106,6860.0654,-62.728462,36.059414,18.25531865166938,208.66773403020505,8.avi
869,7,1.4,916,354,3193.854,0,0.0,0.8551240563392639,1,0,885.318,328.05032,946.6848,380.0956,3193.854,0.0,0.0,0.0,0.0,8.avi
862,8,1.6,744,320,1394.0348,0,31.82104428319951,0.8438151478767395,15,0,725.3402,302.34814,764.02844,338.38074,1394.0348,-14.616329,2.5624971,5.93432253694935,215.4550962379252,8.avi
865,8,1.6,876,337,21768.438,0,74.50352163960065,0.7914920449256897,13,0,799.1284,267.03473,952.9597,408.5432,21768.438,-209.08813,222.44727,12.658632857831968,323.5050432732791,8.avi
868,8,1.6,823,269,7058.4185,0,221.78123444861265,0.69291752576828,5,0,780.6574,228.38953,865.99884,311.09753,7058.4185,-247.86343,96.762054,42.63578831396406,197.0665498807884,8.avi
869,8,1.6,898,353,3215.3376,0,85.98832444449205,0.2046084553003311,3,0,874.485,320.53598,923.494,386.14297,3215.3376,-67.911865,-2.9281194,18.03335238936397,176.58894030796705,8.avi
865,9,1.8,781,361,19733.002,0,318.673024952609,0.9346747994422911,15,0,709.6624,293.01257,854.17584,429.5605,19733.002,-410.25906,141.71371,57.3221141647935,158.209879600136,8.avi
863,10,2.0,285,895,764.71875,0,189.9204176884428,0.2649773359298706,14,0,271.2001,882.1638,299.52194,909.1648,764.71875,-127.71155,100.97808,37.67864588787623,5.341960307950444,8.avi
865,10,2.0,727,381,19700.371,0,160.9008175414454,0.8909785151481628,17,0,656.9017,311.44714,797.4079,451.6571,19700.371,-305.3128,110.64939,28.471867398510238,17.642729224027676,8.avi
863,11,2.2,275,897,715.0748,0,134.6767131136759,0.5404447913169861,16,0,262.21353,884.0355,289.0037,910.7272,715.0748,-59.302086,20.91977,24.21090328871768,51.16771334325961,8.avi
865,11,2.2,688,403,21958.162,0,126.40598918115164,0.8386293649673462,19,0,614.71173,329.216,762.18634,478.11053,21958.162,-219.32947,110.57736,21.9183890211998,1.783088233378919,8.avi
870,11,2.2,705,454,2852.934,0,0.0,0.6402782201766968,1,0,679.089,427.64978,731.63684,481.9419,2852.934,0.0,0.0,0.0,0.0,8.avi
863,12,2.4,263,897,649.6042,0,24.91512644437736,0.2717088162899017,18,0,251.2265,884.36163,276.68756,909.8753,649.6042,-58.4927,3.6855145,4.626211849431458,99.3073537551076,8.avi
865,12,2.4,661,415,10329.905,0,115.1926799379092,0.6284914016723633,21,0,610.41077,364.88452,713.3854,465.1996,10329.905,-152.7371,69.28447,19.639119720000046,33.287514157090754,8.avi
871,12,2.4,653,460,1823.9642,0,0.0,0.6489996910095215,1,0,633.10925,437.79163,673.33484,483.135,1823.9642,0.0,0.0,0.0,0.0,8.avi
872,13,2.6,554,475,16103.892,0,0.0,0.921175479888916,1,0,494.1007,409.51807,615.37585,542.3061,16103.892,0.0,0.0,0.0,0.0,8.avi
872,14,2.8,536,468,20658.379,0,101.81453736780024,0.925309121608734,3,0,467.04898,393.38916,605.21265,542.9103,20658.379,-74.28148,-30.987526,20.34021081626648,157.1085138496834,8.avi
872,15,3.0,487,468,17493.822,0,177.4918985650857,0.9103414416313172,5,0,425.00275,398.5079,550.58466,537.81,17493.822,-227.59424,-2.5660782,34.80395686531184,190.00693209782136,8.avi
872,16,3.2,409,473,20784.281,0,187.3581647507356,0.8656619787216187,7,0,342.0473,395.50546,476.11462,550.5342,20784.281,-354.88638,18.042515,33.70286391776761,189.1410962132132,8.avi
873,16,3.2,385,537,2379.0552,0,0.0,0.5631029009819031,1,0,359.60336,514.34094,412.05606,559.69714,2379.0552,0.0,0.0,0.0,0.0,8.avi
872,17,3.4,328,458,18743.953,0,115.97942088310847,0.932152271270752,9,0,263.12573,386.69067,393.4546,530.5111,18743.953,-392.55475,-51.15402,21.19193563872397,118.47471745367858,8.avi
872,18,3.6,260,486,25337.004,0,226.33396960434496,0.8442714214324951,11,0,181.73434,406.75717,339.90872,566.94116,25337.004,-350.0797,96.85832,38.99326892007895,285.1957085139759,8.avi
872,19,3.8,205,534,18535.04,0,182.0057123455421,0.927388072013855,13,0,138.55606,465.7336,272.79245,603.81116,18535.04,-292.8941,206.66902,31.195574869291782,297.0658121802215,8.avi
872,20,4.0,180,574,22872.863,0,186.77365523718933,0.8779157400131226,15,0,105.86404,497.31815,254.30246,651.4081,22872.863,-166.02475,199.96506,32.97191094189248,3.662470728590506,8.avi
874,20,4.0,155,628,4375.593,0,0.0,0.6382529735565186,1,0,117.49547,599.2793,192.85045,657.3457,4375.593,0.0,0.0,0.0,0.0,8.avi
872,21,4.2,121,577,20721.365,0,250.37746539479457,0.9190492033958436,17,0,52.383507,503.20642,191.08646,652.6002,20721.365,-262.72473,59.76935,45.44406280747004,124.7121488681621,8.avi
872,22,4.4,91,571,24843.605,0,163.92391291555717,0.9316661953926086,19,0,13.103348,491.81616,169.62376,650.5405,24843.605,-177.44638,-12.068497,28.83171542652286,40.8471146267226,8.avi
872,23,4.6,97,556,19942.055,0,244.50137314853785,0.941307008266449,21,0,27.826942,485.221,167.05463,628.4544,19942.055,-17.583496,-57.939056,43.061129361770256,17.243359002869113,8.avi
872,24,4.8,84,528,21735.748,0,108.61199035599388,0.9072657227516174,23,0,9.960754,455.70807,159.50328,601.05634,21735.748,-52.93573,-122.81136,19.90089191273766,119.91236071705475,8.avi
872,25,5.0,36,547,13729.135,0,324.9745676132921,0.8828926682472229,25,0,-18.137463,484.67773,91.380035,610.03796,13729.135,-197.24974,44.6336,57.6155687783862,228.5429479802106,8.avi
872,26,5.2,3,545,4172.2603,0,73.34797583630294,0.3976156115531921,27,0,-22.959005,506.2798,30.682383,584.0604,4172.2603,-171.51895,1.8880234,12.700956145623037,62.68286523736214,8.avi
875,3,0.6,78,257,20595.102,0,0.0,0.7707054615020752,1,0,0.2949524,191.79587,156.60408,323.55466,20595.102,0.0,0.0,0.0,0.0,9.avi
875,4,0.8,100,199,40617.656,0,312.9833950233495,0.7132748961448669,3,0,1.4916306,96.60526,198.6813,302.58792,40617.656,86.37509,-231.85097,62.50767770101207,69.83252521039975,9.avi
875,5,1.0,113,209,34516.67,0,291.81691905688,0.6230491995811462,5,0,19.39573,117.67114,208.16663,300.5207,34516.67,69.98038,23.982605,55.94387873017113,265.5285853945257,9.avi
875,6,1.2,127,199,27136.932,0,82.85729434865334,0.8122041821479797,7,0,39.99015,121.150566,214.19772,276.9241,27136.932,67.36,-32.983845,14.912709808666376,92.98761648737354,9.avi
876,6,1.2,842,266,2443.542,0,0.0,0.7836900949478149,1,0,815.92285,243.2208,869.47363,288.85117,2443.542,0.0,0.0,0.0,0.0,9.avi
875,7,1.4,134,194,27834.12,0,36.7744815250318,0.8163942098617554,9,0,44.60382,117.22578,224.30142,272.12,27834.12,43.894543,-24.41531,6.748593242656246,193.3603854499077,9.avi
876,7,1.4,845,258,1862.1462,0,38.53269511918844,0.8725870847702026,3,0,824.3009,236.76553,866.4005,280.9974,1862.1462,10.588756,-28.560955,8.359130768071386,74.01661971135337,9.avi
875,8,1.6,136,170,23937.094,0,115.19741456226475,0.8905923962593079,11,0,52.52938,99.348335,220.69379,241.69174,23937.094,18.430471,-98.53786,21.069701382726567,110.07315826593424,9.avi
875,9,1.8,127,124,31788.707,0,167.2452105701484,0.8825562596321106,13,0,33.262383,39.63211,220.85574,209.08751,31788.707,-32.485893,-200.27603,29.92886419414872,116.37917998585463,9.avi
875,10,2.0,130,98,30798.242,0,100.72496170927133,0.8822157979011536,15,0,39.64376,14.421936,221.99075,183.32103,30798.242,6.9557037,-144.25262,16.63255705581358,304.572486288406,9.avi
875,11,2.2,136,75,31052.977,0,38.870669911147736,0.8083121180534363,17,0,42.1324,-6.866928,231.17287,157.39937,31052.977,24.048025,-124.079605,6.258352811903177,307.2897145535184,9.avi
875,12,2.4,216,52,21172.447,0,421.8715978058982,0.7860224843025208,19,0,136.24097,-13.869255,295.85864,118.775505,21172.447,310.90845,-116.37682,74.55387347198361,358.8089479605313,9.avi
877,12,2.4,879,274,1736.1261,0,0.0,0.7421311736106873,1,0,858.7195,253.67584,899.97705,295.75604,1736.1261,0.0,0.0,0.0,0.0,9.avi
878,12,2.4,111,32,5442.779,0,0.0,0.741672694683075,1,0,70.737015,0.0,153.2144,65.991165,5442.779,0.0,0.0,0.0,0.0,9.avi
879,12,2.4,160,96,896.6206,0,0.0,0.5760708451271057,1,0,146.39087,80.0331,174.26788,112.19653,896.6206,0.0,0.0,0.0,0.0,9.avi
875,13,2.6,230,33,15487.7,0,272.90056258049606,0.5508358478546143,21,0,148.18958,-13.859261,312.10724,80.625374,15487.7,125.98308,-100.20344,48.38272154502216,184.5310972175521,9.avi
877,13,2.6,867,271,1654.639,0,60.87695160868719,0.8388445973396301,3,0,848.31964,250.08203,887.2286,292.60797,1654.639,-46.204338,-13.456804,12.895267188222434,163.2519743121726,9.avi
878,13,2.6,156,21,3713.079,0,231.9753675627012,0.5562257766723633,3,0,112.74554,-0.2111988,199.93549,42.374886,3713.079,177.10503,-47.559837,45.62929198289815,15.241741428328735,9.avi
875,14,2.8,275,21,8215.278,0,121.82158198799227,0.4215982556343078,23,0,208.65794,-9.071934,341.65375,52.699017,8215.278,202.17465,-67.6237,21.094034425101885,338.7140018850382,9.avi
877,14,2.8,861,266,1894.42,0,18.11692896411543,0.7985053658485413,5,0,840.0104,244.91888,883.07446,288.9096,1894.42,-32.42511,-21.421608,3.623053123489297,47.09032842460903,9.avi
878,14,2.8,196,25,4425.3613,0,77.74400819814566,0.7253665924072266,5,0,150.6371,1.5248451,241.73915,50.10072,4425.3613,197.37502,17.660225,14.08307309122994,287.5154339116219,9.avi
877,15,3.0,852,261,1524.7946,0,17.624043050749687,0.1778576523065567,7,0,832.2583,242.18442,872.0968,280.45883,1524.7946,-43.46869,-26.438675,3.46470019068376,151.93751739438596,9.avi
878,15,3.0,217,16,2422.4707,0,123.29175039389082,0.7129825949668884,7,0,183.9882,-1.2071018,250.6656,35.124107,2422.4707,127.05909,-29.838963,22.943341309193386,144.43383341650247,9.avi
878,16,3.2,266,12,1886.339,0,135.10241860716334,0.7560602426528931,9,0,234.15701,-1.7349482,299.0012,27.355389,1886.339,218.56815,-22.854939,23.283177406382897,357.5155356944132,9.avi
880,1,0.2,839,991,6392.182,0,0.0,0.6221553683280945,1,0,788.85864,959.8213,889.42163,1023.38525,6392.182,0.0,0.0,0.0,0.0,10.avi
880,2,0.4,803,984,7289.9033,0,181.64993083147735,0.6701045036315918,3,0,757.152,945.2925,850.70374,1023.2163,7289.9033,-140.56807,-29.336922,36.931276979209,168.11920341174175,10.avi
881,2,0.4,702,991,6307.059,0,0.0,0.6610872149467468,1,0,652.1792,959.9825,751.86304,1023.2531,6307.059,0.0,0.0,0.0,0.0,10.avi
880,3,0.6,759,959,10044.609,0,129.47785459930907,0.8176480531692505,5,0,707.18506,911.65796,811.9397,1007.5449,10044.609,-214.98747,-115.35836,25.66274289682461,130.93493754953738,10.avi
881,3,0.6,651,964,12688.83,0,289.9126313212834,0.840596616268158,3,0,596.1024,906.97,707.1902,1021.1935,12688.83,-201.09709,-109.92456,58.016353357316405,151.57325881332264,10.avi
880,4,0.8,687,913,10099.698,0,207.0356889835897,0.8705921173095703,7,0,635.90295,864.5785,738.2655,963.2445,10099.698,-328.0401,-202.09515,37.785353522977225,141.48478945720194,10.avi
881,4,0.8,581,914,12343.924,0,213.38196140782009,0.869022011756897,5,0,527.00586,857.5332,636.1356,970.6455,12343.924,-337.81213,-238.17429,41.41527844190976,137.279985870438,10.avi
882,4,0.8,938,291,1696.2426,0,0.0,0.73396897315979,1,0,918.1937,270.5569,957.8605,313.3192,1696.2426,0.0,0.0,0.0,0.0,10.avi
880,5,1.0,612,868,10645.111,0,60.98406539411899,0.846255898475647,9,0,560.627,816.406,663.6801,919.70337,10645.111,-363.82407,-222.96777,10.952888746917528,149.90301492729589,10.avi
881,5,1.0,508,870,13428.236,0,38.81144055900289,0.918876588344574,7,0,451.80786,810.6547,564.50385,929.80927,13428.236,-360.2551,-223.68819,6.976422940702678,210.5450948066316,10.avi
882,5,1.0,926,279,1683.7678,0,86.5640088606798,0.74189293384552,3,0,906.4355,258.30307,947.012,299.7991,1683.7678,-45.123074,-51.44492,17.66477413180221,132.9102697099869,10.avi
880,6,1.2,543,799,12148.902,0,136.25304956404156,0.8988960981369019,11,0,489.51227,743.9955,598.3726,855.5963,12148.902,-346.3079,-313.9976,24.72625469555542,81.60191855500887,10.avi
881,6,1.2,438,838,13444.891,0,73.45175905881409,0.8941787481307983,9,0,382.49933,778.474,495.01672,897.9657,13444.891,-350.07108,-174.8427,12.648402656122236,278.6173587684221,10.avi
882,6,1.2,913,263,1755.5476,0,33.290919084218736,0.7313337922096252,5,0,892.9862,242.56332,934.1061,285.25668,1755.5476,-64.14032,-73.663345,7.435325010833412,129.19815478596274,10.avi
880,7,1.4,461,746,10535.467,0,94.41688151150022,0.8516358733177185,13,0,410.34235,694.7899,511.83038,798.59985,10535.467,-398.59286,-276.69678,16.377741344183928,213.3496029958347,10.avi
881,7,1.4,368,786,13154.87,0,95.9078948735097,0.9106537103652954,11,0,313.41156,727.1246,424.58228,845.4549,13154.87,-349.0974,-240.08636,17.267309211046435,92.46883132561584,10.avi
882,7,1.4,900,248,1637.8771,0,3.0893637101009364,0.7643442749977112,7,0,880.68427,228.4605,921.2044,268.88177,1637.8771,-63.272655,-75.604515,1.3790434469882702,121.37973808839,10.avi
880,8,1.6,389,693,11091.458,0,45.91298632949203,0.888293981552124,15,0,337.6241,639.8369,440.6954,747.44653,11091.458,-368.62543,-267.90408,7.807354988862889,347.8406727989126,10.avi
881,8,1.6,295,738,13136.112,0,23.477531783945143,0.888663649559021,13,0,238.13313,680.9828,351.95813,796.38904,13136.112,-364.9886,-238.49619,4.186305014801094,176.26833117945705,10.avi
882,8,1.6,890,237,1808.5725,0,26.09969801241137,0.2250068485736847,9,0,867.8713,217.52782,912.6257,257.9389,1808.5725,-55.754486,-59.54792,3.850415707588059,296.3696820263825,10.avi
880,9,1.8,311,648,12408.24,0,51.86037784353426,0.8116952776908875,17,0,256.84842,592.2762,367.09042,704.83075,12408.24,-381.9526,-235.24219,9.09369709678096,240.81289096158764,10.avi
881,9,1.8,220,697,13229.376,0,39.64179986472042,0.8841772675514221,15,0,162.9365,640.28876,277.93243,755.3309,13229.376,-371.19382,-212.25491,6.352463381798065,251.19302962819256,10.avi
882,9,1.8,906,239,1425.9459,0,173.5341851194383,0.8134884834289551,11,0,886.9422,221.39946,926.10345,257.81158,1425.9459,49.738586,-6.5355186,29.955831711987752,333.90539958729244,10.avi
881,10,2.0,137,659,12757.834,0,54.30939927017054,0.3259133696556091,17,0,82.15547,601.95746,192.93843,717.1181,12757.834,-404.4565,-196.18282,9.890359883131854,201.60180694724932,10.avi
882,10,2.0,909,237,1337.7301,0,41.81892335244488,0.8235167860984802,13,0,890.4951,219.41867,927.7721,255.30484,1337.7301,21.520458,-10.138012,7.582518938558185,170.1400703575889,10.avi
881,11,2.2,83,620,15552.486,0,154.00110888616513,0.5757710933685303,19,0,20.487022,559.0862,147.29877,681.7285,15552.486,-299.7033,-195.77449,26.34607460150597,0.6550634894354062,10.avi
882,11,2.2,904,234,1449.2222,0,52.863490935934266,0.717841625213623,15,0,884.8371,215.47192,923.47003,252.9845,1449.2222,-14.185669,-14.391383,9.531517431650803,171.95373353292678,10.avi
881,12,2.4,39,595,12670.837,0,122.82332845973708,0.5580337643623352,21,0,-14.667442,537.95087,94.51137,654.00665,12670.837,-238.28447,-139.13773,20.38211240285814,317.58533662384053,10.avi
882,12,2.4,899,232,1564.623,0,11.48714684939431,0.7812782526016235,17,0,879.7082,213.12521,919.79034,252.16068,1564.623,-20.212704,-9.418519,2.405894670912331,195.6761052942324,10.avi
883,12,2.4,92,516,12964.45,0,0.0,0.7775576710700989,1,0,31.352982,462.9555,153.50775,569.08685,12964.45,0.0,0.0,0.0,0.0,10.avi
882,13,2.6,894,230,1578.4176,0,7.760497381370089,0.8221782445907593,19,0,874.1211,210.8305,914.7323,249.69705,1578.4176,-25.135593,-11.32405,1.8679854484096527,156.01783743183614,10.avi
883,13,2.6,41,486,8910.611,0,296.69935403318925,0.7244833707809448,3,0,-0.08250427,433.1016,83.32858,539.92926,8910.611,-202.82367,-117.78748,59.55127035163356,149.7268318125614,10.avi
882,14,2.8,881,225,1574.7277,0,45.11181103273118,0.8115621209144592,21,0,861.6589,205.79799,902.1729,244.66667,1574.7277,-53.91752,-21.96441,8.918912942439793,160.3515828438858,10.avi
883,14,2.8,17,436,3815.0398,0,161.6127965768012,0.8298397660255432,5,0,-6.442192,397.34485,41.88897,476.28027,3815.0398,-126.512146,-237.51035,31.318768819503894,59.40181562897442,10.avi
884,0,0.0,983,489,37067.12,0,0.0,0.8852831721305847,1,0,889.31226,390.68317,1077.739,587.40216,37067.12,0.0,0.0,0.0,0.0,11.avi
884,1,0.2,987,498,32026.105,0,51.93199546843843,0.8993362188339233,3,0,892.279,414.36792,1082.4017,582.8175,32026.105,15.228634,38.123936,9.6075537795248,291.20024133610417,11.avi
884,2,0.4,982,499,33895.02,0,54.855103238856174,0.9058546423912048,5,0,884.9824,412.3258,1080.276,585.8852,33895.02,-20.291138,5.5572205,11.06431663951714,139.28308857032437,11.avi
884,3,0.6,999,504,31662.535,0,120.84306913123822,0.8782223463058472,7,0,905.3472,420.79547,1094.2812,588.3807,31662.535,61.172646,22.319601,20.776336797497013,349.50879576486034,11.avi
884,4,0.8,1008,501,27189.537,0,49.2196593940922,0.9118632078170776,9,0,922.2339,422.16437,1094.1525,580.318,27189.537,46.37326,-7.661543,9.012643598796071,116.69484901634576,11.avi
884,5,1.0,1010,502,27933.78,0,42.76602363457256,0.906304657459259,11,0,924.7821,421.66058,1096.5201,584.314,27933.78,20.152338,4.9492655,7.811393195190915,197.05605608814764,11.avi
884,6,1.2,1002,503,29667.025,0,67.49774274677782,0.8977904319763184,13,0,913.87964,419.68625,1091.6687,586.5526,29667.025,-25.644072,1.6503794,12.719171658381388,175.5938086805936,11.avi
884,7,1.4,995,488,28521.762,0,84.87683330785792,0.9166622161865234,15,0,908.2094,406.92584,1082.8418,570.2504,28521.762,-33.796776,-55.505642,15.67436937354279,99.71639512000422,11.avi
884,8,1.6,992,471,28375.16,0,37.72839392303595,0.9090850949287416,17,0,904.8794,390.6863,1079.7273,552.9711,28375.16,-20.19329,-77.26703,7.248337496731469,63.50377760292673,11.avi
884,9,1.8,981,466,26921.178,0,68.01609998785837,0.9269271492958068,19,0,896.6323,386.9473,1066.2786,545.6374,26921.178,-46.38144,-39.12663,12.058613798344464,232.9544461227982,11.avi
884,10,2.0,972,456,25736.309,0,10.215843537647643,0.900886297225952,21,0,889.60394,378.8719,1055.0188,534.45825,25736.309,-45.872646,-46.056973,2.473540727939737,94.1545147967276,11.avi
884,11,2.2,957,458,23292.188,0,72.289372883297,0.9264463186264038,23,0,878.6429,384.46503,1035.5035,532.95465,23292.188,-69.19321,-2.766285,12.201876932598648,239.8051431388752,11.avi
884,12,2.4,946,460,23916.107,0,23.03145006604365,0.9035626649856568,25,0,867.9473,384.50653,1024.8678,536.91565,23916.107,-56.99009,7.058215,3.323461311821763,326.3128508442712,11.avi
884,13,2.6,935,456,24657.553,0,32.208802943371865,0.9244768023490906,27,0,856.3608,378.42203,1014.38995,534.45374,24657.553,-55.583282,-14.805512,6.1227491978712205,90.0896718341121,11.avi
884,14,2.8,917,459,26160.742,0,52.50225729223775,0.9240801930427552,29,0,835.54376,379.02277,998.497,539.56415,26160.742,-83.421524,7.565135,9.121118213245008,217.2676422901808,11.avi
884,15,3.0,918,471,25384.428,0,117.61890875869078,0.9189903140068054,31,0,837.81824,392.47394,998.70325,550.25385,25384.428,-14.484077,48.168427,20.39417754265033,330.0116026208795,11.avi
884,16,3.2,933,485,26136.195,0,102.9334432841428,0.8904927968978882,33,0,851.60126,404.995,1014.5599,565.38043,26136.195,53.65313,64.28349,18.084508827216148,347.21359612887085,11.avi
884,17,3.4,922,478,24010.84,0,164.2592943623776,0.9168109893798828,35,0,845.2815,400.5735,999.4603,556.30725,24010.84,-28.805412,-11.112679,29.62275032370192,137.41714225251428,11.avi
884,18,3.6,920,487,25194.75,0,70.24376987302156,0.9123870730400084,37,0,841.6036,408.26898,999.6547,567.6778,25194.75,-13.347148,34.0986,11.302589715177266,287.4545254728653,11.avi
885,18,3.6,633,508,2083.2354,0,0.0,0.526591956615448,1,0,612.051,483.97357,654.5925,532.94305,2083.2354,0.0,0.0,0.0,0.0,11.avi
884,19,3.8,907,492,22989.385,0,61.16515122064367,0.9241502285003662,39,0,832.58136,415.8942,982.0788,569.672,22989.385,-54.228188,26.368221,11.310036210193314,165.70233393385126,11.avi
884,20,4.0,908,506,28062.64,0,81.56280387921379,0.910674810409546,41,0,827.4108,419.51422,989.623,592.51385,28062.64,-7.9517975,56.971497,13.989397138797193,325.4027582566272,11.avi
884,21,4.2,907,511,28415.133,0,36.35577577229928,0.8864228129386902,43,0,826.755,423.4551,988.95886,598.63666,28415.133,-4.3736477,32.501953,6.408745827580037,89.34354528136674,11.avi
884,22,4.4,906,520,32990.637,0,19.29700768156446,0.8828537464141846,45,0,819.9614,426.01828,993.7102,615.89386,32990.637,-4.9366193,45.615955,2.6430078088060114,248.1848313106196,11.avi
884,23,4.6,921,543,38347.36,0,115.71567441103043,0.8602535128593445,47,0,826.1124,442.78867,1016.395,644.3172,38347.36,54.31117,97.43509,19.912661516243343,319.5433608623845,11.avi
884,24,4.8,922,574,31934.213,0,84.35799532917954,0.8817872405052185,49,0,834.7178,484.40002,1011.2611,665.286,31934.213,19.210968,142.82924,14.914965765083664,227.29352566279863,11.avi
884,25,5.0,924,586,32865.887,0,98.5306110222227,0.8957696557044983,51,0,833.28784,495.9592,1015.47974,676.3508,32865.887,9.796555,76.47166,17.637665340351017,99.23861713367216,11.avi
884,26,5.2,918,585,27027.258,0,98.24608764386406,0.9135199785232544,53,0,836.6309,503.45825,1000.5529,668.33704,27027.258,-20.014162,16.660492,18.44417995385509,116.89404856680903,11.avi
884,27,5.4,911,592,27681.861,0,23.01858401712883,0.9211747646331788,55,0,828.5414,509.1535,995.1398,675.3127,27681.861,-30.584827,28.211376,4.533881442802134,217.66283615817093,11.avi
884,28,5.6,917,601,27256.8,0,67.92383629223268,0.8994470238685608,57,0,834.6137,519.2605,999.4406,684.6267,27256.8,12.888126,43.85771,11.701273147101462,344.5121717319542,11.avi
886,28,5.6,888,644,1776.5188,0,0.0,0.6285058856010437,1,0,865.8335,624.65283,910.7258,664.2257,1776.5188,0.0,0.0,0.0,0.0,11.avi
884,29,5.8,903,600,27347.994,0,106.9304905314855,0.9254873394966124,59,0,821.366,517.33936,986.43365,683.01685,27347.994,-47.512375,3.3326836,19.76192581651148,147.16566856756708,11.avi
884,30,6.0,901,605,28529.965,0,50.785266043425,0.9018534421920776,61,0,818.84326,519.867,985.11707,691.45135,28529.965,-18.349117,21.849094,7.801406194680434,327.81605346137303,11.avi
884,31,6.2,900,613,26677.223,0,22.839909747119545,0.9088195562362672,63,0,821.09656,529.42834,979.89075,697.4271,26677.223,-9.952288,34.92054,3.4178591127522706,299.6272367240522,11.avi
884,32,6.4,902,627,28852.02,0,47.20460481054021,0.9044630527496338,65,0,820.21094,539.8699,984.01013,716.01245,28852.02,3.9214783,63.877876,7.458640155306243,297.9583056984178,11.avi
884,33,6.6,915,640,28118.58,0,71.64064380633545,0.9349622130393982,67,0,834.5078,553.9547,996.6233,727.4026,28118.58,52.652367,63.73132,12.126363652089154,3.388475550864939,11.avi
884,34,6.8,933,651,29259.375,0,41.47749037736725,0.9341683983802797,69,0,850.5908,563.34814,1015.92395,740.32043,29259.375,80.19479,57.613777,7.317470270772301,19.35308393322828,11.avi
884,35,7.0,932,648,27766.986,0,127.48792500122808,0.9367848634719848,71,0,850.8206,563.3287,1014.1108,733.37555,27766.986,15.46489,-0.09454727,23.130156769759807,138.39887942174948,11.avi
887,35,7.0,700,670,2408.452,0,0.0,0.7377719879150391,1,0,675.80505,646.3807,726.1305,694.2382,2408.452,0.0,0.0,0.0,0.0,11.avi
884,36,7.2,921,652,27612.777,0,80.84441549772716,0.9082872867584229,73,0,839.75836,567.8386,1003.73676,736.23145,27612.777,-37.651855,14.142489,15.013324681675936,194.13674612098427,11.avi
887,36,7.2,709,667,2334.42,0,44.028773896156,0.6136040687561035,3,0,683.6424,645.0938,735.0042,690.5444,2334.42,33.35535,-9.941493,8.687295967045701,22.39270320965153,11.avi
884,37,7.4,920,648,30071.65,0,51.25018993857124,0.8877379894256592,75,0,834.3245,560.61224,1006.18317,735.59125,30071.65,-14.435085,-11.862985,8.97491969671027,49.8843156520187,11.avi
887,37,7.4,711,662,2306.7424,0,31.18620442904726,0.390605628490448,5,0,687.08545,638.3526,735.23035,686.2651,2306.7424,11.208374,-26.068954,6.294361654143796,142.51094568296662,11.avi
888,37,7.4,1211,359,1031.9769,0,0.0,0.5365267992019653,1,0,1196.0442,342.16916,1226.5071,376.0457,1031.9769,0.0,0.0,0.0,0.0,11.avi
884,38,7.6,924,625,29871.465,0,120.77825273939264,0.8814501762390137,77,0,838.96875,538.20056,1009.91235,712.9452,29871.465,12.770231,-89.383064,21.76455199546806,72.25568341008614,11.avi
888,38,7.6,1216,355,689.6908,0,31.452214241817707,0.5711900591850281,3,0,1203.7509,342.57016,1229.5326,369.32132,689.6908,21.421652,-12.621491,6.2602349258633785,41.00410181035176,11.avi
884,39,7.8,942,603,32039.443,0,92.88271677427952,0.8311490416526794,79,0,854.7281,512.4669,1030.9567,694.2731,32039.443,73.72021,-106.021866,15.723171573628813,17.378690071472704,11.avi
888,39,7.8,1222,348,712.73553,0,26.893294596601315,0.7361883521080017,5,0,1209.8783,334.75504,1235.6256,362.43692,712.73553,29.782967,-34.71793,5.526799906810206,78.79492496074363,11.avi
884,40,8.0,939,584,28661.053,0,102.99304986795693,0.8793506026268005,81,0,857.2033,497.67334,1021.88947,671.70764,28661.053,4.338936,-96.31143,18.676725232064747,185.636440864177,11.avi
884,41,8.2,956,571,28756.977,0,95.6756151413452,0.8867368698120117,83,0,872.5931,485.60095,1039.7207,657.6669,28756.977,64.88475,-72.44472,16.55180791867193,340.3285243970681,11.avi
884,42,8.4,952,549,27449.49,0,102.7206021720514,0.9057342410087584,85,0,870.6197,465.7147,1034.9269,632.7767,27449.49,1.9629059,-102.82506,18.971272178534704,154.57487794951828,11.avi
884,43,8.6,968,516,30823.695,0,111.0618381968902,0.8841651678085327,87,0,880.67914,428.78418,1056.4326,604.1644,30823.695,61.152153,-149.77008,19.51537740083037,40.52487061876764,11.avi
884,44,8.8,981,510,24420.424,0,136.41071309888986,0.91523015499115,89,0,902.0033,433.56097,1060.4087,587.72504,24420.424,62.76613,-56.995285,23.480647622034635,270.5214236525978,11.avi
884,45,9.0,988,514,25075.91,0,88.08005056172203,0.9433189630508424,91,0,908.9824,435.6839,1068.943,592.44696,25075.91,44.319054,0.007457733,15.840140946583476,248.6793187566518,11.avi
884,46,9.2,980,504,26036.27,0,110.93407279080104,0.9463679194450378,93,0,898.21924,425.62726,1063.0634,583.5721,26036.27,-21.774475,-36.403023,20.47261159775888,150.54597729908158,11.avi
889,46,9.2,1260,222,749.36926,0,0.0,0.6857677102088928,1,0,1246.8394,208.29987,1273.2588,236.66418,749.36926,0.0,0.0,0.0,0.0,11.avi
884,47,9.4,979,501,29206.684,0,28.568049398863987,0.945153832435608,95,0,891.85913,417.8595,1066.6414,584.9628,29206.684,-10.375544,-20.665035,4.573079914685803,306.39799288480475,11.avi
889,47,9.4,1263,213,766.5146,0,48.42542414747221,0.8230860233306885,3,0,1250.215,199.7096,1277.6022,227.6977,766.5146,15.407396,-35.04347,9.930597936280856,72.71318883859192,11.avi
884,48,9.6,984,506,27656.992,0,64.98521843221648,0.9119114875793456,97,0,899.6726,424.6435,1069.6305,587.37195,27656.992,18.378567,12.908482,11.074760346776069,308.04365847086194,11.avi
889,48,9.6,1266,206,691.8664,0,4.1373838507105525,0.8015214204788208,5,0,1253.2744,193.12175,1279.1802,219.82887,691.8664,11.914668,-36.049225,1.2095581874550754,144.93218613810075,11.avi
884,49,9.8,976,505,29195.531,0,70.16823647766607,0.9341350197792052,99,0,888.59045,422.39224,1063.9579,588.87427,29195.531,-27.97712,1.539237,12.8392176167903,163.76565983734383,11.avi
889,49,9.8,1267,201,712.8292,0,11.822496092428514,0.7051982283592224,7,0,1254.7833,187.03587,1280.1886,215.09413,712.8292,7.603432,-29.14838,2.3667329740940537,227.12825039332384,11.avi
884,50,10.0,963,501,32175.092,0,47.86499916648232,0.9005795121192932,101,0,870.11005,415.48453,1056.4685,588.1361,32175.092,-56.3966,-14.347585,9.131173003262193,147.23955362781686,11.avi
889,50,10.0,1267,196,738.97076,0,9.89403402341924,0.7062915563583374,9,0,1255.3494,181.9017,1280.4802,211.30673,738.97076,3.4125295,-23.893997,2.147357572372476,200.8610164896422,11.avi
884,51,10.2,968,497,30842.855,0,91.82221217453412,0.9089536666870116,103,0,878.66156,410.99637,1057.6426,583.32104,30842.855,5.685135,-21.201431,16.10734599096052,6.920570099270435,11.avi
889,51,10.2,1265,191,814.8463,0,16.809241725748958,0.6191589832305908,11,0,1252.4744,176.09782,1278.7949,207.05629,814.8463,-7.983665,-24.849339,3.69077508468525,167.07677516819558,11.avi
884,52,10.4,971,493,34911.01,0,11.825594305177598,0.8955101370811462,105,0,876.7047,400.94968,1066.0315,585.3452,34911.01,13.680703,-20.320543,1.7128215001598324,357.2692217866719,11.avi
889,52,10.4,1262,184,1019.5693,0,16.340036040434725,0.4818097949028015,13,0,1247.486,167.05502,1276.921,201.69296,1019.5693,-15.038975,-33.43836,3.3091920505715007,128.01366358693207,11.avi
884,53,10.6,949,486,32773.9,0,139.6474945866823,0.915203094482422,107,0,858.27686,397.05637,1040.7329,576.6826,32773.9,-80.92739,-28.834972,25.29288613390593,172.99797887299837,11.avi
884,54,10.8,956,486,35784.574,0,132.74104072000677,0.8921272158622742,109,0,862.1387,391.61768,1050.0283,582.07294,35784.574,6.6223755,-6.7483006,23.203290855653027,347.8149271410556,11.avi
884,55,11.0,933,481,34553.13,0,136.62967528012516,0.9308471083641052,111,0,841.0417,388.54468,1025.9607,575.40015,34553.13,-85.32218,-20.298437,24.81853096170837,169.5637426373728,11.avi
884,56,11.2,936,483,32760.16,0,114.79396450774452,0.8856140375137329,113,0,846.4523,391.81647,1025.5989,574.68427,32760.16,-9.984253,0.22989082,20.213927660561865,345.42352342187786,11.avi
884,57,11.4,937,475,37451.344,0,48.1558574264766,0.8617768287658691,115,0,842.8011,376.24265,1031.6466,574.56,37451.344,2.304182,-30.134151,8.812370128818104,70.29555074449001,11.avi
890,57,11.4,305,706,783.8486,0,0.0,0.7872522473335266,1,0,291.6541,692.30896,318.492,721.51575,783.8486,0.0,0.0,0.0,0.0,11.avi
884,58,11.6,931,474,32579.646,0,45.336518312379575,0.9166797399520874,117,0,843.0631,383.271,1020.76355,566.6112,32579.646,-19.892097,-8.72514,8.128993566927202,214.6815631573249,11.avi
890,58,11.6,306,701,920.6182,0,26.64999797842117,0.7655401229858398,3,0,292.452,685.7887,321.0167,718.01794,920.6182,6.6318436,-19.99613,5.984575470250839,81.0896800103464,11.avi
884,59,11.8,924,474,34705.598,0,20.121668004173014,0.8703742623329163,119,0,831.8386,381.17776,1017.5194,568.08777,34705.598,-32.414272,-3.1996317,4.01621963325375,191.546869424143,11.avi
890,59,11.8,308,698,881.8113,0,4.093787331106055,0.7764872908592224,5,0,295.145,681.91016,322.53323,714.1068,881.8113,10.196287,-19.518118,0.1134838930805451,237.66470545666076,11.avi
884,60,12.0,921,476,30501.2,0,23.425219994411936,0.915517032146454,121,0,834.0904,389.2331,1009.03925,563.5766,30501.2,-19.45866,6.0767374,3.4482017029638485,324.4027853889486,11.avi
890,60,12.0,314,695,943.9974,0,24.018751464661182,0.7991523742675781,7,0,300.391,679.5237,329.1944,712.2975,943.9974,25.207058,-12.593592,3.247450372352146,343.99957844139544,11.avi
884,61,12.2,930,465,31700.928,0,98.73097568932702,0.9119850397109984,123,0,841.7164,375.90817,1018.7039,555.02203,31700.928,28.75824,-40.671288,17.64149194913524,45.67359828140633,11.avi
890,61,12.2,320,695,895.0851,0,13.979532279737557,0.7541975378990173,9,0,306.6625,679.8978,335.1071,711.3655,895.0851,29.239994,-3.9961882,1.6166882550585877,275.8896701152784,11.avi
884,62,12.4,929,489,29354.307,0,185.57700587644652,0.9229153394699096,125,0,843.23206,404.70587,1016.21265,574.403,29354.307,4.76157,83.25919,32.42536211610303,257.6019516783734,11.avi
890,62,12.4,330,696,921.2552,0,22.50235215780152,0.7525383234024048,11,0,315.6876,680.84155,344.9006,712.3773,921.2552,42.938766,2.8392859,3.469577694852378,340.33464993536046,11.avi
884,63,12.6,926,480,25996.594,0,146.43016336569394,0.929201602935791,127,0,845.6314,400.05206,1006.8188,561.33386,25996.594,-12.351358,-14.863846,26.61993907460737,100.11406015248338,11.avi
890,63,12.6,340,697,940.8703,0,6.586633489640848,0.7677004933357239,13,0,325.18558,681.2737,354.9034,712.93384,940.8703,47.410355,2.5563345,1.132134571783532,9.010363988566326,11.avi
884,64,12.8,938,488,28238.256,0,105.37060125914655,0.8999741077423096,129,0,855.0443,404.4356,1022.5283,573.0383,28238.256,45.4591,27.506203,17.567006372262814,324.1844742548668,11.avi
890,64,12.8,348,697,963.3149,0,4.626627101418186,0.7402780055999756,15,0,333.70316,681.7619,363.75174,713.8205,963.3149,44.337055,3.233893,1.6457958139195088,158.05536024115236,11.avi
884,65,13.0,949,504,26129.834,0,59.28242934362526,0.9265979528427124,131,0,869.3473,423.45703,1030.5172,585.58307,26129.834,53.359177,67.04967,9.82602862471858,276.5556866535219,11.avi
890,65,13.0,355,698,919.8428,0,10.022863727130082,0.8032930493354797,17,0,341.1383,682.6121,370.52313,713.91547,919.8428,37.552334,2.564015,2.6315533742869874,170.4192675567699,11.avi
884,66,13.2,960,523,29149.225,0,34.03528916958961,0.8887611031532288,133,0,874.6966,439.4163,1047.1251,608.46735,29149.225,54.538883,90.170944,5.105873330115952,263.20485589012554,11.avi
890,66,13.2,362,698,854.3049,0,4.741395274938583,0.7916057109832764,19,0,348.48264,683.2498,376.73257,713.4908,854.3049,34.73104,1.0013117,1.549808519018541,149.9271004925132,11.avi
891,66,13.2,733,510,2481.5654,0,0.0,0.7577327489852905,1,0,710.31226,483.07043,755.9282,537.4717,2481.5654,0.0,0.0,0.0,0.0,11.avi
884,67,13.4,962,531,26772.293,0,80.09346847195398,0.9335391521453856,135,0,881.239,448.90744,1043.1901,614.2185,26772.293,17.602169,50.122936,14.726772912062826,131.81425546028493,11.avi
890,67,13.4,369,699,792.1065,0,7.166506999241847,0.7711730003356934,21,0,356.36154,685.2112,383.56503,714.329,792.1065,36.30589,5.61469,0.7007986851450854,217.79160922223312,11.avi
891,67,13.4,744,515,2037.1185,0,63.47705048960396,0.7255738377571106,3,0,723.65356,491.17072,765.3657,540.00824,2037.1185,45.46661,21.231308,11.863055866230788,336.50758159682056,11.avi
884,68,13.6,969,537,27314.967,0,31.00408961884808,0.9239844083786012,137,0,887.99884,454.5555,1051.7206,621.3932,27314.967,33.465847,36.226547,5.630831280405679,54.5602924945066,11.avi
890,68,13.6,376,702,769.88336,0,13.171926638485305,0.781412661075592,23,0,362.68622,688.773,389.75317,717.21674,769.88336,32.44158,13.698273,1.650676083283907,222.11578795986676,11.avi
891,68,13.6,745,520,1827.7625,0,42.57241240181778,0.8042550086975098,5,0,726.1787,496.52026,764.71216,543.95337,1827.7625,8.11227,23.06775,8.604534033038336,181.09374331375147,11.avi
884,69,13.8,992,549,23792.22,0,94.41755475416338,0.9414781332015992,139,0,915.85345,471.8668,1069.69,626.52594,23792.22,95.84256,51.520607,15.902933285729432,346.24839918903206,11.avi
890,69,13.8,380,707,760.9206,0,15.389304271568706,0.7901450395584106,25,0,367.05478,693.2639,394.01706,721.4856,760.9206,24.087826,20.006586,2.9891142463292835,205.0475677771669,11.avi
891,69,13.8,750,527,1661.0885,0,25.455649844905395,0.7959811091423035,7,0,732.1749,505.18976,769.41846,549.79047,1661.0885,22.411644,33.19073,3.6357131780614136,323.7534016707691,11.avi
884,70,14.0,1002,540,29621.865,0,119.42454298672487,0.8966338038444519,141,0,915.5255,455.46417,1089.4912,625.73834,29621.865,59.56805,-21.165009,21.887840124570367,117.0099162019984,11.avi
890,70,14.0,381,711,835.0594,0,23.81091777178452,0.7918277382850647,27,0,367.1008,697.13196,395.26413,726.7826,835.0594,8.0462475,22.241865,4.369700534607318,175.06246277749506,11.avi
891,70,14.0,751,532,1742.8616,0,20.674981333752,0.8609809279441833,9,0,732.61584,510.2647,771.00354,555.6663,1742.8616,9.095121,28.727634,4.779032704980028,153.55570361543153,11.avi
884,71,14.2,991,546,28705.777,0,144.67728179966423,0.928502082824707,143,0,906.5367,461.8837,1075.5715,631.7054,28705.777,-30.303768,18.934055,25.32508358882749,202.3536965931878,11.avi
890,71,14.2,379,715,939.57416,0,16.928144016488677,0.6427741646766663,29,0,364.93753,700.19806,394.72122,731.7447,939.57416,-3.3467655,20.571632,4.043877426831418,159.65959305270064,11.avi
891,71,14.2,754,538,1713.6957,0,4.924159371364365,0.848202645778656,11,0,735.23096,516.59674,773.7484,561.0881,1713.6957,12.406969,29.23279,0.8021547331654661,62.42887103649912,11.avi
884,72,14.4,974,550,28914.346,0,57.77665773596599,0.949800670146942,145,0,890.6018,464.20892,1058.9728,635.9389,28914.346,-69.55589,16.982544,11.00870842770036,176.97285394880953,11.avi
891,72,14.4,753,543,1743.1052,0,21.96710166234688,0.8280741572380066,13,0,733.7571,521.31537,772.661,566.12067,1743.1052,-2.0619602,25.498577,4.315320835609626,156.95910682282567,11.avi
884,73,14.6,977,553,27351.729,0,96.2014342783578,0.9298856258392334,147,0,896.2611,469.35944,1059.5137,636.9018,27351.729,-4.131195,15.675794,16.13076159173584,1.67107042299358,11.avi
891,73,14.6,752,549,1998.2,0,2.3533265049717014,0.7163988947868347,15,0,731.86096,525.274,773.5731,573.1785,1998.2,-2.3681486,27.06979,0.8172124231596922,192.8862054572085,11.avi
884,74,14.8,979,562,28458.496,0,37.88131038855371,0.941171944141388,149,0,895.5629,477.4748,1062.6204,647.82635,28458.496,3.67796,40.231487,6.053161815261549,288.6812188957276,11.avi
884,75,15.0,969,557,27702.057,0,96.69579942184524,0.9103083610534668,151,0,886.59656,473.46924,1051.913,641.0392,27702.057,-36.983246,-11.468487,17.45948219517758,128.32588262902811,11.avi
884,76,15.2,963,565,35680.824,0,58.91091633519586,0.9023683071136476,153,0,869.82214,470.10657,1057.3636,660.3622,35680.824,-30.311243,28.044357,10.10422215516136,276.4890213465106,11.avi
884,77,15.4,996,570,36856.613,0,221.42320199915136,0.9120064377784728,155,0,901.05096,474.4548,1092.3345,667.13544,36856.613,120.30425,27.859192,38.47860153623931,1.2557422521650778,11.avi
884,78,15.6,979,571,40640.35,0,234.23170883009237,0.9288420081138612,157,0,880.3449,469.44632,1078.8042,674.2256,40640.35,-38.06806,10.433226,42.097056747667466,172.67544129887494,11.avi
884,79,15.8,978,587,38344.22,0,87.16447719570377,0.8579092025756836,159,0,881.6733,488.90344,1075.407,686.8257,38344.22,-12.764854,64.05337,14.404460160703874,294.7872133901416,11.avi
884,80,16.0,990,606,29448.604,0,87.92438985805427,0.9459907412528992,161,0,905.31537,519.98193,1075.4917,693.0294,29448.604,42.67996,86.47695,14.990403795931313,339.19357534869613,11.avi
884,81,16.2,981,632,29883.658,0,109.36662042611322,0.9152700304985046,163,0,892.7018,548.1242,1070.357,716.33563,29883.658,-24.278584,118.893906,19.724364171901207,204.56179490282685,11.avi
892,81,16.2,1268,254,779.81433,0,0.0,0.5898385047912598,1,0,1258.308,236.40643,1279.5316,273.14917,779.81433,0.0,0.0,0.0,0.0,11.avi
884,82,16.4,976,667,29992.143,0,66.33814934919162,0.9333240389823914,165,0,888.87726,582.5802,1064.9727,752.8977,29992.143,-23.312273,164.00783,11.011899900790118,266.4924640924734,11.avi
892,82,16.4,1268,257,752.8411,0,11.909283433832188,0.5617478489875793,3,0,1257.2556,239.9529,1279.2798,274.1355,752.8411,-2.603041,9.047437,2.405035923503467,247.51463535319212,11.avi
884,83,16.6,988,695,28586.37,0,95.4649568265024,0.9273711442947388,167,0,901.71344,613.5148,1075.2642,778.2296,28586.37,39.093094,146.05356,16.68430296058789,19.39508636582093,11.avi
892,83,16.6,1267,260,851.04767,0,6.892113718609869,0.4095075726509094,5,0,1255.5112,242.10478,1279.147,278.11145,851.04767,-4.516696,14.791752,1.3682801679320726,236.90750611558445,11.avi
884,84,16.8,999,711,30105.576,0,80.53397735374526,0.9193486571311952,169,0,911.07465,625.72577,1087.3174,796.5446,30105.576,50.20265,92.411415,14.337988378297814,79.17576982109364,11.avi
892,84,16.8,1265,263,998.04004,0,4.090094545106558,0.1507472097873687,7,0,1252.9763,244.36624,1278.9006,282.8646,998.04004,-6.3856125,16.896856,1.4273297001210354,177.33090913343722,11.avi
884,85,17.0,1014,735,26205.338,0,45.7534358355325,0.9305459856987,171,0,931.40656,656.92035,1097.5789,814.6202,26205.338,70.41753,116.0747,7.187642892681775,311.50864821973926,11.avi
884,86,17.2,1027,748,32355.049,0,61.68085659458056,0.9197803139686584,173,0,935.32294,660.41473,1119.7659,835.83514,32355.049,66.44974,74.30644,11.09772881158875,98.16512961334666,11.avi
884,87,17.4,1040,777,27060.604,0,81.89128191501943,0.9126718640327454,175,0,956.7338,696.98456,1124.8428,857.95514,27060.604,66.27287,130.00992,14.038609676243995,266.5927569721555,11.avi
884,88,17.6,1062,807,34059.562,0,56.01247102661363,0.8781114816665649,177,0,968.7344,717.4644,1157.1045,898.2763,34059.562,100.41196,146.92668,8.704278936197714,336.08752306329507,11.avi
884,89,17.8,1087,806,30003.174,0,176.87758853495902,0.9263262748718262,179,0,1000.2921,720.1,1174.3776,892.4474,30003.174,117.0765,27.771416,31.5103578840514,82.71041661152441,11.avi
893,89,17.8,1089,16,1663.4528,0,0.0,0.5097334980964661,1,0,1063.7219,0.07870865,1115.24,32.367435,1663.4528,0.0,0.0,0.0,0.0,11.avi
884,90,18.0,1088,806,29339.844,0,131.7099979786886,0.9307101368904114,181,0,1002.1593,720.8984,1174.1295,891.50836,29339.844,30.136002,6.1395645,23.48473889444276,165.6314207064005,11.avi
893,90,18.0,1087,14,1393.1581,0,12.034682307932362,0.2942437827587127,3,0,1063.9324,-0.0837574,1111.8127,29.012928,1393.1581,-6.420995,-7.0199065,3.3312455837570707,138.13793657179758,11.avi
884,91,18.2,1072,817,29170.924,0,137.4961544306477,0.9259231090545654,183,0,986.1787,732.56995,1157.8992,902.44446,29170.924,-54.98522,44.891193,24.148327567418924,203.34382901438127,11.avi
884,92,18.4,1071,839,34180.957,0,95.71775100975609,0.9146847128868104,185,0,978.09467,748.3017,1164.7969,931.3791,34180.957,-14.972298,96.25385,15.99310003138429,308.5100305279229,11.avi
893,92,18.4,1092,9,840.0696,0,42.2812521743904,0.2711159884929657,6,0,1071.3418,-0.850729,1113.3826,19.131569,840.0696,7.764605,-8.911207,8.077697658041831,8.921093715049437,11.avi
894,92,18.4,323,780,1061.1581,0,0.0,0.6528733372688293,1,0,309.64194,761.6375,337.2549,800.0672,1061.1581,0.0,0.0,0.0,0.0,11.avi
884,93,18.6,1088,884,33752.703,0,182.0707637967567,0.92644464969635,187,0,995.2626,793.7486,1181.3024,975.17596,33752.703,61.297493,193.83002,31.66387369262891,308.1252061661705,11.avi
893,93,18.6,1099,7,717.5693,0,30.98049854678048,0.2081243395805359,8,0,1078.1298,-0.7761817,1120.4349,16.185537,717.5693,28.342075,-7.5827374,5.097438431947788,4.029293500503968,11.avi
894,93,18.6,327,774,1267.276,0,36.52895142375015,0.3872283697128296,3,0,310.26465,755.87006,344.03003,793.4019,1267.276,14.766166,-24.815737,7.718060965131447,62.60230183734359,11.avi
884,94,18.8,1113,935,31178.691,0,100.57582685894954,0.9195623993873596,189,0,1024.687,847.624,1202.8269,1022.6476,31178.691,112.12187,239.62585,17.13988188121172,316.62240302026925,11.avi
884,95,19.0,1156,949,29669.898,0,220.7791301440932,0.9008765816688538,191,0,1067.639,866.02545,1245.08,1033.2354,29669.898,189.72643,111.05348,39.40720345442546,59.80653336286605,11.avi
895,95,19.0,748,584,2782.603,0,0.0,0.7502607107162476,1,0,717.3298,561.699,779.60223,606.3833,2782.603,0.0,0.0,0.0,0.0,11.avi
884,96,19.2,1162,956,25606.906,0,202.11766738679992,0.8955302238464355,193,0,1078.0127,880.0895,1246.367,1032.1909,25606.906,66.21353,50.66855,35.97971712482207,153.87840386946664,11.avi
895,96,19.2,754,578,2277.2803,0,43.66057314630613,0.7505180835723877,3,0,727.6576,556.92706,781.66455,599.09344,2277.2803,24.730818,-24.075354,8.1927079054278,47.50869438609499,11.avi
884,97,19.4,1163,963,23818.752,0,71.34058276611789,0.8675000071525574,195,0,1076.9541,894.28894,1249.3533,1032.4495,23818.752,18.989918,39.49713,12.856341814840816,165.24688414273862,11.avi
895,97,19.4,763,570,2331.188,0,27.07469141863602,0.8495808243751526,5,0,737.9484,547.62476,789.6867,592.682,2331.188,44.01053,-38.004177,4.660479658676606,43.28223068570685,11.avi
884,98,19.6,1165,964,20019.764,0,40.94895993349894,0.890097975730896,197,0,1085.6736,901.3406,1244.8496,1027.1117,20019.764,12.490003,12.412008,7.526071477812273,105.02971167288293,11.avi
895,98,19.6,766,562,2232.9236,0,31.630493050350463,0.8324211239814758,7,0,741.88165,540.6159,792.02313,585.1484,2232.9236,22.277498,-36.74038,6.642710879288341,175.22853255199334,11.avi
884,99,19.8,1162,968,20113.184,0,29.79301668631905,0.8871593475341797,199,0,1078.1025,909.58606,1247.7891,1028.1174,20113.184,-6.0237093,20.654602,5.902653519083779,192.6379868269405,11.avi
895,99,19.8,769,556,2624.3757,0,10.70481621561575,0.5750443339347839,9,0,742.8405,532.3664,796.89886,580.9135,2624.3757,16.37321,-32.49558,2.4525649508122824,190.9517144279536,11.avi
884,100,20.0,1141,975,16986.227,0,115.77769784853268,0.8538671135902405,201,0,1061.3876,922.2664,1221.4127,1028.4136,16986.227,-84.25393,29.720894,20.83896359709579,185.55526763855735,11.avi
884,101,20.2,1135,967,19309.303,0,101.11326242335828,0.8705495595932007,203,0,1049.1283,911.268,1221.8893,1023.0369,19309.303,-42.10413,-24.629116,17.698999319776895,53.80981071156026,11.avi
884,102,20.4,1112,976,17164.838,0,117.16550437218147,0.8396640419960022,205,0,1028.0013,925.4677,1196.1464,1027.5513,17164.838,-99.847755,30.301937,20.429244389752228,222.3919800458287,11.avi
884,103,20.6,1092,977,17057.832,0,29.812413599443392,0.7764198780059814,207,0,1006.2517,927.69147,1178.1821,1026.905,17057.832,-99.414314,10.027691,5.570799716652116,91.07225570427488,11.avi
884,104,20.8,1086,976,16794.482,0,81.87222581917774,0.8398970365524292,209,0,1000.4873,927.48883,1172.513,1025.1166,16794.482,-44.932697,-1.5142651,14.059571682500088,13.590669486551974,11.avi
884,105,21.0,1060,970,18069.4,0,99.91490010682256,0.8497616052627563,211,0,972.15735,919.7687,1149.0682,1021.9071,18069.4,-109.93225,-21.36711,18.51277834179464,161.0893137346303,11.avi
896,0,0.0,884,311,28297.797,0,0.0,0.9133236408233644,1,0,801.3073,226.88605,968.3497,396.29095,28297.797,0.0,0.0,0.0,0.0,12.avi
897,0,0.0,591,851,68755.95,0,0.0,0.8598864078521729,1,0,467.7597,712.5842,715.4036,990.2246,68755.95,0.0,0.0,0.0,0.0,12.avi
898,0,0.0,301,896,73367.92,0,0.0,0.8231133818626404,1,0,154.0326,771.687,448.29913,1021.0117,73367.92,0.0,0.0,0.0,0.0,12.avi
896,1,0.2,871,312,23401.076,0,67.10442007447188,0.8847431540489197,3,0,799.0722,231.7573,944.06476,393.1523,23401.076,-52.934128,3.458257,13.834612412975858,181.7044666312498,12.avi
897,1,0.2,581,854,67127.84,0,54.29541926525106,0.8466971516609192,3,0,459.6666,716.20447,702.7703,992.3329,67127.84,-41.37026,11.43408,10.89535111918704,193.78199718779695,12.avi
898,1,0.2,307,898,71143.125,0,32.10874157330681,0.8343197107315063,3,0,162.20479,775.8339,452.0503,1021.2858,71143.125,23.799128,8.824285,6.063146809310867,344.20236039377914,12.avi
896,2,0.4,841,306,25116.264,0,104.78067860675432,0.8649614453315735,5,0,767.23694,222.75049,916.5365,390.97778,25116.264,-140.37218,-25.3093,21.221151640993387,160.3203477774764,12.avi
897,2,0.4,551,853,66752.79,0,111.51328858437374,0.8462218046188354,5,0,427.24942,719.7633,676.2008,987.8992,66752.79,-138.5361,-1.0406008,22.230564620120123,170.7967836278383,12.avi
898,2,0.4,298,901,67074.96,0,68.20952564870286,0.863589346408844,5,0,159.09027,781.4021,438.5996,1021.3761,67074.96,-35.923767,13.698233,13.903768474229595,182.78389741390984,12.avi
896,3,0.6,831,305,25892.71,0,99.0849722765876,0.91524475812912,7,0,755.61847,220.15045,906.62225,391.62103,25892.71,-73.99898,-9.650037,17.482676669035786,349.4608048379219,12.avi
897,3,0.6,522,851,62893.773,0,16.225201600655996,0.8704712390899658,7,0,403.39294,719.1338,641.63403,983.12585,62893.773,-144.3052,-10.601941,3.30946341933192,127.5700738534406,12.avi
898,3,0.6,285,904,62589.215,0,33.48895231979862,0.8594409823417664,7,0,151.19661,788.0319,420.11554,1020.7757,62589.215,-58.948425,14.753042,6.6614305841133525,178.89276756928666,12.avi
896,4,0.8,833,309,26055.064,0,101.69142593832372,0.9240873456001282,9,0,756.3909,225.19676,910.243,394.54822,26055.064,-8.759918,13.060878,17.425506987376995,343.1734659803279,12.avi
897,4,0.8,521,838,62162.785,0,170.79656972351134,0.8972179889678955,9,0,400.9095,709.8115,642.8934,966.6996,62162.785,-35.874,-51.87972,29.48045987182088,21.928509503637315,12.avi
898,4,0.8,239,909,57074.97,0,195.57688031524776,0.8981503844261169,9,0,112.03744,797.8724,366.66556,1022.02264,57074.97,-191.43063,24.706436,34.90520491834912,182.70215030359327,12.avi
896,5,1.0,830,313,27593.223,0,7.661728688472298,0.935735523700714,11,0,750.3772,227.94678,911.3623,399.34912,27593.223,-11.433938,17.535433,1.6476031458541742,198.22620605861175,12.avi
897,5,1.0,515,832,68839.8,0,27.790364625578075,0.8541576266288757,11,0,387.472,698.5641,644.1202,966.7904,68839.8,-31.7603,-33.425476,4.129420318378656,273.7958794214932,12.avi
898,5,1.0,224,902,59294.844,0,146.98790226590475,0.8991028666496277,11,0,95.47562,787.6938,352.80063,1018.12164,59294.844,-102.67972,-21.37955,26.30814178952252,29.33509650425708,12.avi
896,6,1.2,831,310,25892.004,0,39.49124297764477,0.9432469010353088,13,0,752.7674,228.48534,910.0881,393.06635,25892.004,-0.49266434,-6.999241,7.5522573129027135,71.33442550686254,12.avi
897,6,1.2,524,831,74687.06,0,89.10601798739158,0.8309479355812073,13,0,389.19165,692.99457,659.47424,969.32416,74687.06,25.50322,-13.552029,15.393343945027292,341.01460032507185,12.avi
898,6,1.2,218,898,64771.35,0,83.8347960202569,0.8877425789833069,13,0,83.65845,778.8029,353.19434,1019.1099,64771.35,-45.665104,-20.130869,14.411681585558132,2.51252008443754,12.avi
896,7,1.4,829,315,28586.031,0,34.307629190884384,0.9350813031196594,15,0,745.3027,230.61594,914.2099,399.85696,28586.031,-6.5421157,15.539646,6.087247251014504,247.5027001734433,12.avi
897,7,1.4,521,831,74827.766,0,49.82296022800195,0.860109806060791,15,0,385.64142,692.89325,656.4019,969.2547,74827.766,-6.8485374,-3.4563246,8.810972368794065,196.82971501417276,12.avi
898,7,1.4,218,895,71371.53,0,53.26856223412695,0.8605408072471619,15,0,76.30238,770.1928,361.09283,1020.8035,71371.53,-9.496891,-17.946655,8.70691401085876,359.5409190041564,12.avi
896,8,1.6,831,316,27415.113,0,18.263719158460194,0.9421437978744508,17,0,747.7842,234.70135,914.7728,398.87488,27415.113,4.3442855,9.554337,3.465473355591808,42.570700752503,12.avi
897,8,1.6,522,826,74992.08,0,28.425900589502525,0.8599466681480408,17,0,385.6274,689.485,659.6294,963.17676,74992.08,4.5987597,-19.039345,4.972040313547487,61.81985992997528,12.avi
898,8,1.6,212,896,75057.48,0,33.133141254881195,0.8750075101852417,17,0,65.313446,768.8502,360.15927,1023.4154,75057.48,-25.11868,-1.701437,6.3056203026432485,220.45238294076373,12.avi
896,9,1.8,823,318,26994.629,0,50.84334146563224,0.9309538006782532,19,0,740.1252,236.98645,906.2065,399.52515,26994.629,-30.198141,7.8498526,9.17400533331598,175.63035531663309,12.avi
897,9,1.8,524,819,76699.234,0,20.017379312461262,0.8508750796318054,19,0,385.52502,680.673,662.7068,957.3839,76699.234,6.782351,-32.479256,3.551867618913917,82.69143594243474,12.avi
898,9,1.8,216,891,80063.74,0,53.96682467395762,0.8455715179443359,19,0,63.45955,760.8673,369.27625,1022.6703,80063.74,8.169151,-17.176517,9.573358249875229,30.040521945794524,12.avi
896,10,2.0,820,326,28925.791,0,42.548123424971294,0.9242660403251648,21,0,734.38385,242.60245,906.7154,410.45212,28925.791,-17.03183,33.62355,6.810261374493449,294.95951909358143,12.avi
897,10,2.0,524,821,76935.36,0,51.28155797315107,0.8500869870185852,21,0,385.93784,682.8331,663.2307,960.2848,76935.36,3.3669484,2.2356644,8.59446349845038,260.1357791441252,12.avi
898,10,2.0,220,891,81984.65,0,22.980185700261767,0.8491522669792175,21,0,65.109024,759.6406,375.94763,1023.3937,81984.65,17.886276,-4.9323006,3.332159675060764,306.84764852982926,12.avi
896,11,2.2,808,328,29283.719,0,55.79051153113718,0.9315916895866394,23,0,720.84906,244.917,896.273,411.8482,29283.719,-50.03874,14.89613,10.54430385636972,150.1264639648034,12.avi
897,11,2.2,533,830,79946.39,0,66.2923988964927,0.8475515842437744,23,0,392.34723,688.74005,675.3123,971.27106,79946.39,36.33483,33.00107,11.12860002360834,314.0840460333941,12.avi
898,11,2.2,221,887,84605.234,0,22.750883449200856,0.8407191038131714,23,0,63.38875,753.7049,379.16705,1021.6309,84605.234,7.011137,-15.942423,4.702174697462971,131.3345954366495,12.avi
896,12,2.4,823,335,32208.44,0,143.9935616963922,0.8957887291908264,25,0,730.8631,249.1571,916.33136,422.81726,32208.44,46.27904,32.68506,24.715952705382318,351.5353137369795,12.avi
897,12,2.4,536,834,80932.61,0,26.803952520075875,0.8352720737457275,25,0,394.8194,692.0612,678.84454,977.00995,80932.61,19.932674,25.039127,5.724231279941787,152.92102927479868,12.avi
898,12,2.4,222,888,83197.945,0,24.29896865087284,0.8558474183082581,25,0,66.62959,755.573,378.92737,1021.9789,83197.945,7.3894615,0.58179283,3.585660480154503,259.0661070427132,12.avi
896,13,2.6,834,344,29559.895,0,12.611515813008078,0.93354994058609,27,0,745.6191,260.886,922.9123,427.6148,29559.895,51.711967,39.32395,1.869098878362386,307.8538972784375,12.avi
897,13,2.6,543,839,81265.695,0,12.516086274980196,0.8445213437080383,27,0,401.51898,695.88245,684.5413,983.0177,81265.695,28.438694,24.680212,2.2481775759527,13.987198887213252,12.avi
898,13,2.6,222,888,80650.766,0,10.095459978028815,0.8522325754165649,27,0,69.53264,757.079,375.4093,1020.7499,80650.766,0.5228987,0.66711044,2.4263951613938466,158.42393937816723,12.avi
896,14,2.8,827,342,31770.344,0,112.45025521053245,0.9232781529426576,29,0,736.409,254.80728,918.51373,429.26926,31770.344,-14.233551,0.56858826,20.30669052328496,150.12428689746423,12.avi
897,14,2.8,552,844,81392.234,0,22.67594429827896,0.8310959339141846,29,0,410.48117,701.2268,694.97266,987.3241,81392.234,43.857307,24.254662,3.3047374469057806,6.709465885262489,12.avi
898,14,2.8,229,891,79928.27,0,42.25189719921398,0.8137016892433167,29,0,76.36134,761.2506,382.78345,1022.09424,79928.27,27.4324,10.761158,6.714483841753615,343.0979197403028,12.avi
896,15,3.0,852,349,37496.848,0,161.5802782003072,0.8150144815444946,31,0,749.3451,258.71344,954.8823,441.1468,37496.848,91.52664,30.482994,28.228606572113883,345.96045145587266,12.avi
897,15,3.0,555,851,83617.3,0,37.9023065269517,0.8210250735282898,31,0,411.47168,706.6475,699.3152,997.14325,83617.3,20.377739,34.904,6.763115799979751,196.0831156307289,12.avi
898,15,3.0,250,891,82372.04,0,87.4673895766509,0.775424063205719,31,0,92.917816,760.7593,407.80515,1022.35144,82372.04,86.28545,2.0336447,15.205789629172145,10.705516269464738,12.avi
896,16,3.2,886,368,43029.258,0,116.17388120697794,0.719672441482544,33,0,774.2808,272.9783,998.612,464.78958,43029.258,153.16705,79.9314,19.65007137708559,322.45922404047485,12.avi
897,16,3.2,595,871,82103.4,0,215.7511910255132,0.7444360256195068,33,0,451.6015,729.0062,739.1733,1014.5121,82103.4,158.51813,84.45152,37.54250766498594,341.1594039407772,12.avi
898,16,3.2,256,892,84164.45,0,63.63282991615283,0.7056589126586914,33,0,94.70969,762.72345,418.08963,1022.98834,84164.45,43.138103,5.471051,11.618622615405046,180.18691339161333,12.avi
896,17,3.4,914,378,33137.97,0,39.27005325786694,0.9039943814277648,35,0,818.5868,292.12427,1010.7158,464.602,33137.97,143.82695,54.905415,7.5289538121643425,114.14613387957968,12.avi
897,17,3.4,611,866,78506.98,0,152.46740776347326,0.8433729410171509,35,0,471.49146,726.57275,752.2228,1006.22437,78506.98,99.929214,-1.1245346,27.78343235088913,125.39135856161914,12.avi
898,17,3.4,271,899,80290.43,0,48.59379612458208,0.7331928014755249,35,0,111.01251,774.609,431.49854,1025.1361,80290.43,67.0916,28.248363,7.821452040872904,319.7855123220382,12.avi
896,18,3.6,920,377,34467.09,0,147.66665407202586,0.9114001393318176,37,0,822.8208,289.0207,1017.3418,466.21027,34467.09,54.080086,9.79731,26.4711294794441,152.20384980353492,12.avi
897,18,3.6,605,870,67664.375,0,149.9216908822768,0.8831323981285095,37,0,476.22815,739.261,734.984,1000.7599,67664.375,-0.9766083,13.631676,27.114300809799,188.1126286573061,12.avi
898,18,3.6,294,909,69810.36,0,58.13989629217696,0.8322592973709106,37,0,145.4718,791.8916,443.10663,1026.442,69810.36,104.0719,42.26536,9.953514849035962,339.5492248727896,12.avi
896,19,3.8,903,375,33111.633,0,153.79761874877715,0.8966770768165588,39,0,809.5713,288.01596,998.374,463.3928,33111.633,-49.470985,-5.088743,28.26997867165327,170.6868258992215,12.avi
897,19,3.8,586,879,55788.383,0,111.6834365433778,0.912093222141266,39,0,470.88373,758.73334,702.56134,999.5351,55788.383,-72.85077,38.235943,20.39622742915604,197.88326026605364,12.avi
898,19,3.8,293,916,58885.914,0,125.08545257527032,0.8174660205841064,39,0,157.40732,807.9325,428.61038,1025.061,58885.914,19.096504,37.945923,22.162884265266168,175.8085454189486,12.avi
896,20,4.0,881,384,31331.254,0,88.96131159329573,0.8995541930198669,41,0,791.93207,297.3197,971.6259,471.67877,31331.254,-96.77409,32.650177,16.055668039758192,215.4553507785599,12.avi
897,20,4.0,582,874,51927.387,0,91.96261149685408,0.891986072063446,41,0,472.10394,757.18317,693.46686,991.7635,51927.387,-31.956654,-9.10038,16.135060078753536,52.387152073221046,12.avi
898,20,4.0,286,922,50602.664,0,57.61128100836278,0.8081599473953247,41,0,161.3494,821.91876,412.08408,1023.7364,50602.664,-19.79161,33.106277,11.02724295401003,169.09610500209772,12.avi
896,21,4.2,887,398,28946.016,0,147.71346357841793,0.9154831767082214,43,0,801.56433,314.3887,973.2345,483.00278,28946.016,-0.7205963,62.135086,25.545280416420116,344.16442989975224,12.avi
897,21,4.2,576,866,60717.89,0,36.74008466681676,0.8488886952400208,43,0,455.16315,741.2504,698.2072,991.07306,60717.89,-30.836937,-34.066467,6.664917769393857,93.38941502313752,12.avi
898,21,4.2,284,913,52185.395,0,88.36188892162006,0.821215033531189,43,0,158.36111,810.502,410.6655,1017.3371,52185.395,-13.042387,-26.61874,16.495643778505436,85.68343800316535,12.avi
896,22,4.4,897,409,30104.701,0,60.8115209175552,0.9283211827278136,45,0,808.2117,325.3842,987.51074,493.28635,30104.701,40.069115,55.26048,9.973214846565083,12.289086406175556,12.avi
897,22,4.4,583,876,64742.344,0,123.4257572226838,0.8541503548622131,45,0,455.55896,750.49524,712.3767,1002.5897,64742.344,20.891281,32.060913,20.810547521672625,306.8556140314678,12.avi
898,22,4.4,286,903,59348.168,0,38.46532734035728,0.8098069429397583,45,0,153.3105,792.4912,420.0371,1014.9968,59348.168,5.298929,-45.278595,6.934247924744108,53.802271036472575,12.avi
896,23,4.6,917,418,30225.547,0,65.52025350583698,0.9185397028923036,47,0,826.98584,335.0705,1007.6941,502.33203,30225.547,84.16275,48.77582,11.378273636677196,12.111650751713626,12.avi
897,23,4.6,596,875,70205.195,0,63.70163847705458,0.8192288279533386,47,0,461.685,745.0864,731.1982,1005.5753,70205.195,52.795296,2.7403011,11.17854778127074,45.36521812460467,12.avi
898,23,4.6,280,904,66116.78,0,71.78758442625796,0.7615232467651367,47,0,138.28941,788.4461,422.12823,1021.38385,66116.78,-23.640867,-5.947178,12.10438607382109,230.28960656140885,12.avi
896,24,4.8,925,432,27272.373,0,56.65828070076704,0.9216606616973876,49,0,838.95734,353.34973,1011.10504,511.77393,27272.373,49.005672,64.56508,9.83318058278496,201.1228945823457,12.avi
897,24,4.8,601,868,72381.6,0,52.2324148378246,0.8193464875221252,49,0,464.9983,735.9215,738.2488,1000.8125,72381.6,32.115013,-26.150188,9.903798301039563,127.29334212940182,12.avi
898,24,4.8,285,905,70439.49,0,58.55813608940797,0.764408528804779,49,0,138.04707,786.1665,433.3438,1024.7045,70439.49,15.6446705,0.6293349,9.60428424565498,352.3744377982443,12.avi
896,25,5.0,932,438,27257.457,0,44.24168556816526,0.9024100303649902,51,0,847.2379,358.02637,1017.57874,518.0436,27257.457,39.683014,35.95161,7.993470129353004,110.75246506088864,12.avi
897,25,5.0,606,874,65470.92,0,65.78339717697965,0.8766747713088989,51,0,477.0898,748.51013,736.49585,1000.89795,65470.92,27.293427,18.336193,11.054129249441967,259.33098315114023,12.avi
898,25,5.0,296,913,68408.53,0,62.36517626585948,0.7028712034225464,51,0,149.34627,797.2375,443.91754,1029.4683,68408.53,45.672104,30.595325,10.335535997341916,313.9688899523873,12.avi
899,0,0.0,555,765,28565.252,0,0.0,0.9291367530822754,1,0,470.46948,681.9678,641.23804,849.24243,28565.252,0.0,0.0,0.0,0.0,13.avi
899,1,0.2,569,776,32675.121,0,86.65247764085159,0.9357648491859436,3,0,473.5106,691.0575,664.6787,861.98096,32675.121,52.857895,43.569454,16.759401108730138,321.6661345985876,13.avi
899,2,0.4,588,775,27857.285,0,68.43063635380035,0.9361243844032288,5,0,502.27762,694.3644,674.30084,856.30347,27857.285,92.34358,-1.7601433,13.19725062265146,50.84093478942333,13.avi
899,3,0.6,589,786,29853.533,0,114.02976747274936,0.9301643371582032,7,0,500.33307,702.69684,679.0026,869.78485,29853.533,26.806328,41.415855,20.898405980327045,211.81803848489432,13.avi
899,4,0.8,597,794,26901.35,0,13.635570621483462,0.9215598106384276,9,0,513.11426,715.0311,681.739,874.56494,26901.35,36.009064,42.467728,2.0393515433144125,14.888448527262426,13.avi
899,5,1.0,598,802,29370.05,0,37.27589846748037,0.9241474270820618,11,0,510.2424,718.8094,685.9539,885.9587,29370.05,10.889807,38.976906,6.753078169717688,168.97392336420512,13.avi
899,6,1.2,599,804,27309.684,0,32.64098907101488,0.9102327823638916,13,0,514.5542,723.9357,684.07104,885.03876,27309.684,7.184243,17.084393,6.309834408484055,101.66818403383876,13.avi
899,7,1.4,603,809,27363.488,0,18.43122818620703,0.9097300171852112,15,0,519.1899,728.54193,687.7121,890.9151,27363.488,17.574097,24.100983,2.503185741351937,334.0366195517662,13.avi
899,8,1.6,603,813,27002.771,0,17.530141414285232,0.9125780463218688,17,0,520.0659,733.4055,687.80347,894.3877,27002.771,5.9165163,21.593143,4.257490011129012,158.6686876043625,13.avi
899,9,1.8,600,831,29541.684,0,80.63067989732731,0.9012221097946168,19,0,513.7195,746.8834,687.7081,916.6743,29541.684,-11.021832,73.75833,13.771150475521145,248.18288769159176,13.avi
899,10,2.0,615,841,28945.232,0,102.78845807820372,0.901679277420044,21,0,530.7914,756.00354,700.912,926.1489,28945.232,55.675564,52.78141,17.393231998620333,18.540174237511906,13.avi
899,11,2.2,621,848,32358.197,0,35.46842657505786,0.8941269516944885,23,0,532.9243,757.15106,710.4087,939.46674,32358.197,35.21387,39.998924,7.002648080736817,148.75267242072914,13.avi
899,12,2.4,618,853,32160.463,0,60.91346998150991,0.892076849937439,25,0,531.6938,760.4501,705.108,945.9048,32160.463,-4.431835,27.956478,11.208750116306897,162.83136952129655,13.avi
899,13,2.6,616,877,29531.838,0,106.11942540019744,0.8997241854667664,27,0,533.05225,788.48206,698.97034,966.47253,29531.838,-10.213297,99.90871,18.294062200026328,265.25116950732433,13.avi
899,14,2.8,608,879,28465.816,0,106.68669442815536,0.9010878801345824,29,0,527.3269,791.8292,689.9287,966.8938,28465.816,-30.753872,30.306358,19.40002259836973,107.91832036841303,13.avi
899,15,3.0,605,882,26066.682,0,23.112310044064817,0.9256568551063538,31,0,526.80725,800.26404,684.5559,965.50586,26066.682,-18.42932,20.5459,4.252148604466375,53.60596068987184,13.avi
899,16,3.2,609,887,29946.197,0,40.70522388626906,0.9375755190849304,33,0,523.4973,800.0135,694.8717,974.7548,29946.197,9.218357,22.045912,7.0042749117466006,359.95206962869526,13.avi
899,17,3.4,615,892,27950.6,0,23.47056158635305,0.9134865403175354,35,0,532.24036,808.1902,697.9962,976.8153,27950.6,24.948559,24.774208,3.97717483167803,357.02141087087045,13.avi
899,18,3.6,617,890,26775.688,0,39.18747154499842,0.9080178141593932,37,0,536.7838,808.41174,699.152,973.319,26775.688,16.718004,-0.5792389,8.079294079995563,112.62409348027644,13.avi
899,19,3.8,613,892,29379.203,0,42.51636274725312,0.9201804399490356,39,0,528.3145,806.67065,699.6409,978.1515,29379.203,-11.487453,5.81107,8.405066495492786,188.5561116786349,13.avi
899,20,4.0,609,882,29053.19,0,65.04633998679459,0.9291937947273254,41,0,523.39136,797.94946,695.6659,966.59424,29053.19,-19.76243,-37.653786,11.879605080791409,103.03914260861956,13.avi
899,21,4.2,610,878,30033.05,0,34.776591667478506,0.9234499931335448,43,0,522.85223,792.8572,697.2104,965.1063,30033.05,-2.6279163,-21.344423,5.494660778693915,323.62233602442745,13.avi
899,22,4.4,605,878,27065.42,0,31.20313697918818,0.92854905128479,45,0,523.1571,795.60333,687.16504,960.6285,27065.42,-19.3373,-8.256577,5.577343157997853,216.11219517728685,13.avi
899,23,4.6,597,883,32639.555,0,45.43186983404613,0.9362456798553468,47,0,505.96558,794.1982,688.76624,972.7509,32639.555,-34.443085,18.703373,7.819642184232192,236.69580817404176,13.avi
899,24,4.8,593,891,30531.645,0,30.09505699000579,0.8964153528213501,49,0,505.3853,805.0477,682.27313,977.65234,30531.645,-21.551823,34.60566,4.548480686007624,303.68494981324835,13.avi
899,25,5.0,583,886,33288.074,0,74.415490813202,0.9245349764823914,51,0,490.32907,797.07275,675.85504,976.49817,33288.074,-46.269016,-9.56789,13.895228420448444,117.97873121805674,13.avi
899,26,5.2,570,877,31101.867,0,43.86458018160021,0.9074294567108154,53,0,480.74152,791.1564,659.89667,964.7593,31101.867,-59.803585,-36.15896,8.757786463418894,115.99341959110814,13.avi
899,27,5.4,567,858,32104.33,0,82.99531399652822,0.9157451391220092,55,0,475.41354,771.327,658.70575,946.48083,32104.33,-26.33915,-81.62619,15.382739974204998,55.821527508977,13.avi
899,28,5.6,558,847,29594.816,0,31.03601774084718,0.9182959794998168,57,0,472.18958,761.96594,645.67065,932.5598,29594.816,-37.345123,-63.61089,5.824597575367796,229.38301096815036,13.avi
899,29,5.8,579,839,27550.543,0,159.0094382575958,0.911666989326477,59,0,496.5633,756.2454,661.65643,923.1242,27550.543,68.99091,-43.826965,27.897643328560637,350.8021196539152,13.avi
899,30,6.0,595,838,27824.008,0,45.68382326833338,0.9235304594039916,61,0,513.0241,754.46204,678.6783,922.4264,27824.008,80.31034,-14.88707,7.383143021234119,286.45997351724134,13.avi
899,31,6.2,595,838,29250.014,0,95.6078479320612,0.8996337652206421,63,0,510.12067,753.1354,680.6003,924.7102,29250.014,16.64909,-1.595377,17.10192351147539,188.51821780195868,13.avi
899,32,6.4,597,844,31167.05,0,33.60292780616177,0.8836090564727783,65,0,509.5222,756.23,686.1026,932.7334,31167.05,13.272505,21.011093,5.6548392755468,252.60764483170288,13.avi
899,33,6.6,593,845,28886.004,0,43.36490909382431,0.9083573818206788,67,0,508.83652,760.3967,677.83685,931.31946,28886.004,-14.149946,10.143166,8.326168287143565,153.73980364954775,13.avi
899,34,6.8,586,843,32654.615,0,31.694958154297478,0.8843967914581299,69,0,495.45877,754.29553,677.59174,933.58545,32654.615,-29.462276,-5.0338182,6.647551420640299,132.6830149582238,13.avi
899,35,7.0,572,843,31143.668,0,44.24357434059538,0.919900357723236,71,0,485.2055,754.8568,660.48444,932.5375,31143.668,-59.413944,-2.0977304,8.633066966764076,180.4399179427319,13.avi
899,36,7.2,572,843,31202.533,0,67.05781447297828,0.9350851774215698,73,0,484.38583,755.2986,661.2544,931.7151,31202.533,-13.808678,-1.2161152,11.041331738964388,1.4406134037001834,13.avi
899,37,7.4,585,840,30219.713,0,88.15948895368732,0.9203611612319946,75,0,499.0462,753.2363,671.8267,928.1387,30219.713,45.334698,-11.123753,15.293863088879888,12.321294020305174,13.avi
899,38,7.6,582,851,29471.191,0,102.10405153802706,0.9079043865203856,77,0,496.3592,765.90875,668.1009,937.51056,29471.191,-1.8681526,39.82311,17.70642914917045,225.07736893273452,13.avi
899,39,7.8,589,865,30145.047,0,54.63409558495833,0.910064697265625,79,0,501.99628,779.3707,677.4908,951.1427,30145.047,28.465471,61.293045,8.910376055212561,323.2945475835026,13.avi
900,39,7.8,778,431,570.8045,0,0.0,0.599787175655365,1,0,765.56165,420.55048,792.2551,441.93414,570.8045,0.0,0.0,0.0,0.0,13.avi
899,40,8.0,590,877,25957.104,0,28.06437898672929,0.9348066449165344,81,0,508.81366,797.8336,672.142,956.7595,25957.104,9.394186,60.451702,5.461013541353902,174.58531907867427,13.avi
899,41,8.2,610,877,30264.752,0,124.90430411805414,0.8828786611557007,83,0,520.68207,793.17804,700.8442,961.16425,30264.752,80.18455,13.470352,21.557405795468195,35.07167829801898,13.avi
899,42,8.4,622,879,28475.79,0,26.75680345874206,0.9190493226051332,85,0,532.7859,799.5259,711.43726,958.91895,28475.79,62.152847,10.99801,4.877407023825859,169.7818568147061,13.avi
899,43,8.6,643,883,28808.277,0,50.39184100509883,0.9145779013633728,87,0,553.0854,803.6095,733.3188,963.44824,28808.277,95.45868,19.100899,8.603831964537715,349.43172935753626,13.avi
899,44,8.8,648,893,27796.586,0,82.85258952859452,0.9122517108917236,89,0,561.96027,813.3949,735.8599,973.2377,27796.586,43.98539,42.050503,15.370312459422548,201.5709381478826,13.avi
899,45,9.0,650,893,25963.594,0,62.04120594000271,0.8920417428016663,91,0,567.0009,815.70935,733.711,971.45044,25963.594,15.713089,10.719431,11.642590332056848,131.4509975840832,13.avi
899,46,9.2,639,887,28539.555,0,90.380375342513,0.9296684861183168,93,0,553.2413,805.2129,725.94684,970.46265,28539.555,-37.763195,-19.609627,16.920791671102588,148.9648238176767,13.avi
899,47,9.4,630,887,26301.979,0,19.62821790807272,0.9027356505393982,95,0,549.1346,806.8229,712.7371,967.59045,26301.979,-42.015167,-6.95335,3.6985913593583777,236.4990059981962,13.avi
899,48,9.6,621,888,29947.3,0,16.63173745178644,0.923706352710724,97,0,535.67474,800.76764,706.5562,976.0195,29947.3,-47.466362,2.9598923,2.668245999995312,234.93722283309543,13.avi
901,1,0.2,184,499,17673.135,0,0.0,0.8170832991600037,1,0,120.19824,430.90784,249.28705,567.81464,17673.135,0.0,0.0,0.0,0.0,14.avi
902,2,0.4,283,506,1275.1005,0,0.0,0.723838746547699,1,0,264.67157,489.5802,301.69952,524.01636,1275.1005,0.0,0.0,0.0,0.0,14.avi
903,3,0.6,334,375,18137.43,0,0.0,0.8961741924285889,1,0,263.77637,311.68405,405.7229,439.46054,18137.43,0.0,0.0,0.0,0.0,14.avi
902,4,0.8,269,475,1930.1777,0,168.30696542470486,0.7069799304008484,4,0,248.3443,453.52094,291.4192,498.33075,1930.1777,-21.809494,-50.610577,34.81896430584754,114.04215320254237,14.avi
904,4,0.8,308,478,2629.423,0,0.0,0.801963210105896,1,0,282.92828,453.52948,334.71442,504.30414,2629.423,0.0,0.0,0.0,0.0,14.avi
905,4,0.8,339,439,1722.6086,0,0.0,0.597548246383667,1,0,318.9478,417.65936,359.0619,460.6021,1722.6086,0.0,0.0,0.0,0.0,14.avi
904,5,1.0,332,509,21454.1,0,196.00244922935124,0.9009566307067872,3,0,254.44307,440.92322,409.99158,578.8487,21454.1,93.39706,123.629364,37.976942835125335,307.6137152989145,14.avi
903,6,1.2,340,447,20489.014,0,358.6329213374416,0.8113012909889221,5,0,271.23663,372.89172,409.36145,521.22864,20489.014,4.678421,60.267742,71.62041066408733,274.20402394337646,14.avi
905,6,1.2,316,406,2492.203,0,198.40832669964516,0.8390703797340393,4,0,291.068,381.88913,341.049,431.7521,2492.203,-37.616962,-52.967422,40.33446396648137,124.774792903471,14.avi
906,6,1.2,415,387,1023.4751,0,0.0,0.5790427327156067,1,0,400.1729,370.0171,430.0324,404.29346,1023.4751,0.0,0.0,0.0,0.0,14.avi
902,7,1.4,243,392,2851.8635,0,115.11524052200858,0.6938213109970093,8,0,217.01031,365.17154,269.704,419.29306,2851.8635,-22.14379,-72.342705,23.20405209189151,91.7542994672421,14.avi
905,7,1.4,291,366,2212.717,0,194.17483039212317,0.5322557091712952,6,0,268.18503,341.92914,313.89706,390.33472,2212.717,-109.65341,-176.89261,34.94509547665576,120.11848823098036,14.avi
905,8,1.6,297,308,1700.4897,0,201.93689019979828,0.462712287902832,8,0,277.96576,286.57126,316.73657,330.4313,1700.4897,-0.39065552,-262.9854,35.99375667012241,39.20885182411217,14.avi
907,8,1.6,304,267,1044.9718,0,0.0,0.7440582513809204,1,0,289.98907,250.0055,319.9997,284.82556,1044.9718,0.0,0.0,0.0,0.0,14.avi
902,9,1.8,220,392,2265.9216,0,226.0557110396868,0.5507358312606812,11,0,197.44608,368.252,244.39166,416.51898,2265.9216,-38.847763,7.1593857,44.33235286532878,256.8696022818644,14.avi
908,10,2.0,253,258,889.124,0,0.0,0.6321507692337036,1,0,238.25009,244.71872,269.45297,273.21365,889.124,0.0,0.0,0.0,0.0,14.avi
908,11,2.2,249,211,15376.194,0,243.3780380979394,0.4020804166793823,3,0,187.45341,148.70752,310.87244,273.29282,15376.194,-18.717047,-191.4811,48.21091590270464,95.77553046892098,14.avi
909,12,2.4,264,88,1477.1449,0,0.0,0.5386703610420227,1,0,246.66638,68.257416,283.18726,108.704025,1477.1449,0.0,0.0,0.0,0.0,14.avi
908,13,2.6,254,78,15259.591,0,121.32429634063575,0.430812805891037,6,0,190.885,17.981346,317.48367,138.51648,15259.591,8.918415,-221.85593,24.211261384169678,48.42273234881827,14.avi
908,14,2.8,267,72,19116.617,0,230.1523956712352,0.7901401519775391,8,0,197.3875,4.0951843,337.99347,140.05396,19116.617,53.862087,-75.41017,39.686420917228965,286.1396082810079,14.avi
909,14,2.8,287,123,2572.3696,0,207.6156144089424,0.5091308355331421,4,0,255.64389,103.071724,319.93008,143.08606,2572.3696,37.475666,56.7183,40.97323494674522,302.5966789642853,14.avi
908,15,3.0,297,123,20246.053,0,390.9438335763373,0.8348370790481567,10,0,224.26006,54.13607,369.75287,193.29105,20246.053,125.83206,183.54283,68.5609894892961,285.68649709531815,14.avi
910,15,3.0,332,177,4139.442,0,0.0,0.5182929039001465,1,0,296.69055,149.40729,369.2256,206.47546,4139.442,0.0,0.0,0.0,0.0,14.avi
907,16,3.2,285,240,2730.475,0,165.49074801588546,0.3212233483791351,10,0,246.9466,222.90012,324.51953,258.0989,2730.475,-2.799775,-3.912441,33.932087493871656,126.10359960082349,14.avi
908,16,3.2,304,179,22752.674,0,147.40474385715655,0.9187877774238586,12,0,228.64384,104.94121,380.69635,254.57814,22752.674,58.53827,257.89087,25.98828069284036,225.63135878262324,14.avi
907,17,3.4,291,254,3270.389,0,86.27160640146899,0.1791397631168365,12,0,255.40807,231.38335,327.24646,276.9076,3270.389,24.174242,59.32804,15.425827916706073,292.19357082194045,14.avi
908,17,3.4,342,247,23636.326,0,174.49343093854375,0.6168045401573181,14,0,263.74054,172.4638,422.076,321.7439,23636.326,160.56279,318.51984,30.030034535446493,328.56374095703643,14.avi
909,17,3.4,295,200,957.7388,0,191.7251249941062,0.6875406503677368,8,0,278.1728,186.84354,313.18665,214.19669,957.7388,2.3817902,65.59565,38.78320699849426,193.2045254839488,14.avi
910,17,3.4,318,212,721.03296,0,185.0983278244466,0.4960601925849914,4,0,304.88876,199.00285,332.51456,225.10286,721.03296,-23.37118,55.92047,37.198571352288326,246.28959423688636,14.avi
911,17,3.4,320,316,916.1001,0,0.0,0.705585241317749,1,0,304.0017,303.14325,337.33752,330.6242,916.1001,0.0,0.0,0.0,0.0,14.avi
912,17,3.4,289,304,778.2416,0,0.0,0.7822260856628418,1,0,274.42142,291.67096,304.87888,317.22272,778.2416,0.0,0.0,0.0,0.0,14.avi
913,17,3.4,319,298,667.16394,0,0.0,0.6584082245826721,1,0,304.94647,287.04254,334.64154,309.5097,667.16394,0.0,0.0,0.0,0.0,14.avi
908,18,3.6,414,288,23308.885,0,256.6902145026505,0.8552504181861877,16,0,337.1826,212.97311,491.7805,363.74417,23308.885,312.3283,232.18051,45.16164485907345,30.333116466126853,14.avi
914,18,3.6,413,315,601.3884,0,0.0,0.6975418329238892,1,0,401.47595,303.3391,425.91235,327.94946,601.3884,0.0,0.0,0.0,0.0,14.avi
908,19,3.8,483,294,24009.586,0,230.96272984368872,0.8379298448562622,18,0,405.0326,217.88022,561.7937,371.04056,24009.586,337.19604,77.05632,41.24132688883209,81.56048323064641,14.avi
915,19,3.8,530,248,2630.0977,0,0.0,0.5993695855140686,1,0,505.8567,222.23978,555.75354,274.95047,2630.0977,0.0,0.0,0.0,0.0,14.avi
916,19,3.8,442,312,1174.2268,0,0.0,0.6223531365394592,1,0,426.18707,295.08185,459.1187,330.73834,1174.2268,0.0,0.0,0.0,0.0,14.avi
915,20,4.0,492,237,1183.3652,0,199.63926651924217,0.7635074257850647,3,0,474.09518,221.86157,511.5289,253.47385,1183.3652,-151.66899,-43.622406,40.50041746193927,163.3636443968527,14.avi
917,20,4.0,477,186,3690.0935,0,0.0,0.8253105878829956,1,0,446.69244,157.29031,508.95673,216.55533,3690.0935,0.0,0.0,0.0,0.0,14.avi
918,20,4.0,429,244,1272.2944,0,0.0,0.7406469583511353,1,0,408.2458,229.83798,450.27094,260.11258,1272.2944,0.0,0.0,0.0,0.0,14.avi
919,20,4.0,430,196,1891.1825,0,0.0,0.7161034941673279,1,0,409.77295,174.05133,451.14587,219.76196,1891.1825,0.0,0.0,0.0,0.0,14.avi
917,21,4.2,470,170,1140.0857,0,92.39494180493357,0.7740965485572815,3,0,451.15692,155.43828,489.9466,184.82976,1140.0857,-29.033194,-67.02119,18.64419485870548,114.81434984997054,14.avi
919,21,4.2,421,164,772.817,0,169.40588904622322,0.2498347610235214,3,0,407.46448,150.72113,435.27576,178.50903,772.817,-36.284557,-128.90842,34.239273752996155,106.03793410138906,14.avi
920,21,4.2,441,147,513.50616,0,0.0,0.6825634241104126,1,0,428.83722,137.67062,453.74554,158.28647,513.50616,0.0,0.0,0.0,0.0,14.avi
920,22,4.4,452,102,19406.863,0,234.9588028284447,0.9105631709098816,3,0,386.15295,29.022362,517.85254,176.3794,19406.863,42.759953,-180.74916,47.209122088520935,76.8892723007209,14.avi
921,23,4.6,373,179,18154.31,0,0.0,0.7530344724655151,1,0,305.05573,113.72067,442.29596,246.00192,18154.31,0.0,0.0,0.0,0.0,14.avi
922,24,4.8,355,306,855.90356,0,0.0,0.5162740349769592,1,0,342.6269,289.41046,367.98773,323.1595,855.90356,0.0,0.0,0.0,0.0,14.avi
923,24,4.8,362,268,17252.346,0,0.0,0.8436213731765747,1,0,301.91595,197.26764,423.84192,338.76617,17252.346,0.0,0.0,0.0,0.0,14.avi
922,25,5.0,366,296,2579.0312,0,75.37035331256727,0.4327548444271087,3,0,342.00204,269.61334,390.5607,322.72504,2579.0312,43.808647,-40.382355,14.836247807261213,43.88655847323298,14.avi
923,25,5.0,342,277,16696.61,0,112.41454625718036,0.8708231449127197,3,0,278.03464,213.10382,407.5175,342.05225,16696.61,-80.25098,38.1682,22.72940749542897,203.2796320233688,14.avi
921,26,5.2,339,172,14976.644,0,173.31943982073474,0.2945196330547333,5,0,282.90823,106.344185,396.93924,237.68256,14976.644,-28.454643,-6.6161785,35.55578769001591,167.22649434264827,14.avi
924,26,5.2,327,131,1818.3035,0,0.0,0.7039138674736023,1,0,307.1191,108.56079,347.37125,153.73364,1818.3035,0.0,0.0,0.0,0.0,14.avi
925,27,5.4,393,59,12793.397,0,0.0,0.8698446750640869,1,0,338.77954,1.7031021,448.52295,118.27865,12793.397,0.0,0.0,0.0,0.0,14.avi
926,28,5.6,408,138,16535.812,0,0.0,0.7563124895095825,1,0,346.0598,71.946014,471.06824,204.2236,16535.812,0.0,0.0,0.0,0.0,14.avi
922,29,5.8,440,232,16074.101,0,108.35791362899693,0.9035286903381348,8,0,380.36862,165.30843,500.32755,299.3051,16074.101,36.511314,-31.280014,21.646819643308422,230.054074529031,14.avi
927,30,6.0,421,316,15417.765,0,0.0,0.8962703347206116,1,0,355.7263,258.3357,487.37912,375.44495,15417.765,0.0,0.0,0.0,0.0,14.avi
928,31,6.2,313,347,17150.703,0,0.0,0.908300280570984,1,0,249.26727,281.18256,377.7386,414.68085,17150.703,0.0,0.0,0.0,0.0,14.avi
929,32,6.4,210,466,3024.473,0,0.0,0.5316143035888672,1,0,182.19623,439.7968,238.35657,493.65106,3024.473,0.0,0.0,0.0,0.0,14.avi
930,32,6.4,189,431,17596.965,0,0.0,0.7818058729171753,1,0,128.06604,359.30896,250.61115,502.9048,17596.965,0.0,0.0,0.0,0.0,14.avi
931,33,6.6,158,542,23070.113,0,0.0,0.8536533117294312,1,0,81.950096,467.0869,234.69772,618.1211,23070.113,0.0,0.0,0.0,0.0,14.avi
931,34,6.8,249,535,22080.227,0,460.4194874783386,0.5555642247200012,3,0,172.51437,463.57404,325.9325,607.4959,22080.227,362.87234,-28.219713,90.99435985214696,4.793549883795606,14.avi
931,35,7.0,357,561,7406.716,0,246.8141411323584,0.6717249751091003,5,0,312.468,519.9043,402.27762,602.3756,7406.716,525.7743,114.87303,46.97822461351128,318.53217913221687,14.avi
932,35,7.0,318,591,742.7487,0,0.0,0.7044679522514343,1,0,304.94336,578.0055,333.03632,604.44446,742.7487,0.0,0.0,0.0,0.0,14.avi
933,35,7.0,385,507,1113.36,0,0.0,0.6967607736587524,1,0,369.4331,490.95508,402.46564,524.66003,1113.36,0.0,0.0,0.0,0.0,14.avi
934,36,7.2,432,612,963.6524,0,0.0,0.7706480622291565,1,0,416.74133,597.22614,448.77393,627.30963,963.6524,0.0,0.0,0.0,0.0,14.avi
935,36,7.2,380,666,941.6566,0,0.0,0.7085973620414734,1,0,364.10162,651.87354,396.873,680.60767,941.6566,0.0,0.0,0.0,0.0,14.avi
936,36,7.2,460,604,816.2003,0,0.0,0.6647132039070129,1,0,447.69705,588.7374,474.07346,619.68176,816.2003,0.0,0.0,0.0,0.0,14.avi
937,36,7.2,376,624,2474.5244,0,0.0,0.604912281036377,1,0,350.8283,599.8447,401.27075,648.9011,2474.5244,0.0,0.0,0.0,0.0,14.avi
934,37,7.4,422,605,1979.3701,0,62.337078889169895,0.2015220373868942,3,0,400.0094,583.2728,445.5279,626.7578,1979.3701,-39.87622,-28.952377,12.982631392127628,145.95693398155618,14.avi
937,37,7.4,418,646,18616.07,0,243.04743813084983,0.7167444825172424,3,0,350.151,578.5092,487.81738,713.73517,18616.07,171.39589,86.82336,47.19716423967192,332.72715965258266,14.avi
938,37,7.4,427,693,1809.6265,0,0.0,0.5063138008117676,1,0,402.8675,675.1665,453.10968,711.1846,1809.6265,0.0,0.0,0.0,0.0,14.avi
937,38,7.6,514,623,22584.123,0,379.5913024343333,0.8952072858810425,5,0,439.69803,548.07336,588.89386,699.4457,22584.123,450.87183,-95.09315,72.99401256040814,33.687317010302706,14.avi
939,39,7.8,632,690,1434.8776,0,0.0,0.6891346573829651,1,0,613.0032,671.99316,651.2012,709.5574,1434.8776,0.0,0.0,0.0,0.0,14.avi
940,39,7.8,595,678,1456.5317,0,0.0,0.55199134349823,1,0,575.16705,660.60406,615.3409,696.8598,1456.5317,0.0,0.0,0.0,0.0,14.avi
941,40,8.0,720,696,16522.58,0,0.0,0.8803170323371887,1,0,657.0584,631.2179,783.4703,761.92224,16522.58,0.0,0.0,0.0,0.0,14.avi
942,41,8.2,694,820,16117.947,0,0.0,0.8728652596473694,1,0,619.38806,766.07825,768.8312,873.93164,16117.947,0.0,0.0,0.0,0.0,14.avi
943,42,8.4,692,901,15688.724,0,0.0,0.9125990867614746,1,0,628.29614,840.33203,757.3539,961.8956,15688.724,0.0,0.0,0.0,0.0,14.avi
943,43,8.6,642,925,17178.656,0,284.4889789790193,0.8987683653831482,3,0,570.90845,865.82495,713.65625,986.1676,17178.656,-201.76703,99.33122,56.158088963703385,205.1720597978064,14.avi
943,44,8.8,644,978,12848.874,0,279.37438860035354,0.8337555527687073,5,0,577.9917,930.11884,711.0382,1026.6932,12848.874,-6.7602997,248.35179,52.94136934990513,322.62432373498706,14.avi
944,45,9.0,675,912,2054.3008,0,0.0,0.6668363809585571,1,0,651.59717,891.15125,699.427,934.10144,2054.3008,0.0,0.0,0.0,0.0,14.avi
945,45,9.0,706,953,20675.895,0,0.0,0.864444375038147,1,0,630.25134,885.48334,782.2025,1021.5527,20675.895,0.0,0.0,0.0,0.0,14.avi
946,0,0.0,883,33,8800.443,0,0.0,0.7542622685432434,1,0,817.66785,0.0,949.44336,66.7836,8800.443,0.0,0.0,0.0,0.0,15.avi
946,1,0.2,908,23,5603.7246,0,132.7092956357253,0.7007139325141907,3,0,850.4274,-0.34761238,965.7347,48.250572,5603.7246,97.905945,-37.68591,26.56158973168906,23.031311164735826,15.avi
947,3,0.6,981,183,14704.107,0,0.0,0.8724122643470764,1,0,921.8782,121.773605,1040.7213,245.50063,14704.107,0.0,0.0,0.0,0.0,15.avi
947,4,0.8,943,171,17821.066,0,202.95643562310167,0.9361840486526488,3,0,873.9174,106.92937,1012.1141,235.88374,17821.066,-152.83035,-48.824566,40.330720938914354,161.73953831838048,15.avi
947,5,1.0,959,168,17943.16,0,247.286778329854,0.8648298978805542,5,0,889.55347,104.6204,1029.1089,233.19418,17943.16,61.8459,-15.554302,46.98253318031916,352.22204328296027,15.avi
948,5,1.0,939,231,1146.096,0,0.0,0.7464914321899414,1,0,919.6767,216.30466,958.6108,245.74149,1146.096,0.0,0.0,0.0,0.0,15.avi
949,5,1.0,981,241,1035.0648,0,0.0,0.6935310959815979,1,0,962.8325,227.12488,999.1763,255.60474,1035.0648,0.0,0.0,0.0,0.0,15.avi
947,6,1.2,996,157,18506.818,0,145.69387865564082,0.8438875079154968,7,0,927.69354,90.41626,1065.3826,224.82654,18506.818,157.09363,-46.903965,25.84271401018859,19.90023843956328,15.avi
950,6,1.2,927,108,2890.0012,0,0.0,0.8610248565673828,1,0,901.96173,80.26901,953.78314,136.03749,2890.0012,0.0,0.0,0.0,0.0,15.avi
951,6,1.2,911,165,3340.1536,0,0.0,0.789294958114624,1,0,884.9795,133.66626,937.0354,197.831,3340.1536,0.0,0.0,0.0,0.0,15.avi
950,7,1.4,888,125,1596.2284,0,216.54708869825689,0.3104113638401031,3,0,870.5394,102.82273,906.4038,147.33006,1596.2284,-157.2888,67.55747,43.28538003013117,202.90484294520843,15.avi
951,7,1.4,899,170,1820.4573,0,64.24938383739301,0.8164880275726318,3,0,875.35315,151.32047,922.9973,189.52997,1820.4573,-47.234455,18.669039,12.737854656270883,199.4970894107386,15.avi
952,7,1.4,853,133,3457.0942,0,0.0,0.6328267455101013,1,0,828.15894,99.03482,878.0659,168.30557,3457.0942,0.0,0.0,0.0,0.0,15.avi
953,8,1.6,917,74,24953.906,0,0.0,0.8470669984817505,1,0,833.3657,0.0,1001.29834,148.59476,24953.906,0.0,0.0,0.0,0.0,15.avi
950,9,1.8,780,152,916.2524,0,95.61196184054606,0.2435758709907531,6,0,765.2846,137.25883,794.8006,168.30147,916.2524,-181.19016,45.73918,19.596403994513395,136.00780522804507,15.avi
952,9,1.8,823,104,1023.8701,0,207.31142544204783,0.3670084178447723,4,0,804.80786,91.04579,842.1072,118.49591,1023.8701,-48.614567,-47.375977,42.27385489358075,135.4238265552591,15.avi
954,9,1.8,816,119,27357.992,0,0.0,0.8863985538482666,1,0,728.9685,41.197144,903.6067,197.85242,27357.992,0.0,0.0,0.0,0.0,15.avi
954,10,2.0,759,102,24792.023,0,301.26381545465114,0.847790002822876,3,0,676.93176,27.2574,841.146,178.23108,24792.023,-228.53783,-66.9882,59.90815277453182,162.99066737977932,15.avi
954,11,2.2,709,102,6587.1094,0,70.54983863358781,0.7896486520767212,5,0,666.0237,64.06756,752.3313,140.38885,6587.1094,-247.55856,-8.001724,13.374176431411346,251.10375778157217,15.avi
955,11,2.2,786,27,1063.6168,0,0.0,0.624134361743927,1,0,769.7825,11.082005,802.40186,43.6889,1063.6168,0.0,0.0,0.0,0.0,15.avi
956,11,2.2,752,43,1039.7473,0,0.0,0.6385788321495056,1,0,735.7923,27.727894,768.71014,59.314022,1039.7473,0.0,0.0,0.0,0.0,15.avi
957,12,2.4,668,191,924.59393,0,0.0,0.790953516960144,1,0,651.3519,178.02167,684.7687,205.69025,924.59393,0.0,0.0,0.0,0.0,15.avi
958,12,2.4,709,189,1945.2792,0,0.0,0.7598562836647034,1,0,686.3679,168.94022,732.76196,210.86972,1945.2792,0.0,0.0,0.0,0.0,15.avi
959,12,2.4,652,220,1387.1233,0,0.0,0.7328259944915771,1,0,633.2926,202.0184,671.13635,238.67236,1387.1233,0.0,0.0,0.0,0.0,15.avi
960,12,2.4,613,203,1371.2285,0,0.0,0.6946936249732971,1,0,594.95,184.43668,631.70966,221.73923,1371.2285,0.0,0.0,0.0,0.0,15.avi
958,13,2.6,736,181,1196.6035,0,143.15380821335972,0.6909772753715515,3,0,719.61536,163.93445,753.6647,199.0777,1196.6035,108.0841,-33.528507,27.89463716554159,18.616718754964158,15.avi
961,13,2.6,770,179,786.2812,0,0.0,0.7673050761222839,1,0,755.1749,166.5924,785.4877,192.53137,786.2812,0.0,0.0,0.0,0.0,15.avi
962,13,2.6,810,109,816.2884,0,0.0,0.6603631973266602,1,0,796.7195,94.499756,823.5681,124.90311,816.2884,0.0,0.0,0.0,0.0,15.avi
963,13,2.6,751,154,19170.805,0,0.0,0.5957258939743042,1,0,685.54236,82.571335,818.33215,226.9409,19170.805,0.0,0.0,0.0,0.0,15.avi
957,14,2.8,661,198,1786.5701,0,47.26899808185463,0.1756359636783599,4,0,639.5463,178.53554,683.7045,218.99391,1786.5701,-10.548938,11.325858,9.35933430874597,221.03056441443655,15.avi
959,14,2.8,628,236,1181.0023,0,142.5395341201344,0.4447240233421325,4,0,610.1967,220.39507,647.1652,252.34126,1181.0023,-38.579544,26.266848,28.83414582745361,212.88259743695,15.avi
960,14,2.8,595,186,4286.743,0,121.07535118641717,0.3050614893436432,4,0,561.38434,155.35336,629.4279,218.35327,4286.743,-29.383099,-26.614162,25.05954719931279,137.00818530001982,15.avi
959,15,3.0,586,228,2719.3142,0,207.50753991264023,0.8569852709770203,6,0,559.23,203.09447,613.2667,253.41786,2719.3142,-181.53505,-28.768686,37.52470680954374,158.71533808179356,15.avi
960,15,3.0,566,169,2879.9175,0,145.28118616243782,0.7721347808837891,6,0,537.9009,144.53142,594.4597,195.45036,2879.9175,-125.52954,-74.13156,26.65801069333217,151.96272777413628,15.avi
964,15,3.0,486,179,1127.2748,0,0.0,0.7969358563423157,1,0,468.87885,163.14578,504.17694,195.08163,1127.2748,0.0,0.0,0.0,0.0,15.avi
965,15,3.0,535,208,900.51227,0,0.0,0.7297509908676147,1,0,520.713,193.74496,550.9242,223.55222,900.51227,0.0,0.0,0.0,0.0,15.avi
966,15,3.0,508,200,942.1464,0,0.0,0.6298660039901733,1,0,490.7013,187.55196,525.9912,214.24928,942.1464,0.0,0.0,0.0,0.0,15.avi
967,16,3.2,629,133,19993.436,0,0.0,0.8262861371040344,1,0,556.32495,65.11374,702.8522,201.56235,19993.436,0.0,0.0,0.0,0.0,15.avi
963,17,3.4,719,82,20685.934,0,393.9018879081884,0.7767274379730225,6,0,646.99115,11.656235,792.02655,154.28299,20685.934,-16.58203,-36.70749,79.864357774057,114.35662931418182,15.avi
953,18,3.6,848,53,14574.144,0,361.3350609600981,0.7066313624382019,12,0,779.39215,0.55132294,916.8035,106.61344,14574.144,-6.644848,-1.9881502,72.52936570747529,162.92411560918413,15.avi
953,19,3.8,822,16,7014.768,0,238.11650160207464,0.2920518219470978,14,0,759.29596,-11.029259,885.81915,44.4133,7014.768,-114.853546,-165.08678,44.678879861540885,123.66768611732988,15.avi
955,20,4.0,791,23,2115.5227,0,34.4102284357232,0.7022655010223389,11,0,765.7855,2.9582424,817.58777,43.79664,2115.5227,0.6534847,-0.46817333,6.581721263616125,41.78273526772631,15.avi
956,20,4.0,773,60,1349.0919,0,135.71369991989354,0.1766484081745147,11,0,755.2812,41.861214,791.992,78.61039,1349.0919,2.498014,1.9524504,26.496616185888897,321.54278504038285,15.avi
963,20,4.0,767,41,10896.437,0,338.59133441306784,0.6018466949462891,10,0,707.1244,-3.9323196,827.0547,86.92405,10896.437,48.16227,-34.236618,67.42166043435412,358.2326395379861,15.avi
963,21,4.2,742,41,11534.719,0,199.5626168486706,0.8505579233169556,12,0,677.1803,-2.0493011,808.53467,85.76443,11534.719,-85.24351,-5.837389,35.29811993104433,190.36612605943705,15.avi
963,22,4.4,696,32,10708.742,0,171.49425266765678,0.6986185312271118,14,0,625.3535,-4.7934875,767.426,70.581696,10708.742,-199.63531,-36.15101,31.04965021777017,163.74712962046226,15.avi
963,23,4.6,624,22,7294.1914,0,179.28439809069778,0.6585177779197693,16,0,560.81726,-5.9586945,688.97046,50.959034,7294.1914,-320.96042,-48.309837,32.668816315194434,173.56056461406604,15.avi
963,25,5.0,408,12,2048.326,0,153.64480854284545,0.5940252542495728,19,0,372.5829,-1.3697252,445.2331,26.824646,2048.326,-362.65265,-14.091427,30.546182017604625,217.24130720107823,15.avi
968,26,5.2,397,73,22076.377,0,0.0,0.8888019323348999,1,0,319.96533,1.4233093,474.06934,144.67966,22076.377,0.0,0.0,0.0,0.0,15.avi
968,27,5.4,429,83,16932.809,0,171.85667033249945,0.8410343527793884,3,0,363.54956,19.296082,495.18903,147.92625,16932.809,129.14955,42.154427,33.49423701021197,342.7211900542991,15.avi
969,27,5.4,465,73,1144.7086,0,0.0,0.5359963774681091,1,0,448.5432,56.48761,482.52002,90.1785,1144.7086,0.0,0.0,0.0,0.0,15.avi
970,28,5.6,573,123,1942.2162,0,0.0,0.5290097594261169,1,0,549.8323,103.76416,598.0133,144.07497,1942.2162,0.0,0.0,0.0,0.0,15.avi
971,28,5.6,567,74,19526.283,0,0.0,0.7738251090049744,1,0,500.07233,2.217865,634.3038,147.68515,19526.283,0.0,0.0,0.0,0.0,15.avi
964,29,5.8,497,147,1627.1992,0,167.98173130034164,0.6718133687973022,16,0,477.79916,126.25147,516.5474,168.24562,1627.1992,0.54319835,-1.6259737,33.77802979749864,71.93913220582448,15.avi
968,29,5.8,516,124,18602.688,0,91.2137075902718,0.556853175163269,6,0,443.5562,60.583427,589.8863,187.7117,18602.688,145.91994,68.07598,17.648009932952927,301.1956177637195,15.avi
972,30,6.0,488,272,14883.061,0,0.0,0.7722585797309875,1,0,435.1621,202.48047,541.8977,341.91907,14883.061,0.0,0.0,0.0,0.0,15.avi
973,31,6.2,440,366,13670.186,0,0.0,0.8571844100952148,1,0,377.01953,312.91907,504.24292,420.36932,13670.186,0.0,0.0,0.0,0.0,15.avi
973,32,6.4,389,330,12949.13,0,317.9694404025236,0.8188949227333069,3,0,337.95947,267.12485,440.62256,393.25717,12949.13,-204.95099,-145.52168,63.31335185803456,144.63555981767604,15.avi
972,33,6.6,431,253,17207.45,0,297.4538913789363,0.919184148311615,5,0,365.2404,189.39049,498.66458,318.35846,17207.45,-47.697502,-15.449105,60.64916585824311,161.54431931384647,15.avi
974,34,6.8,409,336,914.9154,0,0.0,0.5997050404548645,1,0,395.68,319.1994,422.8451,352.8792,914.9154,0.0,0.0,0.0,0.0,15.avi
975,35,7.0,351,314,18356.766,0,0.0,0.9042443633079528,1,0,287.79877,242.34409,415.13586,386.5029,18356.766,0.0,0.0,0.0,0.0,15.avi
976,36,7.2,264,224,17510.418,0,0.0,0.8918824791908264,1,0,201.00787,155.12592,328.01062,293.00024,17510.418,0.0,0.0,0.0,0.0,15.avi
976,37,7.4,235,167,20597.645,0,322.4561418905309,0.9102285504341124,3,0,158.86295,99.95562,311.96667,234.48953,20597.645,-116.14544,-226.9082,64.24165882344266,117.34501233770214,15.avi
976,38,7.6,137,135,20400.498,0,396.6717729546734,0.6981592178344727,5,0,65.12969,64.9687,209.54901,206.22748,20400.498,-458.87637,-163.91255,76.32859745906784,189.9273951927157,15.avi
977,38,7.6,158,190,2052.696,0,0.0,0.748215913772583,1,0,133.85184,169.59987,183.65451,210.81645,2052.696,0.0,0.0,0.0,0.0,15.avi
976,39,7.8,70,107,6616.9805,0,139.79056045183577,0.7046855688095093,7,0,30.418388,66.19934,109.87086,149.48158,6616.9805,-364.6147,-144.64305,24.791605446169594,350.28285862984734,15.avi
978,39,7.8,122,158,19870.395,0,0.0,0.8134937286376953,1,0,52.99843,87.6183,192.67264,229.88075,19870.395,0.0,0.0,0.0,0.0,15.avi
977,40,8.0,164,173,949.41296,0,89.49998249505687,0.2664641737937927,4,0,149.1705,157.2854,179.07819,189.03018,949.41296,8.805187,-27.951416,17.990274295947923,73.04335931605999,15.avi
978,40,8.0,123,159,16577.918,0,7.786377058713787,0.6063750386238098,3,0,65.407455,88.990616,182.26619,230.8535,16577.918,3.9971695,4.6807694,0.299643258445033,303.28990506881405,15.avi
979,40,8.0,61,153,2752.767,0,0.0,0.7782056331634521,1,0,37.78273,124.46001,84.60307,183.25426,2752.767,0.0,0.0,0.0,0.0,15.avi
978,41,8.2,165,119,20637.938,0,303.4724020191261,0.8740053176879883,5,0,96.847565,44.586235,234.4902,194.52478,20637.938,191.89075,-184.44954,58.14930983122973,46.04129503673187,15.avi
978,42,8.4,243,76,6277.5527,0,222.31423617210373,0.6169013381004333,7,0,204.46933,36.523663,282.53638,116.93599,6277.5527,343.1963,-207.21207,39.51916281861787,9.710350219097904,15.avi
980,43,8.6,236,171,1811.372,0,0.0,0.8179387450218201,1,0,213.56381,151.04137,258.5021,191.34935,1811.372,0.0,0.0,0.0,0.0,15.avi
981,43,8.6,223,98,925.2392,0,0.0,0.6128854751586914,1,0,207.73471,84.47894,239.85428,113.285034,925.2392,0.0,0.0,0.0,0.0,15.avi
982,43,8.6,181,81,907.5157,0,0.0,0.5760670900344849,1,0,166.59518,66.06966,195.45364,97.516785,907.5157,0.0,0.0,0.0,0.0,15.avi
980,44,8.8,247,173,1708.4358,0,60.24463206406468,0.5119574666023254,3,0,227.5846,151.95676,268.04486,194.1818,1708.4358,47.033016,7.480727,11.114527447852987,350.6556395433188,15.avi
983,44,8.8,215,202,22185.129,0,0.0,0.8127234578132629,1,0,135.24408,133.5582,295.2011,272.2525,22185.129,0.0,0.0,0.0,0.0,15.avi
984,45,9.0,317,188,968.39575,0,0.0,0.6729019284248352,1,0,300.25403,174.14252,334.27173,202.60992,968.39575,0.0,0.0,0.0,0.0,15.avi
985,46,9.2,283,263,18006.623,0,0.0,0.7460600137710571,1,0,209.87817,203.08441,357.71216,324.8874,18006.623,0.0,0.0,0.0,0.0,15.avi
985,47,9.4,244,318,15397.507,0,338.4774492665455,0.449296236038208,3,0,176.22043,262.29504,313.28024,374.6366,15397.507,-155.86763,217.48466,67.09082010286129,233.6188771196489,15.avi
985,48,9.6,227,407,16861.094,0,248.2541549117988,0.8467422723770142,5,0,155.38666,348.85928,298.84964,466.38852,16861.094,-93.86017,426.57275,46.99504412557255,286.5965012294192,15.avi
986,49,9.8,183,361,1353.1747,0,0.0,0.647205650806427,1,0,164.4198,344.34372,202.99542,379.4222,1353.1747,0.0,0.0,0.0,0.0,15.avi
987,49,9.8,198,327,1330.0845,0,0.0,0.6404246091842651,1,0,179.87653,309.45056,217.65796,344.65527,1330.0845,0.0,0.0,0.0,0.0,15.avi
988,49,9.8,223,363,1834.2445,0,0.0,0.6403639912605286,1,0,203.65689,340.51843,243.13016,386.98645,1834.2445,0.0,0.0,0.0,0.0,15.avi
988,50,10.0,229,333,16442.217,0,153.7894034267598,0.8615070581436157,3,0,170.49257,264.5487,288.93112,403.3736,16442.217,25.22284,-118.92737,31.25932218839829,79.66788169799531,15.avi
989,50,10.0,278,307,1463.2877,0,0.0,0.7687951326370239,1,0,261.9212,285.44202,295.68274,328.78387,1463.2877,0.0,0.0,0.0,0.0,15.avi
975,51,10.2,319,312,3209.9385,0,161.54152822672324,0.3063264489173889,18,0,293.96863,280.42996,344.50415,343.94846,3209.9385,-1.2779769,-0.08859069,32.55763969685494,175.7311266920326,15.avi
988,51,10.2,287,338,21585.172,0,310.7223818921979,0.8339536786079407,5,0,213.39417,265.2074,361.44543,411.0027,21585.172,266.37512,8.964584,59.19108950376081,331.9607703427779,15.avi
989,51,10.2,270,279,964.39294,0,147.9010376733471,0.4989043772220611,3,0,255.29926,262.84125,284.85828,295.4673,964.39294,-34.82321,-111.61147,29.45865592695673,107.3849822237583,15.avi
990,51,10.2,331,368,2055.8894,0,0.0,0.5463358759880066,1,0,310.16174,343.83124,352.0569,392.9035,2055.8894,0.0,0.0,0.0,0.0,15.avi
991,51,10.2,357,337,1127.9956,0,0.0,0.5951858162879944,1,0,342.14783,318.4493,372.28235,355.88132,1127.9956,0.0,0.0,0.0,0.0,15.avi
988,52,10.4,266,367,23811.107,0,442.0610270669909,0.876194179058075,7,0,187.66795,292.1773,345.1595,443.36707,23811.107,-18.478668,115.85691,79.45966222945712,199.942648187248,15.avi
990,52,10.4,327,380,948.10376,0,63.50875955585408,0.3816356062889099,3,0,314.44308,361.5957,339.79587,398.9922,948.10376,-15.927523,47.611042,12.337119918853524,250.54384865827691,15.avi
992,52,10.4,220,430,955.28204,0,0.0,0.6048431992530823,1,0,202.91783,416.39484,237.72148,443.8426,955.28204,0.0,0.0,0.0,0.0,15.avi
988,53,10.6,256,405,22853.357,0,91.71802221449954,0.9054163098335266,9,0,180.58786,330.7199,332.47665,481.18103,22853.357,-42.22197,173.45953,15.579296845715218,244.4554688846053,15.avi
990,53,10.6,316,408,605.1779,0,105.46229550261116,0.7053602337837219,5,0,304.82867,395.01993,327.33698,421.90677,605.1779,-51.87893,132.99884,19.83934679101832,246.42742635379236,15.avi
993,53,10.6,306,434,578.2669,0,0.0,0.7527154088020325,1,0,295.53577,421.62646,317.69824,447.71863,578.2669,0.0,0.0,0.0,0.0,15.avi
988,54,10.8,328,441,20895.23,0,455.89412640619673,0.4324902296066284,11,0,256.62613,368.7239,400.81577,513.6388,20895.23,267.93866,175.53279,79.91294016215672,359.74358254117993,15.avi
994,54,10.8,390,443,3008.2676,0,0.0,0.8027390837669373,1,0,363.6876,415.44452,417.8688,470.96686,3008.2676,0.0,0.0,0.0,0.0,15.avi
995,54,10.8,394,483,712.4601,0,0.0,0.7918292880058289,1,0,381.89508,469.66077,407.128,497.89612,712.4601,0.0,0.0,0.0,0.0,15.avi
996,55,11.0,522,404,985.46155,0,0.0,0.7520081996917725,1,0,506.042,389.01605,537.9719,419.87933,985.46155,0.0,0.0,0.0,0.0,15.avi
997,55,11.0,430,489,741.5845,0,0.0,0.5504839420318604,1,0,415.97284,476.36584,445.2032,501.7362,741.5845,0.0,0.0,0.0,0.0,15.avi
998,55,11.0,467,429,23524.707,0,0.0,0.9150967597961426,1,0,394.0852,349.32825,540.73193,509.7458,23524.707,0.0,0.0,0.0,0.0,15.avi
996,56,11.2,506,423,1178.2616,0,121.01688299710764,0.5529630184173584,3,0,491.98282,403.32755,521.83954,442.79147,1178.2616,-60.262688,74.29872,24.503281504099373,229.21232667409475,15.avi
999,56,11.2,580,474,462.07205,0,0.0,0.7619805932044983,1,0,570.5061,463.34998,591.3447,485.5238,462.07205,0.0,0.0,0.0,0.0,15.avi
1000,56,11.2,569,507,921.8567,0,0.0,0.737826943397522,1,0,553.19775,493.6582,585.6487,522.0659,921.8567,0.0,0.0,0.0,0.0,15.avi
1001,56,11.2,474,476,1096.142,0,0.0,0.6820265650749207,1,0,459.85153,458.2249,489.05936,495.75397,1096.142,0.0,0.0,0.0,0.0,15.avi
1002,56,11.2,553,448,18082.78,0,0.0,0.903987467288971,1,0,490.09167,376.372,615.99036,520.0016,18082.78,0.0,0.0,0.0,0.0,15.avi
1003,57,11.4,568,306,507.12393,0,0.0,0.762941837310791,1,0,558.32074,294.25586,578.8029,319.01514,507.12393,0.0,0.0,0.0,0.0,15.avi
1004,57,11.4,561,277,828.78284,0,0.0,0.5825902819633484,1,0,548.7186,261.40216,574.202,293.92462,828.78284,0.0,0.0,0.0,0.0,15.avi
1005,57,11.4,602,301,694.9375,0,0.0,0.5781018137931824,1,0,590.6227,287.31348,614.87195,315.97156,694.9375,0.0,0.0,0.0,0.0,15.avi
1006,57,11.4,585,337,500.22037,0,0.0,0.5196123123168945,1,0,574.8862,326.41785,597.084,348.95258,500.22037,0.0,0.0,0.0,0.0,15.avi
1007,57,11.4,577,387,1455.4148,0,0.0,0.6829641461372375,1,0,558.6331,367.74234,596.3431,406.3373,1455.4148,0.0,0.0,0.0,0.0,15.avi
1003,58,11.6,566,318,611.6271,0,62.506838174843416,0.7706149816513062,3,0,553.37646,306.6743,578.6952,330.8314,611.6271,-10.083828,48.372654,11.649672548462831,257.2965095847928,15.avi
1004,58,11.6,552,292,1135.657,0,87.96708915382983,0.7486926913261414,3,0,533.379,277.12387,570.73145,307.52768,1135.657,-37.545307,58.532475,17.176616201283846,236.5802966579671,15.avi
1006,58,11.6,579,317,645.3938,0,106.45545271172954,0.7037981748580933,3,0,568.4505,303.4228,591.37775,331.57245,645.3938,-24.23554,-80.5892,21.83276636901984,108.65910844134578,15.avi
1008,58,11.6,556,347,1276.8984,0,0.0,0.6389094591140747,1,0,537.5161,330.34814,575.2241,364.21094,1276.8984,0.0,0.0,0.0,0.0,15.avi
1009,58,11.6,526,318,20591.287,0,0.0,0.8531040549278259,1,0,459.94647,240.76562,592.8212,395.73328,20591.287,0.0,0.0,0.0,0.0,15.avi
1005,59,11.8,600,299,1004.19995,0,15.975366619933512,0.2925996482372284,4,0,588.89056,277.57492,611.6639,321.67032,1004.19995,-4.0493817,-3.311332,3.811906776728125,136.11389198003684,15.avi
1010,59,11.8,632,301,17690.975,0,0.0,0.8894245624542236,1,0,556.9838,243.04645,708.4545,359.84113,17690.975,0.0,0.0,0.0,0.0,15.avi
1011,60,12.0,762,232,14193.857,0,0.0,0.8681726455688477,1,0,703.37354,172.2438,822.0874,291.8074,14193.857,0.0,0.0,0.0,0.0,15.avi
1012,61,12.2,862,250,12817.218,0,0.0,0.8408774733543396,1,0,809.98584,189.97687,915.0819,311.93402,12817.218,0.0,0.0,0.0,0.0,15.avi
1011,62,12.4,807,211,19588.318,0,247.537028410762,0.8633970618247986,4,0,734.6924,144.30042,880.6432,278.51224,19588.318,73.667694,-33.802105,49.00885053834882,25.40515928811567,15.avi
1012,62,12.4,842,207,4301.3213,0,243.1989455011866,0.4442057013511657,3,0,808.7009,175.25415,875.9227,239.24112,4301.3213,-80.72684,-174.48227,48.5151634979489,115.03972473293896,15.avi
1013,63,12.6,846,296,14485.021,0,0.0,0.8698988556861877,1,0,789.80664,232.95276,903.59375,360.25208,14485.021,0.0,0.0,0.0,0.0,15.avi
1013,64,12.8,900,265,14709.256,0,313.3740041432017,0.8501003980636597,3,0,837.44775,206.46437,962.8804,323.7326,14709.256,213.4286,-125.76427,61.96436023613693,30.664467490607592,15.avi
1013,65,13.0,885,251,16004.229,0,305.0169124307726,0.9054117202758788,5,0,822.47,188.38971,948.6306,315.2457,16004.229,-48.95311,-71.40057,58.89649837851615,190.81808832187107,15.avi
1013,66,13.2,855,287,22054.816,0,302.51444068090075,0.9271680116653442,7,0,783.54254,211.44781,927.6795,364.46075,22054.816,-126.21929,121.93779,53.64227396005546,247.23194428253103,15.avi
1013,67,13.4,815,230,23012.498,0,471.5345288679089,0.9311861395835876,9,0,741.96313,152.10638,889.2948,308.3015,23012.498,-182.79068,-193.34093,83.76354825194858,100.57130943339814,15.avi
1014,68,13.6,781,295,21064.5,0,0.0,0.9082520604133606,1,0,705.94666,225.93549,856.3805,365.9605,21064.5,0.0,0.0,0.0,0.0,15.avi
1014,69,13.8,709,326,26100.953,0,392.8804233803304,0.893608033657074,3,0,620.9505,252.25497,797.8708,399.7844,26100.953,-286.43872,120.04662,78.17099375993418,202.60893560130688,15.avi
1014,70,14.0,746,341,26785.54,0,492.5658923722687,0.6545232534408569,5,0,660.9923,263.1134,831.50476,420.2019,26785.54,144.57437,81.71307,94.31027775071902,5.493764051104506,15.avi
1015,70,14.0,772,302,6466.951,0,0.0,0.7258298993110657,1,0,732.6786,262.32422,813.0785,342.75903,6466.951,0.0,0.0,0.0,0.0,15.avi
1014,71,14.2,809,305,26649.205,0,349.14113771485546,0.8471280932426453,7,0,725.1629,227.0048,894.3615,384.50732,26649.205,277.2542,-118.63347,62.88040406038866,57.444891724746185,15.avi
1015,71,14.2,761,280,4961.6177,0,122.33429603119984,0.7121355533599854,3,0,732.6896,238.51947,791.1886,323.3349,4961.6177,-43.670536,-86.28513,25.47988648182813,117.78744642266464,15.avi
1016,72,14.4,755,335,27703.33,0,0.0,0.8717265725135803,1,0,670.94214,252.88495,839.2715,417.46307,27703.33,0.0,0.0,0.0,0.0,15.avi
1016,73,14.6,821,325,22976.432,0,340.64279259434426,0.8551462292671204,3,0,746.2286,250.12341,897.6414,401.8703,22976.432,266.7791,-36.635326,66.67400387051534,8.777246430479295,15.avi
1017,74,14.8,771,367,22448.264,0,0.0,0.9126394987106324,1,0,699.99976,288.6996,842.45874,446.2766,22448.264,0.0,0.0,0.0,0.0,15.avi
1017,75,15.0,769,421,17160.793,0,273.3237193112542,0.8197425007820129,3,0,704.6988,355.7868,835.0815,487.4054,17160.793,-5.345763,216.00005,53.558315759962206,267.6144990428089,15.avi
1018,76,15.2,871,359,13549.574,0,0.0,0.5030597448348999,1,0,816.99817,297.7379,926.9735,420.94348,13549.574,0.0,0.0,0.0,0.0,15.avi
1018,77,15.4,943,358,20900.71,0,358.7592623970566,0.9133581519126892,3,0,872.9486,283.66592,1013.09155,432.8044,20900.71,283.56982,-4.4133487,71.02681475664053,1.0815762117486545,15.avi
1019,78,15.6,923,229,25698.496,0,0.0,0.9340887069702148,1,0,842.1822,151.15045,1005.7181,308.2933,25698.496,0.0,0.0,0.0,0.0,15.avi
1019,79,15.8,911,163,22159.729,0,342.40340772189825,0.9263697862625122,3,0,833.1629,92.319885,989.7486,233.83813,22159.729,-49.877785,-266.0394,67.96701397409537,100.98404154765213,15.avi
1019,80,16.0,928,122,27346.553,0,156.13157125257118,0.8708801865577698,5,0,842.3841,43.33811,1014.7381,202.00311,27346.553,74.12909,-207.42896,29.161813225221888,335.4229615656618,15.avi
1020,81,16.2,822,69,27307.629,0,0.0,0.8317165374755859,1,0,723.9555,0.0,921.7382,138.06883,27307.629,0.0,0.0,0.0,0.0,15.avi
1020,82,16.4,811,80,26255.836,0,80.87387342482597,0.8756295442581177,3,0,728.9322,1.4463272,894.696,159.83942,26255.836,-44.04302,46.341156,16.14286796508266,222.78767830469815,15.avi
1020,83,16.6,760,61,19571.127,0,268.63449933539823,0.854752242565155,5,0,684.8395,-3.5992508,835.1997,126.56237,19571.127,-240.88083,-83.84134,51.820118866518754,146.08842041741542,15.avi
1020,84,16.8,699,39,13334.886,0,74.1799673727834,0.7448630928993225,7,0,627.76105,-7.2501373,771.8553,85.29264,13334.886,-287.0339,-105.66921,14.056874735750936,156.0185536262088,15.avi
