tracker_id,frame_idx,timestamp,centroid_x,centroid_y,area,class,speed_px_per_sec,source_video
115,0,0.0,781,262,4242.37,0,0.0,1.avi
116,0,0.0,810,131,4878.3784,0,0.0,1.avi
117,0,0.0,462,519,1705.098,0,0.0,1.avi
118,0,0.0,219,587,1672.8411,0,0.0,1.avi
119,1,0.2,407,746,11960.955,0,0.0,1.avi
120,1,0.2,331,436,4288.182,0,0.0,1.avi
121,1,0.2,854,321,2080.6296,0,0.0,1.avi
122,1,0.2,850,634,4452.0283,0,0.0,1.avi
123,1,0.2,251,754,2770.2742,0,0.0,1.avi
124,1,0.2,775,539,1350.1627,0,0.0,1.avi
125,1,0.2,308,712,1494.7125,0,0.0,1.avi
126,1,0.2,227,286,3205.361,0,0.0,1.avi
127,1,0.2,1076,1019,364.98636,0,0.0,1.avi
119,2,0.4,435,729,4698.8584,0,162.82245944940846,1.avi
128,2,0.4,930,184,2418.2378,0,0.0,1.avi
129,2,0.4,601,198,2467.0427,0,0.0,1.avi
130,2,0.4,969,113,1260.1444,0,0.0,1.avi
131,2,0.4,941,552,3318.6738,0,0.0,1.avi
132,2,0.4,83,441,10003.999,0,0.0,1.avi
133,2,0.4,707,734,3270.4143,0,0.0,1.avi
134,2,0.4,854,686,6210.706,0,0.0,1.avi
135,2,0.4,311,145,1786.1167,0,0.0,1.avi
136,2,0.4,570,372,1558.1489,0,0.0,1.avi
125,3,0.6,331,752,3086.8247,0,232.537562961652,1.avi
137,3,0.6,1037,202,7074.153,0,0.0,1.avi
138,3,0.6,1165,451,6386.3716,0,0.0,1.avi
139,3,0.6,667,55,4159.8823,0,0.0,1.avi
140,3,0.6,114,517,2348.6567,0,0.0,1.avi
116,4,0.8,813,147,1307.6294,0,77.38193345531165,1.avi
122,4,0.8,832,616,750.0554,0,125.95929740356924,1.avi
138,4,0.8,1189,455,8725.921,0,126.55888965037566,1.avi
141,4,0.8,625,501,8104.041,0,0.0,1.avi
142,4,0.8,875,1002,2758.496,0,0.0,1.avi
143,4,0.8,988,713,2625.408,0,0.0,1.avi
144,4,0.8,397,234,2416.5737,0,0.0,1.avi
145,4,0.8,640,102,5273.007,0,0.0,1.avi
123,5,1.0,218,784,3933.7888,0,223.6226434698719,1.avi
129,5,1.0,631,184,3411.4194,0,165.1490260308659,1.avi
146,5,1.0,488,807,5372.6934,0,0.0,1.avi
147,5,1.0,515,112,4659.6953,0,0.0,1.avi
148,5,1.0,415,562,7520.9175,0,0.0,1.avi
149,5,1.0,637,885,4130.1543,0,0.0,1.avi
150,5,1.0,871,212,3389.3596,0,0.0,1.avi
151,5,1.0,563,943,1924.3702,0,0.0,1.avi
152,5,1.0,1165,862,1343.9454,0,0.0,1.avi
153,5,1.0,875,581,999.7302,0,0.0,1.avi
123,6,1.2,252,766,3231.795,0,244.3915185961396,1.avi
125,6,1.2,398,822,2328.2476,0,123.45065937374616,1.avi
128,6,1.2,908,199,2667.874,0,130.51989935872723,1.avi
131,6,1.2,926,511,6669.676,0,219.23012011424865,1.avi
147,6,1.2,509,135,1801.8223,0,118.96264511568404,1.avi
151,6,1.2,540,924,1704.8387,0,149.7256529179176,1.avi
154,6,1.2,1070,767,2775.4985,0,0.0,1.avi
155,6,1.2,1148,313,2092.39,0,0.0,1.avi
156,6,1.2,233,828,1480.4604,0,0.0,1.avi
129,7,1.4,610,149,2312.2544,0,232.72701754485985,1.avi
157,7,1.4,738,848,2832.98,0,0.0,1.avi
158,7,1.4,343,650,1501.8176,0,0.0,1.avi
159,7,1.4,734,156,1916.8538,0,0.0,1.avi
160,8,1.6,207,623,5369.343,0,0.0,1.avi
161,8,1.6,1220,839,3102.428,0,0.0,1.avi
162,8,1.6,936,299,4271.0312,0,0.0,1.avi
163,8,1.6,537,867,2646.9236,0,0.0,1.avi
164,8,1.6,286,443,1313.9524,0,0.0,1.avi
165,8,1.6,1210,215,3332.686,0,0.0,1.avi
166,8,1.6,1023,296,4942.8174,0,0.0,1.avi
167,8,1.6,1087,105,2561.4067,0,0.0,1.avi
168,8,1.6,926,981,6885.33,0,0.0,1.avi
169,8,1.6,361,602,5844.182,0,0.0,1.avi
128,9,1.8,933,227,2706.8542,0,217.77543714849733,1.avi
147,9,1.8,496,262,5268.2617,0,101.59001503515512,1.avi
153,9,1.8,897,618,1985.5911,0,215.64485717751745,1.avi
161,9,1.8,1188,828,3294.1165,0,168.59789976046636,1.avi
165,9,1.8,1222,236,3711.4905,0,125.09196006764886,1.avi
170,9,1.8,31,649,5301.2812,0,0.0,1.avi
171,9,1.8,1137,1010,1685.5563,0,0.0,1.avi
172,9,1.8,588,623,2418.8613,0,0.0,1.avi
173,9,1.8,712,6,414.75998,0,0.0,1.avi
174,9,1.8,522,316,4622.42,0,0.0,1.avi
175,9,1.8,513,35,893.0616,0,0.0,1.avi
176,9,1.8,51,521,1372.6436,0,0.0,1.avi
177,9,1.8,1124,731,9218.098,0,0.0,1.avi
178,9,1.8,322,566,2156.7854,0,0.0,1.avi
129,10,2.0,566,38,3975.8003,0,168.415074585948,1.avi
166,10,2.0,1041,342,2088.516,0,248.19944778924508,1.avi
177,10,2.0,1157,764,2126.8208,0,234.00177094746377,1.avi
179,10,2.0,656,971,5727.5464,0,0.0,1.avi
180,10,2.0,821,754,2119.5872,0,0.0,1.avi
181,10,2.0,805,665,1561.4863,0,0.0,1.avi
182,10,2.0,398,294,3455.1152,0,0.0,1.avi
183,10,2.0,320,379,1926.346,0,0.0,1.avi
184,10,2.0,1163,433,5701.5356,0,0.0,1.avi
185,10,2.0,430,842,1843.3016,0,0.0,1.avi
186,10,2.0,532,929,27351.898,0,0.0,1.avi
148,11,2.2,394,518,1585.1865,0,243.41923647394535,1.avi
187,11,2.2,298,970,18716.91,0,0.0,1.avi
188,11,2.2,302,84,5220.543,0,0.0,1.avi
189,11,2.2,1247,522,4103.7466,0,0.0,1.avi
190,11,2.2,1185,583,1050.4121,0,0.0,1.avi
191,11,2.2,197,536,931.01373,0,0.0,1.avi
192,11,2.2,1070,1007,2976.4487,0,0.0,1.avi
193,11,2.2,847,625,3134.2034,0,0.0,1.avi
155,12,2.4,1160,305,2567.1265,0,72.59947971871611,1.avi
169,12,2.4,364,610,2467.1067,0,46.478239408846406,1.avi
178,12,2.4,352,574,9009.344,0,151.87668602238375,1.avi
179,12,2.4,687,1010,1621.7676,0,248.71326405939504,1.avi
182,12,2.4,382,312,3252.5815,0,123.00342801132314,1.avi
184,12,2.4,1195,408,1670.4849,0,203.67149931365805,1.avi
192,12,2.4,1032,1001,2424.2605,0,195.24116321377852,1.avi
194,12,2.4,600,432,2859.2966,0,0.0,1.avi
195,12,2.4,1072,608,2257.6401,0,0.0,1.avi
196,12,2.4,869,360,966.9076,0,0.0,1.avi
197,12,2.4,572,688,11639.903,0,0.0,1.avi
160,13,2.6,208,647,1852.4888,0,119.21361778355936,1.avi
180,13,2.6,799,721,2761.949,0,196.682536763688,1.avi
185,13,2.6,435,844,5953.3057,0,27.44758428190676,1.avi
198,13,2.6,103,630,3009.0151,0,0.0,1.avi
199,13,2.6,60,347,3848.653,0,0.0,1.avi
200,13,2.6,685,937,1720.6525,0,0.0,1.avi
201,13,2.6,1051,423,2249.7456,0,0.0,1.avi
202,13,2.6,897,850,2267.3608,0,0.0,1.avi
203,13,2.6,1159,92,2378.5586,0,0.0,1.avi
204,13,2.6,970,28,2727.0728,0,0.0,1.avi
205,13,2.6,1218,752,1023.26495,0,0.0,1.avi
190,14,2.8,1165,582,5008.5,0,99.67494354356852,1.avi
206,14,2.8,422,273,2647.941,0,0.0,1.avi
207,14,2.8,726,834,1582.438,0,0.0,1.avi
208,14,2.8,240,140,2376.1555,0,0.0,1.avi
209,14,2.8,1201,882,4446.346,0,0.0,1.avi
210,14,2.8,330,703,2825.656,0,0.0,1.avi
211,14,2.8,1042,876,4486.556,0,0.0,1.avi
212,14,2.8,785,349,2010.8798,0,0.0,1.avi
213,14,2.8,554,389,3129.3599,0,0.0,1.avi
178,15,3.0,362,543,1361.1094,0,220.13976384843025,1.avi
185,15,3.0,442,886,5147.3447,0,208.32626480442485,1.avi
194,15,3.0,573,463,3319.5637,0,204.34265005754636,1.avi
198,15,3.0,105,613,1457.8007,0,88.71135287799167,1.avi
212,15,3.0,802,380,1962.0953,0,178.62293220052769,1.avi
214,15,3.0,1101,956,2351.6455,0,0.0,1.avi
215,15,3.0,208,15,2102.0396,0,0.0,1.avi
216,15,3.0,237,860,2211.5383,0,0.0,1.avi
217,15,3.0,122,454,999.83655,0,0.0,1.avi
218,15,3.0,931,263,2426.3684,0,0.0,1.avi
219,15,3.0,988,218,1043.5087,0,0.0,1.avi
220,15,3.0,314,182,2222.9885,0,0.0,1.avi
155,16,3.2,1134,283,1531.9567,0,179.84943475804167,1.avi
205,16,3.2,1226,782,871.6699,0,151.03079411577014,1.avi
221,16,3.2,536,202,2433.375,0,0.0,1.avi
222,16,3.2,340,299,3759.5457,0,0.0,1.avi
204,17,3.4,1013,11,1632.3026,0,229.3843969091697,1.avi
223,17,3.4,72,628,2648.652,0,0.0,1.avi
224,17,3.4,1225,699,1990.9896,0,0.0,1.avi
225,17,3.4,918,358,735.98236,0,0.0,1.avi
226,18,3.6,1136,1011,2035.4075,0,0.0,1.avi
227,18,3.6,427,758,3032.3801,0,0.0,1.avi
228,18,3.6,614,145,2470.4766,0,0.0,1.avi
229,18,3.6,581,278,5640.6543,0,0.0,1.avi
230,18,3.6,941,549,990.9743,0,0.0,1.avi
231,18,3.6,1110,238,1871.2915,0,0.0,1.avi
232,18,3.6,490,622,5285.1694,0,0.0,1.avi
199,19,3.8,61,344,7616.6562,0,18.542928046122963,1.avi
202,19,3.8,939,864,2342.1387,0,219.74091297695944,1.avi
228,19,3.8,638,154,1019.6377,0,130.77285240997014,1.avi
233,19,3.8,921,966,4662.6396,0,0.0,1.avi
234,19,3.8,777,475,3684.7766,0,0.0,1.avi
235,19,3.8,21,237,2267.8247,0,0.0,1.avi
236,20,4.0,192,570,4184.1055,0,0.0,1.avi
237,20,4.0,995,347,5944.276,0,0.0,1.avi
238,20,4.0,314,366,2493.9983,0,0.0,1.avi
239,20,4.0,406,1015,1157.514,0,0.0,1.avi
240,20,4.0,932,18,2402.2705,0,0.0,1.avi
241,20,4.0,883,1013,883.9306,0,0.0,1.avi
242,20,4.0,948,213,2587.8018,0,0.0,1.avi
243,20,4.0,778,538,33471.938,0,0.0,1.avi
223,21,4.2,71,636,2284.7156,0,36.33715579387696,1.avi
240,21,4.2,916,62,4902.2676,0,235.6608571619627,1.avi
243,21,4.2,774,584,4347.25,0,229.47257205650865,1.avi
244,21,4.2,1070,674,1898.3696,0,0.0,1.avi
245,21,4.2,154,151,4015.802,0,0.0,1.avi
246,21,4.2,1073,91,4285.3447,0,0.0,1.avi
247,21,4.2,418,603,25240.963,0,0.0,1.avi
248,21,4.2,786,903,2664.518,0,0.0,1.avi
249,21,4.2,799,84,4657.5103,0,0.0,1.avi
250,21,4.2,14,766,1233.8406,0,0.0,1.avi
251,21,4.2,724,1012,1188.7101,0,0.0,1.avi
252,21,4.2,121,961,3207.3062,0,0.0,1.avi
253,21,4.2,984,278,6174.402,0,0.0,1.avi
223,22,4.4,87,656,25984.363,0,145.8785998121362,1.avi
231,22,4.4,1096,200,1268.7738,0,200.92405123133352,1.avi
232,22,4.4,447,622,1842.1621,0,216.10444906307367,1.avi
239,22,4.4,418,1013,1006.87775,0,56.588608238862335,1.avi
241,22,4.4,870,1016,504.75455,0,67.02351471172481,1.avi
254,22,4.4,232,758,5255.8516,0,0.0,1.avi
255,22,4.4,157,227,5046.31,0,0.0,1.avi
256,22,4.4,580,873,5484.6187,0,0.0,1.avi
257,22,4.4,1040,498,1416.6367,0,0.0,1.avi
258,22,4.4,272,979,5116.999,0,0.0,1.avi
259,22,4.4,1044,820,943.99176,0,0.0,1.avi
260,22,4.4,1182,925,1993.1963,0,0.0,1.avi
246,23,4.6,1091,95,2849.0947,0,93.338909638925,1.avi
261,23,4.6,622,434,7277.4,0,0.0,1.avi
262,23,4.6,993,429,3092.1555,0,0.0,1.avi
263,23,4.6,1249,555,997.8187,0,0.0,1.avi
264,23,4.6,1029,308,8230.96,0,0.0,1.avi
202,24,4.8,972,884,1195.2162,0,50.3295505485594,1.avi
242,24,4.8,950,203,1342.147,0,51.19769614624297,1.avi
245,24,4.8,111,141,2040.8348,0,221.54763280698756,1.avi
262,24,4.8,1003,454,4062.2036,0,136.64927119262242,1.avi
263,24,4.8,1241,568,2393.2952,0,74.96484177029711,1.avi
265,24,4.8,558,365,1924.1395,0,0.0,1.avi
266,24,4.8,855,26,2104.9,0,0.0,1.avi
267,24,4.8,1042,105,2444.0068,0,0.0,1.avi
268,24,4.8,623,544,1734.6216,0,0.0,1.avi
269,24,4.8,361,980,2837.8718,0,0.0,1.avi
270,24,4.8,1204,651,12572.958,0,0.0,1.avi
271,24,4.8,778,17,1327.2087,0,0.0,1.avi
272,24,4.8,1170,832,2487.9622,0,0.0,1.avi
273,24,4.8,350,843,4735.2607,0,0.0,1.avi
202,25,5.0,993,854,2321.7827,0,212.08134357067652,1.avi
236,25,5.0,202,600,2280.223,0,157.44603357702482,1.avi
247,25,5.0,417,640,3430.8281,0,186.7990661351586,1.avi
267,25,5.0,1019,102,4132.499,0,118.34908948443072,1.avi
274,25,5.0,430,119,2149.377,0,0.0,1.avi
275,25,5.0,803,767,1846.2528,0,0.0,1.avi
276,25,5.0,511,1011,1563.882,0,0.0,1.avi
277,25,5.0,551,797,3026.3752,0,0.0,1.avi
278,25,5.0,701,247,3052.6816,0,0.0,1.avi
279,25,5.0,1155,999,1843.2505,0,0.0,1.avi
280,25,5.0,1072,22,1197.3164,0,0.0,1.avi
223,26,5.2,197,943,30423.39,0,575.8309801063567,1.avi
247,26,5.2,433,655,4469.4927,0,111.7966840792038,1.avi
261,26,5.2,608,475,4520.5186,0,216.03410015830107,1.avi
272,26,5.2,1182,814,1685.6506,0,105.807385843675,1.avi
281,26,5.2,1027,1005,3282.141,0,0.0,1.avi
282,26,5.2,237,643,1101.8037,0,0.0,1.avi
283,26,5.2,896,931,1409.3275,0,0.0,1.avi
284,26,5.2,250,557,2014.6873,0,0.0,1.avi
285,26,5.2,716,844,1021.8533,0,0.0,1.avi
286,26,5.2,12,212,1204.2366,0,0.0,1.avi
287,26,5.2,58,796,14947.965,0,0.0,1.avi
232,27,5.4,385,636,2940.5864,0,73.78644327286095,1.avi
256,27,5.4,549,842,3902.481,0,219.3713366870496,1.avi
288,27,5.4,1163,250,6734.319,0,0.0,1.avi
289,27,5.4,83,404,2445.5034,0,0.0,1.avi
290,27,5.4,736,33,1919.2955,0,0.0,1.avi
291,27,5.4,1243,958,1080.0109,0,0.0,1.avi
292,27,5.4,385,251,1441.8665,0,0.0,1.avi
293,27,5.4,813,973,1475.9152,0,0.0,1.avi
262,28,5.6,1062,623,870.1797,0,191.88430550413457,1.avi
292,28,5.6,413,266,2615.5942,0,162.5628867200561,1.avi
294,28,5.6,896,853,1386.0953,0,0.0,1.avi
295,28,5.6,881,270,6501.8413,0,0.0,1.avi
296,28,5.6,613,280,1577.3358,0,0.0,1.avi
297,28,5.6,426,704,3010.1274,0,0.0,1.avi
298,28,5.6,276,183,2797.164,0,0.0,1.avi
299,28,5.6,196,831,8625.128,0,0.0,1.avi
300,28,5.6,1234,708,1278.8572,0,0.0,1.avi
278,29,5.8,734,262,2792.7454,0,182.43311761018555,1.avi
294,29,5.8,911,822,961.34906,0,178.9321568799345,1.avi
301,29,5.8,314,6,567.6485,0,0.0,1.avi
302,29,5.8,324,385,2563.339,0,0.0,1.avi
303,29,5.8,1124,142,2308.762,0,0.0,1.avi
304,29,5.8,652,57,6279.406,0,0.0,1.avi
305,29,5.8,658,308,4545.0825,0,0.0,1.avi
305,30,6.0,650,317,2718.3584,0,57.152626266404354,1.avi
306,30,6.0,752,898,1704.6477,0,0.0,1.avi
307,30,6.0,1125,677,2023.4077,0,0.0,1.avi
308,30,6.0,133,384,1918.4688,0,0.0,1.avi
309,30,6.0,240,400,2725.3015,0,0.0,1.avi
310,30,6.0,1184,528,49440.285,0,0.0,1.avi
311,30,6.0,938,902,6123.7485,0,0.0,1.avi
312,30,6.0,688,13,1493.537,0,0.0,1.avi
277,31,6.2,530,780,2597.1897,0,136.7853930153151,1.avi
293,31,6.2,784,955,1420.3387,0,170.17856907780208,1.avi
313,31,6.2,862,558,26957.895,0,0.0,1.avi
314,31,6.2,1158,903,2170.846,0,0.0,1.avi
315,31,6.2,1072,222,1856.4658,0,0.0,1.avi
316,31,6.2,519,206,3443.1785,0,0.0,1.avi
281,32,6.4,1004,963,13377.615,0,239.39728858321035,1.avi
287,32,6.4,62,801,3801.4463,0,31.33278482440956,1.avi
289,32,6.4,54,403,985.64355,0,145.35365230142332,1.avi
305,32,6.4,650,307,3892.4824,0,173.0499603223688,1.avi
309,32,6.4,240,446,2317.8315,0,233.2562202706655,1.avi
315,32,6.4,1083,192,6832.9976,0,162.02339208604891,1.avi
317,32,6.4,1017,513,6830.5757,0,0.0,1.avi
318,32,6.4,278,700,1779.7949,0,0.0,1.avi
319,32,6.4,580,517,2385.9363,0,0.0,1.avi
320,32,6.4,547,620,34594.695,0,0.0,1.avi
300,33,6.6,1218,727,8065.002,0,126.04371131090434,1.avi
303,33,6.6,1151,109,1795.6543,0,212.25317030326443,1.avi
321,33,6.6,209,694,37174.85,0,0.0,1.avi
322,33,6.6,736,603,1300.0648,0,0.0,1.avi
323,33,6.6,824,702,1657.2867,0,0.0,1.avi
324,33,6.6,124,282,3226.4478,0,0.0,1.avi
325,33,6.6,886,945,1358.0624,0,0.0,1.avi
295,34,6.8,850,268,6511.648,0,155.91220586365333,1.avi
315,34,6.8,1132,107,3977.437,0,127.79474459287252,1.avi
318,34,6.8,304,679,4075.9429,0,165.64489152008298,1.avi
326,34,6.8,292,532,1823.3862,0,0.0,1.avi
327,34,6.8,229,175,1725.8446,0,0.0,1.avi
328,34,6.8,107,688,5249.507,0,0.0,1.avi
303,35,7.0,1128,135,1735.1487,0,238.1875753392625,1.avi
305,35,7.0,636,330,3324.8105,0,231.6436220800597,1.avi
316,35,7.0,517,161,1612.62,0,221.5402749772,1.avi
317,35,7.0,1058,530,1512.1001,0,225.0938738037616,1.avi
326,35,7.0,331,515,2290.3774,0,214.12175177578564,1.avi
329,35,7.0,1262,332,1611.315,0,0.0,1.avi
330,35,7.0,212,799,1947.1338,0,0.0,1.avi
323,36,7.2,810,701,14153.797,0,72.41798832436974,1.avi
329,36,7.2,1271,299,794.779,0,170.11008120233677,1.avi
331,36,7.2,598,943,2525.6528,0,0.0,1.avi
332,36,7.2,434,234,2442.3608,0,0.0,1.avi
333,36,7.2,540,709,1714.8683,0,0.0,1.avi
303,37,7.4,1060,186,2681.2622,0,245.86911086211708,1.avi
334,37,7.4,928,37,1971.4156,0,0.0,1.avi
335,37,7.4,1031,963,3210.1738,0,0.0,1.avi
336,37,7.4,672,198,1912.9015,0,0.0,1.avi
337,37,7.4,764,213,1786.2078,0,0.0,1.avi
338,37,7.4,110,522,2060.9211,0,0.0,1.avi
317,38,7.6,1108,540,1320.9282,0,52.30970571217871,1.avi
318,38,7.6,424,626,1927.3809,0,198.3250704954596,1.avi
337,38,7.6,770,233,1015.9021,0,102.90611573258654,1.avi
339,38,7.6,707,295,3005.0022,0,0.0,1.avi
340,38,7.6,26,905,3287.652,0,0.0,1.avi
341,38,7.6,352,890,1394.5271,0,0.0,1.avi
342,38,7.6,770,163,1102.5172,0,0.0,1.avi
343,38,7.6,625,268,2187.5828,0,0.0,1.avi
295,39,7.8,824,233,2495.344,0,167.7131653339443,1.avi
331,39,7.8,585,939,1572.2062,0,65.49477806938035,1.avi
344,39,7.8,1028,490,2399.9224,0,0.0,1.avi
345,39,7.8,654,856,1113.5892,0,0.0,1.avi
346,39,7.8,258,402,1227.7982,0,0.0,1.avi
347,40,8.0,1158,894,3542.5747,0,0.0,1.avi
348,40,8.0,106,896,4445.77,0,0.0,1.avi
349,40,8.0,641,798,3837.6077,0,0.0,1.avi
350,40,8.0,916,150,2399.7556,0,0.0,1.avi
323,41,8.2,745,699,5344.383,0,140.7452189992883,1.avi
336,41,8.2,657,153,7451.5596,0,238.817281450547,1.avi
345,41,8.2,635,844,4749.612,0,115.0730452210298,1.avi
349,41,8.2,642,755,2961.0076,0,216.32142586674533,1.avi
351,41,8.2,406,806,9812.723,0,0.0,1.avi
352,41,8.2,1115,799,2759.2915,0,0.0,1.avi
353,41,8.2,603,1004,2904.3464,0,0.0,1.avi
354,41,8.2,1064,128,5380.757,0,0.0,1.avi
355,41,8.2,999,893,1656.7183,0,0.0,1.avi
356,41,8.2,668,336,5431.6357,0,0.0,1.avi
317,42,8.4,1221,540,2869.9607,0,156.68058549794355,1.avi
334,42,8.4,964,13,1233.4288,0,215.96821013574944,1.avi
341,42,8.4,364,890,5687.5303,0,60.39068311565732,1.avi
351,42,8.4,413,830,2650.4604,0,128.85007827412858,1.avi
357,42,8.4,1034,677,19830.805,0,0.0,1.avi
358,42,8.4,244,892,8985.86,0,0.0,1.avi
359,42,8.4,1033,205,2254.4197,0,0.0,1.avi
360,42,8.4,803,308,2459.4463,0,0.0,1.avi
361,42,8.4,932,915,836.563,0,0.0,1.avi
362,42,8.4,1159,945,1437.5554,0,0.0,1.avi
363,42,8.4,356,550,1191.2915,0,0.0,1.avi
364,42,8.4,351,54,2369.5,0,0.0,1.avi
345,43,8.6,667,837,19683.59,0,262.6862616913773,1.avi
365,43,8.6,48,365,1464.6198,0,0.0,1.avi
366,43,8.6,847,771,2847.7354,0,0.0,1.avi
367,43,8.6,595,177,1577.7626,0,0.0,1.avi
368,44,8.8,220,247,4256.4478,0,0.0,1.avi
323,45,9.0,704,696,1462.093,0,28.186943011492797,1.avi
369,45,9.0,927,227,1692.9038,0,0.0,1.avi
370,45,9.0,940,981,3870.2192,0,0.0,1.avi
371,45,9.0,770,647,3064.4622,0,0.0,1.avi
372,45,9.0,20,558,1911.7736,0,0.0,1.avi
373,45,9.0,651,940,4079.8687,0,0.0,1.avi
374,45,9.0,1145,76,21397.791,0,0.0,1.avi
375,45,9.0,636,377,2384.6772,0,0.0,1.avi
358,46,9.2,229,913,3089.0488,0,126.06495304024796,1.avi
376,46,9.2,269,1007,2896.5916,0,0.0,1.avi
377,46,9.2,203,753,3082.4421,0,0.0,1.avi
378,46,9.2,1085,982,2993.535,0,0.0,1.avi
379,46,9.2,1231,383,18927.54,0,0.0,1.avi
380,46,9.2,1018,768,2917.8086,0,0.0,1.avi
367,47,9.4,622,164,1613.9657,0,152.55192851862665,1.avi
381,47,9.4,974,394,36458.4,0,0.0,1.avi
382,47,9.4,561,844,1348.7031,0,0.0,1.avi
383,47,9.4,979,557,1794.9368,0,0.0,1.avi
384,47,9.4,1078,271,3088.6167,0,0.0,1.avi
385,47,9.4,435,956,5128.755,0,0.0,1.avi
386,47,9.4,1208,618,1703.9681,0,0.0,1.avi
387,47,9.4,475,436,1507.8569,0,0.0,1.avi
323,48,9.6,663,695,2076.4888,0,78.84352825408506,1.avi
367,48,9.6,623,192,1559.197,0,169.47243834540734,1.avi
375,48,9.6,639,410,40208.11,0,165.63110117032485,1.avi
376,48,9.6,315,1004,2023.1428,0,226.9875033340887,1.avi
388,48,9.6,530,242,6662.0938,0,0.0,1.avi
389,48,9.6,907,60,2136.0208,0,0.0,1.avi
390,48,9.6,1257,645,2943.8813,0,0.0,1.avi
391,48,9.6,744,801,1946.8228,0,0.0,1.avi
379,49,9.8,1239,454,4490.874,0,356.42678691226433,1.avi
385,49,9.8,397,945,3147.5686,0,196.4717540067641,1.avi
392,49,9.8,310,418,40842.297,0,0.0,1.avi
393,49,9.8,1122,228,1073.944,0,0.0,1.avi
394,49,9.8,69,146,3875.241,0,0.0,1.avi
395,49,9.8,1195,518,1429.8905,0,0.0,1.avi
396,49,9.8,513,686,2917.5618,0,0.0,1.avi
397,49,9.8,1033,210,1135.7087,0,0.0,1.avi
398,49,9.8,777,199,1596.2078,0,0.0,1.avi
399,49,9.8,564,515,1398.106,0,0.0,1.avi
400,50,10.0,823,554,8824.716,0,0.0,1.avi
401,50,10.0,450,826,2028.4882,0,0.0,1.avi
402,50,10.0,167,664,1723.9745,0,0.0,1.avi
403,50,10.0,226,696,2413.7844,0,0.0,1.avi
404,50,10.0,451,532,1540.5518,0,0.0,1.avi
405,50,10.0,45,1005,2706.364,0,0.0,1.avi
406,50,10.0,362,119,1658.1422,0,0.0,1.avi
407,50,10.0,56,437,23362.395,0,0.0,1.avi
408,50,10.0,845,133,2971.8096,0,0.0,1.avi
409,50,10.0,1100,25,2419.2842,0,0.0,1.avi
410,51,10.2,25,286,2833.8074,0,0.0,1.avi
411,51,10.2,1139,592,5895.93,0,0.0,1.avi
412,51,10.2,603,1017,796.0266,0,0.0,1.avi
413,51,10.2,854,790,1179.6252,0,0.0,1.avi
387,52,10.4,504,404,1185.1342,0,213.0703721137193,1.avi
408,52,10.4,832,139,1192.4982,0,72.39451348936385,1.avi
414,52,10.4,777,38,6021.3164,0,0.0,1.avi
415,52,10.4,767,297,6053.504,0,0.0,1.avi
416,52,10.4,208,606,2777.2366,0,0.0,1.avi
417,52,10.4,549,392,3173.7954,0,0.0,1.avi
418,52,10.4,822,948,3455.9976,0,0.0,1.avi
419,52,10.4,427,111,1759.6622,0,0.0,1.avi
420,52,10.4,1135,967,5958.758,0,0.0,1.avi
421,52,10.4,725,580,2038.251,0,0.0,1.avi
422,52,10.4,159,397,5188.64,0,0.0,1.avi
423,52,10.4,895,462,1580.0322,0,0.0,1.avi
394,53,10.6,70,156,2077.4248,0,51.36813034487079,1.avi
421,53,10.6,729,537,4447.283,0,215.6603163290346,1.avi
422,53,10.6,190,376,911.7378,0,187.83676206481496,1.avi
424,53,10.6,200,863,7898.8594,0,0.0,1.avi
425,53,10.6,848,875,2023.871,0,0.0,1.avi
426,53,10.6,544,595,3080.211,0,0.0,1.avi
427,53,10.6,569,6,512.33795,0,0.0,1.avi
428,53,10.6,280,770,1594.5463,0,0.0,1.avi
429,53,10.6,158,315,5249.5376,0,0.0,1.avi
430,53,10.6,1227,188,2429.4414,0,0.0,1.avi
431,53,10.6,394,327,7992.64,0,0.0,1.avi
390,54,10.8,1264,680,1925.572,0,178.0626711014839,1.avi
395,54,10.8,1215,510,5372.821,0,109.96447134522327,1.avi
401,54,10.8,422,793,896.73975,0,215.26481190698087,1.avi
403,54,10.8,203,714,1485.3716,0,145.29075616148532,1.avi
406,54,10.8,387,91,2984.5383,0,188.27949693769685,1.avi
427,54,10.8,609,19,2971.8748,0,209.2765936752403,1.avi
431,54,10.8,360,355,2315.543,0,221.7621887971964,1.avi
432,54,10.8,1195,248,4294.3594,0,0.0,1.avi
433,54,10.8,1154,874,2001.2955,0,0.0,1.avi
434,54,10.8,739,91,2498.0474,0,0.0,1.avi
435,54,10.8,876,6,368.3451,0,0.0,1.avi
436,54,10.8,726,849,2772.036,0,0.0,1.avi
437,54,10.8,463,880,5874.814,0,0.0,1.avi
438,54,10.8,727,13,1406.4996,0,0.0,1.avi
404,55,11.0,438,531,1243.4717,0,63.648192941248304,1.avi
418,55,11.0,823,943,3511.6055,0,25.05668301333066,1.avi
425,55,11.0,863,898,4171.005,0,136.99420790546174,1.avi
439,55,11.0,470,34,3287.9875,0,0.0,1.avi
440,55,11.0,683,574,2665.1755,0,0.0,1.avi
441,55,11.0,1156,327,3607.0466,0,0.0,1.avi
442,55,11.0,515,197,807.80457,0,0.0,1.avi
443,55,11.0,398,649,1973.4305,0,0.0,1.avi
444,55,11.0,125,360,2902.1494,0,0.0,1.avi
405,56,11.2,28,997,2981.101,0,96.41811687533703,1.avi
420,56,11.2,1125,978,2143.8135,0,72.88690589023838,1.avi
439,56,11.2,445,33,4163.556,0,126.6748311675106,1.avi
445,56,11.2,658,918,2232.7593,0,0.0,1.avi
446,56,11.2,353,334,3830.707,0,0.0,1.avi
447,56,11.2,553,954,1341.692,0,0.0,1.avi
448,56,11.2,1081,100,2585.1357,0,0.0,1.avi
449,57,11.4,133,437,2887.753,0,0.0,1.avi
450,57,11.4,510,1003,1619.9247,0,0.0,1.avi
451,57,11.4,475,811,1393.5807,0,0.0,1.avi
452,57,11.4,989,142,3977.5757,0,0.0,1.avi
453,57,11.4,978,1013,1023.5188,0,0.0,1.avi
454,57,11.4,1267,435,1409.4482,0,0.0,1.avi
455,57,11.4,717,269,3175.9363,0,0.0,1.avi
456,57,11.4,398,303,3302.2136,0,0.0,1.avi
416,58,11.6,188,611,1996.1843,0,105.69114724182704,1.avi
457,58,11.6,893,664,6436.9634,0,0.0,1.avi
458,58,11.6,348,221,4256.8496,0,0.0,1.avi
459,58,11.6,783,464,4970.8374,0,0.0,1.avi
460,58,11.6,204,78,6393.4736,0,0.0,1.avi
437,59,11.8,511,875,1041.7832,0,243.57512513962408,1.avi
439,59,11.8,371,39,2024.3569,0,236.7483926959152,1.avi
444,59,11.8,107,344,1826.112,0,118.88007826263711,1.avi
447,59,11.8,567,922,1124.7341,0,174.386576341755,1.avi
453,59,11.8,988,1015,1153.7734,0,50.4975467467896,1.avi
461,59,11.8,1260,861,3017.4248,0,0.0,1.avi
462,59,11.8,225,711,2953.398,0,0.0,1.avi
463,59,11.8,642,148,2789.6514,0,0.0,1.avi
464,59,11.8,916,895,1927.8243,0,0.0,1.avi
465,59,11.8,460,437,2042.7787,0,0.0,1.avi
466,59,11.8,156,184,4318.9526,0,0.0,1.avi
390,60,12.0,1265,727,1461.7717,0,62.62775806080434,1.avi
437,60,12.0,537,891,1813.324,0,156.9874174865662,1.avi
453,60,12.0,993,991,2670.6682,0,135.25087980334143,1.avi
467,60,12.0,646,80,7073.7754,0,0.0,1.avi
468,60,12.0,366,509,2529.9219,0,0.0,1.avi
469,60,12.0,548,415,10660.258,0,0.0,1.avi
470,60,12.0,1178,962,2990.8162,0,0.0,1.avi
471,60,12.0,336,156,2134.4744,0,0.0,1.avi
441,61,12.2,1185,365,1660.649,0,238.5132725476943,1.avi
463,61,12.2,667,187,3385.8691,0,230.084926564599,1.avi
472,61,12.2,1252,349,4310.5767,0,0.0,1.avi
473,61,12.2,599,243,2670.015,0,0.0,1.avi
474,61,12.2,620,579,3639.2224,0,0.0,1.avi
475,61,12.2,190,541,3006.9421,0,0.0,1.avi
476,61,12.2,976,772,1748.0419,0,0.0,1.avi
416,62,12.4,189,618,3935.6443,0,63.51521476109305,1.avi
444,62,12.4,104,319,3182.3616,0,79.68298642531094,1.avi
446,62,12.4,322,319,2384.5054,0,172.2896120710867,1.avi
468,62,12.4,378,510,2256.1382,0,56.73973087717554,1.avi
477,62,12.4,1105,856,4586.4707,0,0.0,1.avi
478,62,12.4,478,894,1675.174,0,0.0,1.avi
479,62,12.4,694,752,1456.7593,0,0.0,1.avi
480,62,12.4,1192,883,2891.6562,0,0.0,1.avi
481,62,12.4,1052,792,2261.0012,0,0.0,1.avi
482,62,12.4,1262,229,2015.107,0,0.0,1.avi
483,62,12.4,264,127,892.01514,0,0.0,1.avi
484,62,12.4,1184,274,1507.3782,0,0.0,1.avi
461,63,12.6,1273,905,440.1726,0,230.9466440048556,1.avi
463,63,12.6,731,228,2936.9204,0,203.1437049450344,1.avi
465,63,12.6,461,430,856.9811,0,33.939729069215126,1.avi
469,63,12.6,561,453,1483.9023,0,198.94688619525695,1.avi
476,63,12.6,978,735,4225.42,0,187.49516693706065,1.avi
485,63,12.6,271,208,4901.2817,0,0.0,1.avi
486,63,12.6,697,631,3358.6714,0,0.0,1.avi
487,63,12.6,1257,488,2295.1372,0,0.0,1.avi
444,64,12.8,148,319,2244.8452,0,241.1146047917695,1.avi
472,64,12.8,1214,344,2373.6333,0,192.3584682223845,1.avi
488,64,12.8,1260,973,1470.0591,0,0.0,1.avi
489,64,12.8,524,280,1510.4257,0,0.0,1.avi
490,64,12.8,254,22,2660.445,0,0.0,1.avi
476,65,13.0,1017,696,1731.394,0,187.2762555375272,1.avi
491,65,13.0,269,417,5298.169,0,0.0,1.avi
492,65,13.0,729,98,2650.033,0,0.0,1.avi
493,65,13.0,800,25,2630.001,0,0.0,1.avi
494,65,13.0,1200,1006,2426.473,0,0.0,1.avi
495,65,13.0,853,279,2891.378,0,0.0,1.avi
496,65,13.0,980,239,4350.401,0,0.0,1.avi
473,66,13.2,562,211,2357.008,0,245.77209027030509,1.avi
491,66,13.2,242,385,3042.9453,0,210.13041353470044,1.avi
497,66,13.2,1078,154,6623.5474,0,0.0,1.avi
498,66,13.2,574,832,4897.776,0,0.0,1.avi
499,66,13.2,400,230,1709.5674,0,0.0,1.avi
500,66,13.2,442,103,1895.7439,0,0.0,1.avi
501,66,13.2,98,984,5624.167,0,0.0,1.avi
502,66,13.2,961,426,7130.571,0,0.0,1.avi
416,67,13.4,203,589,938.0747,0,214.27849861472416,1.avi
444,67,13.4,219,298,9910.404,0,175.62411758083363,1.avi
483,67,13.4,285,99,8365.439,0,176.24638786207032,1.avi
496,67,13.4,980,192,821.7112,0,234.01151410359608,1.avi
503,67,13.4,211,698,5359.69,0,0.0,1.avi
504,67,13.4,44,725,9930.395,0,0.0,1.avi
505,67,13.4,746,277,1573.1257,0,0.0,1.avi
506,67,13.4,245,471,2226.1018,0,0.0,1.avi
507,67,13.4,1155,838,8826.474,0,0.0,1.avi
492,68,13.6,747,67,771.3086,0,181.89929885969556,1.avi
495,68,13.6,858,328,4675.3364,0,243.7646305321556,1.avi
507,68,13.6,1173,855,1313.956,0,125.82050811152216,1.avi
508,68,13.6,172,523,7212.5146,0,0.0,1.avi
509,68,13.6,639,548,4245.6826,0,0.0,1.avi
510,68,13.6,1186,340,1010.1159,0,0.0,1.avi
511,68,13.6,1095,380,896.9064,0,0.0,1.avi
512,68,13.6,1139,1015,1105.0299,0,0.0,1.avi
493,69,13.8,839,21,1775.5801,0,195.2076788585279,1.avi
513,69,13.8,727,1008,1286.9797,0,0.0,1.avi
514,69,13.8,1139,196,1215.7357,0,0.0,1.avi
515,69,13.8,214,165,1818.59,0,0.0,1.avi
516,69,13.8,52,308,2108.9185,0,0.0,1.avi
517,69,13.8,517,880,7101.9565,0,0.0,1.avi
518,70,14.0,1034,484,3264.001,0,0.0,1.avi
519,70,14.0,478,657,2262.3223,0,0.0,1.avi
520,70,14.0,722,653,4276.3438,0,0.0,1.avi
521,70,14.0,751,803,3330.1477,0,0.0,1.avi
522,70,14.0,857,568,2998.3936,0,0.0,1.avi
523,70,14.0,353,75,1714.6699,0,0.0,1.avi
524,70,14.0,721,928,2749.4575,0,0.0,1.avi
525,70,14.0,742,420,2215.768,0,0.0,1.avi
526,70,14.0,201,20,3309.811,0,0.0,1.avi
527,70,14.0,729,975,995.0683,0,0.0,1.avi
473,71,14.2,518,226,2982.3906,0,247.4023501480294,1.avi
506,71,14.2,261,441,960.95544,0,172.56266116080258,1.avi
511,71,14.2,1098,405,3858.2832,0,124.49379776891222,1.avi
519,71,14.2,477,624,5303.0063,0,164.4752523613072,1.avi
528,71,14.2,796,56,3368.452,0,0.0,1.avi
529,71,14.2,1248,779,1451.3287,0,0.0,1.avi
530,71,14.2,373,925,2268.9436,0,0.0,1.avi
531,71,14.2,1027,429,2234.5771,0,0.0,1.avi
532,71,14.2,900,511,5412.95,0,0.0,1.avi
499,72,14.4,398,248,3034.7598,0,90.6485528646883,1.avi
503,72,14.4,207,666,4515.2925,0,163.9106417392542,1.avi
533,72,14.4,957,231,5097.341,0,0.0,1.avi
534,72,14.4,811,778,3236.7092,0,0.0,1.avi
535,72,14.4,821,914,1502.0078,0,0.0,1.avi
536,72,14.4,381,494,755.41364,0,0.0,1.avi
537,72,14.4,997,358,1005.47424,0,0.0,1.avi
538,72,14.4,1121,575,5509.356,0,0.0,1.avi
539,72,14.4,1250,442,2979.886,0,0.0,1.avi
520,73,14.6,746,678,5815.571,0,170.52887849408742,1.avi
536,73,14.6,390,470,1304.6254,0,128.0880870763962,1.avi
540,73,14.6,219,307,2994.7327,0,0.0,1.avi
541,73,14.6,716,614,3178.0278,0,0.0,1.avi
542,73,14.6,627,65,1354.4613,0,0.0,1.avi
543,73,14.6,1170,759,3484.9678,0,0.0,1.avi
544,73,14.6,387,602,2497.5227,0,0.0,1.avi
545,73,14.6,561,654,2263.2114,0,0.0,1.avi
546,73,14.6,957,1010,1161.2277,0,0.0,1.avi
547,73,14.6,432,865,5080.624,0,0.0,1.avi
548,73,14.6,191,751,1629.6476,0,0.0,1.avi
508,74,14.8,142,535,1654.7847,0,160.43842930077878,1.avi
524,74,14.8,758,929,1366.6581,0,186.3914101170232,1.avi
534,74,14.8,806,743,1822.0903,0,176.15979300306776,1.avi
549,74,14.8,545,723,1110.0042,0,0.0,1.avi
550,74,14.8,75,929,1696.0745,0,0.0,1.avi
551,74,14.8,352,794,6214.387,0,0.0,1.avi
552,74,14.8,611,500,2753.9602,0,0.0,1.avi
553,74,14.8,360,982,9959.817,0,0.0,1.avi
519,75,15.0,436,386,9066.893,0,194.60554508751844,1.avi
534,75,15.0,791,760,3867.0205,0,176.86678321250358,1.avi
541,75,15.0,680,586,790.02124,0,230.93365428113773,1.avi
545,75,15.0,563,613,1682.0702,0,206.62510610731945,1.avi
554,75,15.0,713,253,9410.003,0,0.0,1.avi
555,75,15.0,1206,667,2163.455,0,0.0,1.avi
556,75,15.0,795,9,1041.4211,0,0.0,1.avi
557,75,15.0,14,300,1475.1683,0,0.0,1.avi
558,75,15.0,447,476,2132.6926,0,0.0,1.avi
559,75,15.0,721,878,1093.5105,0,0.0,1.avi
560,75,15.0,440,307,1177.7449,0,0.0,1.avi
530,76,15.2,333,898,5152.616,0,242.635207533314,1.avi
533,76,15.2,998,227,1008.4131,0,204.50257991671825,1.avi
561,76,15.2,1062,938,1576.3975,0,0.0,1.avi
562,76,15.2,626,333,2096.2322,0,0.0,1.avi
533,77,15.4,985,228,836.2142,0,95.74363998805951,1.avi
546,77,15.4,965,997,3136.515,0,76.98156523103897,1.avi
554,77,15.4,704,210,1543.3818,0,217.7459206600637,1.avi
556,77,15.4,760,11,1282.0579,0,174.37722237327642,1.avi
557,77,15.4,26,348,3477.3518,0,249.9134642002248,1.avi
559,77,15.4,702,901,3952.2441,0,152.7899655942125,1.avi
563,77,15.4,142,640,1239.3267,0,0.0,1.avi
564,77,15.4,933,227,1746.179,0,0.0,1.avi
546,78,15.6,954,1009,2156.4834,0,98.1110563178369,1.avi
547,78,15.6,471,873,1554.6042,0,194.6211829837519,1.avi
550,78,15.6,84,930,1946.7151,0,46.08896441192518,1.avi
565,78,15.6,1233,114,8148.5903,0,0.0,1.avi
566,78,15.6,592,158,6443.396,0,0.0,1.avi
567,78,15.6,863,413,1918.0319,0,0.0,1.avi
568,78,15.6,883,767,2341.2578,0,0.0,1.avi
569,78,15.6,289,327,1750.0094,0,0.0,1.avi
570,78,15.6,1095,490,3157.8882,0,0.0,1.avi
571,78,15.6,198,556,1319.299,0,0.0,1.avi
572,78,15.6,64,407,2815.1753,0,0.0,1.avi
543,79,15.8,1194,728,2610.9182,0,199.42984387219076,1.avi
544,79,15.8,341,583,1950.2837,0,248.91571154515609,1.avi
548,79,15.8,152,782,12785.563,0,249.54846453279876,1.avi
555,79,15.8,1183,678,931.1018,0,130.44227863926278,1.avi
561,79,15.8,1084,950,5005.757,0,121.96583234338196,1.avi
573,79,15.8,688,269,6941.0166,0,0.0,1.avi
574,79,15.8,470,89,1543.212,0,0.0,1.avi
575,79,15.8,37,513,2229.233,0,0.0,1.avi
576,79,15.8,1118,220,1328.8109,0,0.0,1.avi
577,79,15.8,243,931,7354.364,0,0.0,1.avi
578,79,15.8,212,9,862.24426,0,0.0,1.avi
579,79,15.8,334,735,2098.1729,0,0.0,1.avi
547,80,16.0,450,901,1308.6328,0,198.05008751452252,1.avi
555,80,16.0,1162,656,1406.6648,0,173.27288132755692,1.avi
580,80,16.0,174,245,11369.195,0,0.0,1.avi
581,80,16.0,146,426,7331.7993,0,0.0,1.avi
582,80,16.0,890,664,2771.0105,0,0.0,1.avi
583,80,16.0,651,738,2228.2324,0,0.0,1.avi
584,80,16.0,314,214,2893.2834,0,0.0,1.avi
580,81,16.2,171,283,1410.873,0,194.39117826831392,1.avi
585,81,16.2,481,365,1746.8237,0,0.0,1.avi
586,81,16.2,1196,413,1812.5698,0,0.0,1.avi
587,81,16.2,781,15,991.94855,0,0.0,1.avi
588,81,16.2,631,55,1298.3225,0,0.0,1.avi
589,81,16.2,1090,24,6374.0513,0,0.0,1.avi
590,81,16.2,686,395,1748.6744,0,0.0,1.avi
591,81,16.2,920,4,235.44649,0,0.0,1.avi
592,81,16.2,517,286,2151.2285,0,0.0,1.avi
544,82,16.4,348,577,940.40643,0,103.66096168887624,1.avi
571,82,16.4,162,534,1723.0123,0,209.3854067837403,1.avi
588,82,16.4,674,55,13287.124,0,220.4666527213012,1.avi
593,82,16.4,860,136,2313.8347,0,0.0,1.avi
594,82,16.4,939,105,2594.747,0,0.0,1.avi
595,82,16.4,461,281,1427.6543,0,0.0,1.avi
596,82,16.4,1220,614,1687.3683,0,0.0,1.avi
556,83,16.6,495,31,1276.8983,0,141.82437961895755,1.avi
557,83,16.6,138,707,2044.2373,0,212.14824974014135,1.avi
574,83,16.6,453,122,2755.9707,0,186.6336351845548,1.avi
589,83,16.6,1134,4,385.89404,0,243.32063788727044,1.avi
591,83,16.6,898,14,1511.9854,0,120.60929095275044,1.avi
597,83,16.6,1029,810,11301.0625,0,0.0,1.avi
598,83,16.6,260,109,16803.162,0,0.0,1.avi
599,83,16.6,850,244,10219.531,0,0.0,1.avi
600,83,16.6,752,642,1312.0568,0,0.0,1.avi
601,83,16.6,1247,890,2986.5212,0,0.0,1.avi
602,83,16.6,1260,617,1663.9001,0,0.0,1.avi
603,83,16.6,593,406,1159.4796,0,0.0,1.avi
604,83,16.6,308,6,566.3418,0,0.0,1.avi
572,84,16.8,65,417,1308.9194,0,51.06312944975041,1.avi
601,84,16.8,1216,908,2113.5786,0,180.1302346584433,1.avi
605,84,16.8,507,956,11728.701,0,0.0,1.avi
606,84,16.8,383,169,3340.4626,0,0.0,1.avi
607,84,16.8,554,806,7101.3716,0,0.0,1.avi
608,84,16.8,944,208,2728.5444,0,0.0,1.avi
609,84,16.8,194,698,3399.1763,0,0.0,1.avi
610,84,16.8,1228,197,891.0364,0,0.0,1.avi
611,84,16.8,449,1011,1302.864,0,0.0,1.avi
612,84,16.8,1054,137,2264.2896,0,0.0,1.avi
613,84,16.8,426,372,12353.617,0,0.0,1.avi
555,85,17.0,899,398,1419.4385,0,115.22529301374692,1.avi
575,85,17.0,28,501,6189.8833,0,79.05138710298299,1.avi
579,85,17.0,346,745,757.99634,0,78.85427741049662,1.avi
585,85,17.0,499,362,1415.9432,0,95.22703592796393,1.avi
592,85,17.0,509,259,2697.4058,0,144.00525324569634,1.avi
604,85,17.0,280,11,1009.6424,0,142.74983465194853,1.avi
609,85,17.0,187,677,3987.096,0,114.2952391846523,1.avi
613,85,17.0,403,405,1589.9316,0,202.4911323552863,1.avi
614,85,17.0,572,464,5075.2476,0,0.0,1.avi
615,85,17.0,780,939,1963.803,0,0.0,1.avi
616,85,17.0,1180,867,2162.865,0,0.0,1.avi
617,85,17.0,163,889,1042.1957,0,0.0,1.avi
618,85,17.0,1134,550,3177.2786,0,0.0,1.avi
619,85,17.0,1088,471,1781.2166,0,0.0,1.avi
620,85,17.0,297,854,2155.1858,0,0.0,1.avi
621,85,17.0,1157,495,3099.082,0,0.0,1.avi
555,86,17.2,869,360,1859.3506,0,145.04936099315714,1.avi
556,86,17.2,416,88,1134.143,0,249.80321129881776,1.avi
571,86,17.2,114,507,965.68054,0,64.8408513057247,1.avi
608,86,17.2,917,171,6187.483,0,230.6681246410421,1.avi
622,86,17.2,260,204,2401.2922,0,0.0,1.avi
623,86,17.2,817,430,1809.6476,0,0.0,1.avi
624,86,17.2,896,515,2435.4543,0,0.0,1.avi
625,86,17.2,1187,999,1359.3931,0,0.0,1.avi
626,86,17.2,649,440,1427.1398,0,0.0,1.avi
627,86,17.2,761,550,2693.344,0,0.0,1.avi
628,86,17.2,525,104,1574.2877,0,0.0,1.avi
629,86,17.2,689,950,1073.6666,0,0.0,1.avi
630,86,17.2,699,72,1458.2214,0,0.0,1.avi
631,86,17.2,1265,331,1640.7279,0,0.0,1.avi
585,87,17.4,515,391,2014.0236,0,157.8239017239281,1.avi
595,87,17.4,469,252,930.5903,0,148.4263964730507,1.avi
616,87,17.4,1167,826,3046.772,0,213.7497760049304,1.avi
619,87,17.4,1078,475,1967.3289,0,50.64255381017941,1.avi
632,87,17.4,604,337,2566.7188,0,0.0,1.avi
633,87,17.4,637,1012,1098.1818,0,0.0,1.avi
634,87,17.4,46,246,1491.0334,0,0.0,1.avi
635,87,17.4,779,466,3845.7092,0,0.0,1.avi
636,87,17.4,805,587,2951.34,0,0.0,1.avi
606,88,17.6,376,143,1605.5336,0,132.59506312985323,1.avi
607,88,17.6,574,807,2940.1372,0,98.3201564512693,1.avi
611,88,17.6,444,1020,208.38855,0,50.7463365487263,1.avi
615,88,17.6,798,904,10776.71,0,196.5914434182801,1.avi
637,88,17.6,974,942,2369.146,0,0.0,1.avi
638,88,17.6,516,336,1601.8872,0,0.0,1.avi
639,88,17.6,300,608,3616.4373,0,0.0,1.avi
640,88,17.6,1142,303,904.8831,0,0.0,1.avi
641,88,17.6,389,399,803.61176,0,0.0,1.avi
642,88,17.6,1108,8,720.3957,0,0.0,1.avi
643,88,17.6,498,730,1354.4055,0,0.0,1.avi
644,88,17.6,1076,873,2169.903,0,0.0,1.avi
645,88,17.6,585,985,4761.534,0,0.0,1.avi
555,89,17.8,718,128,1586.0612,0,143.8890824947254,1.avi
591,89,17.8,774,107,1060.3433,0,182.09582285357976,1.avi
616,89,17.8,1133,801,2271.5447,0,127.9099275532628,1.avi
620,89,17.8,265,865,1325.3181,0,171.1024562311282,1.avi
621,89,17.8,1182,517,3899.9604,0,164.36052213896653,1.avi
627,89,17.8,729,540,1319.0344,0,168.9399799390111,1.avi
636,89,17.8,808,557,1135.5068,0,148.82421921563557,1.avi
646,89,17.8,1228,906,6065.6685,0,0.0,1.avi
647,89,17.8,197,737,2661.5205,0,0.0,1.avi
648,89,17.8,511,638,2110.1025,0,0.0,1.avi
649,89,17.8,376,538,1232.5928,0,0.0,1.avi
650,89,17.8,194,481,753.5497,0,0.0,1.avi
651,89,17.8,1130,907,2446.3625,0,0.0,1.avi
652,89,17.8,659,496,708.9614,0,0.0,1.avi
653,89,17.8,621,265,778.3803,0,0.0,1.avi
654,89,17.8,1013,368,1666.1857,0,0.0,1.avi
655,89,17.8,1032,739,1879.8247,0,0.0,1.avi
656,89,17.8,789,220,1159.1018,0,0.0,1.avi
657,89,17.8,105,444,3203.1492,0,0.0,1.avi
658,89,17.8,630,957,1760.2869,0,0.0,1.avi
615,90,18.0,770,881,3675.8145,0,192.06439144818364,1.avi
637,90,18.0,944,968,6619.9116,0,200.6721849584027,1.avi
641,90,18.0,414,400,1412.7974,0,127.90731877795731,1.avi
644,90,18.0,1082,875,2671.23,0,31.345980138919582,1.avi
646,90,18.0,1201,935,3192.1804,0,196.75615870401944,1.avi
648,90,18.0,486,645,1926.7521,0,131.39607048323873,1.avi
656,90,18.0,761,239,6040.4727,0,172.9560471026263,1.avi
659,90,18.0,898,268,6951.6646,0,0.0,1.avi
660,90,18.0,121,701,3071.0437,0,0.0,1.avi
661,90,18.0,623,839,1944.959,0,0.0,1.avi
662,90,18.0,1243,596,1123.9424,0,0.0,1.avi
663,90,18.0,267,273,1260.6528,0,0.0,1.avi
664,90,18.0,1126,191,3374.367,0,0.0,1.avi
665,90,18.0,1057,1015,973.756,0,0.0,1.avi
666,90,18.0,694,143,1158.0411,0,0.0,1.avi
667,90,18.0,1175,771,1330.9415,0,0.0,1.avi
668,90,18.0,829,609,2183.3274,0,0.0,1.avi
669,90,18.0,965,654,1515.908,0,0.0,1.avi
670,90,18.0,498,153,665.2901,0,0.0,1.avi
671,90,18.0,238,389,1327.6145,0,0.0,1.avi
619,91,18.2,1083,493,1698.5155,0,182.02514392519055,1.avi
630,91,18.2,726,49,1182.1683,0,177.62772192213097,1.avi
633,91,18.2,674,1005,4393.694,0,191.94336963736995,1.avi
638,91,18.2,528,323,8107.4233,0,89.16789955909877,1.avi
644,91,18.2,1086,906,2948.6687,0,173.9941293794361,1.avi
649,91,18.2,417,522,3027.3477,0,216.3460839055047,1.avi
672,91,18.2,408,841,1595.4766,0,0.0,1.avi
673,91,18.2,1149,408,1736.4899,0,0.0,1.avi
674,91,18.2,629,641,2925.3992,0,0.0,1.avi
675,91,18.2,1260,202,2082.4998,0,0.0,1.avi
676,91,18.2,417,310,7565.898,0,0.0,1.avi
677,91,18.2,778,336,3652.8948,0,0.0,1.avi
678,91,18.2,847,39,2784.5464,0,0.0,1.avi
679,91,18.2,769,186,4284.645,0,0.0,1.avi
556,92,18.4,172,309,1513.353,0,150.14582947944854,1.avi
595,92,18.4,490,193,2508.4023,0,161.3716271781851,1.avi
630,92,18.4,722,54,1485.7059,0,45.98027160099971,1.avi
647,92,18.4,194,784,2867.917,0,233.2968329234967,1.avi
650,92,18.4,189,448,3310.62,0,168.04308632708234,1.avi
651,92,18.4,1119,917,4056.4746,0,76.08947030042432,1.avi
654,92,18.4,1039,390,887.65137,0,166.4071375551474,1.avi
660,92,18.4,123,674,993.34863,0,134.9729067259251,1.avi
680,92,18.4,1109,642,925.7811,0,0.0,1.avi
681,92,18.4,685,836,1652.9963,0,0.0,1.avi
682,92,18.4,51,796,1417.551,0,0.0,1.avi
683,92,18.4,237,932,759.0383,0,0.0,1.avi
684,92,18.4,152,380,8202.535,0,0.0,1.avi
685,92,18.4,663,598,2803.2798,0,0.0,1.avi
633,93,18.6,710,1018,1341.9395,0,145.10079362871252,1.avi
647,93,18.6,229,777,2852.1624,0,218.55271962084893,1.avi
648,93,18.6,350,711,3249.5557,0,202.074013166817,1.avi
661,93,18.6,647,828,1505.8569,0,132.60114253243165,1.avi
686,93,18.6,104,590,5053.0903,0,0.0,1.avi
687,93,18.6,264,861,1386.6547,0,0.0,1.avi
688,93,18.6,971,75,769.6636,0,0.0,1.avi
689,93,18.6,439,667,983.4037,0,0.0,1.avi
690,93,18.6,303,149,1802.149,0,0.0,1.avi
641,94,18.8,494,383,680.6819,0,95.84815391957578,1.avi
678,94,18.8,843,50,1511.528,0,58.54575177377115,1.avi
687,94,18.8,276,883,2137.128,0,127.8971420364887,1.avi
691,94,18.8,129,919,5342.2637,0,0.0,1.avi
692,94,18.8,898,52,2128.8157,0,0.0,1.avi
693,94,18.8,344,537,4967.9233,0,0.0,1.avi
694,94,18.8,219,224,3322.9558,0,0.0,1.avi
695,94,18.8,179,589,1703.6829,0,0.0,1.avi
696,94,18.8,628,70,1485.4357,0,0.0,1.avi
697,94,18.8,12,625,783.2705,0,0.0,1.avi
698,94,18.8,1234,803,4549.7095,0,0.0,1.avi
699,94,18.8,1212,964,769.3881,0,0.0,1.avi
700,94,18.8,1265,674,1503.3735,0,0.0,1.avi
701,94,18.8,481,278,1095.6248,0,0.0,1.avi
619,95,19.0,1117,529,2424.586,0,140.91359574504517,1.avi
650,95,19.0,195,411,2251.6702,0,59.09362550144721,1.avi
669,95,19.0,954,616,10007.363,0,197.86579939635132,1.avi
702,95,19.0,952,468,2637.6174,0,0.0,1.avi
703,95,19.0,835,517,1734.6261,0,0.0,1.avi
704,95,19.0,520,421,4413.2603,0,0.0,1.avi
705,95,19.0,451,549,2944.839,0,0.0,1.avi
556,96,19.2,85,379,1243.1598,0,224.21933688237735,1.avi
676,96,19.2,422,288,705.62646,0,113.87374515037028,1.avi
697,96,19.2,33,597,2754.4543,0,179.50658414738106,1.avi
700,96,19.2,1270,702,486.7912,0,142.81806550362774,1.avi
706,96,19.2,335,845,1487.0308,0,0.0,1.avi
707,96,19.2,572,802,1201.5526,0,0.0,1.avi
708,96,19.2,161,723,966.2544,0,0.0,1.avi
709,96,19.2,1252,937,2069.9285,0,0.0,1.avi
710,96,19.2,1023,156,1006.01306,0,0.0,1.avi
711,96,19.2,121,818,1918.3859,0,0.0,1.avi
556,97,19.4,87,415,1551.654,0,178.64210349414793,1.avi
680,97,19.4,1128,659,3209.7358,0,125.34223328667852,1.avi
686,97,19.4,87,617,1536.7388,0,161.12558537892744,1.avi
693,97,19.4,333,512,583.72363,0,136.7618675601893,1.avi
702,97,19.4,949,486,661.8998,0,89.53688252000927,1.avi
710,97,19.4,1039,135,1787.3518,0,137.430515143248,1.avi
712,97,19.4,257,1000,2891.692,0,0.0,1.avi
713,97,19.4,1236,451,1767.094,0,0.0,1.avi
714,97,19.4,1102,13,734.4273,0,0.0,1.avi
715,97,19.4,605,961,1830.7993,0,0.0,1.avi
716,97,19.4,1108,171,7037.0327,0,0.0,1.avi
717,97,19.4,321,197,819.1146,0,0.0,1.avi
718,97,19.4,438,911,717.27844,0,0.0,1.avi
692,98,19.6,880,22,1097.2877,0,177.06183859752022,1.avi
710,98,19.6,1048,86,1086.2686,0,161.8538592765544,1.avi
712,98,19.6,287,999,2851.17,0,150.06231114611415,1.avi
719,98,19.6,691,265,7219.9263,0,0.0,1.avi
720,98,19.6,869,985,2390.0793,0,0.0,1.avi
721,98,19.6,623,871,3257.502,0,0.0,1.avi
722,98,19.6,729,155,1326.4042,0,0.0,1.avi
723,98,19.6,1167,410,1904.861,0,0.0,1.avi
724,98,19.6,532,506,2405.1963,0,0.0,1.avi
725,98,19.6,1060,654,831.78217,0,0.0,1.avi
726,98,19.6,930,655,5578.614,0,0.0,1.avi
688,99,19.8,946,75,1730.2777,0,125.71807732818004,1.avi
715,99,19.8,613,982,956.36584,0,114.3978761315355,1.avi
722,99,19.8,758,191,9663.418,0,236.57159150227335,1.avi
727,99,19.8,268,362,6985.119,0,0.0,1.avi
728,99,19.8,516,726,6436.1025,0,0.0,1.avi
729,99,19.8,868,435,4536.667,0,0.0,1.avi
730,99,19.8,223,464,1913.2336,0,0.0,1.avi
731,99,19.8,757,385,2013.4635,0,0.0,1.avi
732,99,19.8,1089,67,1360.3099,0,0.0,1.avi
733,99,19.8,1159,9,875.11926,0,0.0,1.avi
701,100,20.0,492,232,9612.665,0,233.6265729825357,1.avi
711,100,20.0,100,797,6403.338,0,148.97364846453846,1.avi
727,100,20.0,293,327,2775.6538,0,212.6736891048544,1.avi
729,100,20.0,839,406,2611.736,0,209.5333482210575,1.avi
734,100,20.0,306,553,4417.6235,0,0.0,1.avi
735,100,20.0,1222,612,1969.0554,0,0.0,1.avi
736,100,20.0,929,946,1978.4047,0,0.0,1.avi
737,100,20.0,423,417,1724.1117,0,0.0,1.avi
738,100,20.0,515,137,2697.9304,0,0.0,1.avi
739,100,20.0,376,852,859.135,0,0.0,1.avi
740,100,20.0,906,484,1095.5219,0,0.0,1.avi
650,101,20.2,213,283,10249.482,0,42.70763610454537,1.avi
711,101,20.2,120,774,4226.3564,0,171.1436206855637,1.avi
741,101,20.2,1117,601,1037.1271,0,0.0,1.avi
742,101,20.2,861,68,1759.1848,0,0.0,1.avi
743,101,20.2,406,630,3337.199,0,0.0,1.avi
744,101,20.2,162,193,1412.4095,0,0.0,1.avi
745,101,20.2,1200,899,905.55273,0,0.0,1.avi
746,101,20.2,118,863,1677.7235,0,0.0,1.avi
716,102,20.4,1061,161,474.3042,0,235.57974318691487,1.avi
719,102,20.4,671,234,535.66895,0,185.69647120842308,1.avi
747,102,20.4,863,548,1840.2229,0,0.0,1.avi
748,102,20.4,1226,520,1738.6089,0,0.0,1.avi
749,102,20.4,694,506,790.861,0,0.0,1.avi
750,102,20.4,120,658,2360.9583,0,0.0,1.avi
751,102,20.4,416,1012,1751.5007,0,0.0,1.avi
752,102,20.4,560,673,1260.6334,0,0.0,1.avi
718,103,20.6,427,922,482.47076,0,77.6413501853045,1.avi
726,103,20.6,960,669,1851.0754,0,164.0775424910086,1.avi
733,103,20.6,1176,10,954.77325,0,85.89651289817249,1.avi
738,103,20.6,480,102,2476.638,0,246.7506842493597,1.avi
744,103,20.6,128,170,1780.2222,0,205.10434833097145,1.avi
753,103,20.6,1063,859,1528.6559,0,0.0,1.avi
754,103,20.6,283,332,1289.1613,0,0.0,1.avi
755,103,20.6,759,142,670.83124,0,0.0,1.avi
756,103,20.6,1026,144,2839.889,0,0.0,1.avi
757,103,20.6,576,160,1728.1826,0,0.0,1.avi
758,103,20.6,642,271,4852.519,0,0.0,1.avi
759,103,20.6,808,408,812.09705,0,0.0,1.avi
760,103,20.6,269,814,6881.486,0,0.0,1.avi
761,103,20.6,926,541,2077.6375,0,0.0,1.avi
701,104,20.8,523,208,1371.6777,0,132.8164118821129,1.avi
728,104,20.8,479,709,1161.543,0,206.52265488175232,1.avi
730,104,20.8,200,479,1433.7432,0,139.30163074576063,1.avi
758,104,20.8,640,248,2836.2188,0,114.91642916340676,1.avi
762,104,20.8,135,400,5829.005,0,0.0,1.avi
763,104,20.8,843,274,1232.38,0,0.0,1.avi
764,104,20.8,1120,693,1752.5924,0,0.0,1.avi
765,104,20.8,901,605,1391.4927,0,0.0,1.avi
766,104,20.8,1124,277,1956.866,0,0.0,1.avi
767,104,20.8,949,795,2902.2227,0,0.0,1.avi
768,104,20.8,924,1011,1061.8358,0,0.0,1.avi
769,104,20.8,16,418,2503.422,0,0.0,1.avi
770,104,20.8,678,129,1686.1375,0,0.0,1.avi
771,104,20.8,915,646,879.38184,0,0.0,1.avi
772,104,20.8,226,11,976.5572,0,0.0,1.avi
773,104,20.8,1265,576,2760.1208,0,0.0,1.avi
774,104,20.8,1055,724,5890.0596,0,0.0,1.avi
701,105,21.0,511,240,1498.1675,0,212.69665512979392,1.avi
722,105,21.0,1265,823,1189.7695,0,124.8494421067266,1.avi
760,105,21.0,300,840,713.4756,0,202.68214949291408,1.avi
761,105,21.0,926,567,1563.8977,0,129.8673255137627,1.avi
775,105,21.0,674,692,9414.474,0,0.0,1.avi
776,105,21.0,673,790,7017.0874,0,0.0,1.avi
777,105,21.0,1211,689,1461.1506,0,0.0,1.avi
778,105,21.0,376,671,2356.0562,0,0.0,1.avi
737,106,21.2,454,388,2598.9363,0,212.5194773585968,1.avi
745,106,21.2,1215,904,1504.3132,0,77.97044622223615,1.avi
755,106,21.2,751,154,1020.7892,0,70.19649296205411,1.avi
760,106,21.2,290,856,4957.394,0,121.92934158007888,1.avi
767,106,21.2,968,762,2448.7305,0,191.8503386167332,1.avi
778,106,21.2,412,701,1624.5544,0,238.0426316789585,1.avi
779,106,21.2,199,134,2208.064,0,0.0,1.avi
780,106,21.2,1010,963,2358.7493,0,0.0,1.avi
781,106,21.2,218,532,2231.7417,0,0.0,1.avi
782,106,21.2,194,75,1430.625,0,0.0,1.avi
783,106,21.2,1165,702,945.15686,0,0.0,1.avi
784,106,21.2,653,44,3095.277,0,0.0,1.avi
785,106,21.2,592,568,1773.7179,0,0.0,1.avi
786,106,21.2,226,775,1437.3419,0,0.0,1.avi
748,107,21.4,1235,492,7466.0176,0,142.8029606532588,1.avi
751,107,21.4,385,1016,499.13452,0,157.33140657068077,1.avi
774,107,21.4,1032,766,824.6987,0,239.9149578121192,1.avi
787,107,21.4,915,21,2054.6252,0,0.0,1.avi
788,107,21.4,685,278,2244.4246,0,0.0,1.avi
789,107,21.4,769,700,2524.8958,0,0.0,1.avi
790,107,21.4,1129,804,2046.1464,0,0.0,1.avi
791,107,21.4,1208,254,2775.6045,0,0.0,1.avi
792,107,21.4,215,288,1704.1494,0,0.0,1.avi
793,107,21.4,753,507,1665.0398,0,0.0,1.avi
794,107,21.4,25,709,1909.6235,0,0.0,1.avi
795,107,21.4,1163,632,1508.3633,0,0.0,1.avi
730,108,21.6,216,454,2190.4053,0,241.93434055164332,1.avi
770,108,21.6,661,153,1568.2866,0,142.70176135201993,1.avi
778,108,21.6,474,770,2932.8752,0,128.90696925952403,1.avi
796,108,21.6,695,582,7245.3184,0,0.0,1.avi
797,108,21.6,807,643,2639.4983,0,0.0,1.avi
798,108,21.6,816,91,2092.6814,0,0.0,1.avi
799,108,21.6,528,37,926.91595,0,0.0,1.avi
800,108,21.6,598,892,865.07733,0,0.0,1.avi
801,108,21.6,1128,368,641.149,0,0.0,1.avi
802,108,21.6,1268,632,914.6398,0,0.0,1.avi
730,109,21.8,221,445,1388.4099,0,36.51478340069605,1.avi
768,109,21.8,906,1014,607.98474,0,88.19180881639676,1.avi
795,109,21.8,1186,615,2233.2573,0,141.80560562779834,1.avi
803,109,21.8,932,798,6493.641,0,0.0,1.avi
804,109,21.8,524,452,6697.1406,0,0.0,1.avi
805,109,21.8,156,535,2812.5713,0,0.0,1.avi
806,109,21.8,1034,549,3584.5117,0,0.0,1.avi
807,109,21.8,1011,820,2442.964,0,0.0,1.avi
808,109,21.8,950,73,1063.2225,0,0.0,1.avi
809,109,21.8,158,673,6923.2026,0,0.0,1.avi
810,109,21.8,1074,1010,1139.9602,0,0.0,1.avi
811,109,21.8,38,527,2624.6265,0,0.0,1.avi
748,110,22.0,1225,501,904.5547,0,117.4461821056544,1.avi
762,110,22.0,169,399,1475.5259,0,166.36017670380193,1.avi
770,110,22.0,673,153,3433.4536,0,89.76193921785374,1.avi
776,110,22.0,641,784,1139.1387,0,161.60883462776675,1.avi
784,110,22.0,662,26,967.3799,0,98.57447929347394,1.avi
812,110,22.0,256,711,1515.6494,0,0.0,1.avi
813,110,22.0,507,965,1183.9257,0,0.0,1.avi
814,110,22.0,889,537,2129.9739,0,0.0,1.avi
815,110,22.0,166,224,1226.2283,0,0.0,1.avi
816,110,22.0,198,932,2103.253,0,0.0,1.avi
817,110,22.0,105,569,7484.47,0,0.0,1.avi
818,110,22.0,1076,589,1740.4335,0,0.0,1.avi
745,111,22.2,1229,880,1313.2646,0,141.4078595243712,1.avi
778,111,22.2,563,879,1505.0085,0,217.09690448301464,1.avi
792,111,22.2,220,277,4246.2935,0,60.16874469659339,1.avi
803,111,22.2,947,770,2731.2524,0,160.41147739323156,1.avi
812,111,22.2,289,694,2147.9065,0,186.06152347436267,1.avi
819,111,22.2,106,882,2274.9746,0,0.0,1.avi
820,111,22.2,786,887,1103.4607,0,0.0,1.avi
821,111,22.2,1085,973,690.12634,0,0.0,1.avi
822,111,22.2,805,468,1036.9917,0,0.0,1.avi
823,111,22.2,629,648,2467.2188,0,0.0,1.avi
824,111,22.2,211,625,1667.5934,0,0.0,1.avi
795,112,22.4,1197,552,1559.588,0,215.0161724649463,1.avi
796,112,22.4,735,599,1730.9917,0,218.18425882840145,1.avi
811,112,22.4,29,483,4624.7266,0,222.7169341513454,1.avi
820,112,22.4,822,892,2659.0962,0,182.07183620088048,1.avi
823,112,22.4,614,638,1220.0577,0,91.63170160591348,1.avi
825,112,22.4,302,369,2581.2468,0,0.0,1.avi
826,112,22.4,378,684,3042.8127,0,0.0,1.avi
827,112,22.4,979,565,1437.4794,0,0.0,1.avi
828,112,22.4,116,955,1651.5078,0,0.0,1.avi
829,112,22.4,226,692,959.60846,0,0.0,1.avi
830,112,22.4,646,69,736.63184,0,0.0,1.avi
831,112,22.4,726,38,9735.435,0,0.0,1.avi
832,112,22.4,570,510,1917.3237,0,0.0,1.avi
794,113,22.6,9,687,864.0851,0,131.17865380140432,1.avi
815,113,22.6,190,197,877.37164,0,180.30984142810905,1.avi
816,113,22.6,213,937,1211.7979,0,82.06986233394102,1.avi
822,113,22.6,799,452,763.85876,0,86.35361895979317,1.avi
824,113,22.6,200,603,1118.198,0,123.58932637644078,1.avi
829,113,22.6,232,687,1420.8201,0,39.742685963971375,1.avi
833,113,22.6,261,107,15472.863,0,0.0,1.avi
834,113,22.6,1206,120,5872.78,0,0.0,1.avi
835,113,22.6,306,1010,1467.5035,0,0.0,1.avi
836,113,22.6,1262,737,1964.2588,0,0.0,1.avi
837,113,22.6,927,1001,1880.5634,0,0.0,1.avi
838,113,22.6,556,638,1699.2417,0,0.0,1.avi
839,113,22.6,523,237,1544.9077,0,0.0,1.avi
840,113,22.6,366,768,1802.6174,0,0.0,1.avi
841,113,22.6,309,560,885.5392,0,0.0,1.avi
842,113,22.6,1041,747,1223.2493,0,0.0,1.avi
843,113,22.6,720,692,693.47217,0,0.0,1.avi
844,113,22.6,1074,413,652.1039,0,0.0,1.avi
845,113,22.6,193,767,1170.8282,0,0.0,1.avi
846,113,22.6,1069,196,3892.1494,0,0.0,1.avi
847,113,22.6,844,601,1613.1538,0,0.0,1.avi
801,114,22.8,1146,363,873.59625,0,92.97458302807794,1.avi
802,114,22.8,1267,600,994.1418,0,158.9413540545399,1.avi
842,114,22.8,1053,773,3930.241,0,142.3245596947034,1.avi
848,114,22.8,863,427,2337.772,0,0.0,1.avi
849,114,22.8,1118,690,3588.808,0,0.0,1.avi
850,114,22.8,450,316,3952.1838,0,0.0,1.avi
851,114,22.8,1248,438,2014.3187,0,0.0,1.avi
852,114,22.8,1246,37,4869.7285,0,0.0,1.avi
853,114,22.8,9,952,678.198,0,0.0,1.avi
854,114,22.8,72,626,1691.1844,0,0.0,1.avi
808,115,23.0,978,90,6224.2153,0,166.41722839315509,1.avi
833,115,23.0,284,149,2816.376,0,240.29760050993772,1.avi
855,115,23.0,572,845,1954.0465,0,0.0,1.avi
856,115,23.0,659,408,880.3632,0,0.0,1.avi
857,115,23.0,418,549,2245.1946,0,0.0,1.avi
858,115,23.0,1257,967,1096.2646,0,0.0,1.avi
859,115,23.0,900,872,945.1218,0,0.0,1.avi
820,116,23.2,1075,936,1826.6064,0,167.1752149659024,1.avi
860,116,23.2,1042,685,2501.176,0,0.0,1.avi
861,116,23.2,227,837,705.4828,0,0.0,1.avi
862,116,23.2,176,189,2933.8364,0,0.0,1.avi
863,116,23.2,992,150,21553.93,0,0.0,1.avi
745,117,23.4,1238,879,474.54874,0,200.53945886667395,1.avi
846,117,23.4,1104,214,5549.4736,0,198.06875472144247,1.avi
864,117,23.4,806,177,20061.121,0,0.0,1.avi
865,117,23.4,1256,256,1637.2642,0,0.0,1.avi
866,117,23.4,1115,14,1713.3788,0,0.0,1.avi
867,117,23.4,1264,317,1380.3833,0,0.0,1.avi
868,117,23.4,1079,775,3556.1152,0,0.0,1.avi
869,117,23.4,380,922,2803.825,0,0.0,1.avi
870,117,23.4,1059,58,944.9179,0,0.0,1.avi
816,118,23.6,255,949,2694.4746,0,9.930225581721723,1.avi
831,118,23.6,685,38,877.0762,0,202.1918272028396,1.avi
836,118,23.6,1260,741,2913.1008,0,22.43085044395774,1.avi
848,118,23.6,866,401,2119.3315,0,131.17739714369608,1.avi
857,118,23.6,373,568,2183.0986,0,244.0313574032948,1.avi
865,118,23.6,1268,214,1171.8655,0,221.1434940880652,1.avi
869,118,23.6,388,905,935.0569,0,95.24315998499924,1.avi
871,118,23.6,661,583,902.3505,0,0.0,1.avi
872,118,23.6,624,187,26634.99,0,0.0,1.avi
815,119,23.8,275,109,957.1449,0,40.363479071684,1.avi
861,119,23.8,235,852,3563.8276,0,82.19941318186189,1.avi
872,119,23.8,669,185,3209.8828,0,226.91261377565132,1.avi
873,119,23.8,57,511,2838.9102,0,0.0,1.avi
874,119,23.8,591,341,1675.3685,0,0.0,1.avi
875,119,23.8,310,674,1641.7958,0,0.0,1.avi
876,119,23.8,1198,660,2028.872,0,0.0,1.avi
877,119,23.8,815,855,3299.444,0,0.0,1.avi
878,119,23.8,450,197,16896.797,0,0.0,1.avi
879,120,24.0,278,213,20222.705,0,0.0,1.avi
880,120,24.0,1244,837,4285.754,0,0.0,1.avi
881,120,24.0,991,525,1877.497,0,0.0,1.avi
882,120,24.0,1225,340,930.00635,0,0.0,1.avi
883,120,24.0,305,9,1312.3812,0,0.0,1.avi
884,120,24.0,1079,497,1515.1726,0,0.0,1.avi
885,120,24.0,1053,1010,525.5561,0,0.0,1.avi
886,120,24.0,241,6,308.28757,0,0.0,1.avi
887,120,24.0,196,240,2087.4382,0,0.0,1.avi
888,121,24.2,860,701,1977.012,0,0.0,1.avi
889,121,24.2,758,566,1778.2316,0,0.0,1.avi
890,121,24.2,219,318,4127.3984,0,0.0,1.avi
891,121,24.2,601,48,1235.2931,0,0.0,1.avi
892,121,24.2,1272,414,701.0599,0,0.0,1.avi
893,121,24.2,416,74,4111.4307,0,0.0,1.avi
894,121,24.2,534,551,648.64886,0,0.0,1.avi
895,121,24.2,601,255,1438.9336,0,0.0,1.avi
896,121,24.2,93,220,23558.857,0,0.0,1.avi
897,121,24.2,270,146,480.57376,0,0.0,1.avi
860,122,24.4,1051,669,995.37036,0,88.35442941731408,1.avi
868,122,24.4,1077,771,1064.6213,0,19.46043146372138,1.avi
870,122,24.4,1021,39,2611.6523,0,211.92815489849352,1.avi
879,122,24.4,298,201,3004.254,0,111.70892355148908,1.avi
895,122,24.4,646,271,3405.8264,0,238.20138209614117,1.avi
898,122,24.4,452,517,1090.5624,0,0.0,1.avi
899,122,24.4,922,992,1298.3191,0,0.0,1.avi
900,122,24.4,962,930,1132.9391,0,0.0,1.avi
901,122,24.4,819,18,1104.5416,0,0.0,1.avi
902,122,24.4,241,146,930.6266,0,0.0,1.avi
864,123,24.6,840,149,2135.3848,0,216.32507796618856,1.avi
883,123,24.6,331,11,1077.3204,0,133.2740895880443,1.avi
903,123,24.6,699,998,943.33026,0,0.0,1.avi
904,123,24.6,477,992,4374.3696,0,0.0,1.avi
905,123,24.6,915,854,3100.1218,0,0.0,1.avi
906,123,24.6,356,316,3234.2961,0,0.0,1.avi
907,123,24.6,1265,941,1262.189,0,0.0,1.avi
815,124,24.8,317,58,1075.5126,0,108.51653387649762,1.avi
877,124,24.8,859,868,890.8721,0,227.8826082872394,1.avi
881,124,24.8,964,486,1818.7942,0,237.40100167576543,1.avi
884,124,24.8,1052,524,782.7838,0,191.4232633730744,1.avi
889,124,24.8,745,525,2443.5679,0,214.5032207474135,1.avi
891,124,24.8,616,45,978.7344,0,80.11659213284709,1.avi
896,124,24.8,53,199,1486.0039,0,226.8296479545004,1.avi
908,124,24.8,443,868,950.65326,0,0.0,1.avi
909,124,24.8,386,16,1165.5156,0,0.0,1.avi
910,124,24.8,282,227,2273.5847,0,0.0,1.avi
911,124,24.8,314,776,1149.7229,0,0.0,1.avi
912,124,24.8,819,438,945.9297,0,0.0,1.avi
913,124,24.8,440,947,3339.7827,0,0.0,1.avi
873,125,25.0,48,477,622.33276,0,175.66742025610029,1.avi
880,125,25.0,1239,880,958.6787,0,220.7085128869209,1.avi
881,125,25.0,967,497,1036.3416,0,89.71881582918495,1.avi
886,125,25.0,216,11,1976.1986,0,125.92277687377492,1.avi
891,125,25.0,609,21,1280.2924,0,146.2523404065699,1.avi
901,125,25.0,795,49,1102.3013,0,196.99845595041816,1.avi
914,125,25.0,147,662,2283.9321,0,0.0,1.avi
915,125,25.0,423,824,1313.0907,0,0.0,1.avi
916,125,25.0,166,195,950.35516,0,0.0,1.avi
917,125,25.0,894,472,867.42474,0,0.0,1.avi
918,125,25.0,478,631,743.86676,0,0.0,1.avi
877,126,25.2,847,871,1231.7327,0,104.012406432545,1.avi
885,126,25.2,1081,1012,769.1753,0,141.0722894631061,1.avi
901,126,25.2,805,84,1347.9259,0,189.2073920951196,1.avi
919,126,25.2,45,551,7029.5044,0,0.0,1.avi
920,126,25.2,669,504,1486.4397,0,0.0,1.avi
921,126,25.2,782,338,3010.7183,0,0.0,1.avi
922,126,25.2,1141,49,794.8849,0,0.0,1.avi
870,127,25.4,966,21,3065.7563,0,82.17225897434474,1.avi
910,127,25.4,297,200,1453.7385,0,155.16403074786706,1.avi
917,127,25.4,893,475,1073.075,0,20.60758370352293,1.avi
923,127,25.4,299,460,3354.2266,0,0.0,1.avi
924,127,25.4,1082,184,2009.6852,0,0.0,1.avi
925,128,25.6,622,96,5462.0054,0,0.0,1.avi
926,128,25.6,976,728,5060.391,0,0.0,1.avi
927,128,25.6,720,329,1613.739,0,0.0,1.avi
928,128,25.6,1032,624,1631.4564,0,0.0,1.avi
929,128,25.6,633,291,2052.6401,0,0.0,1.avi
930,128,25.6,559,665,1688.9403,0,0.0,1.avi
931,128,25.6,358,211,1098.2355,0,0.0,1.avi
932,128,25.6,212,331,852.4363,0,0.0,1.avi
933,128,25.6,526,596,4837.6123,0,0.0,1.avi
886,129,25.8,227,17,1427.4684,0,139.20941941510145,1.avi
914,129,25.8,146,641,4648.574,0,106.53803655100144,1.avi
928,129,25.8,1011,603,2089.0315,0,149.58839882246062,1.avi
934,129,25.8,441,390,2121.697,0,0.0,1.avi
935,129,25.8,902,185,1777.8215,0,0.0,1.avi
936,129,25.8,120,775,1742.9144,0,0.0,1.avi
937,129,25.8,357,589,758.521,0,0.0,1.avi
938,129,25.8,380,455,3075.9124,0,0.0,1.avi
939,129,25.8,854,937,2199.203,0,0.0,1.avi
940,129,25.8,379,922,5249.9824,0,0.0,1.avi
913,130,26.0,455,905,2236.316,0,222.69813894728296,1.avi
917,130,26.0,855,471,1887.9823,0,191.16185108864047,1.avi
941,130,26.0,419,1003,1916.3756,0,0.0,1.avi
942,130,26.0,360,359,1696.8328,0,0.0,1.avi
943,130,26.0,495,699,2570.4414,0,0.0,1.avi
944,130,26.0,374,856,2051.996,0,0.0,1.avi
945,130,26.0,1057,883,2569.4292,0,0.0,1.avi
946,130,26.0,1250,312,4334.642,0,0.0,1.avi
947,130,26.0,1026,367,587.3681,0,0.0,1.avi
927,131,26.2,710,305,582.70886,0,130.65231579066227,1.avi
937,131,26.2,360,618,2059.2427,0,145.82373193391055,1.avi
942,131,26.2,360,331,1714.3241,0,144.81017775597422,1.avi
948,131,26.2,1205,696,772.6116,0,0.0,1.avi
949,131,26.2,1201,595,1201.968,0,0.0,1.avi
870,132,26.4,917,5,478.7517,0,47.19247998254159,1.avi
950,132,26.4,1184,435,1327.5083,0,0.0,1.avi
951,132,26.4,981,452,1564.9434,0,0.0,1.avi
952,132,26.4,9,218,628.07166,0,0.0,1.avi
953,132,26.4,787,652,1416.615,0,0.0,1.avi
954,132,26.4,827,720,830.2045,0,0.0,1.avi
955,132,26.4,191,583,5100.741,0,0.0,1.avi
956,133,26.6,464,60,3405.142,0,0.0,1.avi
957,133,26.6,821,229,790.60364,0,0.0,1.avi
958,133,26.6,700,396,2598.5396,0,0.0,1.avi
959,133,26.6,1223,127,1535.1649,0,0.0,1.avi
960,134,26.8,90,457,2827.6858,0,0.0,1.avi
961,134,26.8,982,60,894.08075,0,0.0,1.avi
962,134,26.8,397,272,756.8216,0,0.0,1.avi
963,134,26.8,587,7,576.903,0,0.0,1.avi
964,134,26.8,1079,167,669.1527,0,0.0,1.avi
917,135,27.0,730,458,1989.5399,0,82.69789273440104,1.avi
949,135,27.0,1244,570,5863.634,0,248.40496640631684,1.avi
965,135,27.0,309,632,2002.486,0,0.0,1.avi
966,135,27.0,495,14,1299.9982,0,0.0,1.avi
967,135,27.0,673,912,1468.408,0,0.0,1.avi
968,135,27.0,1086,14,789.79736,0,0.0,1.avi
969,135,27.0,1119,949,819.62115,0,0.0,1.avi
970,135,27.0,1227,742,1198.6495,0,0.0,1.avi
971,135,27.0,1130,623,3452.839,0,0.0,1.avi
972,135,27.0,940,224,2839.7131,0,0.0,1.avi
973,136,27.2,1128,331,1247.2604,0,0.0,1.avi
974,136,27.2,459,293,2963.0652,0,0.0,1.avi
975,136,27.2,294,169,1565.7358,0,0.0,1.avi
976,136,27.2,1132,671,594.97974,0,0.0,1.avi
977,136,27.2,747,701,5750.687,0,0.0,1.avi
978,137,27.4,286,808,7620.4033,0,0.0,1.avi
979,137,27.4,1066,249,2320.6873,0,0.0,1.avi
980,137,27.4,17,645,1435.1257,0,0.0,1.avi
981,137,27.4,644,450,1241.8435,0,0.0,1.avi
982,137,27.4,174,755,877.0009,0,0.0,1.avi
983,137,27.4,343,263,579.548,0,0.0,1.avi
981,138,27.6,611,478,1169.0347,0,219.254564562038,1.avi
984,138,27.6,789,578,1638.7301,0,0.0,1.avi
985,138,27.6,840,898,2239.7156,0,0.0,1.avi
986,138,27.6,1104,733,1237.3788,0,0.0,1.avi
987,138,27.6,1139,999,2365.3752,0,0.0,1.avi
971,139,27.8,1106,645,773.0061,0,163.76347966378336,1.avi
982,139,27.8,181,770,507.9885,0,80.61750372983416,1.avi
988,139,27.8,808,179,1358.0371,0,0.0,1.avi
989,139,27.8,673,873,1307.6732,0,0.0,1.avi
990,139,27.8,381,1012,1092.2671,0,0.0,1.avi
991,139,27.8,1265,661,1493.4211,0,0.0,1.avi
992,139,27.8,1275,826,353.53702,0,0.0,1.avi
977,140,28.0,719,707,534.1382,0,141.91852038129724,1.avi
993,140,28.0,692,815,2792.749,0,0.0,1.avi
994,140,28.0,192,921,1582.2295,0,0.0,1.avi
995,140,28.0,57,671,1598.3541,0,0.0,1.avi
996,140,28.0,597,1017,549.12445,0,0.0,1.avi
997,140,28.0,1251,1018,308.02643,0,0.0,1.avi
998,140,28.0,657,7,485.01712,0,0.0,1.avi
999,140,28.0,854,987,570.5166,0,0.0,1.avi
1000,140,28.0,543,783,710.67664,0,0.0,1.avi
1001,141,28.2,15,571,996.1419,0,0.0,1.avi
1002,141,28.2,331,182,858.1668,0,0.0,1.avi
1003,141,28.2,887,46,2306.2334,0,0.0,1.avi
1004,141,28.2,704,382,1311.7882,0,0.0,1.avi
1005,141,28.2,738,206,398.9306,0,0.0,1.avi
1006,141,28.2,629,173,474.17145,0,0.0,1.avi
1007,141,28.2,774,89,456.3679,0,0.0,1.avi
998,142,28.4,626,16,1638.7507,0,160.83919912468957,1.avi
1002,142,28.4,342,177,491.09546,0,63.27335987400259,1.avi
1008,142,28.4,916,812,4745.3306,0,0.0,1.avi
1009,142,28.4,1176,722,1399.5104,0,0.0,1.avi
1010,142,28.4,775,298,1547.9093,0,0.0,1.avi
1011,142,28.4,724,653,931.25653,0,0.0,1.avi
1012,142,28.4,818,939,1177.3807,0,0.0,1.avi
1013,142,28.4,500,480,685.36383,0,0.0,1.avi
1014,142,28.4,272,36,676.50977,0,0.0,1.avi
1015,143,28.6,385,915,4719.746,0,0.0,1.avi
1016,143,28.6,940,595,2734.9941,0,0.0,1.avi
1017,143,28.6,281,651,2410.7522,0,0.0,1.avi
1018,143,28.6,1059,727,1549.3512,0,0.0,1.avi
1019,143,28.6,176,456,1713.1831,0,0.0,1.avi
1020,143,28.6,895,438,1530.7886,0,0.0,1.avi
1021,143,28.6,473,722,2683.4766,0,0.0,1.avi
988,144,28.8,820,150,667.8202,0,155.68047963788402,1.avi
993,144,28.8,696,789,1154.4723,0,132.73142957625888,1.avi
1021,144,28.8,507,724,2712.7126,0,170.80299685614554,1.avi
1022,144,28.8,76,782,1751.472,0,0.0,1.avi
1023,144,28.8,644,762,901.4332,0,0.0,1.avi
1024,144,28.8,816,1016,384.6537,0,0.0,1.avi
994,145,29.0,191,948,2285.1,0,135.7487217853552,1.avi
1007,145,29.0,751,78,687.76825,0,127.07315395158004,1.avi
1011,146,29.2,726,677,1420.4524,0,124.41645223404976,1.avi
1025,146,29.2,1070,897,1517.1628,0,0.0,1.avi
1026,146,29.2,457,207,1634.1432,0,0.0,1.avi
1027,147,29.4,154,774,1321.6462,0,0.0,1.avi
1028,147,29.4,866,4,215.02214,0,0.0,1.avi
1029,147,29.4,661,79,837.5141,0,0.0,1.avi
1030,147,29.4,49,723,1779.5481,0,0.0,1.avi
1031,147,29.4,853,683,1044.551,0,0.0,1.avi
1032,147,29.4,425,271,634.02405,0,0.0,1.avi
998,148,29.6,448,83,1233.0698,0,173.32850991819475,1.avi
1011,148,29.6,711,661,1136.0771,0,144.67912101435152,1.avi
1026,148,29.6,437,197,2136.8762,0,110.45884113089166,1.avi
1033,148,29.6,27,559,2814.4998,0,0.0,1.avi
1034,148,29.6,1104,821,1137.7844,0,0.0,1.avi
1035,148,29.6,176,93,754.5664,0,0.0,1.avi
1036,149,29.8,919,376,1259.3461,0,0.0,1.avi
1037,149,29.8,422,37,960.93646,0,0.0,1.avi
1038,149,29.8,950,40,747.0274,0,0.0,1.avi
1039,149,29.8,325,837,949.1165,0,0.0,1.avi
1040,149,29.8,1129,399,1005.16046,0,0.0,1.avi
1041,149,29.8,889,542,2183.1924,0,0.0,1.avi
1023,150,30.0,683,741,2322.9802,0,221.64602635541675,1.avi
1042,150,30.0,1059,114,1539.7375,0,0.0,1.avi
1043,150,30.0,651,286,1127.879,0,0.0,1.avi
1044,150,30.0,118,526,1497.8252,0,0.0,1.avi
1045,150,30.0,463,662,2219.2705,0,0.0,1.avi
1046,150,30.0,462,349,701.59436,0,0.0,1.avi
1047,150,30.0,598,1017,625.3968,0,0.0,1.avi
1027,151,30.2,168,757,476.1952,0,111.17106748523562,1.avi
1048,151,30.2,1228,780,996.0049,0,0.0,1.avi
1049,151,30.2,1241,893,1197.9006,0,0.0,1.avi
1050,151,30.2,1139,907,1169.8414,0,0.0,1.avi
1051,151,30.2,533,916,2001.8075,0,0.0,1.avi
1052,151,30.2,694,218,1562.6626,0,0.0,1.avi
1053,151,30.2,1050,624,481.886,0,0.0,1.avi
1054,151,30.2,495,5,295.12518,0,0.0,1.avi
1055,152,30.4,1133,269,2048.1204,0,0.0,1.avi
1056,152,30.4,934,242,2108.904,0,0.0,1.avi
1057,152,30.4,402,721,1292.171,0,0.0,1.avi
1058,152,30.4,637,1016,380.64035,0,0.0,1.avi
1059,152,30.4,822,891,1098.2075,0,0.0,1.avi
1060,152,30.4,131,1006,1635.56,0,0.0,1.avi
1061,152,30.4,758,729,788.4408,0,0.0,1.avi
1062,152,30.4,183,343,582.7186,0,0.0,1.avi
1063,152,30.4,811,714,4586.611,0,0.0,1.avi
1031,153,30.6,834,667,2283.566,0,129.06512928707932,1.avi
1041,153,30.6,858,576,1270.1866,0,229.51687148777964,1.avi
1064,153,30.6,153,865,3339.8137,0,0.0,1.avi
1065,153,30.6,714,1017,364.8452,0,0.0,1.avi
1066,154,30.8,510,62,2227.0994,0,0.0,1.avi
1067,154,30.8,25,853,1133.2565,0,0.0,1.avi
1068,154,30.8,238,817,2337.7524,0,0.0,1.avi
1069,154,30.8,343,179,1094.6327,0,0.0,1.avi
1044,155,31.0,129,553,671.2882,0,149.7382229689641,1.avi
1070,155,31.0,284,238,1551.6237,0,0.0,1.avi
1071,155,31.0,144,309,899.31934,0,0.0,1.avi
1072,155,31.0,1033,244,707.48126,0,0.0,1.avi
1073,155,31.0,1166,449,1498.4458,0,0.0,1.avi
1027,156,31.2,221,742,2789.3599,0,163.6576534095892,1.avi
1074,156,31.2,755,645,1689.5764,0,0.0,1.avi
1075,156,31.2,540,621,1469.7009,0,0.0,1.avi
1076,156,31.2,817,59,1317.7484,0,0.0,1.avi
1077,156,31.2,874,9,702.27704,0,0.0,1.avi
1078,0,0.0,781,262,4242.37,0,0.0,2.avi
1079,0,0.0,810,131,4878.3784,0,0.0,2.avi
1080,0,0.0,462,519,1705.098,0,0.0,2.avi
1081,0,0.0,219,587,1672.8411,0,0.0,2.avi
1082,1,0.2,407,746,11960.955,0,0.0,2.avi
1083,1,0.2,331,436,4288.182,0,0.0,2.avi
1084,1,0.2,854,321,2080.6296,0,0.0,2.avi
1085,1,0.2,850,634,4452.0283,0,0.0,2.avi
1086,1,0.2,251,754,2770.2742,0,0.0,2.avi
1087,1,0.2,775,539,1350.1627,0,0.0,2.avi
1088,1,0.2,308,712,1494.7125,0,0.0,2.avi
1089,1,0.2,227,286,3205.361,0,0.0,2.avi
1090,1,0.2,1076,1019,364.98636,0,0.0,2.avi
1082,2,0.4,435,729,4698.8584,0,162.82245944940846,2.avi
1091,2,0.4,930,184,2418.2378,0,0.0,2.avi
1092,2,0.4,601,198,2467.0427,0,0.0,2.avi
1093,2,0.4,969,113,1260.1444,0,0.0,2.avi
1094,2,0.4,941,552,3318.6738,0,0.0,2.avi
1095,2,0.4,83,441,10003.999,0,0.0,2.avi
1096,2,0.4,707,734,3270.4143,0,0.0,2.avi
1097,2,0.4,854,686,6210.706,0,0.0,2.avi
1098,2,0.4,311,145,1786.1167,0,0.0,2.avi
1099,2,0.4,570,372,1558.1489,0,0.0,2.avi
1088,3,0.6,331,752,3086.8247,0,232.537562961652,2.avi
1100,3,0.6,1037,202,7074.153,0,0.0,2.avi
1101,3,0.6,1165,451,6386.3716,0,0.0,2.avi
1102,3,0.6,667,55,4159.8823,0,0.0,2.avi
1103,3,0.6,114,517,2348.6567,0,0.0,2.avi
1079,4,0.8,813,147,1307.6294,0,77.38193345531165,2.avi
1085,4,0.8,832,616,750.0554,0,125.95929740356924,2.avi
1101,4,0.8,1189,455,8725.921,0,126.55888965037566,2.avi
1104,4,0.8,625,501,8104.041,0,0.0,2.avi
1105,4,0.8,875,1002,2758.496,0,0.0,2.avi
1106,4,0.8,988,713,2625.408,0,0.0,2.avi
1107,4,0.8,397,234,2416.5737,0,0.0,2.avi
1108,4,0.8,640,102,5273.007,0,0.0,2.avi
1086,5,1.0,218,784,3933.7888,0,223.6226434698719,2.avi
1092,5,1.0,631,184,3411.4194,0,165.1490260308659,2.avi
1109,5,1.0,488,807,5372.6934,0,0.0,2.avi
1110,5,1.0,515,112,4659.6953,0,0.0,2.avi
1111,5,1.0,415,562,7520.9175,0,0.0,2.avi
1112,5,1.0,637,885,4130.1543,0,0.0,2.avi
1113,5,1.0,871,212,3389.3596,0,0.0,2.avi
1114,5,1.0,563,943,1924.3702,0,0.0,2.avi
1115,5,1.0,1165,862,1343.9454,0,0.0,2.avi
1116,5,1.0,875,581,999.7302,0,0.0,2.avi
1086,6,1.2,252,766,3231.795,0,244.3915185961396,2.avi
1088,6,1.2,398,822,2328.2476,0,123.45065937374616,2.avi
1091,6,1.2,908,199,2667.874,0,130.51989935872723,2.avi
1094,6,1.2,926,511,6669.676,0,219.23012011424865,2.avi
1110,6,1.2,509,135,1801.8223,0,118.96264511568404,2.avi
1114,6,1.2,540,924,1704.8387,0,149.7256529179176,2.avi
1117,6,1.2,1070,767,2775.4985,0,0.0,2.avi
1118,6,1.2,1148,313,2092.39,0,0.0,2.avi
1119,6,1.2,233,828,1480.4604,0,0.0,2.avi
1092,7,1.4,610,149,2312.2544,0,232.72701754485985,2.avi
1120,7,1.4,738,848,2832.98,0,0.0,2.avi
1121,7,1.4,343,650,1501.8176,0,0.0,2.avi
1122,7,1.4,734,156,1916.8538,0,0.0,2.avi
1123,8,1.6,207,623,5369.343,0,0.0,2.avi
1124,8,1.6,1220,839,3102.428,0,0.0,2.avi
1125,8,1.6,936,299,4271.0312,0,0.0,2.avi
1126,8,1.6,537,867,2646.9236,0,0.0,2.avi
1127,8,1.6,286,443,1313.9524,0,0.0,2.avi
1128,8,1.6,1210,215,3332.686,0,0.0,2.avi
1129,8,1.6,1023,296,4942.8174,0,0.0,2.avi
1130,8,1.6,1087,105,2561.4067,0,0.0,2.avi
1131,8,1.6,926,981,6885.33,0,0.0,2.avi
1132,8,1.6,361,602,5844.182,0,0.0,2.avi
1091,9,1.8,933,227,2706.8542,0,217.77543714849733,2.avi
1110,9,1.8,496,262,5268.2617,0,101.59001503515512,2.avi
1116,9,1.8,897,618,1985.5911,0,215.64485717751745,2.avi
1124,9,1.8,1188,828,3294.1165,0,168.59789976046636,2.avi
1128,9,1.8,1222,236,3711.4905,0,125.09196006764886,2.avi
1133,9,1.8,31,649,5301.2812,0,0.0,2.avi
1134,9,1.8,1137,1010,1685.5563,0,0.0,2.avi
1135,9,1.8,588,623,2418.8613,0,0.0,2.avi
1136,9,1.8,712,6,414.75998,0,0.0,2.avi
1137,9,1.8,522,316,4622.42,0,0.0,2.avi
1138,9,1.8,513,35,893.0616,0,0.0,2.avi
1139,9,1.8,51,521,1372.6436,0,0.0,2.avi
1140,9,1.8,1124,731,9218.098,0,0.0,2.avi
1141,9,1.8,322,566,2156.7854,0,0.0,2.avi
1092,10,2.0,566,38,3975.8003,0,168.415074585948,2.avi
1129,10,2.0,1041,342,2088.516,0,248.19944778924508,2.avi
1140,10,2.0,1157,764,2126.8208,0,234.00177094746377,2.avi
1142,10,2.0,656,971,5727.5464,0,0.0,2.avi
1143,10,2.0,821,754,2119.5872,0,0.0,2.avi
1144,10,2.0,805,665,1561.4863,0,0.0,2.avi
1145,10,2.0,398,294,3455.1152,0,0.0,2.avi
1146,10,2.0,320,379,1926.346,0,0.0,2.avi
1147,10,2.0,1163,433,5701.5356,0,0.0,2.avi
1148,10,2.0,430,842,1843.3016,0,0.0,2.avi
1149,10,2.0,532,929,27351.898,0,0.0,2.avi
1111,11,2.2,394,518,1585.1865,0,243.41923647394535,2.avi
1150,11,2.2,298,970,18716.91,0,0.0,2.avi
1151,11,2.2,302,84,5220.543,0,0.0,2.avi
1152,11,2.2,1247,522,4103.7466,0,0.0,2.avi
1153,11,2.2,1185,583,1050.4121,0,0.0,2.avi
1154,11,2.2,197,536,931.01373,0,0.0,2.avi
1155,11,2.2,1070,1007,2976.4487,0,0.0,2.avi
1156,11,2.2,847,625,3134.2034,0,0.0,2.avi
1118,12,2.4,1160,305,2567.1265,0,72.59947971871611,2.avi
1132,12,2.4,364,610,2467.1067,0,46.478239408846406,2.avi
1141,12,2.4,352,574,9009.344,0,151.87668602238375,2.avi
1142,12,2.4,687,1010,1621.7676,0,248.71326405939504,2.avi
1145,12,2.4,382,312,3252.5815,0,123.00342801132314,2.avi
1147,12,2.4,1195,408,1670.4849,0,203.67149931365805,2.avi
1155,12,2.4,1032,1001,2424.2605,0,195.24116321377852,2.avi
1157,12,2.4,600,432,2859.2966,0,0.0,2.avi
1158,12,2.4,1072,608,2257.6401,0,0.0,2.avi
1159,12,2.4,869,360,966.9076,0,0.0,2.avi
1160,12,2.4,572,688,11639.903,0,0.0,2.avi
1123,13,2.6,208,647,1852.4888,0,119.21361778355936,2.avi
1143,13,2.6,799,721,2761.949,0,196.682536763688,2.avi
1148,13,2.6,435,844,5953.3057,0,27.44758428190676,2.avi
1161,13,2.6,103,630,3009.0151,0,0.0,2.avi
1162,13,2.6,60,347,3848.653,0,0.0,2.avi
1163,13,2.6,685,937,1720.6525,0,0.0,2.avi
1164,13,2.6,1051,423,2249.7456,0,0.0,2.avi
1165,13,2.6,897,850,2267.3608,0,0.0,2.avi
1166,13,2.6,1159,92,2378.5586,0,0.0,2.avi
1167,13,2.6,970,28,2727.0728,0,0.0,2.avi
1168,13,2.6,1218,752,1023.26495,0,0.0,2.avi
1153,14,2.8,1165,582,5008.5,0,99.67494354356852,2.avi
1169,14,2.8,422,273,2647.941,0,0.0,2.avi
1170,14,2.8,726,834,1582.438,0,0.0,2.avi
1171,14,2.8,240,140,2376.1555,0,0.0,2.avi
1172,14,2.8,1201,882,4446.346,0,0.0,2.avi
1173,14,2.8,330,703,2825.656,0,0.0,2.avi
1174,14,2.8,1042,876,4486.556,0,0.0,2.avi
1175,14,2.8,785,349,2010.8798,0,0.0,2.avi
1176,14,2.8,554,389,3129.3599,0,0.0,2.avi
1141,15,3.0,362,543,1361.1094,0,220.13976384843025,2.avi
1148,15,3.0,442,886,5147.3447,0,208.32626480442485,2.avi
1157,15,3.0,573,463,3319.5637,0,204.34265005754636,2.avi
1161,15,3.0,105,613,1457.8007,0,88.71135287799167,2.avi
1175,15,3.0,802,380,1962.0953,0,178.62293220052769,2.avi
1177,15,3.0,1101,956,2351.6455,0,0.0,2.avi
1178,15,3.0,208,15,2102.0396,0,0.0,2.avi
1179,15,3.0,237,860,2211.5383,0,0.0,2.avi
1180,15,3.0,122,454,999.83655,0,0.0,2.avi
1181,15,3.0,931,263,2426.3684,0,0.0,2.avi
1182,15,3.0,988,218,1043.5087,0,0.0,2.avi
1183,15,3.0,314,182,2222.9885,0,0.0,2.avi
1118,16,3.2,1134,283,1531.9567,0,179.84943475804167,2.avi
1168,16,3.2,1226,782,871.6699,0,151.03079411577014,2.avi
1184,16,3.2,536,202,2433.375,0,0.0,2.avi
1185,16,3.2,340,299,3759.5457,0,0.0,2.avi
1167,17,3.4,1013,11,1632.3026,0,229.3843969091697,2.avi
1186,17,3.4,72,628,2648.652,0,0.0,2.avi
1187,17,3.4,1225,699,1990.9896,0,0.0,2.avi
1188,17,3.4,918,358,735.98236,0,0.0,2.avi
1189,18,3.6,1136,1011,2035.4075,0,0.0,2.avi
1190,18,3.6,427,758,3032.3801,0,0.0,2.avi
1191,18,3.6,614,145,2470.4766,0,0.0,2.avi
1192,18,3.6,581,278,5640.6543,0,0.0,2.avi
1193,18,3.6,941,549,990.9743,0,0.0,2.avi
1194,18,3.6,1110,238,1871.2915,0,0.0,2.avi
1195,18,3.6,490,622,5285.1694,0,0.0,2.avi
1162,19,3.8,61,344,7616.6562,0,18.542928046122963,2.avi
1165,19,3.8,939,864,2342.1387,0,219.74091297695944,2.avi
1191,19,3.8,638,154,1019.6377,0,130.77285240997014,2.avi
1196,19,3.8,921,966,4662.6396,0,0.0,2.avi
1197,19,3.8,777,475,3684.7766,0,0.0,2.avi
1198,19,3.8,21,237,2267.8247,0,0.0,2.avi
1199,20,4.0,192,570,4184.1055,0,0.0,2.avi
1200,20,4.0,995,347,5944.276,0,0.0,2.avi
1201,20,4.0,314,366,2493.9983,0,0.0,2.avi
1202,20,4.0,406,1015,1157.514,0,0.0,2.avi
1203,20,4.0,932,18,2402.2705,0,0.0,2.avi
1204,20,4.0,883,1013,883.9306,0,0.0,2.avi
1205,20,4.0,948,213,2587.8018,0,0.0,2.avi
1206,20,4.0,778,538,33471.938,0,0.0,2.avi
1186,21,4.2,71,636,2284.7156,0,36.33715579387696,2.avi
1203,21,4.2,916,62,4902.2676,0,235.6608571619627,2.avi
1206,21,4.2,774,584,4347.25,0,229.47257205650865,2.avi
1207,21,4.2,1070,674,1898.3696,0,0.0,2.avi
1208,21,4.2,154,151,4015.802,0,0.0,2.avi
1209,21,4.2,1073,91,4285.3447,0,0.0,2.avi
1210,21,4.2,418,603,25240.963,0,0.0,2.avi
1211,21,4.2,786,903,2664.518,0,0.0,2.avi
1212,21,4.2,799,84,4657.5103,0,0.0,2.avi
1213,21,4.2,14,766,1233.8406,0,0.0,2.avi
1214,21,4.2,724,1012,1188.7101,0,0.0,2.avi
1215,21,4.2,121,961,3207.3062,0,0.0,2.avi
1216,21,4.2,984,278,6174.402,0,0.0,2.avi
1186,22,4.4,87,656,25984.363,0,145.8785998121362,2.avi
1194,22,4.4,1096,200,1268.7738,0,200.92405123133352,2.avi
1195,22,4.4,447,622,1842.1621,0,216.10444906307367,2.avi
1202,22,4.4,418,1013,1006.87775,0,56.588608238862335,2.avi
1204,22,4.4,870,1016,504.75455,0,67.02351471172481,2.avi
1217,22,4.4,232,758,5255.8516,0,0.0,2.avi
1218,22,4.4,157,227,5046.31,0,0.0,2.avi
1219,22,4.4,580,873,5484.6187,0,0.0,2.avi
1220,22,4.4,1040,498,1416.6367,0,0.0,2.avi
1221,22,4.4,272,979,5116.999,0,0.0,2.avi
1222,22,4.4,1044,820,943.99176,0,0.0,2.avi
1223,22,4.4,1182,925,1993.1963,0,0.0,2.avi
1209,23,4.6,1091,95,2849.0947,0,93.338909638925,2.avi
1224,23,4.6,622,434,7277.4,0,0.0,2.avi
1225,23,4.6,993,429,3092.1555,0,0.0,2.avi
1226,23,4.6,1249,555,997.8187,0,0.0,2.avi
1227,23,4.6,1029,308,8230.96,0,0.0,2.avi
1165,24,4.8,972,884,1195.2162,0,50.3295505485594,2.avi
1205,24,4.8,950,203,1342.147,0,51.19769614624297,2.avi
1208,24,4.8,111,141,2040.8348,0,221.54763280698756,2.avi
1225,24,4.8,1003,454,4062.2036,0,136.64927119262242,2.avi
1226,24,4.8,1241,568,2393.2952,0,74.96484177029711,2.avi
1228,24,4.8,558,365,1924.1395,0,0.0,2.avi
1229,24,4.8,855,26,2104.9,0,0.0,2.avi
1230,24,4.8,1042,105,2444.0068,0,0.0,2.avi
1231,24,4.8,623,544,1734.6216,0,0.0,2.avi
1232,24,4.8,361,980,2837.8718,0,0.0,2.avi
1233,24,4.8,1204,651,12572.958,0,0.0,2.avi
1234,24,4.8,778,17,1327.2087,0,0.0,2.avi
1235,24,4.8,1170,832,2487.9622,0,0.0,2.avi
1236,24,4.8,350,843,4735.2607,0,0.0,2.avi
1165,25,5.0,993,854,2321.7827,0,212.08134357067652,2.avi
1199,25,5.0,202,600,2280.223,0,157.44603357702482,2.avi
1210,25,5.0,417,640,3430.8281,0,186.7990661351586,2.avi
1230,25,5.0,1019,102,4132.499,0,118.34908948443072,2.avi
1237,25,5.0,430,119,2149.377,0,0.0,2.avi
1238,25,5.0,803,767,1846.2528,0,0.0,2.avi
1239,25,5.0,511,1011,1563.882,0,0.0,2.avi
1240,25,5.0,551,797,3026.3752,0,0.0,2.avi
1241,25,5.0,701,247,3052.6816,0,0.0,2.avi
1242,25,5.0,1155,999,1843.2505,0,0.0,2.avi
1243,25,5.0,1072,22,1197.3164,0,0.0,2.avi
1186,26,5.2,197,943,30423.39,0,575.8309801063567,2.avi
1210,26,5.2,433,655,4469.4927,0,111.7966840792038,2.avi
1224,26,5.2,608,475,4520.5186,0,216.03410015830107,2.avi
1235,26,5.2,1182,814,1685.6506,0,105.807385843675,2.avi
1244,26,5.2,1027,1005,3282.141,0,0.0,2.avi
1245,26,5.2,237,643,1101.8037,0,0.0,2.avi
1246,26,5.2,896,931,1409.3275,0,0.0,2.avi
1247,26,5.2,250,557,2014.6873,0,0.0,2.avi
1248,26,5.2,716,844,1021.8533,0,0.0,2.avi
1249,26,5.2,12,212,1204.2366,0,0.0,2.avi
1250,26,5.2,58,796,14947.965,0,0.0,2.avi
1195,27,5.4,385,636,2940.5864,0,73.78644327286095,2.avi
1219,27,5.4,549,842,3902.481,0,219.3713366870496,2.avi
1251,27,5.4,1163,250,6734.319,0,0.0,2.avi
1252,27,5.4,83,404,2445.5034,0,0.0,2.avi
1253,27,5.4,736,33,1919.2955,0,0.0,2.avi
1254,27,5.4,1243,958,1080.0109,0,0.0,2.avi
1255,27,5.4,385,251,1441.8665,0,0.0,2.avi
1256,27,5.4,813,973,1475.9152,0,0.0,2.avi
1225,28,5.6,1062,623,870.1797,0,191.88430550413457,2.avi
1255,28,5.6,413,266,2615.5942,0,162.5628867200561,2.avi
1257,28,5.6,896,853,1386.0953,0,0.0,2.avi
1258,28,5.6,881,270,6501.8413,0,0.0,2.avi
1259,28,5.6,613,280,1577.3358,0,0.0,2.avi
1260,28,5.6,426,704,3010.1274,0,0.0,2.avi
1261,28,5.6,276,183,2797.164,0,0.0,2.avi
1262,28,5.6,196,831,8625.128,0,0.0,2.avi
1263,28,5.6,1234,708,1278.8572,0,0.0,2.avi
1241,29,5.8,734,262,2792.7454,0,182.43311761018555,2.avi
1257,29,5.8,911,822,961.34906,0,178.9321568799345,2.avi
1264,29,5.8,314,6,567.6485,0,0.0,2.avi
1265,29,5.8,324,385,2563.339,0,0.0,2.avi
1266,29,5.8,1124,142,2308.762,0,0.0,2.avi
1267,29,5.8,652,57,6279.406,0,0.0,2.avi
1268,29,5.8,658,308,4545.0825,0,0.0,2.avi
1268,30,6.0,650,317,2718.3584,0,57.152626266404354,2.avi
1269,30,6.0,752,898,1704.6477,0,0.0,2.avi
1270,30,6.0,1125,677,2023.4077,0,0.0,2.avi
1271,30,6.0,133,384,1918.4688,0,0.0,2.avi
1272,30,6.0,240,400,2725.3015,0,0.0,2.avi
1273,30,6.0,1184,528,49440.285,0,0.0,2.avi
1274,30,6.0,938,902,6123.7485,0,0.0,2.avi
1275,30,6.0,688,13,1493.537,0,0.0,2.avi
1240,31,6.2,530,780,2597.1897,0,136.7853930153151,2.avi
1256,31,6.2,784,955,1420.3387,0,170.17856907780208,2.avi
1276,31,6.2,862,558,26957.895,0,0.0,2.avi
1277,31,6.2,1158,903,2170.846,0,0.0,2.avi
1278,31,6.2,1072,222,1856.4658,0,0.0,2.avi
1279,31,6.2,519,206,3443.1785,0,0.0,2.avi
1244,32,6.4,1004,963,13377.615,0,239.39728858321035,2.avi
1250,32,6.4,62,801,3801.4463,0,31.33278482440956,2.avi
1252,32,6.4,54,403,985.64355,0,145.35365230142332,2.avi
1268,32,6.4,650,307,3892.4824,0,173.0499603223688,2.avi
1272,32,6.4,240,446,2317.8315,0,233.2562202706655,2.avi
1278,32,6.4,1083,192,6832.9976,0,162.02339208604891,2.avi
1280,32,6.4,1017,513,6830.5757,0,0.0,2.avi
1281,32,6.4,278,700,1779.7949,0,0.0,2.avi
1282,32,6.4,580,517,2385.9363,0,0.0,2.avi
1283,32,6.4,547,620,34594.695,0,0.0,2.avi
1263,33,6.6,1218,727,8065.002,0,126.04371131090434,2.avi
1266,33,6.6,1151,109,1795.6543,0,212.25317030326443,2.avi
1284,33,6.6,209,694,37174.85,0,0.0,2.avi
1285,33,6.6,736,603,1300.0648,0,0.0,2.avi
1286,33,6.6,824,702,1657.2867,0,0.0,2.avi
1287,33,6.6,124,282,3226.4478,0,0.0,2.avi
1288,33,6.6,886,945,1358.0624,0,0.0,2.avi
1258,34,6.8,850,268,6511.648,0,155.91220586365333,2.avi
1278,34,6.8,1132,107,3977.437,0,127.79474459287252,2.avi
1281,34,6.8,304,679,4075.9429,0,165.64489152008298,2.avi
1289,34,6.8,292,532,1823.3862,0,0.0,2.avi
1290,34,6.8,229,175,1725.8446,0,0.0,2.avi
1291,34,6.8,107,688,5249.507,0,0.0,2.avi
1266,35,7.0,1128,135,1735.1487,0,238.1875753392625,2.avi
1268,35,7.0,636,330,3324.8105,0,231.6436220800597,2.avi
1279,35,7.0,517,161,1612.62,0,221.5402749772,2.avi
1280,35,7.0,1058,530,1512.1001,0,225.0938738037616,2.avi
1289,35,7.0,331,515,2290.3774,0,214.12175177578564,2.avi
1292,35,7.0,1262,332,1611.315,0,0.0,2.avi
1293,35,7.0,212,799,1947.1338,0,0.0,2.avi
1286,36,7.2,810,701,14153.797,0,72.41798832436974,2.avi
1292,36,7.2,1271,299,794.779,0,170.11008120233677,2.avi
1294,36,7.2,598,943,2525.6528,0,0.0,2.avi
1295,36,7.2,434,234,2442.3608,0,0.0,2.avi
1296,36,7.2,540,709,1714.8683,0,0.0,2.avi
1266,37,7.4,1060,186,2681.2622,0,245.86911086211708,2.avi
1297,37,7.4,928,37,1971.4156,0,0.0,2.avi
1298,37,7.4,1031,963,3210.1738,0,0.0,2.avi
1299,37,7.4,672,198,1912.9015,0,0.0,2.avi
1300,37,7.4,764,213,1786.2078,0,0.0,2.avi
1301,37,7.4,110,522,2060.9211,0,0.0,2.avi
1280,38,7.6,1108,540,1320.9282,0,52.30970571217871,2.avi
1281,38,7.6,424,626,1927.3809,0,198.3250704954596,2.avi
1300,38,7.6,770,233,1015.9021,0,102.90611573258654,2.avi
1302,38,7.6,707,295,3005.0022,0,0.0,2.avi
1303,38,7.6,26,905,3287.652,0,0.0,2.avi
1304,38,7.6,352,890,1394.5271,0,0.0,2.avi
1305,38,7.6,770,163,1102.5172,0,0.0,2.avi
1306,38,7.6,625,268,2187.5828,0,0.0,2.avi
1258,39,7.8,824,233,2495.344,0,167.7131653339443,2.avi
1294,39,7.8,585,939,1572.2062,0,65.49477806938035,2.avi
1307,39,7.8,1028,490,2399.9224,0,0.0,2.avi
1308,39,7.8,654,856,1113.5892,0,0.0,2.avi
1309,39,7.8,258,402,1227.7982,0,0.0,2.avi
1310,40,8.0,1158,894,3542.5747,0,0.0,2.avi
1311,40,8.0,106,896,4445.77,0,0.0,2.avi
1312,40,8.0,641,798,3837.6077,0,0.0,2.avi
1313,40,8.0,916,150,2399.7556,0,0.0,2.avi
1286,41,8.2,745,699,5344.383,0,140.7452189992883,2.avi
1299,41,8.2,657,153,7451.5596,0,238.817281450547,2.avi
1308,41,8.2,635,844,4749.612,0,115.0730452210298,2.avi
1312,41,8.2,642,755,2961.0076,0,216.32142586674533,2.avi
1314,41,8.2,406,806,9812.723,0,0.0,2.avi
1315,41,8.2,1115,799,2759.2915,0,0.0,2.avi
1316,41,8.2,603,1004,2904.3464,0,0.0,2.avi
1317,41,8.2,1064,128,5380.757,0,0.0,2.avi
1318,41,8.2,999,893,1656.7183,0,0.0,2.avi
1319,41,8.2,668,336,5431.6357,0,0.0,2.avi
1280,42,8.4,1221,540,2869.9607,0,156.68058549794355,2.avi
1297,42,8.4,964,13,1233.4288,0,215.96821013574944,2.avi
1304,42,8.4,364,890,5687.5303,0,60.39068311565732,2.avi
1314,42,8.4,413,830,2650.4604,0,128.85007827412858,2.avi
1320,42,8.4,1034,677,19830.805,0,0.0,2.avi
1321,42,8.4,244,892,8985.86,0,0.0,2.avi
1322,42,8.4,1033,205,2254.4197,0,0.0,2.avi
1323,42,8.4,803,308,2459.4463,0,0.0,2.avi
1324,42,8.4,932,915,836.563,0,0.0,2.avi
1325,42,8.4,1159,945,1437.5554,0,0.0,2.avi
1326,42,8.4,356,550,1191.2915,0,0.0,2.avi
1327,42,8.4,351,54,2369.5,0,0.0,2.avi
1308,43,8.6,667,837,19683.59,0,262.6862616913773,2.avi
1328,43,8.6,48,365,1464.6198,0,0.0,2.avi
1329,43,8.6,847,771,2847.7354,0,0.0,2.avi
1330,43,8.6,595,177,1577.7626,0,0.0,2.avi
1331,44,8.8,220,247,4256.4478,0,0.0,2.avi
1286,45,9.0,704,696,1462.093,0,28.186943011492797,2.avi
1332,45,9.0,927,227,1692.9038,0,0.0,2.avi
1333,45,9.0,940,981,3870.2192,0,0.0,2.avi
1334,45,9.0,770,647,3064.4622,0,0.0,2.avi
1335,45,9.0,20,558,1911.7736,0,0.0,2.avi
1336,45,9.0,651,940,4079.8687,0,0.0,2.avi
1337,45,9.0,1145,76,21397.791,0,0.0,2.avi
1338,45,9.0,636,377,2384.6772,0,0.0,2.avi
1321,46,9.2,229,913,3089.0488,0,126.06495304024796,2.avi
1339,46,9.2,269,1007,2896.5916,0,0.0,2.avi
1340,46,9.2,203,753,3082.4421,0,0.0,2.avi
1341,46,9.2,1085,982,2993.535,0,0.0,2.avi
1342,46,9.2,1231,383,18927.54,0,0.0,2.avi
1343,46,9.2,1018,768,2917.8086,0,0.0,2.avi
1330,47,9.4,622,164,1613.9657,0,152.55192851862665,2.avi
1344,47,9.4,974,394,36458.4,0,0.0,2.avi
1345,47,9.4,561,844,1348.7031,0,0.0,2.avi
1346,47,9.4,979,557,1794.9368,0,0.0,2.avi
1347,47,9.4,1078,271,3088.6167,0,0.0,2.avi
1348,47,9.4,435,956,5128.755,0,0.0,2.avi
1349,47,9.4,1208,618,1703.9681,0,0.0,2.avi
1350,47,9.4,475,436,1507.8569,0,0.0,2.avi
1286,48,9.6,663,695,2076.4888,0,78.84352825408506,2.avi
1330,48,9.6,623,192,1559.197,0,169.47243834540734,2.avi
1338,48,9.6,639,410,40208.11,0,165.63110117032485,2.avi
1339,48,9.6,315,1004,2023.1428,0,226.9875033340887,2.avi
1351,48,9.6,530,242,6662.0938,0,0.0,2.avi
1352,48,9.6,907,60,2136.0208,0,0.0,2.avi
1353,48,9.6,1257,645,2943.8813,0,0.0,2.avi
1354,48,9.6,744,801,1946.8228,0,0.0,2.avi
1342,49,9.8,1239,454,4490.874,0,356.42678691226433,2.avi
1348,49,9.8,397,945,3147.5686,0,196.4717540067641,2.avi
1355,49,9.8,310,418,40842.297,0,0.0,2.avi
1356,49,9.8,1122,228,1073.944,0,0.0,2.avi
1357,49,9.8,69,146,3875.241,0,0.0,2.avi
1358,49,9.8,1195,518,1429.8905,0,0.0,2.avi
1359,49,9.8,513,686,2917.5618,0,0.0,2.avi
1360,49,9.8,1033,210,1135.7087,0,0.0,2.avi
1361,49,9.8,777,199,1596.2078,0,0.0,2.avi
1362,49,9.8,564,515,1398.106,0,0.0,2.avi
1363,50,10.0,823,554,8824.716,0,0.0,2.avi
1364,50,10.0,450,826,2028.4882,0,0.0,2.avi
1365,50,10.0,167,664,1723.9745,0,0.0,2.avi
1366,50,10.0,226,696,2413.7844,0,0.0,2.avi
1367,50,10.0,451,532,1540.5518,0,0.0,2.avi
1368,50,10.0,45,1005,2706.364,0,0.0,2.avi
1369,50,10.0,362,119,1658.1422,0,0.0,2.avi
1370,50,10.0,56,437,23362.395,0,0.0,2.avi
1371,50,10.0,845,133,2971.8096,0,0.0,2.avi
1372,50,10.0,1100,25,2419.2842,0,0.0,2.avi
1373,51,10.2,25,286,2833.8074,0,0.0,2.avi
1374,51,10.2,1139,592,5895.93,0,0.0,2.avi
1375,51,10.2,603,1017,796.0266,0,0.0,2.avi
1376,51,10.2,854,790,1179.6252,0,0.0,2.avi
1350,52,10.4,504,404,1185.1342,0,213.0703721137193,2.avi
1371,52,10.4,832,139,1192.4982,0,72.39451348936385,2.avi
1377,52,10.4,777,38,6021.3164,0,0.0,2.avi
1378,52,10.4,767,297,6053.504,0,0.0,2.avi
1379,52,10.4,208,606,2777.2366,0,0.0,2.avi
1380,52,10.4,549,392,3173.7954,0,0.0,2.avi
1381,52,10.4,822,948,3455.9976,0,0.0,2.avi
1382,52,10.4,427,111,1759.6622,0,0.0,2.avi
1383,52,10.4,1135,967,5958.758,0,0.0,2.avi
1384,52,10.4,725,580,2038.251,0,0.0,2.avi
1385,52,10.4,159,397,5188.64,0,0.0,2.avi
1386,52,10.4,895,462,1580.0322,0,0.0,2.avi
1357,53,10.6,70,156,2077.4248,0,51.36813034487079,2.avi
1384,53,10.6,729,537,4447.283,0,215.6603163290346,2.avi
1385,53,10.6,190,376,911.7378,0,187.83676206481496,2.avi
1387,53,10.6,200,863,7898.8594,0,0.0,2.avi
1388,53,10.6,848,875,2023.871,0,0.0,2.avi
1389,53,10.6,544,595,3080.211,0,0.0,2.avi
1390,53,10.6,569,6,512.33795,0,0.0,2.avi
1391,53,10.6,280,770,1594.5463,0,0.0,2.avi
1392,53,10.6,158,315,5249.5376,0,0.0,2.avi
1393,53,10.6,1227,188,2429.4414,0,0.0,2.avi
1394,53,10.6,394,327,7992.64,0,0.0,2.avi
1353,54,10.8,1264,680,1925.572,0,178.0626711014839,2.avi
1358,54,10.8,1215,510,5372.821,0,109.96447134522327,2.avi
1364,54,10.8,422,793,896.73975,0,215.26481190698087,2.avi
1366,54,10.8,203,714,1485.3716,0,145.29075616148532,2.avi
1369,54,10.8,387,91,2984.5383,0,188.27949693769685,2.avi
1390,54,10.8,609,19,2971.8748,0,209.2765936752403,2.avi
1394,54,10.8,360,355,2315.543,0,221.7621887971964,2.avi
1395,54,10.8,1195,248,4294.3594,0,0.0,2.avi
1396,54,10.8,1154,874,2001.2955,0,0.0,2.avi
1397,54,10.8,739,91,2498.0474,0,0.0,2.avi
1398,54,10.8,876,6,368.3451,0,0.0,2.avi
1399,54,10.8,726,849,2772.036,0,0.0,2.avi
1400,54,10.8,463,880,5874.814,0,0.0,2.avi
1401,54,10.8,727,13,1406.4996,0,0.0,2.avi
1367,55,11.0,438,531,1243.4717,0,63.648192941248304,2.avi
1381,55,11.0,823,943,3511.6055,0,25.05668301333066,2.avi
1388,55,11.0,863,898,4171.005,0,136.99420790546174,2.avi
1402,55,11.0,470,34,3287.9875,0,0.0,2.avi
1403,55,11.0,683,574,2665.1755,0,0.0,2.avi
1404,55,11.0,1156,327,3607.0466,0,0.0,2.avi
1405,55,11.0,515,197,807.80457,0,0.0,2.avi
1406,55,11.0,398,649,1973.4305,0,0.0,2.avi
1407,55,11.0,125,360,2902.1494,0,0.0,2.avi
1368,56,11.2,28,997,2981.101,0,96.41811687533703,2.avi
1383,56,11.2,1125,978,2143.8135,0,72.88690589023838,2.avi
1402,56,11.2,445,33,4163.556,0,126.6748311675106,2.avi
1408,56,11.2,658,918,2232.7593,0,0.0,2.avi
1409,56,11.2,353,334,3830.707,0,0.0,2.avi
1410,56,11.2,553,954,1341.692,0,0.0,2.avi
1411,56,11.2,1081,100,2585.1357,0,0.0,2.avi
1412,57,11.4,133,437,2887.753,0,0.0,2.avi
1413,57,11.4,510,1003,1619.9247,0,0.0,2.avi
1414,57,11.4,475,811,1393.5807,0,0.0,2.avi
1415,57,11.4,989,142,3977.5757,0,0.0,2.avi
1416,57,11.4,978,1013,1023.5188,0,0.0,2.avi
1417,57,11.4,1267,435,1409.4482,0,0.0,2.avi
1418,57,11.4,717,269,3175.9363,0,0.0,2.avi
1419,57,11.4,398,303,3302.2136,0,0.0,2.avi
1379,58,11.6,188,611,1996.1843,0,105.69114724182704,2.avi
1420,58,11.6,893,664,6436.9634,0,0.0,2.avi
1421,58,11.6,348,221,4256.8496,0,0.0,2.avi
1422,58,11.6,783,464,4970.8374,0,0.0,2.avi
1423,58,11.6,204,78,6393.4736,0,0.0,2.avi
1400,59,11.8,511,875,1041.7832,0,243.57512513962408,2.avi
1402,59,11.8,371,39,2024.3569,0,236.7483926959152,2.avi
1407,59,11.8,107,344,1826.112,0,118.88007826263711,2.avi
1410,59,11.8,567,922,1124.7341,0,174.386576341755,2.avi
1416,59,11.8,988,1015,1153.7734,0,50.4975467467896,2.avi
1424,59,11.8,1260,861,3017.4248,0,0.0,2.avi
1425,59,11.8,225,711,2953.398,0,0.0,2.avi
1426,59,11.8,642,148,2789.6514,0,0.0,2.avi
1427,59,11.8,916,895,1927.8243,0,0.0,2.avi
1428,59,11.8,460,437,2042.7787,0,0.0,2.avi
1429,59,11.8,156,184,4318.9526,0,0.0,2.avi
1353,60,12.0,1265,727,1461.7717,0,62.62775806080434,2.avi
1400,60,12.0,537,891,1813.324,0,156.9874174865662,2.avi
1416,60,12.0,993,991,2670.6682,0,135.25087980334143,2.avi
1430,60,12.0,646,80,7073.7754,0,0.0,2.avi
1431,60,12.0,366,509,2529.9219,0,0.0,2.avi
1432,60,12.0,548,415,10660.258,0,0.0,2.avi
1433,60,12.0,1178,962,2990.8162,0,0.0,2.avi
1434,60,12.0,336,156,2134.4744,0,0.0,2.avi
1404,61,12.2,1185,365,1660.649,0,238.5132725476943,2.avi
1426,61,12.2,667,187,3385.8691,0,230.084926564599,2.avi
1435,61,12.2,1252,349,4310.5767,0,0.0,2.avi
1436,61,12.2,599,243,2670.015,0,0.0,2.avi
1437,61,12.2,620,579,3639.2224,0,0.0,2.avi
1438,61,12.2,190,541,3006.9421,0,0.0,2.avi
1439,61,12.2,976,772,1748.0419,0,0.0,2.avi
1379,62,12.4,189,618,3935.6443,0,63.51521476109305,2.avi
1407,62,12.4,104,319,3182.3616,0,79.68298642531094,2.avi
1409,62,12.4,322,319,2384.5054,0,172.2896120710867,2.avi
1431,62,12.4,378,510,2256.1382,0,56.73973087717554,2.avi
1440,62,12.4,1105,856,4586.4707,0,0.0,2.avi
1441,62,12.4,478,894,1675.174,0,0.0,2.avi
1442,62,12.4,694,752,1456.7593,0,0.0,2.avi
1443,62,12.4,1192,883,2891.6562,0,0.0,2.avi
1444,62,12.4,1052,792,2261.0012,0,0.0,2.avi
1445,62,12.4,1262,229,2015.107,0,0.0,2.avi
1446,62,12.4,264,127,892.01514,0,0.0,2.avi
1447,62,12.4,1184,274,1507.3782,0,0.0,2.avi
1424,63,12.6,1273,905,440.1726,0,230.9466440048556,2.avi
1426,63,12.6,731,228,2936.9204,0,203.1437049450344,2.avi
1428,63,12.6,461,430,856.9811,0,33.939729069215126,2.avi
1432,63,12.6,561,453,1483.9023,0,198.94688619525695,2.avi
1439,63,12.6,978,735,4225.42,0,187.49516693706065,2.avi
1448,63,12.6,271,208,4901.2817,0,0.0,2.avi
1449,63,12.6,697,631,3358.6714,0,0.0,2.avi
1450,63,12.6,1257,488,2295.1372,0,0.0,2.avi
1407,64,12.8,148,319,2244.8452,0,241.1146047917695,2.avi
1435,64,12.8,1214,344,2373.6333,0,192.3584682223845,2.avi
1451,64,12.8,1260,973,1470.0591,0,0.0,2.avi
1452,64,12.8,524,280,1510.4257,0,0.0,2.avi
1453,64,12.8,254,22,2660.445,0,0.0,2.avi
1439,65,13.0,1017,696,1731.394,0,187.2762555375272,2.avi
1454,65,13.0,269,417,5298.169,0,0.0,2.avi
1455,65,13.0,729,98,2650.033,0,0.0,2.avi
1456,65,13.0,800,25,2630.001,0,0.0,2.avi
1457,65,13.0,1200,1006,2426.473,0,0.0,2.avi
1458,65,13.0,853,279,2891.378,0,0.0,2.avi
1459,65,13.0,980,239,4350.401,0,0.0,2.avi
1436,66,13.2,562,211,2357.008,0,245.77209027030509,2.avi
1454,66,13.2,242,385,3042.9453,0,210.13041353470044,2.avi
1460,66,13.2,1078,154,6623.5474,0,0.0,2.avi
1461,66,13.2,574,832,4897.776,0,0.0,2.avi
1462,66,13.2,400,230,1709.5674,0,0.0,2.avi
1463,66,13.2,442,103,1895.7439,0,0.0,2.avi
1464,66,13.2,98,984,5624.167,0,0.0,2.avi
1465,66,13.2,961,426,7130.571,0,0.0,2.avi
1379,67,13.4,203,589,938.0747,0,214.27849861472416,2.avi
1407,67,13.4,219,298,9910.404,0,175.62411758083363,2.avi
1446,67,13.4,285,99,8365.439,0,176.24638786207032,2.avi
1459,67,13.4,980,192,821.7112,0,234.01151410359608,2.avi
1466,67,13.4,211,698,5359.69,0,0.0,2.avi
1467,67,13.4,44,725,9930.395,0,0.0,2.avi
1468,67,13.4,746,277,1573.1257,0,0.0,2.avi
1469,67,13.4,245,471,2226.1018,0,0.0,2.avi
1470,67,13.4,1155,838,8826.474,0,0.0,2.avi
1455,68,13.6,747,67,771.3086,0,181.89929885969556,2.avi
1458,68,13.6,858,328,4675.3364,0,243.7646305321556,2.avi
1470,68,13.6,1173,855,1313.956,0,125.82050811152216,2.avi
1471,68,13.6,172,523,7212.5146,0,0.0,2.avi
1472,68,13.6,639,548,4245.6826,0,0.0,2.avi
1473,68,13.6,1186,340,1010.1159,0,0.0,2.avi
1474,68,13.6,1095,380,896.9064,0,0.0,2.avi
1475,68,13.6,1139,1015,1105.0299,0,0.0,2.avi
1456,69,13.8,839,21,1775.5801,0,195.2076788585279,2.avi
1476,69,13.8,727,1008,1286.9797,0,0.0,2.avi
1477,69,13.8,1139,196,1215.7357,0,0.0,2.avi
1478,69,13.8,214,165,1818.59,0,0.0,2.avi
1479,69,13.8,52,308,2108.9185,0,0.0,2.avi
1480,69,13.8,517,880,7101.9565,0,0.0,2.avi
1481,70,14.0,1034,484,3264.001,0,0.0,2.avi
1482,70,14.0,478,657,2262.3223,0,0.0,2.avi
1483,70,14.0,722,653,4276.3438,0,0.0,2.avi
1484,70,14.0,751,803,3330.1477,0,0.0,2.avi
1485,70,14.0,857,568,2998.3936,0,0.0,2.avi
1486,70,14.0,353,75,1714.6699,0,0.0,2.avi
1487,70,14.0,721,928,2749.4575,0,0.0,2.avi
1488,70,14.0,742,420,2215.768,0,0.0,2.avi
1489,70,14.0,201,20,3309.811,0,0.0,2.avi
1490,70,14.0,729,975,995.0683,0,0.0,2.avi
1436,71,14.2,518,226,2982.3906,0,247.4023501480294,2.avi
1469,71,14.2,261,441,960.95544,0,172.56266116080258,2.avi
1474,71,14.2,1098,405,3858.2832,0,124.49379776891222,2.avi
1482,71,14.2,477,624,5303.0063,0,164.4752523613072,2.avi
1491,71,14.2,796,56,3368.452,0,0.0,2.avi
1492,71,14.2,1248,779,1451.3287,0,0.0,2.avi
1493,71,14.2,373,925,2268.9436,0,0.0,2.avi
1494,71,14.2,1027,429,2234.5771,0,0.0,2.avi
1495,71,14.2,900,511,5412.95,0,0.0,2.avi
1462,72,14.4,398,248,3034.7598,0,90.6485528646883,2.avi
1466,72,14.4,207,666,4515.2925,0,163.9106417392542,2.avi
1496,72,14.4,957,231,5097.341,0,0.0,2.avi
1497,72,14.4,811,778,3236.7092,0,0.0,2.avi
1498,72,14.4,821,914,1502.0078,0,0.0,2.avi
1499,72,14.4,381,494,755.41364,0,0.0,2.avi
1500,72,14.4,997,358,1005.47424,0,0.0,2.avi
1501,72,14.4,1121,575,5509.356,0,0.0,2.avi
1502,72,14.4,1250,442,2979.886,0,0.0,2.avi
1483,73,14.6,746,678,5815.571,0,170.52887849408742,2.avi
1499,73,14.6,390,470,1304.6254,0,128.0880870763962,2.avi
1503,73,14.6,219,307,2994.7327,0,0.0,2.avi
1504,73,14.6,716,614,3178.0278,0,0.0,2.avi
1505,73,14.6,627,65,1354.4613,0,0.0,2.avi
1506,73,14.6,1170,759,3484.9678,0,0.0,2.avi
1507,73,14.6,387,602,2497.5227,0,0.0,2.avi
1508,73,14.6,561,654,2263.2114,0,0.0,2.avi
1509,73,14.6,957,1010,1161.2277,0,0.0,2.avi
1510,73,14.6,432,865,5080.624,0,0.0,2.avi
1511,73,14.6,191,751,1629.6476,0,0.0,2.avi
1471,74,14.8,142,535,1654.7847,0,160.43842930077878,2.avi
1487,74,14.8,758,929,1366.6581,0,186.3914101170232,2.avi
1497,74,14.8,806,743,1822.0903,0,176.15979300306776,2.avi
1512,74,14.8,545,723,1110.0042,0,0.0,2.avi
1513,74,14.8,75,929,1696.0745,0,0.0,2.avi
1514,74,14.8,352,794,6214.387,0,0.0,2.avi
1515,74,14.8,611,500,2753.9602,0,0.0,2.avi
1516,74,14.8,360,982,9959.817,0,0.0,2.avi
1482,75,15.0,436,386,9066.893,0,194.60554508751844,2.avi
1497,75,15.0,791,760,3867.0205,0,176.86678321250358,2.avi
1504,75,15.0,680,586,790.02124,0,230.93365428113773,2.avi
1508,75,15.0,563,613,1682.0702,0,206.62510610731945,2.avi
1517,75,15.0,713,253,9410.003,0,0.0,2.avi
1518,75,15.0,1206,667,2163.455,0,0.0,2.avi
1519,75,15.0,795,9,1041.4211,0,0.0,2.avi
1520,75,15.0,14,300,1475.1683,0,0.0,2.avi
1521,75,15.0,447,476,2132.6926,0,0.0,2.avi
1522,75,15.0,721,878,1093.5105,0,0.0,2.avi
1523,75,15.0,440,307,1177.7449,0,0.0,2.avi
1493,76,15.2,333,898,5152.616,0,242.635207533314,2.avi
1496,76,15.2,998,227,1008.4131,0,204.50257991671825,2.avi
1524,76,15.2,1062,938,1576.3975,0,0.0,2.avi
1525,76,15.2,626,333,2096.2322,0,0.0,2.avi
1496,77,15.4,985,228,836.2142,0,95.74363998805951,2.avi
1509,77,15.4,965,997,3136.515,0,76.98156523103897,2.avi
1517,77,15.4,704,210,1543.3818,0,217.7459206600637,2.avi
1519,77,15.4,760,11,1282.0579,0,174.37722237327642,2.avi
1520,77,15.4,26,348,3477.3518,0,249.9134642002248,2.avi
1522,77,15.4,702,901,3952.2441,0,152.7899655942125,2.avi
1526,77,15.4,142,640,1239.3267,0,0.0,2.avi
1527,77,15.4,933,227,1746.179,0,0.0,2.avi
1509,78,15.6,954,1009,2156.4834,0,98.1110563178369,2.avi
1510,78,15.6,471,873,1554.6042,0,194.6211829837519,2.avi
1513,78,15.6,84,930,1946.7151,0,46.08896441192518,2.avi
1528,78,15.6,1233,114,8148.5903,0,0.0,2.avi
1529,78,15.6,592,158,6443.396,0,0.0,2.avi
1530,78,15.6,863,413,1918.0319,0,0.0,2.avi
1531,78,15.6,883,767,2341.2578,0,0.0,2.avi
1532,78,15.6,289,327,1750.0094,0,0.0,2.avi
1533,78,15.6,1095,490,3157.8882,0,0.0,2.avi
1534,78,15.6,198,556,1319.299,0,0.0,2.avi
1535,78,15.6,64,407,2815.1753,0,0.0,2.avi
1506,79,15.8,1194,728,2610.9182,0,199.42984387219076,2.avi
1507,79,15.8,341,583,1950.2837,0,248.91571154515609,2.avi
1511,79,15.8,152,782,12785.563,0,249.54846453279876,2.avi
1518,79,15.8,1183,678,931.1018,0,130.44227863926278,2.avi
1524,79,15.8,1084,950,5005.757,0,121.96583234338196,2.avi
1536,79,15.8,688,269,6941.0166,0,0.0,2.avi
1537,79,15.8,470,89,1543.212,0,0.0,2.avi
1538,79,15.8,37,513,2229.233,0,0.0,2.avi
1539,79,15.8,1118,220,1328.8109,0,0.0,2.avi
1540,79,15.8,243,931,7354.364,0,0.0,2.avi
1541,79,15.8,212,9,862.24426,0,0.0,2.avi
1542,79,15.8,334,735,2098.1729,0,0.0,2.avi
1510,80,16.0,450,901,1308.6328,0,198.05008751452252,2.avi
1518,80,16.0,1162,656,1406.6648,0,173.27288132755692,2.avi
1543,80,16.0,174,245,11369.195,0,0.0,2.avi
1544,80,16.0,146,426,7331.7993,0,0.0,2.avi
1545,80,16.0,890,664,2771.0105,0,0.0,2.avi
1546,80,16.0,651,738,2228.2324,0,0.0,2.avi
1547,80,16.0,314,214,2893.2834,0,0.0,2.avi
1543,81,16.2,171,283,1410.873,0,194.39117826831392,2.avi
1548,81,16.2,481,365,1746.8237,0,0.0,2.avi
1549,81,16.2,1196,413,1812.5698,0,0.0,2.avi
1550,81,16.2,781,15,991.94855,0,0.0,2.avi
1551,81,16.2,631,55,1298.3225,0,0.0,2.avi
1552,81,16.2,1090,24,6374.0513,0,0.0,2.avi
1553,81,16.2,686,395,1748.6744,0,0.0,2.avi
1554,81,16.2,920,4,235.44649,0,0.0,2.avi
1555,81,16.2,517,286,2151.2285,0,0.0,2.avi
1507,82,16.4,348,577,940.40643,0,103.66096168887624,2.avi
1534,82,16.4,162,534,1723.0123,0,209.3854067837403,2.avi
1551,82,16.4,674,55,13287.124,0,220.4666527213012,2.avi
1556,82,16.4,860,136,2313.8347,0,0.0,2.avi
1557,82,16.4,939,105,2594.747,0,0.0,2.avi
1558,82,16.4,461,281,1427.6543,0,0.0,2.avi
1559,82,16.4,1220,614,1687.3683,0,0.0,2.avi
1519,83,16.6,495,31,1276.8983,0,141.82437961895755,2.avi
1520,83,16.6,138,707,2044.2373,0,212.14824974014135,2.avi
1537,83,16.6,453,122,2755.9707,0,186.6336351845548,2.avi
1552,83,16.6,1134,4,385.89404,0,243.32063788727044,2.avi
1554,83,16.6,898,14,1511.9854,0,120.60929095275044,2.avi
1560,83,16.6,1029,810,11301.0625,0,0.0,2.avi
1561,83,16.6,260,109,16803.162,0,0.0,2.avi
1562,83,16.6,850,244,10219.531,0,0.0,2.avi
1563,83,16.6,752,642,1312.0568,0,0.0,2.avi
1564,83,16.6,1247,890,2986.5212,0,0.0,2.avi
1565,83,16.6,1260,617,1663.9001,0,0.0,2.avi
1566,83,16.6,593,406,1159.4796,0,0.0,2.avi
1567,83,16.6,308,6,566.3418,0,0.0,2.avi
1535,84,16.8,65,417,1308.9194,0,51.06312944975041,2.avi
1564,84,16.8,1216,908,2113.5786,0,180.1302346584433,2.avi
1568,84,16.8,507,956,11728.701,0,0.0,2.avi
1569,84,16.8,383,169,3340.4626,0,0.0,2.avi
1570,84,16.8,554,806,7101.3716,0,0.0,2.avi
1571,84,16.8,944,208,2728.5444,0,0.0,2.avi
1572,84,16.8,194,698,3399.1763,0,0.0,2.avi
1573,84,16.8,1228,197,891.0364,0,0.0,2.avi
1574,84,16.8,449,1011,1302.864,0,0.0,2.avi
1575,84,16.8,1054,137,2264.2896,0,0.0,2.avi
1576,84,16.8,426,372,12353.617,0,0.0,2.avi
1518,85,17.0,899,398,1419.4385,0,115.22529301374692,2.avi
1538,85,17.0,28,501,6189.8833,0,79.05138710298299,2.avi
1542,85,17.0,346,745,757.99634,0,78.85427741049662,2.avi
1548,85,17.0,499,362,1415.9432,0,95.22703592796393,2.avi
1555,85,17.0,509,259,2697.4058,0,144.00525324569634,2.avi
1567,85,17.0,280,11,1009.6424,0,142.74983465194853,2.avi
1572,85,17.0,187,677,3987.096,0,114.2952391846523,2.avi
1576,85,17.0,403,405,1589.9316,0,202.4911323552863,2.avi
1577,85,17.0,572,464,5075.2476,0,0.0,2.avi
1578,85,17.0,780,939,1963.803,0,0.0,2.avi
1579,85,17.0,1180,867,2162.865,0,0.0,2.avi
1580,85,17.0,163,889,1042.1957,0,0.0,2.avi
1581,85,17.0,1134,550,3177.2786,0,0.0,2.avi
1582,85,17.0,1088,471,1781.2166,0,0.0,2.avi
1583,85,17.0,297,854,2155.1858,0,0.0,2.avi
1584,85,17.0,1157,495,3099.082,0,0.0,2.avi
1518,86,17.2,869,360,1859.3506,0,145.04936099315714,2.avi
1519,86,17.2,416,88,1134.143,0,249.80321129881776,2.avi
1534,86,17.2,114,507,965.68054,0,64.8408513057247,2.avi
1571,86,17.2,917,171,6187.483,0,230.6681246410421,2.avi
1585,86,17.2,260,204,2401.2922,0,0.0,2.avi
1586,86,17.2,817,430,1809.6476,0,0.0,2.avi
1587,86,17.2,896,515,2435.4543,0,0.0,2.avi
1588,86,17.2,1187,999,1359.3931,0,0.0,2.avi
1589,86,17.2,649,440,1427.1398,0,0.0,2.avi
1590,86,17.2,761,550,2693.344,0,0.0,2.avi
1591,86,17.2,525,104,1574.2877,0,0.0,2.avi
1592,86,17.2,689,950,1073.6666,0,0.0,2.avi
1593,86,17.2,699,72,1458.2214,0,0.0,2.avi
1594,86,17.2,1265,331,1640.7279,0,0.0,2.avi
1548,87,17.4,515,391,2014.0236,0,157.8239017239281,2.avi
1558,87,17.4,469,252,930.5903,0,148.4263964730507,2.avi
1579,87,17.4,1167,826,3046.772,0,213.7497760049304,2.avi
1582,87,17.4,1078,475,1967.3289,0,50.64255381017941,2.avi
1595,87,17.4,604,337,2566.7188,0,0.0,2.avi
1596,87,17.4,637,1012,1098.1818,0,0.0,2.avi
1597,87,17.4,46,246,1491.0334,0,0.0,2.avi
1598,87,17.4,779,466,3845.7092,0,0.0,2.avi
1599,87,17.4,805,587,2951.34,0,0.0,2.avi
1569,88,17.6,376,143,1605.5336,0,132.59506312985323,2.avi
1570,88,17.6,574,807,2940.1372,0,98.3201564512693,2.avi
1574,88,17.6,444,1020,208.38855,0,50.7463365487263,2.avi
1578,88,17.6,798,904,10776.71,0,196.5914434182801,2.avi
1600,88,17.6,974,942,2369.146,0,0.0,2.avi
1601,88,17.6,516,336,1601.8872,0,0.0,2.avi
1602,88,17.6,300,608,3616.4373,0,0.0,2.avi
1603,88,17.6,1142,303,904.8831,0,0.0,2.avi
1604,88,17.6,389,399,803.61176,0,0.0,2.avi
1605,88,17.6,1108,8,720.3957,0,0.0,2.avi
1606,88,17.6,498,730,1354.4055,0,0.0,2.avi
1607,88,17.6,1076,873,2169.903,0,0.0,2.avi
1608,88,17.6,585,985,4761.534,0,0.0,2.avi
1518,89,17.8,718,128,1586.0612,0,143.8890824947254,2.avi
1554,89,17.8,774,107,1060.3433,0,182.09582285357976,2.avi
1579,89,17.8,1133,801,2271.5447,0,127.9099275532628,2.avi
1583,89,17.8,265,865,1325.3181,0,171.1024562311282,2.avi
1584,89,17.8,1182,517,3899.9604,0,164.36052213896653,2.avi
1590,89,17.8,729,540,1319.0344,0,168.9399799390111,2.avi
1599,89,17.8,808,557,1135.5068,0,148.82421921563557,2.avi
1609,89,17.8,1228,906,6065.6685,0,0.0,2.avi
1610,89,17.8,197,737,2661.5205,0,0.0,2.avi
1611,89,17.8,511,638,2110.1025,0,0.0,2.avi
1612,89,17.8,376,538,1232.5928,0,0.0,2.avi
1613,89,17.8,194,481,753.5497,0,0.0,2.avi
1614,89,17.8,1130,907,2446.3625,0,0.0,2.avi
1615,89,17.8,659,496,708.9614,0,0.0,2.avi
1616,89,17.8,621,265,778.3803,0,0.0,2.avi
1617,89,17.8,1013,368,1666.1857,0,0.0,2.avi
1618,89,17.8,1032,739,1879.8247,0,0.0,2.avi
1619,89,17.8,789,220,1159.1018,0,0.0,2.avi
1620,89,17.8,105,444,3203.1492,0,0.0,2.avi
1621,89,17.8,630,957,1760.2869,0,0.0,2.avi
1578,90,18.0,770,881,3675.8145,0,192.06439144818364,2.avi
1600,90,18.0,944,968,6619.9116,0,200.6721849584027,2.avi
1604,90,18.0,414,400,1412.7974,0,127.90731877795731,2.avi
1607,90,18.0,1082,875,2671.23,0,31.345980138919582,2.avi
1609,90,18.0,1201,935,3192.1804,0,196.75615870401944,2.avi
1611,90,18.0,486,645,1926.7521,0,131.39607048323873,2.avi
1619,90,18.0,761,239,6040.4727,0,172.9560471026263,2.avi
1622,90,18.0,898,268,6951.6646,0,0.0,2.avi
1623,90,18.0,121,701,3071.0437,0,0.0,2.avi
1624,90,18.0,623,839,1944.959,0,0.0,2.avi
1625,90,18.0,1243,596,1123.9424,0,0.0,2.avi
1626,90,18.0,267,273,1260.6528,0,0.0,2.avi
1627,90,18.0,1126,191,3374.367,0,0.0,2.avi
1628,90,18.0,1057,1015,973.756,0,0.0,2.avi
1629,90,18.0,694,143,1158.0411,0,0.0,2.avi
1630,90,18.0,1175,771,1330.9415,0,0.0,2.avi
1631,90,18.0,829,609,2183.3274,0,0.0,2.avi
1632,90,18.0,965,654,1515.908,0,0.0,2.avi
1633,90,18.0,498,153,665.2901,0,0.0,2.avi
1634,90,18.0,238,389,1327.6145,0,0.0,2.avi
1582,91,18.2,1083,493,1698.5155,0,182.02514392519055,2.avi
1593,91,18.2,726,49,1182.1683,0,177.62772192213097,2.avi
1596,91,18.2,674,1005,4393.694,0,191.94336963736995,2.avi
1601,91,18.2,528,323,8107.4233,0,89.16789955909877,2.avi
1607,91,18.2,1086,906,2948.6687,0,173.9941293794361,2.avi
1612,91,18.2,417,522,3027.3477,0,216.3460839055047,2.avi
1635,91,18.2,408,841,1595.4766,0,0.0,2.avi
1636,91,18.2,1149,408,1736.4899,0,0.0,2.avi
1637,91,18.2,629,641,2925.3992,0,0.0,2.avi
1638,91,18.2,1260,202,2082.4998,0,0.0,2.avi
1639,91,18.2,417,310,7565.898,0,0.0,2.avi
1640,91,18.2,778,336,3652.8948,0,0.0,2.avi
1641,91,18.2,847,39,2784.5464,0,0.0,2.avi
1642,91,18.2,769,186,4284.645,0,0.0,2.avi
1519,92,18.4,172,309,1513.353,0,150.14582947944854,2.avi
1558,92,18.4,490,193,2508.4023,0,161.3716271781851,2.avi
1593,92,18.4,722,54,1485.7059,0,45.98027160099971,2.avi
1610,92,18.4,194,784,2867.917,0,233.2968329234967,2.avi
1613,92,18.4,189,448,3310.62,0,168.04308632708234,2.avi
1614,92,18.4,1119,917,4056.4746,0,76.08947030042432,2.avi
1617,92,18.4,1039,390,887.65137,0,166.4071375551474,2.avi
1623,92,18.4,123,674,993.34863,0,134.9729067259251,2.avi
1643,92,18.4,1109,642,925.7811,0,0.0,2.avi
1644,92,18.4,685,836,1652.9963,0,0.0,2.avi
1645,92,18.4,51,796,1417.551,0,0.0,2.avi
1646,92,18.4,237,932,759.0383,0,0.0,2.avi
1647,92,18.4,152,380,8202.535,0,0.0,2.avi
1648,92,18.4,663,598,2803.2798,0,0.0,2.avi
1596,93,18.6,710,1018,1341.9395,0,145.10079362871252,2.avi
1610,93,18.6,229,777,2852.1624,0,218.55271962084893,2.avi
1611,93,18.6,350,711,3249.5557,0,202.074013166817,2.avi
1624,93,18.6,647,828,1505.8569,0,132.60114253243165,2.avi
1649,93,18.6,104,590,5053.0903,0,0.0,2.avi
1650,93,18.6,264,861,1386.6547,0,0.0,2.avi
1651,93,18.6,971,75,769.6636,0,0.0,2.avi
1652,93,18.6,439,667,983.4037,0,0.0,2.avi
1653,93,18.6,303,149,1802.149,0,0.0,2.avi
1604,94,18.8,494,383,680.6819,0,95.84815391957578,2.avi
1641,94,18.8,843,50,1511.528,0,58.54575177377115,2.avi
1650,94,18.8,276,883,2137.128,0,127.8971420364887,2.avi
1654,94,18.8,129,919,5342.2637,0,0.0,2.avi
1655,94,18.8,898,52,2128.8157,0,0.0,2.avi
1656,94,18.8,344,537,4967.9233,0,0.0,2.avi
1657,94,18.8,219,224,3322.9558,0,0.0,2.avi
1658,94,18.8,179,589,1703.6829,0,0.0,2.avi
1659,94,18.8,628,70,1485.4357,0,0.0,2.avi
1660,94,18.8,12,625,783.2705,0,0.0,2.avi
1661,94,18.8,1234,803,4549.7095,0,0.0,2.avi
1662,94,18.8,1212,964,769.3881,0,0.0,2.avi
1663,94,18.8,1265,674,1503.3735,0,0.0,2.avi
1664,94,18.8,481,278,1095.6248,0,0.0,2.avi
1582,95,19.0,1117,529,2424.586,0,140.91359574504517,2.avi
1613,95,19.0,195,411,2251.6702,0,59.09362550144721,2.avi
1632,95,19.0,954,616,10007.363,0,197.86579939635132,2.avi
1665,95,19.0,952,468,2637.6174,0,0.0,2.avi
1666,95,19.0,835,517,1734.6261,0,0.0,2.avi
1667,95,19.0,520,421,4413.2603,0,0.0,2.avi
1668,95,19.0,451,549,2944.839,0,0.0,2.avi
1519,96,19.2,85,379,1243.1598,0,224.21933688237735,2.avi
1639,96,19.2,422,288,705.62646,0,113.87374515037028,2.avi
1660,96,19.2,33,597,2754.4543,0,179.50658414738106,2.avi
1663,96,19.2,1270,702,486.7912,0,142.81806550362774,2.avi
1669,96,19.2,335,845,1487.0308,0,0.0,2.avi
1670,96,19.2,572,802,1201.5526,0,0.0,2.avi
1671,96,19.2,161,723,966.2544,0,0.0,2.avi
1672,96,19.2,1252,937,2069.9285,0,0.0,2.avi
1673,96,19.2,1023,156,1006.01306,0,0.0,2.avi
1674,96,19.2,121,818,1918.3859,0,0.0,2.avi
1519,97,19.4,87,415,1551.654,0,178.64210349414793,2.avi
1643,97,19.4,1128,659,3209.7358,0,125.34223328667852,2.avi
1649,97,19.4,87,617,1536.7388,0,161.12558537892744,2.avi
1656,97,19.4,333,512,583.72363,0,136.7618675601893,2.avi
1665,97,19.4,949,486,661.8998,0,89.53688252000927,2.avi
1673,97,19.4,1039,135,1787.3518,0,137.430515143248,2.avi
1675,97,19.4,257,1000,2891.692,0,0.0,2.avi
1676,97,19.4,1236,451,1767.094,0,0.0,2.avi
1677,97,19.4,1102,13,734.4273,0,0.0,2.avi
1678,97,19.4,605,961,1830.7993,0,0.0,2.avi
1679,97,19.4,1108,171,7037.0327,0,0.0,2.avi
1680,97,19.4,321,197,819.1146,0,0.0,2.avi
1681,97,19.4,438,911,717.27844,0,0.0,2.avi
1655,98,19.6,880,22,1097.2877,0,177.06183859752022,2.avi
1673,98,19.6,1048,86,1086.2686,0,161.8538592765544,2.avi
1675,98,19.6,287,999,2851.17,0,150.06231114611415,2.avi
1682,98,19.6,691,265,7219.9263,0,0.0,2.avi
1683,98,19.6,869,985,2390.0793,0,0.0,2.avi
1684,98,19.6,623,871,3257.502,0,0.0,2.avi
1685,98,19.6,729,155,1326.4042,0,0.0,2.avi
1686,98,19.6,1167,410,1904.861,0,0.0,2.avi
1687,98,19.6,532,506,2405.1963,0,0.0,2.avi
1688,98,19.6,1060,654,831.78217,0,0.0,2.avi
1689,98,19.6,930,655,5578.614,0,0.0,2.avi
1651,99,19.8,946,75,1730.2777,0,125.71807732818004,2.avi
1678,99,19.8,613,982,956.36584,0,114.3978761315355,2.avi
1685,99,19.8,758,191,9663.418,0,236.57159150227335,2.avi
1690,99,19.8,268,362,6985.119,0,0.0,2.avi
1691,99,19.8,516,726,6436.1025,0,0.0,2.avi
1692,99,19.8,868,435,4536.667,0,0.0,2.avi
1693,99,19.8,223,464,1913.2336,0,0.0,2.avi
1694,99,19.8,757,385,2013.4635,0,0.0,2.avi
1695,99,19.8,1089,67,1360.3099,0,0.0,2.avi
1696,99,19.8,1159,9,875.11926,0,0.0,2.avi
1664,100,20.0,492,232,9612.665,0,233.6265729825357,2.avi
1674,100,20.0,100,797,6403.338,0,148.97364846453846,2.avi
1690,100,20.0,293,327,2775.6538,0,212.6736891048544,2.avi
1692,100,20.0,839,406,2611.736,0,209.5333482210575,2.avi
1697,100,20.0,306,553,4417.6235,0,0.0,2.avi
1698,100,20.0,1222,612,1969.0554,0,0.0,2.avi
1699,100,20.0,929,946,1978.4047,0,0.0,2.avi
1700,100,20.0,423,417,1724.1117,0,0.0,2.avi
1701,100,20.0,515,137,2697.9304,0,0.0,2.avi
1702,100,20.0,376,852,859.135,0,0.0,2.avi
1703,100,20.0,906,484,1095.5219,0,0.0,2.avi
1613,101,20.2,213,283,10249.482,0,42.70763610454537,2.avi
1674,101,20.2,120,774,4226.3564,0,171.1436206855637,2.avi
1704,101,20.2,1117,601,1037.1271,0,0.0,2.avi
1705,101,20.2,861,68,1759.1848,0,0.0,2.avi
1706,101,20.2,406,630,3337.199,0,0.0,2.avi
1707,101,20.2,162,193,1412.4095,0,0.0,2.avi
1708,101,20.2,1200,899,905.55273,0,0.0,2.avi
1709,101,20.2,118,863,1677.7235,0,0.0,2.avi
1679,102,20.4,1061,161,474.3042,0,235.57974318691487,2.avi
1682,102,20.4,671,234,535.66895,0,185.69647120842308,2.avi
1710,102,20.4,863,548,1840.2229,0,0.0,2.avi
1711,102,20.4,1226,520,1738.6089,0,0.0,2.avi
1712,102,20.4,694,506,790.861,0,0.0,2.avi
1713,102,20.4,120,658,2360.9583,0,0.0,2.avi
1714,102,20.4,416,1012,1751.5007,0,0.0,2.avi
1715,102,20.4,560,673,1260.6334,0,0.0,2.avi
1681,103,20.6,427,922,482.47076,0,77.6413501853045,2.avi
1689,103,20.6,960,669,1851.0754,0,164.0775424910086,2.avi
1696,103,20.6,1176,10,954.77325,0,85.89651289817249,2.avi
1701,103,20.6,480,102,2476.638,0,246.7506842493597,2.avi
1707,103,20.6,128,170,1780.2222,0,205.10434833097145,2.avi
1716,103,20.6,1063,859,1528.6559,0,0.0,2.avi
1717,103,20.6,283,332,1289.1613,0,0.0,2.avi
1718,103,20.6,759,142,670.83124,0,0.0,2.avi
1719,103,20.6,1026,144,2839.889,0,0.0,2.avi
1720,103,20.6,576,160,1728.1826,0,0.0,2.avi
1721,103,20.6,642,271,4852.519,0,0.0,2.avi
1722,103,20.6,808,408,812.09705,0,0.0,2.avi
1723,103,20.6,269,814,6881.486,0,0.0,2.avi
1724,103,20.6,926,541,2077.6375,0,0.0,2.avi
1664,104,20.8,523,208,1371.6777,0,132.8164118821129,2.avi
1691,104,20.8,479,709,1161.543,0,206.52265488175232,2.avi
1693,104,20.8,200,479,1433.7432,0,139.30163074576063,2.avi
1721,104,20.8,640,248,2836.2188,0,114.91642916340676,2.avi
1725,104,20.8,135,400,5829.005,0,0.0,2.avi
1726,104,20.8,843,274,1232.38,0,0.0,2.avi
1727,104,20.8,1120,693,1752.5924,0,0.0,2.avi
1728,104,20.8,901,605,1391.4927,0,0.0,2.avi
1729,104,20.8,1124,277,1956.866,0,0.0,2.avi
1730,104,20.8,949,795,2902.2227,0,0.0,2.avi
1731,104,20.8,924,1011,1061.8358,0,0.0,2.avi
1732,104,20.8,16,418,2503.422,0,0.0,2.avi
1733,104,20.8,678,129,1686.1375,0,0.0,2.avi
1734,104,20.8,915,646,879.38184,0,0.0,2.avi
1735,104,20.8,226,11,976.5572,0,0.0,2.avi
1736,104,20.8,1265,576,2760.1208,0,0.0,2.avi
1737,104,20.8,1055,724,5890.0596,0,0.0,2.avi
1664,105,21.0,511,240,1498.1675,0,212.69665512979392,2.avi
1685,105,21.0,1265,823,1189.7695,0,124.8494421067266,2.avi
1723,105,21.0,300,840,713.4756,0,202.68214949291408,2.avi
1724,105,21.0,926,567,1563.8977,0,129.8673255137627,2.avi
1738,105,21.0,674,692,9414.474,0,0.0,2.avi
1739,105,21.0,673,790,7017.0874,0,0.0,2.avi
1740,105,21.0,1211,689,1461.1506,0,0.0,2.avi
1741,105,21.0,376,671,2356.0562,0,0.0,2.avi
1700,106,21.2,454,388,2598.9363,0,212.5194773585968,2.avi
1708,106,21.2,1215,904,1504.3132,0,77.97044622223615,2.avi
1718,106,21.2,751,154,1020.7892,0,70.19649296205411,2.avi
1723,106,21.2,290,856,4957.394,0,121.92934158007888,2.avi
1730,106,21.2,968,762,2448.7305,0,191.8503386167332,2.avi
1741,106,21.2,412,701,1624.5544,0,238.0426316789585,2.avi
1742,106,21.2,199,134,2208.064,0,0.0,2.avi
1743,106,21.2,1010,963,2358.7493,0,0.0,2.avi
1744,106,21.2,218,532,2231.7417,0,0.0,2.avi
1745,106,21.2,194,75,1430.625,0,0.0,2.avi
1746,106,21.2,1165,702,945.15686,0,0.0,2.avi
1747,106,21.2,653,44,3095.277,0,0.0,2.avi
1748,106,21.2,592,568,1773.7179,0,0.0,2.avi
1749,106,21.2,226,775,1437.3419,0,0.0,2.avi
1711,107,21.4,1235,492,7466.0176,0,142.8029606532588,2.avi
1714,107,21.4,385,1016,499.13452,0,157.33140657068077,2.avi
1737,107,21.4,1032,766,824.6987,0,239.9149578121192,2.avi
1750,107,21.4,915,21,2054.6252,0,0.0,2.avi
1751,107,21.4,685,278,2244.4246,0,0.0,2.avi
1752,107,21.4,769,700,2524.8958,0,0.0,2.avi
1753,107,21.4,1129,804,2046.1464,0,0.0,2.avi
1754,107,21.4,1208,254,2775.6045,0,0.0,2.avi
1755,107,21.4,215,288,1704.1494,0,0.0,2.avi
1756,107,21.4,753,507,1665.0398,0,0.0,2.avi
1757,107,21.4,25,709,1909.6235,0,0.0,2.avi
1758,107,21.4,1163,632,1508.3633,0,0.0,2.avi
1693,108,21.6,216,454,2190.4053,0,241.93434055164332,2.avi
1733,108,21.6,661,153,1568.2866,0,142.70176135201993,2.avi
1741,108,21.6,474,770,2932.8752,0,128.90696925952403,2.avi
1759,108,21.6,695,582,7245.3184,0,0.0,2.avi
1760,108,21.6,807,643,2639.4983,0,0.0,2.avi
1761,108,21.6,816,91,2092.6814,0,0.0,2.avi
1762,108,21.6,528,37,926.91595,0,0.0,2.avi
1763,108,21.6,598,892,865.07733,0,0.0,2.avi
1764,108,21.6,1128,368,641.149,0,0.0,2.avi
1765,108,21.6,1268,632,914.6398,0,0.0,2.avi
1693,109,21.8,221,445,1388.4099,0,36.51478340069605,2.avi
1731,109,21.8,906,1014,607.98474,0,88.19180881639676,2.avi
1758,109,21.8,1186,615,2233.2573,0,141.80560562779834,2.avi
1766,109,21.8,932,798,6493.641,0,0.0,2.avi
1767,109,21.8,524,452,6697.1406,0,0.0,2.avi
1768,109,21.8,156,535,2812.5713,0,0.0,2.avi
1769,109,21.8,1034,549,3584.5117,0,0.0,2.avi
1770,109,21.8,1011,820,2442.964,0,0.0,2.avi
1771,109,21.8,950,73,1063.2225,0,0.0,2.avi
1772,109,21.8,158,673,6923.2026,0,0.0,2.avi
1773,109,21.8,1074,1010,1139.9602,0,0.0,2.avi
1774,109,21.8,38,527,2624.6265,0,0.0,2.avi
1711,110,22.0,1225,501,904.5547,0,117.4461821056544,2.avi
1725,110,22.0,169,399,1475.5259,0,166.36017670380193,2.avi
1733,110,22.0,673,153,3433.4536,0,89.76193921785374,2.avi
1739,110,22.0,641,784,1139.1387,0,161.60883462776675,2.avi
1747,110,22.0,662,26,967.3799,0,98.57447929347394,2.avi
1775,110,22.0,256,711,1515.6494,0,0.0,2.avi
1776,110,22.0,507,965,1183.9257,0,0.0,2.avi
1777,110,22.0,889,537,2129.9739,0,0.0,2.avi
1778,110,22.0,166,224,1226.2283,0,0.0,2.avi
1779,110,22.0,198,932,2103.253,0,0.0,2.avi
1780,110,22.0,105,569,7484.47,0,0.0,2.avi
1781,110,22.0,1076,589,1740.4335,0,0.0,2.avi
1708,111,22.2,1229,880,1313.2646,0,141.4078595243712,2.avi
1741,111,22.2,563,879,1505.0085,0,217.09690448301464,2.avi
1755,111,22.2,220,277,4246.2935,0,60.16874469659339,2.avi
1766,111,22.2,947,770,2731.2524,0,160.41147739323156,2.avi
1775,111,22.2,289,694,2147.9065,0,186.06152347436267,2.avi
1782,111,22.2,106,882,2274.9746,0,0.0,2.avi
1783,111,22.2,786,887,1103.4607,0,0.0,2.avi
1784,111,22.2,1085,973,690.12634,0,0.0,2.avi
1785,111,22.2,805,468,1036.9917,0,0.0,2.avi
1786,111,22.2,629,648,2467.2188,0,0.0,2.avi
1787,111,22.2,211,625,1667.5934,0,0.0,2.avi
1758,112,22.4,1197,552,1559.588,0,215.0161724649463,2.avi
1759,112,22.4,735,599,1730.9917,0,218.18425882840145,2.avi
1774,112,22.4,29,483,4624.7266,0,222.7169341513454,2.avi
1783,112,22.4,822,892,2659.0962,0,182.07183620088048,2.avi
1786,112,22.4,614,638,1220.0577,0,91.63170160591348,2.avi
1788,112,22.4,302,369,2581.2468,0,0.0,2.avi
1789,112,22.4,378,684,3042.8127,0,0.0,2.avi
1790,112,22.4,979,565,1437.4794,0,0.0,2.avi
1791,112,22.4,116,955,1651.5078,0,0.0,2.avi
1792,112,22.4,226,692,959.60846,0,0.0,2.avi
1793,112,22.4,646,69,736.63184,0,0.0,2.avi
1794,112,22.4,726,38,9735.435,0,0.0,2.avi
1795,112,22.4,570,510,1917.3237,0,0.0,2.avi
1757,113,22.6,9,687,864.0851,0,131.17865380140432,2.avi
1778,113,22.6,190,197,877.37164,0,180.30984142810905,2.avi
1779,113,22.6,213,937,1211.7979,0,82.06986233394102,2.avi
1785,113,22.6,799,452,763.85876,0,86.35361895979317,2.avi
1787,113,22.6,200,603,1118.198,0,123.58932637644078,2.avi
1792,113,22.6,232,687,1420.8201,0,39.742685963971375,2.avi
1796,113,22.6,261,107,15472.863,0,0.0,2.avi
1797,113,22.6,1206,120,5872.78,0,0.0,2.avi
1798,113,22.6,306,1010,1467.5035,0,0.0,2.avi
1799,113,22.6,1262,737,1964.2588,0,0.0,2.avi
1800,113,22.6,927,1001,1880.5634,0,0.0,2.avi
1801,113,22.6,556,638,1699.2417,0,0.0,2.avi
1802,113,22.6,523,237,1544.9077,0,0.0,2.avi
1803,113,22.6,366,768,1802.6174,0,0.0,2.avi
1804,113,22.6,309,560,885.5392,0,0.0,2.avi
1805,113,22.6,1041,747,1223.2493,0,0.0,2.avi
1806,113,22.6,720,692,693.47217,0,0.0,2.avi
1807,113,22.6,1074,413,652.1039,0,0.0,2.avi
1808,113,22.6,193,767,1170.8282,0,0.0,2.avi
1809,113,22.6,1069,196,3892.1494,0,0.0,2.avi
1810,113,22.6,844,601,1613.1538,0,0.0,2.avi
1764,114,22.8,1146,363,873.59625,0,92.97458302807794,2.avi
1765,114,22.8,1267,600,994.1418,0,158.9413540545399,2.avi
1805,114,22.8,1053,773,3930.241,0,142.3245596947034,2.avi
1811,114,22.8,863,427,2337.772,0,0.0,2.avi
1812,114,22.8,1118,690,3588.808,0,0.0,2.avi
1813,114,22.8,450,316,3952.1838,0,0.0,2.avi
1814,114,22.8,1248,438,2014.3187,0,0.0,2.avi
1815,114,22.8,1246,37,4869.7285,0,0.0,2.avi
1816,114,22.8,9,952,678.198,0,0.0,2.avi
1817,114,22.8,72,626,1691.1844,0,0.0,2.avi
1771,115,23.0,978,90,6224.2153,0,166.41722839315509,2.avi
1796,115,23.0,284,149,2816.376,0,240.29760050993772,2.avi
1818,115,23.0,572,845,1954.0465,0,0.0,2.avi
1819,115,23.0,659,408,880.3632,0,0.0,2.avi
1820,115,23.0,418,549,2245.1946,0,0.0,2.avi
1821,115,23.0,1257,967,1096.2646,0,0.0,2.avi
1822,115,23.0,900,872,945.1218,0,0.0,2.avi
1783,116,23.2,1075,936,1826.6064,0,167.1752149659024,2.avi
1823,116,23.2,1042,685,2501.176,0,0.0,2.avi
1824,116,23.2,227,837,705.4828,0,0.0,2.avi
1825,116,23.2,176,189,2933.8364,0,0.0,2.avi
1826,116,23.2,992,150,21553.93,0,0.0,2.avi
1708,117,23.4,1238,879,474.54874,0,200.53945886667395,2.avi
1809,117,23.4,1104,214,5549.4736,0,198.06875472144247,2.avi
1827,117,23.4,806,177,20061.121,0,0.0,2.avi
1828,117,23.4,1256,256,1637.2642,0,0.0,2.avi
1829,117,23.4,1115,14,1713.3788,0,0.0,2.avi
1830,117,23.4,1264,317,1380.3833,0,0.0,2.avi
1831,117,23.4,1079,775,3556.1152,0,0.0,2.avi
1832,117,23.4,380,922,2803.825,0,0.0,2.avi
1833,117,23.4,1059,58,944.9179,0,0.0,2.avi
1779,118,23.6,255,949,2694.4746,0,9.930225581721723,2.avi
1794,118,23.6,685,38,877.0762,0,202.1918272028396,2.avi
1799,118,23.6,1260,741,2913.1008,0,22.43085044395774,2.avi
1811,118,23.6,866,401,2119.3315,0,131.17739714369608,2.avi
1820,118,23.6,373,568,2183.0986,0,244.0313574032948,2.avi
1828,118,23.6,1268,214,1171.8655,0,221.1434940880652,2.avi
1832,118,23.6,388,905,935.0569,0,95.24315998499924,2.avi
1834,118,23.6,661,583,902.3505,0,0.0,2.avi
1835,118,23.6,624,187,26634.99,0,0.0,2.avi
1778,119,23.8,275,109,957.1449,0,40.363479071684,2.avi
1824,119,23.8,235,852,3563.8276,0,82.19941318186189,2.avi
1835,119,23.8,669,185,3209.8828,0,226.91261377565132,2.avi
1836,119,23.8,57,511,2838.9102,0,0.0,2.avi
1837,119,23.8,591,341,1675.3685,0,0.0,2.avi
1838,119,23.8,310,674,1641.7958,0,0.0,2.avi
1839,119,23.8,1198,660,2028.872,0,0.0,2.avi
1840,119,23.8,815,855,3299.444,0,0.0,2.avi
1841,119,23.8,450,197,16896.797,0,0.0,2.avi
1842,120,24.0,278,213,20222.705,0,0.0,2.avi
1843,120,24.0,1244,837,4285.754,0,0.0,2.avi
1844,120,24.0,991,525,1877.497,0,0.0,2.avi
1845,120,24.0,1225,340,930.00635,0,0.0,2.avi
1846,120,24.0,305,9,1312.3812,0,0.0,2.avi
1847,120,24.0,1079,497,1515.1726,0,0.0,2.avi
1848,120,24.0,1053,1010,525.5561,0,0.0,2.avi
1849,120,24.0,241,6,308.28757,0,0.0,2.avi
1850,120,24.0,196,240,2087.4382,0,0.0,2.avi
1851,121,24.2,860,701,1977.012,0,0.0,2.avi
1852,121,24.2,758,566,1778.2316,0,0.0,2.avi
1853,121,24.2,219,318,4127.3984,0,0.0,2.avi
1854,121,24.2,601,48,1235.2931,0,0.0,2.avi
1855,121,24.2,1272,414,701.0599,0,0.0,2.avi
1856,121,24.2,416,74,4111.4307,0,0.0,2.avi
1857,121,24.2,534,551,648.64886,0,0.0,2.avi
1858,121,24.2,601,255,1438.9336,0,0.0,2.avi
1859,121,24.2,93,220,23558.857,0,0.0,2.avi
1860,121,24.2,270,146,480.57376,0,0.0,2.avi
1823,122,24.4,1051,669,995.37036,0,88.35442941731408,2.avi
1831,122,24.4,1077,771,1064.6213,0,19.46043146372138,2.avi
1833,122,24.4,1021,39,2611.6523,0,211.92815489849352,2.avi
1842,122,24.4,298,201,3004.254,0,111.70892355148908,2.avi
1858,122,24.4,646,271,3405.8264,0,238.20138209614117,2.avi
1861,122,24.4,452,517,1090.5624,0,0.0,2.avi
1862,122,24.4,922,992,1298.3191,0,0.0,2.avi
1863,122,24.4,962,930,1132.9391,0,0.0,2.avi
1864,122,24.4,819,18,1104.5416,0,0.0,2.avi
1865,122,24.4,241,146,930.6266,0,0.0,2.avi
1827,123,24.6,840,149,2135.3848,0,216.32507796618856,2.avi
1846,123,24.6,331,11,1077.3204,0,133.2740895880443,2.avi
1866,123,24.6,699,998,943.33026,0,0.0,2.avi
1867,123,24.6,477,992,4374.3696,0,0.0,2.avi
1868,123,24.6,915,854,3100.1218,0,0.0,2.avi
1869,123,24.6,356,316,3234.2961,0,0.0,2.avi
1870,123,24.6,1265,941,1262.189,0,0.0,2.avi
1778,124,24.8,317,58,1075.5126,0,108.51653387649762,2.avi
1840,124,24.8,859,868,890.8721,0,227.8826082872394,2.avi
1844,124,24.8,964,486,1818.7942,0,237.40100167576543,2.avi
1847,124,24.8,1052,524,782.7838,0,191.4232633730744,2.avi
1852,124,24.8,745,525,2443.5679,0,214.5032207474135,2.avi
1854,124,24.8,616,45,978.7344,0,80.11659213284709,2.avi
1859,124,24.8,53,199,1486.0039,0,226.8296479545004,2.avi
1871,124,24.8,443,868,950.65326,0,0.0,2.avi
1872,124,24.8,386,16,1165.5156,0,0.0,2.avi
1873,124,24.8,282,227,2273.5847,0,0.0,2.avi
1874,124,24.8,314,776,1149.7229,0,0.0,2.avi
1875,124,24.8,819,438,945.9297,0,0.0,2.avi
1876,124,24.8,440,947,3339.7827,0,0.0,2.avi
1836,125,25.0,48,477,622.33276,0,175.66742025610029,2.avi
1843,125,25.0,1239,880,958.6787,0,220.7085128869209,2.avi
1844,125,25.0,967,497,1036.3416,0,89.71881582918495,2.avi
1849,125,25.0,216,11,1976.1986,0,125.92277687377492,2.avi
1854,125,25.0,609,21,1280.2924,0,146.2523404065699,2.avi
1864,125,25.0,795,49,1102.3013,0,196.99845595041816,2.avi
1877,125,25.0,147,662,2283.9321,0,0.0,2.avi
1878,125,25.0,423,824,1313.0907,0,0.0,2.avi
1879,125,25.0,166,195,950.35516,0,0.0,2.avi
1880,125,25.0,894,472,867.42474,0,0.0,2.avi
1881,125,25.0,478,631,743.86676,0,0.0,2.avi
1840,126,25.2,847,871,1231.7327,0,104.012406432545,2.avi
1848,126,25.2,1081,1012,769.1753,0,141.0722894631061,2.avi
1864,126,25.2,805,84,1347.9259,0,189.2073920951196,2.avi
1882,126,25.2,45,551,7029.5044,0,0.0,2.avi
1883,126,25.2,669,504,1486.4397,0,0.0,2.avi
1884,126,25.2,782,338,3010.7183,0,0.0,2.avi
1885,126,25.2,1141,49,794.8849,0,0.0,2.avi
1833,127,25.4,966,21,3065.7563,0,82.17225897434474,2.avi
1873,127,25.4,297,200,1453.7385,0,155.16403074786706,2.avi
1880,127,25.4,893,475,1073.075,0,20.60758370352293,2.avi
1886,127,25.4,299,460,3354.2266,0,0.0,2.avi
1887,127,25.4,1082,184,2009.6852,0,0.0,2.avi
1888,128,25.6,622,96,5462.0054,0,0.0,2.avi
1889,128,25.6,976,728,5060.391,0,0.0,2.avi
1890,128,25.6,720,329,1613.739,0,0.0,2.avi
1891,128,25.6,1032,624,1631.4564,0,0.0,2.avi
1892,128,25.6,633,291,2052.6401,0,0.0,2.avi
1893,128,25.6,559,665,1688.9403,0,0.0,2.avi
1894,128,25.6,358,211,1098.2355,0,0.0,2.avi
1895,128,25.6,212,331,852.4363,0,0.0,2.avi
1896,128,25.6,526,596,4837.6123,0,0.0,2.avi
1849,129,25.8,227,17,1427.4684,0,139.20941941510145,2.avi
1877,129,25.8,146,641,4648.574,0,106.53803655100144,2.avi
1891,129,25.8,1011,603,2089.0315,0,149.58839882246062,2.avi
1897,129,25.8,441,390,2121.697,0,0.0,2.avi
1898,129,25.8,902,185,1777.8215,0,0.0,2.avi
1899,129,25.8,120,775,1742.9144,0,0.0,2.avi
1900,129,25.8,357,589,758.521,0,0.0,2.avi
1901,129,25.8,380,455,3075.9124,0,0.0,2.avi
1902,129,25.8,854,937,2199.203,0,0.0,2.avi
1903,129,25.8,379,922,5249.9824,0,0.0,2.avi
1876,130,26.0,455,905,2236.316,0,222.69813894728296,2.avi
1880,130,26.0,855,471,1887.9823,0,191.16185108864047,2.avi
1904,130,26.0,419,1003,1916.3756,0,0.0,2.avi
1905,130,26.0,360,359,1696.8328,0,0.0,2.avi
1906,130,26.0,495,699,2570.4414,0,0.0,2.avi
1907,130,26.0,374,856,2051.996,0,0.0,2.avi
1908,130,26.0,1057,883,2569.4292,0,0.0,2.avi
1909,130,26.0,1250,312,4334.642,0,0.0,2.avi
1910,130,26.0,1026,367,587.3681,0,0.0,2.avi
1890,131,26.2,710,305,582.70886,0,130.65231579066227,2.avi
1900,131,26.2,360,618,2059.2427,0,145.82373193391055,2.avi
1905,131,26.2,360,331,1714.3241,0,144.81017775597422,2.avi
1911,131,26.2,1205,696,772.6116,0,0.0,2.avi
1912,131,26.2,1201,595,1201.968,0,0.0,2.avi
1833,132,26.4,917,5,478.7517,0,47.19247998254159,2.avi
1913,132,26.4,1184,435,1327.5083,0,0.0,2.avi
1914,132,26.4,981,452,1564.9434,0,0.0,2.avi
1915,132,26.4,9,218,628.07166,0,0.0,2.avi
1916,132,26.4,787,652,1416.615,0,0.0,2.avi
1917,132,26.4,827,720,830.2045,0,0.0,2.avi
1918,132,26.4,191,583,5100.741,0,0.0,2.avi
1919,133,26.6,464,60,3405.142,0,0.0,2.avi
1920,133,26.6,821,229,790.60364,0,0.0,2.avi
1921,133,26.6,700,396,2598.5396,0,0.0,2.avi
1922,133,26.6,1223,127,1535.1649,0,0.0,2.avi
1923,134,26.8,90,457,2827.6858,0,0.0,2.avi
1924,134,26.8,982,60,894.08075,0,0.0,2.avi
1925,134,26.8,397,272,756.8216,0,0.0,2.avi
1926,134,26.8,587,7,576.903,0,0.0,2.avi
1927,134,26.8,1079,167,669.1527,0,0.0,2.avi
1880,135,27.0,730,458,1989.5399,0,82.69789273440104,2.avi
1912,135,27.0,1244,570,5863.634,0,248.40496640631684,2.avi
1928,135,27.0,309,632,2002.486,0,0.0,2.avi
1929,135,27.0,495,14,1299.9982,0,0.0,2.avi
1930,135,27.0,673,912,1468.408,0,0.0,2.avi
1931,135,27.0,1086,14,789.79736,0,0.0,2.avi
1932,135,27.0,1119,949,819.62115,0,0.0,2.avi
1933,135,27.0,1227,742,1198.6495,0,0.0,2.avi
1934,135,27.0,1130,623,3452.839,0,0.0,2.avi
1935,135,27.0,940,224,2839.7131,0,0.0,2.avi
1936,136,27.2,1128,331,1247.2604,0,0.0,2.avi
1937,136,27.2,459,293,2963.0652,0,0.0,2.avi
1938,136,27.2,294,169,1565.7358,0,0.0,2.avi
1939,136,27.2,1132,671,594.97974,0,0.0,2.avi
1940,136,27.2,747,701,5750.687,0,0.0,2.avi
1941,137,27.4,286,808,7620.4033,0,0.0,2.avi
1942,137,27.4,1066,249,2320.6873,0,0.0,2.avi
1943,137,27.4,17,645,1435.1257,0,0.0,2.avi
1944,137,27.4,644,450,1241.8435,0,0.0,2.avi
1945,137,27.4,174,755,877.0009,0,0.0,2.avi
1946,137,27.4,343,263,579.548,0,0.0,2.avi
1944,138,27.6,611,478,1169.0347,0,219.254564562038,2.avi
1947,138,27.6,789,578,1638.7301,0,0.0,2.avi
1948,138,27.6,840,898,2239.7156,0,0.0,2.avi
1949,138,27.6,1104,733,1237.3788,0,0.0,2.avi
1950,138,27.6,1139,999,2365.3752,0,0.0,2.avi
1934,139,27.8,1106,645,773.0061,0,163.76347966378336,2.avi
1945,139,27.8,181,770,507.9885,0,80.61750372983416,2.avi
1951,139,27.8,808,179,1358.0371,0,0.0,2.avi
1952,139,27.8,673,873,1307.6732,0,0.0,2.avi
1953,139,27.8,381,1012,1092.2671,0,0.0,2.avi
1954,139,27.8,1265,661,1493.4211,0,0.0,2.avi
1955,139,27.8,1275,826,353.53702,0,0.0,2.avi
1940,140,28.0,719,707,534.1382,0,141.91852038129724,2.avi
1956,140,28.0,692,815,2792.749,0,0.0,2.avi
1957,140,28.0,192,921,1582.2295,0,0.0,2.avi
1958,140,28.0,57,671,1598.3541,0,0.0,2.avi
1959,140,28.0,597,1017,549.12445,0,0.0,2.avi
1960,140,28.0,1251,1018,308.02643,0,0.0,2.avi
1961,140,28.0,657,7,485.01712,0,0.0,2.avi
1962,140,28.0,854,987,570.5166,0,0.0,2.avi
1963,140,28.0,543,783,710.67664,0,0.0,2.avi
1964,141,28.2,15,571,996.1419,0,0.0,2.avi
1965,141,28.2,331,182,858.1668,0,0.0,2.avi
1966,141,28.2,887,46,2306.2334,0,0.0,2.avi
1967,141,28.2,704,382,1311.7882,0,0.0,2.avi
1968,141,28.2,738,206,398.9306,0,0.0,2.avi
1969,141,28.2,629,173,474.17145,0,0.0,2.avi
1970,141,28.2,774,89,456.3679,0,0.0,2.avi
1961,142,28.4,626,16,1638.7507,0,160.83919912468957,2.avi
1965,142,28.4,342,177,491.09546,0,63.27335987400259,2.avi
1971,142,28.4,916,812,4745.3306,0,0.0,2.avi
1972,142,28.4,1176,722,1399.5104,0,0.0,2.avi
1973,142,28.4,775,298,1547.9093,0,0.0,2.avi
1974,142,28.4,724,653,931.25653,0,0.0,2.avi
1975,142,28.4,818,939,1177.3807,0,0.0,2.avi
1976,142,28.4,500,480,685.36383,0,0.0,2.avi
1977,142,28.4,272,36,676.50977,0,0.0,2.avi
1978,143,28.6,385,915,4719.746,0,0.0,2.avi
1979,143,28.6,940,595,2734.9941,0,0.0,2.avi
1980,143,28.6,281,651,2410.7522,0,0.0,2.avi
1981,143,28.6,1059,727,1549.3512,0,0.0,2.avi
1982,143,28.6,176,456,1713.1831,0,0.0,2.avi
1983,143,28.6,895,438,1530.7886,0,0.0,2.avi
1984,143,28.6,473,722,2683.4766,0,0.0,2.avi
1951,144,28.8,820,150,667.8202,0,155.68047963788402,2.avi
1956,144,28.8,696,789,1154.4723,0,132.73142957625888,2.avi
1984,144,28.8,507,724,2712.7126,0,170.80299685614554,2.avi
1985,144,28.8,76,782,1751.472,0,0.0,2.avi
1986,144,28.8,644,762,901.4332,0,0.0,2.avi
1987,144,28.8,816,1016,384.6537,0,0.0,2.avi
1957,145,29.0,191,948,2285.1,0,135.7487217853552,2.avi
1970,145,29.0,751,78,687.76825,0,127.07315395158004,2.avi
1974,146,29.2,726,677,1420.4524,0,124.41645223404976,2.avi
1988,146,29.2,1070,897,1517.1628,0,0.0,2.avi
1989,146,29.2,457,207,1634.1432,0,0.0,2.avi
1990,147,29.4,154,774,1321.6462,0,0.0,2.avi
1991,147,29.4,866,4,215.02214,0,0.0,2.avi
1992,147,29.4,661,79,837.5141,0,0.0,2.avi
1993,147,29.4,49,723,1779.5481,0,0.0,2.avi
1994,147,29.4,853,683,1044.551,0,0.0,2.avi
1995,147,29.4,425,271,634.02405,0,0.0,2.avi
1961,148,29.6,448,83,1233.0698,0,173.32850991819475,2.avi
1974,148,29.6,711,661,1136.0771,0,144.67912101435152,2.avi
1989,148,29.6,437,197,2136.8762,0,110.45884113089166,2.avi
1996,148,29.6,27,559,2814.4998,0,0.0,2.avi
1997,148,29.6,1104,821,1137.7844,0,0.0,2.avi
1998,148,29.6,176,93,754.5664,0,0.0,2.avi
1999,149,29.8,919,376,1259.3461,0,0.0,2.avi
2000,149,29.8,422,37,960.93646,0,0.0,2.avi
2001,149,29.8,950,40,747.0274,0,0.0,2.avi
2002,149,29.8,325,837,949.1165,0,0.0,2.avi
2003,149,29.8,1129,399,1005.16046,0,0.0,2.avi
2004,149,29.8,889,542,2183.1924,0,0.0,2.avi
1986,150,30.0,683,741,2322.9802,0,221.64602635541675,2.avi
2005,150,30.0,1059,114,1539.7375,0,0.0,2.avi
2006,150,30.0,651,286,1127.879,0,0.0,2.avi
2007,150,30.0,118,526,1497.8252,0,0.0,2.avi
2008,150,30.0,463,662,2219.2705,0,0.0,2.avi
2009,150,30.0,462,349,701.59436,0,0.0,2.avi
2010,150,30.0,598,1017,625.3968,0,0.0,2.avi
1990,151,30.2,168,757,476.1952,0,111.17106748523562,2.avi
2011,151,30.2,1228,780,996.0049,0,0.0,2.avi
2012,151,30.2,1241,893,1197.9006,0,0.0,2.avi
2013,151,30.2,1139,907,1169.8414,0,0.0,2.avi
2014,151,30.2,533,916,2001.8075,0,0.0,2.avi
2015,151,30.2,694,218,1562.6626,0,0.0,2.avi
2016,151,30.2,1050,624,481.886,0,0.0,2.avi
2017,151,30.2,495,5,295.12518,0,0.0,2.avi
2018,152,30.4,1133,269,2048.1204,0,0.0,2.avi
2019,152,30.4,934,242,2108.904,0,0.0,2.avi
2020,152,30.4,402,721,1292.171,0,0.0,2.avi
2021,152,30.4,637,1016,380.64035,0,0.0,2.avi
2022,152,30.4,822,891,1098.2075,0,0.0,2.avi
2023,152,30.4,131,1006,1635.56,0,0.0,2.avi
2024,152,30.4,758,729,788.4408,0,0.0,2.avi
2025,152,30.4,183,343,582.7186,0,0.0,2.avi
2026,152,30.4,811,714,4586.611,0,0.0,2.avi
1994,153,30.6,834,667,2283.566,0,129.06512928707932,2.avi
2004,153,30.6,858,576,1270.1866,0,229.51687148777964,2.avi
2027,153,30.6,153,865,3339.8137,0,0.0,2.avi
2028,153,30.6,714,1017,364.8452,0,0.0,2.avi
2029,154,30.8,510,62,2227.0994,0,0.0,2.avi
2030,154,30.8,25,853,1133.2565,0,0.0,2.avi
2031,154,30.8,238,817,2337.7524,0,0.0,2.avi
2032,154,30.8,343,179,1094.6327,0,0.0,2.avi
2007,155,31.0,129,553,671.2882,0,149.7382229689641,2.avi
2033,155,31.0,284,238,1551.6237,0,0.0,2.avi
2034,155,31.0,144,309,899.31934,0,0.0,2.avi
2035,155,31.0,1033,244,707.48126,0,0.0,2.avi
2036,155,31.0,1166,449,1498.4458,0,0.0,2.avi
1990,156,31.2,221,742,2789.3599,0,163.6576534095892,2.avi
2037,156,31.2,755,645,1689.5764,0,0.0,2.avi
2038,156,31.2,540,621,1469.7009,0,0.0,2.avi
2039,156,31.2,817,59,1317.7484,0,0.0,2.avi
2040,156,31.2,874,9,702.27704,0,0.0,2.avi
2041,0,0.0,809,422,5213.192,0,0.0,3.avi
2042,0,0.0,87,471,29312.889,0,0.0,3.avi
2043,0,0.0,364,270,3188.183,0,0.0,3.avi
2044,0,0.0,804,197,4770.619,0,0.0,3.avi
2045,0,0.0,1104,902,1401.6113,0,0.0,3.avi
2046,0,0.0,303,147,2645.8457,0,0.0,3.avi
2047,0,0.0,490,859,1596.2396,0,0.0,3.avi
2047,1,0.2,464,876,2004.6555,0,158.22830103040485,3.avi
2048,1,0.2,372,475,5358.2544,0,0.0,3.avi
2049,1,0.2,688,690,3014.7683,0,0.0,3.avi
2050,1,0.2,999,354,1336.1292,0,0.0,3.avi
2051,1,0.2,260,395,4387.121,0,0.0,3.avi
2052,1,0.2,1123,294,1504.6937,0,0.0,3.avi
2053,1,0.2,560,327,2720.2246,0,0.0,3.avi
2054,1,0.2,374,750,1018.75037,0,0.0,3.avi
2048,2,0.4,371,445,2639.361,0,152.20121803848633,3.avi
2050,2,0.4,1041,350,2455.8208,0,209.81501974182908,3.avi
2055,2,0.4,781,541,8086.474,0,0.0,3.avi
2056,2,0.4,927,974,9870.315,0,0.0,3.avi
2057,2,0.4,241,574,1058.9795,0,0.0,3.avi
2058,2,0.4,1165,730,1912.3457,0,0.0,3.avi
2053,3,0.6,579,355,3453.516,0,170.14479283644633,3.avi
2059,3,0.6,466,8,1024.9626,0,0.0,3.avi
2060,3,0.6,154,283,1229.1466,0,0.0,3.avi
2061,3,0.6,657,895,5659.406,0,0.0,3.avi
2062,3,0.6,722,45,2585.6902,0,0.0,3.avi
2063,3,0.6,591,1014,743.9646,0,0.0,3.avi
2049,4,0.8,651,714,1261.2433,0,220.0430270207272,3.avi
2064,4,0.8,441,465,3650.1306,0,0.0,3.avi
2065,4,0.8,155,497,1013.05676,0,0.0,3.avi
2066,4,0.8,1160,635,589.01624,0,0.0,3.avi
2067,4,0.8,505,453,1249.8654,0,0.0,3.avi
2068,4,0.8,841,968,1117.5854,0,0.0,3.avi
2069,4,0.8,355,694,2165.3162,0,0.0,3.avi
2070,4,0.8,389,445,1473.0896,0,0.0,3.avi
2071,4,0.8,896,74,4873.4326,0,0.0,3.avi
2072,4,0.8,1110,607,54372.78,0,0.0,3.avi
2051,5,1.0,297,374,1028.3511,0,213.0684009227493,3.avi
2073,5,1.0,436,840,1749.2367,0,0.0,3.avi
2074,5,1.0,538,572,2313.9927,0,0.0,3.avi
2075,5,1.0,924,266,1523.5702,0,0.0,3.avi
2076,5,1.0,947,160,1114.7281,0,0.0,3.avi
2077,5,1.0,821,66,3144.4697,0,0.0,3.avi
2078,5,1.0,393,206,1480.8605,0,0.0,3.avi
2079,5,1.0,231,42,1355.4026,0,0.0,3.avi
2080,5,1.0,593,270,1001.04193,0,0.0,3.avi
2081,5,1.0,692,501,3120.1182,0,0.0,3.avi
2082,5,1.0,866,710,59981.25,0,0.0,3.avi
2083,6,1.2,1245,117,6607.905,0,0.0,3.avi
2084,6,1.2,995,547,2496.1655,0,0.0,3.avi
2085,6,1.2,969,229,2646.943,0,0.0,3.avi
2062,7,1.4,699,84,4577.412,0,226.20798606397491,3.avi
2069,7,1.4,309,684,9372.838,0,233.9534911607416,3.avi
2086,7,1.4,380,396,2714.532,0,0.0,3.avi
2087,7,1.4,1208,710,1447.3562,0,0.0,3.avi
2088,7,1.4,1161,452,4454.0947,0,0.0,3.avi
2068,8,1.6,851,932,1694.0708,0,182.4096037486689,3.avi
2069,8,1.6,295,694,5261.4707,0,76.25174950770737,3.avi
2089,8,1.6,1237,40,2899.5857,0,0.0,3.avi
2090,8,1.6,1210,368,1842.446,0,0.0,3.avi
2091,8,1.6,1265,348,1530.8491,0,0.0,3.avi
2092,8,1.6,706,600,1044.3674,0,0.0,3.avi
2093,8,1.6,693,30,2239.6423,0,0.0,3.avi
2064,9,1.8,428,484,8164.661,0,116.6119000011382,3.avi
2072,9,1.8,1079,633,6834.617,0,199.0837713897365,3.avi
2080,9,1.8,582,302,2136.2869,0,170.25142228260083,3.avi
2094,9,1.8,1084,133,1643.8297,0,0.0,3.avi
2095,9,1.8,1048,707,2271.8984,0,0.0,3.avi
2096,9,1.8,1274,410,452.51764,0,0.0,3.avi
2097,9,1.8,427,283,3398.587,0,0.0,3.avi
2082,10,2.0,886,712,2128.6836,0,100.12626458568154,3.avi
2087,10,2.0,1236,745,2970.165,0,226.7230051568145,3.avi
2097,10,2.0,452,283,930.65454,0,126.55119870911254,3.avi
2098,10,2.0,407,347,1565.2185,0,0.0,3.avi
2099,10,2.0,458,992,5964.536,0,0.0,3.avi
2100,10,2.0,1087,786,1811.4532,0,0.0,3.avi
2101,10,2.0,462,450,1576.0468,0,0.0,3.avi
2102,10,2.0,910,423,3602.4124,0,0.0,3.avi
2103,10,2.0,751,817,3301.134,0,0.0,3.avi
2072,11,2.2,1093,645,1772.4294,0,108.88925032687727,3.avi
2104,11,2.2,303,73,3356.0808,0,0.0,3.avi
2105,11,2.2,845,434,2521.0513,0,0.0,3.avi
2106,11,2.2,742,259,3498.1292,0,0.0,3.avi
2107,11,2.2,227,600,6401.6245,0,0.0,3.avi
2108,11,2.2,796,564,2214.1992,0,0.0,3.avi
2109,11,2.2,1206,800,2932.6655,0,0.0,3.avi
2110,0,0.0,677,252,6588.861,0,0.0,4.avi
2111,0,0.0,522,496,7207.611,0,0.0,4.avi
2112,0,0.0,305,107,3979.2432,0,0.0,4.avi
2113,0,0.0,844,745,3264.3943,0,0.0,4.avi
2114,0,0.0,803,497,3836.6902,0,0.0,4.avi
2115,0,0.0,1077,214,5328.219,0,0.0,4.avi
2116,0,0.0,852,482,2201.177,0,0.0,4.avi
2117,1,0.2,562,296,5095.808,0,0.0,4.avi
2118,1,0.2,975,778,12093.435,0,0.0,4.avi
2119,1,0.2,830,168,1796.9933,0,0.0,4.avi
2120,1,0.2,248,630,2322.2642,0,0.0,4.avi
2121,1,0.2,397,318,3850.393,0,0.0,4.avi
2122,1,0.2,411,536,1717.8197,0,0.0,4.avi
2123,1,0.2,972,233,2324.4792,0,0.0,4.avi
2124,1,0.2,891,32,2504.4316,0,0.0,4.avi
2125,2,0.4,403,825,11755.415,0,0.0,4.avi
2126,2,0.4,45,379,5069.824,0,0.0,4.avi
2127,2,0.4,674,690,7514.108,0,0.0,4.avi
2128,2,0.4,813,29,1965.573,0,0.0,4.avi
2129,2,0.4,802,314,1779.8676,0,0.0,4.avi
2130,2,0.4,171,702,9340.365,0,0.0,4.avi
2125,3,0.6,422,856,2537.878,0,184.58370082929557,4.avi
2131,3,0.6,1230,932,1340.522,0,0.0,4.avi
2132,3,0.6,759,653,3448.3914,0,0.0,4.avi
2133,3,0.6,331,719,3044.241,0,0.0,4.avi
2134,3,0.6,236,500,3620.3071,0,0.0,4.avi
2135,3,0.6,1003,834,9893.308,0,0.0,4.avi
2111,4,0.8,557,538,14419.421,0,276.6471634940209,4.avi
2129,4,0.8,815,286,881.3497,0,157.26965112407527,4.avi
2136,4,0.8,203,199,3218.3608,0,0.0,4.avi
2137,4,0.8,1081,1001,2274.8357,0,0.0,4.avi
2138,4,0.8,1258,850,5530.118,0,0.0,4.avi
2139,4,0.8,778,546,5504.4106,0,0.0,4.avi
2140,4,0.8,553,1016,615.5977,0,0.0,4.avi
2141,4,0.8,1135,121,2671.1646,0,0.0,4.avi
2142,4,0.8,1096,503,2185.07,0,0.0,4.avi
2114,5,1.0,773,494,1633.8052,0,153.3141191592307,4.avi
2143,5,1.0,754,951,24956.404,0,0.0,4.avi
2144,5,1.0,262,388,5748.341,0,0.0,4.avi
2145,5,1.0,419,924,2595.8064,0,0.0,4.avi
2146,5,1.0,977,142,2897.4607,0,0.0,4.avi
2147,5,1.0,764,382,2483.711,0,0.0,4.avi
2148,5,1.0,418,757,4544.5615,0,0.0,4.avi
2149,5,1.0,1227,731,2249.5518,0,0.0,4.avi
2150,5,1.0,1003,721,1368.941,0,0.0,4.avi
2151,5,1.0,382,580,5512.45,0,0.0,4.avi
2112,6,1.2,293,106,2985.9443,0,61.92920198613751,4.avi
2113,6,1.2,828,790,3082.216,0,239.7508231766755,4.avi
2132,6,1.2,737,681,5852.291,0,175.08533856988754,4.avi
2143,6,1.2,730,989,7004.508,0,226.4324391763352,4.avi
2152,6,1.2,397,182,3109.3784,0,0.0,4.avi
2153,6,1.2,334,492,2132.1511,0,0.0,4.avi
2154,6,1.2,1266,22,1141.4094,0,0.0,4.avi
2155,6,1.2,1063,892,2733.4849,0,0.0,4.avi
2112,7,1.4,317,93,2376.1191,0,156.5452838062877,4.avi
2132,7,1.4,747,652,3518.5151,0,207.05597777512105,4.avi
2133,7,1.4,364,745,4573.5225,0,211.033840948743,4.avi
2140,7,1.4,531,1007,2827.6675,0,119.67143874533092,4.avi
2156,7,1.4,566,653,5405.263,0,0.0,4.avi
2157,7,1.4,502,771,4462.7935,0,0.0,4.avi
2158,7,1.4,897,178,2985.886,0,0.0,4.avi
2159,7,1.4,967,451,2586.1064,0,0.0,4.avi
2160,7,1.4,1183,863,2658.7075,0,0.0,4.avi
2161,7,1.4,1082,23,3211.0369,0,0.0,4.avi
2162,7,1.4,991,376,5549.1445,0,0.0,4.avi
2163,7,1.4,767,71,3437.5928,0,0.0,4.avi
2111,8,1.6,570,550,3632.2695,0,198.2658344625517,4.avi
2150,8,1.6,995,711,1584.8495,0,61.12035179809322,4.avi
2164,8,1.6,963,584,5051.341,0,0.0,4.avi
2165,8,1.6,424,461,3227.2551,0,0.0,4.avi
2166,8,1.6,767,228,4616.162,0,0.0,4.avi
2167,8,1.6,1123,655,6359.1216,0,0.0,4.avi
2168,8,1.6,193,420,2659.9663,0,0.0,4.avi
2169,8,1.6,445,309,2623.3115,0,0.0,4.avi
2170,8,1.6,583,930,2636.142,0,0.0,4.avi
2171,8,1.6,936,408,3573.4976,0,0.0,4.avi
2145,9,1.8,395,961,20739.594,0,222.11283306160567,4.avi
2148,9,1.8,397,764,5444.3667,0,110.01826327233368,4.avi
2151,9,1.8,402,580,2887.343,0,98.2235031880534,4.avi
2158,9,1.8,854,174,2251.282,0,215.0575205402239,4.avi
2170,9,1.8,600,931,1729.804,0,89.4591963614977,4.avi
2172,9,1.8,1085,256,6129.387,0,0.0,4.avi
2173,9,1.8,677,805,12675.198,0,0.0,4.avi
2174,9,1.8,719,927,1583.5955,0,0.0,4.avi
2175,9,1.8,466,135,2890.8687,0,0.0,4.avi
2176,9,1.8,358,598,3281.8481,0,0.0,4.avi
2177,9,1.8,529,420,2240.3882,0,0.0,4.avi
2178,9,1.8,559,743,2150.7134,0,0.0,4.avi
2147,10,2.0,726,408,6540.29,0,229.38002535790832,4.avi
2148,10,2.0,420,745,14766.631,0,176.34577985860176,4.avi
2152,10,2.0,404,185,6590.4727,0,40.179773629572615,4.avi
2157,10,2.0,526,789,11318.415,0,148.92643301711746,4.avi
2179,10,2.0,665,595,9724.28,0,0.0,4.avi
2180,10,2.0,838,468,2975.892,0,0.0,4.avi
2181,10,2.0,1214,1002,4061.4578,0,0.0,4.avi
2182,10,2.0,1139,423,2997.7666,0,0.0,4.avi
2183,10,2.0,200,12,1761.4146,0,0.0,4.avi
2184,10,2.0,374,258,1383.6764,0,0.0,4.avi
2185,10,2.0,571,376,15356.714,0,0.0,4.avi
2144,11,2.2,299,378,3348.7896,0,190.9613609599185,4.avi
2149,11,2.2,1247,702,1624.1821,0,172.7137051456049,4.avi
2163,11,2.2,790,114,2365.9336,0,245.3455718982959,4.avi
2168,11,2.2,172,452,18786.02,0,187.67221976182665,4.avi
2179,11,2.2,658,617,3461.2104,0,117.97131784475376,4.avi
2180,11,2.2,810,469,1023.6836,0,139.642173985836,4.avi
2184,11,2.2,332,250,4290.8867,0,213.43101971889757,4.avi
2186,11,2.2,887,805,4657.421,0,0.0,4.avi
2187,11,2.2,650,68,4316.365,0,0.0,4.avi
2188,11,2.2,974,204,3963.7378,0,0.0,4.avi
2189,11,2.2,774,334,1623.499,0,0.0,4.avi
2190,11,2.2,520,516,7806.3804,0,0.0,4.avi
2191,11,2.2,698,163,5148.993,0,0.0,4.avi
2145,12,2.4,385,969,6737.164,0,79.64712568553213,4.avi
2168,12,2.4,147,482,7957.919,0,191.53327919138223,4.avi
2174,12,2.4,681,902,1728.4824,0,226.3556856853018,4.avi
2192,12,2.4,826,617,2925.5867,0,0.0,4.avi
2150,13,2.6,1011,706,4323.1895,0,205.0373250084994,4.avi
2172,13,2.6,1097,224,1185.4951,0,170.4423640570507,4.avi
2190,13,2.6,485,498,5216.1855,0,197.1126090182557,4.avi
2193,13,2.6,894,987,6493.4014,0,0.0,4.avi
2194,13,2.6,364,33,7508.361,0,0.0,4.avi
2195,13,2.6,711,547,1531.9213,0,0.0,4.avi
2196,13,2.6,568,485,1135.6854,0,0.0,4.avi
2152,14,2.8,398,183,2051.1519,0,73.36861638932804,4.avi
2169,14,2.8,470,309,2644.3987,0,128.97674037152106,4.avi
2181,14,2.8,1221,978,3155.024,0,123.61753794549249,4.avi
2197,14,2.8,1131,839,2627.058,0,0.0,4.avi
2198,14,2.8,260,417,7846.2476,0,0.0,4.avi
2199,14,2.8,412,854,3796.9639,0,0.0,4.avi
2200,14,2.8,350,260,5277.428,0,0.0,4.avi
2201,14,2.8,738,273,3195.3767,0,0.0,4.avi
2202,14,2.8,835,834,999.00543,0,0.0,4.avi
2147,15,3.0,703,422,2482.96,0,98.36312585540578,4.avi
2194,15,3.0,310,30,5015.823,0,270.5167990504181,4.avi
2203,15,3.0,1123,582,3200.9338,0,0.0,4.avi
2204,15,3.0,385,420,5025.658,0,0.0,4.avi
2205,15,3.0,1173,316,1799.8229,0,0.0,4.avi
2206,15,3.0,1059,886,7427.5107,0,0.0,4.avi
2207,15,3.0,952,634,48896.594,0,0.0,4.avi
2208,15,3.0,655,324,4028.1914,0,0.0,4.avi
2209,15,3.0,828,305,4637.538,0,0.0,4.avi
2210,15,3.0,403,503,2950.495,0,0.0,4.avi
2147,16,3.2,712,432,7124.661,0,78.67340461270663,4.avi
2149,16,3.2,1268,715,979.78876,0,171.826726755101,4.avi
2185,16,3.2,583,425,2031.0693,0,247.4194470038919,4.avi
2202,16,3.2,812,823,2917.2168,0,126.96372896438052,4.avi
2211,16,3.2,655,1006,3462.2024,0,0.0,4.avi
2212,16,3.2,244,541,8703.506,0,0.0,4.avi
2213,16,3.2,566,29,2678.0586,0,0.0,4.avi
2214,16,3.2,977,22,3688.133,0,0.0,4.avi
2215,16,3.2,492,684,45620.875,0,0.0,4.avi
2216,16,3.2,654,789,5620.425,0,0.0,4.avi
2217,16,3.2,435,129,5542.5513,0,0.0,4.avi
2218,16,3.2,1104,991,4443.4253,0,0.0,4.avi
2219,16,3.2,674,23,3255.1511,0,0.0,4.avi
2220,16,3.2,468,900,2301.5051,0,0.0,4.avi
2221,17,3.4,424,43,6625.245,0,0.0,4.avi
2222,17,3.4,262,677,1926.9635,0,0.0,4.avi
2223,17,3.4,187,227,2638.828,0,0.0,4.avi
2224,17,3.4,219,282,4323.1133,0,0.0,4.avi
2225,17,3.4,579,155,3499.0266,0,0.0,4.avi
2226,17,3.4,761,726,1045.4022,0,0.0,4.avi
2227,17,3.4,391,190,3340.347,0,0.0,4.avi
2199,18,3.6,410,805,2307.9219,0,248.10149260306824,4.avi
2201,18,3.6,724,278,4222.251,0,72.60630512469011,4.avi
2215,18,3.6,521,718,6271.047,0,222.51519404858848,4.avi
2228,18,3.6,773,645,1838.2458,0,0.0,4.avi
2229,18,3.6,448,595,1816.2057,0,0.0,4.avi
2230,18,3.6,904,310,966.91705,0,0.0,4.avi
2204,19,3.8,402,406,2689.08,0,110.13006985602826,4.avi
2205,19,3.8,1195,305,2623.2832,0,120.09309814658938,4.avi
2220,19,3.8,511,879,9582.198,0,237.8408175331104,4.avi
2231,19,3.8,1153,751,6077.491,0,0.0,4.avi
2232,19,3.8,753,693,1196.6605,0,0.0,4.avi
2233,19,3.8,177,547,1481.8854,0,0.0,4.avi
2234,19,3.8,996,374,1790.7832,0,0.0,4.avi
2185,20,4.0,595,443,2774.355,0,45.10015510821189,4.avi
2207,20,4.0,914,656,1189.75,0,218.3483436374957,4.avi
2218,20,4.0,1061,1015,1087.8245,0,245.33521409783415,4.avi
2222,20,4.0,297,670,3301.458,0,175.4834250593912,4.avi
2235,20,4.0,685,743,2227.1104,0,0.0,4.avi
2236,20,4.0,1174,931,5079.9697,0,0.0,4.avi
2221,21,4.2,414,48,4910.7676,0,51.693600915971096,4.avi
2237,21,4.2,793,480,1907.4567,0,0.0,4.avi
2238,21,4.2,1034,255,2253.6133,0,0.0,4.avi
2239,21,4.2,1209,511,9399.951,0,0.0,4.avi
2240,21,4.2,557,340,1337.8656,0,0.0,4.avi
2241,21,4.2,423,829,8270.219,0,0.0,4.avi
2242,0,0.0,535,752,2141.1804,0,0.0,5.avi
2243,0,0.0,1119,340,2655.626,0,0.0,5.avi
2244,0,0.0,403,394,2721.8132,0,0.0,5.avi
2245,1,0.2,937,692,21614.795,0,0.0,5.avi
2246,1,0.2,1079,300,1576.3926,0,0.0,5.avi
2247,1,0.2,395,84,1462.0182,0,0.0,5.avi
2248,1,0.2,1223,278,1697.9788,0,0.0,5.avi
2249,1,0.2,726,296,2264.0237,0,0.0,5.avi
2242,2,0.4,569,769,1134.0674,0,191.95619837840349,5.avi
2250,2,0.4,1001,599,3285.8223,0,0.0,5.avi
2251,2,0.4,1073,993,5908.7534,0,0.0,5.avi
2252,2,0.4,660,996,7355.531,0,0.0,5.avi
2253,2,0.4,1009,753,3041.8254,0,0.0,5.avi
2254,2,0.4,1246,424,2895.2102,0,0.0,5.avi
2255,2,0.4,646,328,1798.7405,0,0.0,5.avi
2256,2,0.4,1143,201,26601.621,0,0.0,5.avi
2257,2,0.4,275,339,3173.9998,0,0.0,5.avi
2258,2,0.4,382,927,36793.684,0,0.0,5.avi
2256,3,0.6,1150,234,3382.5195,0,172.1083379123791,5.avi
2259,3,0.6,555,192,5793.2065,0,0.0,5.avi
2260,3,0.6,1256,933,3138.6729,0,0.0,5.avi
2261,3,0.6,338,357,2391.8413,0,0.0,5.avi
2262,3,0.6,755,686,1531.1583,0,0.0,5.avi
2263,3,0.6,459,121,4731.1504,0,0.0,5.avi
2264,3,0.6,802,387,26396.982,0,0.0,5.avi
2248,4,0.8,1199,306,2274.2153,0,187.2844884005514,5.avi
2250,4,0.8,970,573,3535.4663,0,205.06262111097075,5.avi
2254,4,0.8,1232,401,1580.5944,0,133.1045973449955,5.avi
2265,4,0.8,451,555,27398.332,0,0.0,5.avi
2266,4,0.8,700,59,2040.72,0,0.0,5.avi
2267,4,0.8,1258,794,3619.6265,0,0.0,5.avi
2268,4,0.8,293,25,4769.315,0,0.0,5.avi
2269,4,0.8,738,1019,515.55426,0,0.0,5.avi
2270,4,0.8,1214,987,3222.0457,0,0.0,5.avi
2271,5,1.0,818,936,7137.4785,0,0.0,5.avi
2272,5,1.0,91,767,47811.84,0,0.0,5.avi
2273,5,1.0,718,170,3034.493,0,0.0,5.avi
2274,5,1.0,834,427,4258.9976,0,0.0,5.avi
2245,6,1.2,936,693,2052.5234,0,7.330693447552258,5.avi
2246,6,1.2,1086,277,1733.9172,0,119.60478062087812,5.avi
2248,6,1.2,1208,352,2399.2766,0,189.7529694013461,5.avi
2261,6,1.2,384,338,7398.2837,0,248.55212325153676,5.avi
2275,6,1.2,198,313,3677.7014,0,0.0,5.avi
2276,6,1.2,339,587,4351.3037,0,0.0,5.avi
2277,6,1.2,354,471,6788.238,0,0.0,5.avi
2252,7,1.4,695,978,2762.062,0,195.4525356767958,5.avi
2259,7,1.4,549,202,3315.915,0,56.954520253239934,5.avi
2264,7,1.4,770,379,3487.6113,0,161.3130153942614,5.avi
2266,7,1.4,688,56,2272.39,0,61.76434318342712,5.avi
2268,7,1.4,254,22,2869.1013,0,197.94534068601047,5.avi
2278,7,1.4,811,736,2516.7688,0,0.0,5.avi
2279,7,1.4,835,619,2953.1406,0,0.0,5.avi
2280,7,1.4,511,133,1872.4686,0,0.0,5.avi
2281,7,1.4,206,918,48740.492,0,0.0,5.avi
2257,8,1.6,274,323,9261.302,0,79.7075899362088,5.avi
2260,8,1.6,1272,905,693.9822,0,163.88405713855863,5.avi
2261,8,1.6,376,346,9307.326,0,178.0099994261737,5.avi
2279,8,1.6,859,581,2891.6338,0,224.49346847016875,5.avi
2282,8,1.6,564,129,2793.6267,0,0.0,5.avi
2283,8,1.6,716,285,3733.6995,0,0.0,5.avi
2284,8,1.6,1023,1019,383.24567,0,0.0,5.avi
2285,8,1.6,633,986,8548.718,0,0.0,5.avi
2286,8,1.6,400,852,4045.5178,0,0.0,5.avi
2257,9,1.8,246,295,5545.606,0,216.6394533440116,5.avi
2266,9,1.8,654,55,4475.674,0,139.74705952047742,5.avi
2287,9,1.8,961,455,11891.588,0,0.0,5.avi
2288,9,1.8,1124,109,7410.7827,0,0.0,5.avi
2289,9,1.8,408,758,3247.961,0,0.0,5.avi
2290,9,1.8,1216,567,2894.6948,0,0.0,5.avi
2291,9,1.8,438,198,3334.0796,0,0.0,5.avi
2292,10,2.0,251,503,8273.082,0,0.0,5.avi
2293,10,2.0,746,670,6179.553,0,0.0,5.avi
2294,10,2.0,1105,1017,604.0122,0,0.0,5.avi
2295,10,2.0,692,663,2750.4463,0,0.0,5.avi
2296,10,2.0,937,1013,848.77936,0,0.0,5.avi
2297,10,2.0,547,581,5766.1045,0,0.0,5.avi
2245,11,2.2,921,718,11041.537,0,137.12187585397635,5.avi
2296,11,2.2,950,1015,1098.3376,0,68.77960063984239,5.avi
2298,11,2.2,837,834,8915.777,0,0.0,5.avi
2299,11,2.2,203,595,2419.321,0,0.0,5.avi
2300,11,2.2,385,208,1898.1226,0,0.0,5.avi
2286,12,2.4,433,835,13206.447,0,183.14333045630556,5.avi
2291,12,2.4,438,190,2158.9263,0,38.25168605539078,5.avi
2292,12,2.4,273,543,5046.0557,0,230.6617591349249,5.avi
2301,12,2.4,821,204,8212.859,0,0.0,5.avi
2302,12,2.4,1106,320,13569.298,0,0.0,5.avi
2299,13,2.6,185,621,3436.9475,0,157.12084342507848,5.avi
2302,13,2.6,1089,338,2694.1807,0,125.3285847901592,5.avi
2303,13,2.6,420,640,5880.646,0,0.0,5.avi
2304,13,2.6,1171,758,3235.6868,0,0.0,5.avi
2305,13,2.6,510,711,3899.3298,0,0.0,5.avi
2306,13,2.6,354,834,1337.7129,0,0.0,5.avi
2307,13,2.6,371,287,7877.4307,0,0.0,5.avi
2288,14,2.8,1098,120,4459.9575,0,142.23926931531838,5.avi
2292,14,2.8,328,553,4451.9395,0,223.7893494198672,5.avi
2308,14,2.8,1228,186,4565.8945,0,0.0,5.avi
2309,14,2.8,1087,420,4368.106,0,0.0,5.avi
2310,14,2.8,1213,133,1577.8071,0,0.0,5.avi
2311,14,2.8,965,279,3819.1536,0,0.0,5.avi
2312,14,2.8,535,790,2417.3696,0,0.0,5.avi
2313,14,2.8,912,187,9609.492,0,0.0,5.avi
2314,15,3.0,528,301,11845.872,0,0.0,5.avi
2315,15,3.0,539,418,3996.9226,0,0.0,5.avi
2316,15,3.0,661,1015,1001.24,0,0.0,5.avi
2245,16,3.2,885,700,6399.3047,0,252.89563920640725,5.avi
2305,16,3.2,497,695,6227.546,0,107.60627194796386,5.avi
2311,16,3.2,1000,250,2206.666,0,228.7098224876989,5.avi
2317,16,3.2,128,414,13820.334,0,0.0,5.avi
2318,16,3.2,650,45,3030.632,0,0.0,5.avi
2319,16,3.2,566,65,2579.4917,0,0.0,5.avi
2320,16,3.2,678,783,3073.3396,0,0.0,5.avi
2321,16,3.2,961,134,5079.6865,0,0.0,5.avi
2307,17,3.4,402,258,22623.123,0,211.09441928217092,5.avi
2312,17,3.4,539,809,1744.3137,0,99.5874470117305,5.avi
2322,17,3.4,827,404,4627.3994,0,0.0,5.avi
2323,17,3.4,400,828,6724.694,0,0.0,5.avi
2324,17,3.4,920,1010,2647.0498,0,0.0,5.avi
2325,17,3.4,106,526,4258.8916,0,0.0,5.avi
2326,17,3.4,855,781,2388.259,0,0.0,5.avi
2299,18,3.6,132,729,7180.0894,0,195.92033070995456,5.avi
2327,18,3.6,253,424,4054.6794,0,0.0,5.avi
2328,18,3.6,282,202,3776.9958,0,0.0,5.avi
2329,18,3.6,1254,646,3629.2185,0,0.0,5.avi
2330,18,3.6,761,295,28457.576,0,0.0,5.avi
2324,19,3.8,945,1000,3800.876,0,136.11527312327007,5.avi
2331,19,3.8,1041,885,8736.878,0,0.0,5.avi
2332,19,3.8,263,372,28999.05,0,0.0,5.avi
2333,19,3.8,841,206,2504.043,0,0.0,5.avi
2305,20,4.0,490,689,4624.437,0,137.67962349164176,5.avi
2313,20,4.0,892,231,5478.471,0,239.01241341148523,5.avi
2322,20,4.0,837,401,7266.0195,0,50.38551871377447,5.avi
2334,20,4.0,1206,504,5498.4453,0,0.0,5.avi
2335,20,4.0,1032,765,3072.2415,0,0.0,5.avi
2336,20,4.0,1133,1011,1871.7935,0,0.0,5.avi
2337,20,4.0,292,541,2730.0618,0,0.0,5.avi
2338,20,4.0,925,334,4723.035,0,0.0,5.avi
2339,20,4.0,453,483,2074.7585,0,0.0,5.avi
2340,20,4.0,845,864,2159.4836,0,0.0,5.avi
2341,20,4.0,1247,585,5402.599,0,0.0,5.avi
2342,20,4.0,745,357,2142.8765,0,0.0,5.avi
2307,21,4.2,415,236,2275.1016,0,96.22876264077568,5.avi
2336,21,4.2,1104,1012,2313.5752,0,147.26771263677938,5.avi
2343,21,4.2,763,661,6855.5996,0,0.0,5.avi
2344,21,4.2,814,975,16306.385,0,0.0,5.avi
2345,21,4.2,601,662,4743.587,0,0.0,5.avi
2346,21,4.2,1264,160,1820.1377,0,0.0,5.avi
2347,21,4.2,626,296,3800.3467,0,0.0,5.avi
2348,21,4.2,576,278,4012.5127,0,0.0,5.avi
2349,21,4.2,239,595,10210.533,0,0.0,5.avi
2350,21,4.2,1205,630,3602.5752,0,0.0,5.avi
2318,22,4.4,691,33,2623.9985,0,215.6956235898872,5.avi
2339,22,4.4,476,507,1165.5299,0,166.1896505055326,5.avi
2344,22,4.4,813,1011,2837.963,0,178.1404110974498,5.avi
2351,22,4.4,1069,332,6808.436,0,0.0,5.avi
2352,22,4.4,267,737,6733.844,0,0.0,5.avi
2353,22,4.4,508,746,3566.6602,0,0.0,5.avi
2354,22,4.4,253,68,8384.183,0,0.0,5.avi
2355,22,4.4,390,547,1449.043,0,0.0,5.avi
2356,22,4.4,698,249,3819.1692,0,0.0,5.avi
2357,0,0.0,1035,179,6993.4263,0,0.0,6.avi
2358,0,0.0,585,795,1685.8616,0,0.0,6.avi
2359,0,0.0,699,560,3762.0789,0,0.0,6.avi
2360,0,0.0,1230,242,1575.2805,0,0.0,6.avi
2361,0,0.0,441,855,1304.7083,0,0.0,6.avi
2362,0,0.0,641,218,489.0447,0,0.0,6.avi
2363,0,0.0,728,742,2772.659,0,0.0,6.avi
2364,0,0.0,1194,880,1188.4958,0,0.0,6.avi
2365,0,0.0,96,314,2607.5054,0,0.0,6.avi
2366,0,0.0,216,154,1082.0079,0,0.0,6.avi
2364,1,0.2,1217,867,5858.2793,0,134.939434128481,6.avi
2367,1,0.2,1050,596,6996.8843,0,0.0,6.avi
2368,1,0.2,306,658,3711.4797,0,0.0,6.avi
2369,1,0.2,254,506,1152.4061,0,0.0,6.avi
2370,1,0.2,297,81,4872.622,0,0.0,6.avi
2371,1,0.2,1009,105,566.87494,0,0.0,6.avi
2372,1,0.2,684,265,7155.3936,0,0.0,6.avi
2362,2,0.4,654,206,594.9912,0,88.97980876963341,6.avi
2364,2,0.4,1267,828,1950.9453,0,219.94511450967204,6.avi
2373,2,0.4,334,352,7502.043,0,0.0,6.avi
2374,2,0.4,863,988,5214.568,0,0.0,6.avi
2375,2,0.4,934,417,1608.0775,0,0.0,6.avi
2376,2,0.4,1040,811,4308.97,0,0.0,6.avi
2377,2,0.4,937,1008,981.9631,0,0.0,6.avi
2378,2,0.4,734,681,7142.0264,0,0.0,6.avi
2379,2,0.4,162,13,1486.3525,0,0.0,6.avi
2380,2,0.4,458,202,454.80844,0,0.0,6.avi
2374,3,0.6,876,981,1530.8503,0,76.51930444917382,6.avi
2379,3,0.6,179,16,1513.0736,0,89.2260118895856,6.avi
2381,3,0.6,419,764,7083.619,0,0.0,6.avi
2382,3,0.6,652,916,4258.2256,0,0.0,6.avi
2383,3,0.6,503,283,1044.0719,0,0.0,6.avi
2384,3,0.6,1012,355,1397.2716,0,0.0,6.avi
2385,3,0.6,958,913,3433.7812,0,0.0,6.avi
2386,3,0.6,618,496,923.7525,0,0.0,6.avi
2387,3,0.6,483,887,773.0847,0,0.0,6.avi
2388,4,0.8,911,184,8212.771,0,0.0,6.avi
2389,4,0.8,502,390,1125.8058,0,0.0,6.avi
2390,4,0.8,535,1011,1429.7816,0,0.0,6.avi
2391,4,0.8,872,43,2970.7024,0,0.0,6.avi
2392,4,0.8,1155,592,1062.9666,0,0.0,6.avi
2393,4,0.8,621,157,629.03613,0,0.0,6.avi
2394,4,0.8,526,735,3267.6277,0,0.0,6.avi
2395,4,0.8,643,432,1460.6521,0,0.0,6.avi
2396,4,0.8,171,380,1453.6268,0,0.0,6.avi
2375,5,1.0,962,419,2468.4355,0,139.32352029735196,6.avi
2383,5,1.0,493,273,8049.6665,0,72.2249548150973,6.avi
2397,5,1.0,481,672,1092.669,0,0.0,6.avi
2398,5,1.0,183,456,1329.1427,0,0.0,6.avi
2399,5,1.0,817,638,952.5619,0,0.0,6.avi
2400,5,1.0,723,359,1362.6797,0,0.0,6.avi
2401,5,1.0,1219,552,1063.4026,0,0.0,6.avi
2402,5,1.0,252,236,583.9327,0,0.0,6.avi
2365,6,1.2,77,359,9002.0,0,242.95093905217016,6.avi
2403,6,1.2,899,868,2456.8955,0,0.0,6.avi
2404,6,1.2,436,450,1283.3627,0,0.0,6.avi
2405,6,1.2,1092,98,1306.6898,0,0.0,6.avi
2406,6,1.2,649,665,1176.1826,0,0.0,6.avi
2407,6,1.2,539,586,1812.9065,0,0.0,6.avi
2408,6,1.2,620,550,2829.7996,0,0.0,6.avi
2409,6,1.2,1233,632,2193.4521,0,0.0,6.avi
2410,6,1.2,1093,641,1387.616,0,0.0,6.avi
2368,7,1.4,305,667,2504.5928,0,40.94042733793696,6.avi
2391,7,1.4,876,34,464.42725,0,48.18670086814376,6.avi
2411,7,1.4,228,323,1903.0629,0,0.0,6.avi
2412,7,1.4,1027,450,1424.1039,0,0.0,6.avi
2413,7,1.4,952,581,954.0989,0,0.0,6.avi
2414,7,1.4,162,686,1853.626,0,0.0,6.avi
2415,7,1.4,1257,1015,738.99097,0,0.0,6.avi
2416,7,1.4,401,995,2743.4268,0,0.0,6.avi
2417,7,1.4,1236,910,1441.1195,0,0.0,6.avi
2418,7,1.4,778,145,1316.4897,0,0.0,6.avi
2419,7,1.4,1270,123,998.13293,0,0.0,6.avi
2420,7,1.4,1231,372,1207.8224,0,0.0,6.avi
2397,8,1.6,473,702,949.4011,0,159.78613772463578,6.avi
2421,8,1.6,190,130,4347.4785,0,0.0,6.avi
2422,8,1.6,980,535,873.1068,0,0.0,6.avi
2423,8,1.6,497,576,1463.2065,0,0.0,6.avi
2424,8,1.6,622,9,614.7376,0,0.0,6.avi
2425,8,1.6,243,464,1373.2638,0,0.0,6.avi
2426,8,1.6,488,107,461.15384,0,0.0,6.avi
2427,8,1.6,974,208,2941.3184,0,0.0,6.avi
2409,9,1.8,1220,649,796.4325,0,106.40337759895688,6.avi
2428,9,1.8,1254,770,3449.7808,0,0.0,6.avi
2429,9,1.8,600,662,466.05954,0,0.0,6.avi
2430,9,1.8,166,62,826.1027,0,0.0,6.avi
2431,9,1.8,1012,856,778.56494,0,0.0,6.avi
2432,9,1.8,594,611,1127.8524,0,0.0,6.avi
2409,10,2.0,1183,658,4330.0596,0,202.1326403660436,6.avi
2433,10,2.0,718,925,4913.1157,0,0.0,6.avi
2434,10,2.0,665,939,710.2512,0,0.0,6.avi
2435,10,2.0,346,378,2728.7366,0,0.0,6.avi
2419,11,2.2,1260,145,1961.3501,0,122.16334515532272,6.avi
2431,11,2.2,1033,837,1279.959,0,141.62652575421393,6.avi
2436,11,2.2,658,814,6511.2925,0,0.0,6.avi
2437,11,2.2,1127,137,645.0313,0,0.0,6.avi
2427,12,2.4,969,176,2705.7883,0,161.32913762236905,6.avi
2438,12,2.4,607,978,1789.4747,0,0.0,6.avi
2439,12,2.4,221,280,857.66254,0,0.0,6.avi
2440,12,2.4,1267,828,744.066,0,0.0,6.avi
2428,13,2.6,1222,780,923.67456,0,170.94808336948736,6.avi
2441,13,2.6,761,43,1511.9037,0,0.0,6.avi
2442,13,2.6,693,202,2614.514,0,0.0,6.avi
2443,13,2.6,1203,414,880.6479,0,0.0,6.avi
2444,13,2.6,915,908,902.5729,0,0.0,6.avi
2445,13,2.6,1019,73,1322.6158,0,0.0,6.avi
2446,13,2.6,157,442,1368.3391,0,0.0,6.avi
2447,13,2.6,828,762,1699.6465,0,0.0,6.avi
2437,14,2.8,1091,121,2728.0645,0,196.3955344076201,6.avi
2442,14,2.8,672,161,1441.2925,0,236.10847042171835,6.avi
2448,14,2.8,420,228,2573.785,0,0.0,6.avi
2449,14,2.8,1179,108,1741.5874,0,0.0,6.avi
2450,14,2.8,857,873,941.1176,0,0.0,6.avi
2451,14,2.8,1155,477,838.4241,0,0.0,6.avi
2452,14,2.8,285,121,1534.0187,0,0.0,6.avi
2453,14,2.8,567,983,924.7582,0,0.0,6.avi
2454,14,2.8,859,483,1149.78,0,0.0,6.avi
2427,15,3.0,1002,125,1125.3746,0,237.5762180580653,6.avi
2455,15,3.0,749,228,2534.6252,0,0.0,6.avi
2456,15,3.0,728,602,913.08044,0,0.0,6.avi
2457,15,3.0,328,248,1280.08,0,0.0,6.avi
2458,15,3.0,457,279,365.42368,0,0.0,6.avi
2448,16,3.2,398,195,420.54126,0,199.25121033618677,6.avi
2451,16,3.2,1146,498,14378.139,0,110.82299439933976,6.avi
2459,16,3.2,417,334,2699.1304,0,0.0,6.avi
2460,16,3.2,320,561,1106.6797,0,0.0,6.avi
2461,16,3.2,653,10,460.01355,0,0.0,6.avi
2462,16,3.2,1033,25,1413.4893,0,0.0,6.avi
2463,16,3.2,292,931,2188.8743,0,0.0,6.avi
2459,17,3.4,435,355,495.31592,0,140.6645630299002,6.avi
2464,17,3.4,1251,883,1260.7909,0,0.0,6.avi
2465,17,3.4,355,43,1705.3168,0,0.0,6.avi
2466,17,3.4,96,435,2970.633,0,0.0,6.avi
2467,17,3.4,1220,960,748.8554,0,0.0,6.avi
2468,17,3.4,686,770,463.71683,0,0.0,6.avi
2469,17,3.4,264,11,852.8349,0,0.0,6.avi
2470,17,3.4,855,242,668.29346,0,0.0,6.avi
2471,17,3.4,800,588,15084.619,0,0.0,6.avi
2428,18,3.6,1203,816,4015.0056,0,189.262368057083,6.avi
2437,18,3.6,1045,89,1134.5347,0,79.29305342456303,6.avi
2465,18,3.6,389,13,1426.3568,0,225.9361434417105,6.avi
2472,18,3.6,453,679,15397.246,0,0.0,6.avi
2473,18,3.6,1015,970,1132.0054,0,0.0,6.avi
2474,18,3.6,807,973,1337.3234,0,0.0,6.avi
2475,18,3.6,500,534,652.6724,0,0.0,6.avi
2476,18,3.6,539,357,462.99957,0,0.0,6.avi
2451,19,3.8,1147,538,3365.4414,0,95.94147253677916,6.avi
2453,19,3.8,605,957,4354.379,0,232.6297302523913,6.avi
2461,19,3.8,635,14,711.5569,0,95.97339096386834,6.avi
2477,19,3.8,860,447,648.14465,0,0.0,6.avi
2478,19,3.8,879,322,433.17114,0,0.0,6.avi
2479,19,3.8,685,191,1075.1644,0,0.0,6.avi
2480,19,3.8,1052,829,1779.048,0,0.0,6.avi
2481,19,3.8,1156,627,2574.35,0,0.0,6.avi
2482,11,2.2,1107,214,1975.1084,0,0.0,7.avi
2483,12,2.4,897,253,2010.9373,0,0.0,7.avi
2484,13,2.6,690,293,2033.4965,0,0.0,7.avi
2485,14,2.8,488,331,1870.6958,0,0.0,7.avi
2486,15,3.0,290,367,2020.0687,0,0.0,7.avi
2487,18,3.6,1246,340,1064.6637,0,0.0,7.avi
2488,21,4.2,431,526,999.1708,0,0.0,7.avi
2489,21,4.2,1264,254,758.35504,0,0.0,7.avi
2490,25,5.0,1112,979,828.4269,0,0.0,7.avi
2491,27,5.4,970,134,1097.0593,0,0.0,7.avi
2492,28,5.6,733,95,1121.1481,0,0.0,7.avi
2493,29,5.8,500,56,1144.3452,0,0.0,7.avi
2494,30,6.0,274,18,1163.9454,0,0.0,7.avi
2495,39,7.8,513,934,742.6487,0,0.0,7.avi
2496,39,7.8,1085,419,1480.8873,0,0.0,7.avi
2497,40,8.0,812,491,1485.4263,0,0.0,7.avi
2498,41,8.2,546,562,1487.216,0,0.0,7.avi
2499,42,8.4,290,628,1462.1086,0,0.0,7.avi
2500,44,8.8,1219,283,1261.8867,0,0.0,7.avi
2501,45,9.0,938,298,1254.6184,0,0.0,7.avi
2502,46,9.2,235,26,1054.6208,0,0.0,7.avi
2503,46,9.2,667,310,1235.3717,0,0.0,7.avi
2504,47,9.4,783,407,1550.9393,0,0.0,7.avi
2505,48,9.6,558,398,1475.4054,0,0.0,7.avi
2506,50,10.0,952,969,770.5712,0,0.0,7.avi
2507,54,10.8,1111,751,846.377,0,0.0,7.avi
2508,55,11.0,919,738,869.9386,0,0.0,7.avi
2509,55,11.0,421,69,24872.668,0,0.0,7.avi
2509,56,11.2,397,71,24730.8,0,121.95156446395856,7.avi
2510,56,11.2,731,724,866.72815,0,0.0,7.avi
2511,56,11.2,360,490,504.47464,0,0.0,7.avi
2509,57,11.4,377,76,26844.977,0,22.198259364539297,7.avi
2512,57,11.4,549,707,888.1561,0,0.0,7.avi
2509,58,11.6,358,78,27968.627,0,16.581072743979924,7.avi
2513,58,11.6,374,693,1150.4166,0,0.0,7.avi
2509,59,11.8,333,83,30516.969,0,36.193818819973735,7.avi
2507,60,12.0,1097,737,543.098,0,101.1490043524223,7.avi
2509,60,12.0,312,86,31256.594,0,16.62129195912649,7.avi
2509,61,12.2,291,90,33474.117,0,2.757745927741747,7.avi
2514,61,12.2,921,663,527.3861,0,0.0,7.avi
2509,62,12.4,268,94,34744.668,0,11.688856865160927,7.avi
2509,63,12.6,250,97,35387.598,0,23.9940191699794,7.avi
2509,64,12.8,231,101,35748.68,0,9.749157745321645,7.avi
2509,65,13.0,211,111,35615.367,0,31.093062270787843,7.avi
2515,65,13.0,626,878,552.90656,0,0.0,7.avi
2509,66,13.2,186,109,38065.22,0,64.12399160303511,7.avi
2516,69,13.8,131,303,1389.6241,0,0.0,7.avi
2517,73,14.6,1084,69,925.9099,0,0.0,7.avi
2518,74,14.8,890,27,942.8546,0,0.0,7.avi
2519,77,15.4,790,64,400.20966,0,0.0,7.avi
2520,85,17.0,1274,314,310.95502,0,0.0,7.avi
2521,100,20.0,850,932,532.6842,0,0.0,7.avi
2522,0,0.0,504,534,1823.7474,0,0.0,8.avi
2523,0,0.0,938,70,3102.8376,0,0.0,8.avi
2524,0,0.0,1108,534,1457.767,0,0.0,8.avi
2525,0,0.0,839,633,1093.3583,0,0.0,8.avi
2526,0,0.0,360,391,1073.77,0,0.0,8.avi
2527,1,0.2,416,196,3061.3252,0,0.0,8.avi
2528,1,0.2,305,568,2751.886,0,0.0,8.avi
2529,1,0.2,689,5,349.7509,0,0.0,8.avi
2530,1,0.2,553,704,3264.3625,0,0.0,8.avi
2531,1,0.2,1022,210,1653.3685,0,0.0,8.avi
2532,1,0.2,951,272,1689.7976,0,0.0,8.avi
2533,1,0.2,1052,393,721.10706,0,0.0,8.avi
2530,2,0.4,547,712,2327.312,0,49.12064491525741,8.avi
2534,2,0.4,287,506,1670.4728,0,0.0,8.avi
2535,2,0.4,891,664,1058.7991,0,0.0,8.avi
2536,2,0.4,755,27,2303.8748,0,0.0,8.avi
2524,3,0.6,1115,496,1889.1421,0,192.36159047551385,8.avi
2537,3,0.6,593,814,1419.557,0,0.0,8.avi
2538,3,0.6,151,296,1532.3931,0,0.0,8.avi
2539,3,0.6,83,353,2125.611,0,0.0,8.avi
2540,3,0.6,221,194,2425.2905,0,0.0,8.avi
2541,3,0.6,1202,140,26405.188,0,0.0,8.avi
2542,3,0.6,1236,437,1813.9503,0,0.0,8.avi
2523,4,0.8,938,41,1298.386,0,149.4473282390284,8.avi
2528,4,0.8,326,591,1461.4425,0,152.82586699392817,8.avi
2532,4,0.8,911,284,1945.0062,0,207.27255411083115,8.avi
2537,4,0.8,620,817,1844.1481,0,134.96376468999884,8.avi
2543,4,0.8,1135,687,1395.7982,0,0.0,8.avi
2544,4,0.8,233,111,1009.63116,0,0.0,8.avi
2545,4,0.8,448,622,2627.7778,0,0.0,8.avi
2546,4,0.8,277,26,3026.0708,0,0.0,8.avi
2547,4,0.8,1185,334,2149.4048,0,0.0,8.avi
2548,4,0.8,907,225,46526.734,0,0.0,8.avi
2549,5,1.0,1090,783,2016.1599,0,0.0,8.avi
2550,5,1.0,324,58,4109.3413,0,0.0,8.avi
2536,6,1.2,762,18,1191.384,0,57.99385857777726,8.avi
2550,6,1.2,320,43,1410.8,0,78.446584907058,8.avi
2551,6,1.2,697,193,13287.032,0,0.0,8.avi
2552,6,1.2,145,128,1469.1221,0,0.0,8.avi
2553,6,1.2,186,675,864.48413,0,0.0,8.avi
2554,6,1.2,675,916,1110.6018,0,0.0,8.avi
2555,6,1.2,220,945,25327.928,0,0.0,8.avi
2556,6,1.2,406,6,482.9902,0,0.0,8.avi
2557,7,1.4,737,935,3349.6912,0,0.0,8.avi
2558,7,1.4,927,607,771.51184,0,0.0,8.avi
2559,8,1.6,369,62,6010.27,0,0.0,8.avi
2560,8,1.6,1085,430,4162.234,0,0.0,8.avi
2561,8,1.6,477,86,1910.9988,0,0.0,8.avi
2562,8,1.6,849,965,2531.3403,0,0.0,8.avi
2563,8,1.6,861,739,1262.3878,0,0.0,8.avi
2564,8,1.6,473,153,2842.7666,0,0.0,8.avi
2565,8,1.6,442,505,1726.7224,0,0.0,8.avi
2566,8,1.6,891,123,1893.1952,0,0.0,8.avi
2560,9,1.8,1086,385,2890.6482,0,229.5075292296609,8.avi
2567,9,1.8,1066,693,2719.4612,0,0.0,8.avi
2568,9,1.8,317,327,3051.676,0,0.0,8.avi
2569,9,1.8,733,559,1150.7365,0,0.0,8.avi
2570,9,1.8,799,32,1037.8208,0,0.0,8.avi
2571,9,1.8,1011,202,1028.7617,0,0.0,8.avi
2537,10,2.0,1039,838,1301.5146,0,242.62139138714036,8.avi
2551,10,2.0,685,198,649.0654,0,64.57805836771979,8.avi
2554,10,2.0,680,908,2977.7122,0,46.95190150401229,8.avi
2560,10,2.0,1091,303,1976.7744,0,239.41182501073035,8.avi
2572,10,2.0,1144,211,3549.3677,0,0.0,8.avi
2573,10,2.0,678,960,1965.4012,0,0.0,8.avi
2574,10,2.0,507,495,3260.5503,0,0.0,8.avi
2575,10,2.0,497,604,1929.7236,0,0.0,8.avi
2576,10,2.0,567,901,1104.5363,0,0.0,8.avi
2577,10,2.0,827,267,3366.8362,0,0.0,8.avi
2567,11,2.2,1103,670,1161.3928,0,218.73181017132995,8.avi
2578,11,2.2,807,342,3872.803,0,0.0,8.avi
2579,11,2.2,1073,369,2107.3442,0,0.0,8.avi
2580,11,2.2,200,302,1654.4626,0,0.0,8.avi
2581,11,2.2,888,517,1672.8872,0,0.0,8.avi
2582,11,2.2,935,423,3671.8188,0,0.0,8.avi
2583,11,2.2,1128,9,638.714,0,0.0,8.avi
2584,11,2.2,992,905,689.5194,0,0.0,8.avi
2565,12,2.4,460,488,6394.4463,0,123.27419924662722,8.avi
2575,12,2.4,490,616,1523.1738,0,71.68966535781833,8.avi
2585,12,2.4,187,448,2749.467,0,0.0,8.avi
2586,12,2.4,685,723,1587.8035,0,0.0,8.avi
2587,12,2.4,340,9,553.8449,0,0.0,8.avi
2588,12,2.4,612,100,1111.6992,0,0.0,8.avi
2589,12,2.4,394,658,1350.738,0,0.0,8.avi
2590,12,2.4,790,1018,618.4418,0,0.0,8.avi
2591,0,0.0,530,663,7596.728,0,0.0,9.avi
2592,0,0.0,1166,76,1440.7886,0,0.0,9.avi
2593,0,0.0,771,613,1252.0854,0,0.0,9.avi
2594,0,0.0,1191,336,1017.79565,0,0.0,9.avi
2595,0,0.0,998,935,1573.6486,0,0.0,9.avi
2596,0,0.0,1071,521,992.4946,0,0.0,9.avi
2597,0,0.0,248,452,3634.632,0,0.0,9.avi
2598,0,0.0,1111,960,811.58264,0,0.0,9.avi
2599,0,0.0,781,713,3611.482,0,0.0,9.avi
2599,1,0.2,787,704,1581.1296,0,54.87646737192412,9.avi
2600,1,0.2,1196,23,2265.437,0,0.0,9.avi
2601,1,0.2,1171,1003,2037.2291,0,0.0,9.avi
2602,1,0.2,1002,993,2424.8691,0,0.0,9.avi
2603,1,0.2,1129,686,4711.112,0,0.0,9.avi
2604,1,0.2,1059,25,2535.472,0,0.0,9.avi
2594,2,0.4,1162,368,1250.386,0,215.99348424278085,9.avi
2605,2,0.4,526,720,2895.695,0,0.0,9.avi
2606,2,0.4,781,89,2444.9014,0,0.0,9.avi
2607,2,0.4,1011,413,4308.626,0,0.0,9.avi
2608,2,0.4,709,789,5292.225,0,0.0,9.avi
2609,2,0.4,594,243,2590.0012,0,0.0,9.avi
2610,2,0.4,477,790,1349.3848,0,0.0,9.avi
2611,2,0.4,1071,362,751.3914,0,0.0,9.avi
2612,2,0.4,797,232,2101.445,0,0.0,9.avi
2591,3,0.6,528,616,2183.2632,0,236.83130328426844,9.avi
2596,3,0.6,1099,518,877.5162,0,139.10228440494566,9.avi
2613,3,0.6,648,227,2021.3467,0,0.0,9.avi
2614,3,0.6,271,182,1527.7972,0,0.0,9.avi
2615,3,0.6,192,10,1182.5236,0,0.0,9.avi
2616,3,0.6,1183,574,1569.5814,0,0.0,9.avi
2617,4,0.8,981,340,1502.8009,0,0.0,9.avi
2618,4,0.8,264,518,1433.3452,0,0.0,9.avi
2619,4,0.8,345,31,1998.865,0,0.0,9.avi
2620,4,0.8,629,845,1729.1525,0,0.0,9.avi
2621,4,0.8,727,902,1615.9915,0,0.0,9.avi
2622,4,0.8,732,704,991.2323,0,0.0,9.avi
2593,5,1.0,799,627,1202.3884,0,156.23815515444764,9.avi
2611,5,1.0,1085,339,932.82355,0,133.24482360973585,9.avi
2623,5,1.0,842,716,2927.4536,0,0.0,9.avi
2624,5,1.0,1202,127,10145.999,0,0.0,9.avi
2625,5,1.0,383,318,3410.657,0,0.0,9.avi
2626,5,1.0,1121,850,2093.8481,0,0.0,9.avi
2627,5,1.0,639,693,2075.32,0,0.0,9.avi
2628,5,1.0,896,551,1918.6473,0,0.0,9.avi
2629,5,1.0,302,387,1130.8074,0,0.0,9.avi
2630,5,1.0,775,281,2577.6353,0,0.0,9.avi
2631,5,1.0,1165,485,3520.5254,0,0.0,9.avi
2596,6,1.2,1128,545,2433.3132,0,157.03423813952907,9.avi
2607,6,1.2,1056,403,1773.8215,0,228.5519137621273,9.avi
2611,6,1.2,1095,340,1566.4987,0,52.54003663937021,9.avi
2620,6,1.2,609,850,899.907,0,104.262634464997,9.avi
2631,6,1.2,1204,457,2828.6333,0,240.78846089772748,9.avi
2632,6,1.2,395,232,7280.07,0,0.0,9.avi
2633,6,1.2,632,154,3303.3025,0,0.0,9.avi
2634,6,1.2,966,745,1631.774,0,0.0,9.avi
2635,6,1.2,326,131,1339.6548,0,0.0,9.avi
2636,6,1.2,123,335,1104.7965,0,0.0,9.avi
2637,6,1.2,566,513,1184.8171,0,0.0,9.avi
2638,6,1.2,350,797,2044.985,0,0.0,9.avi
2639,6,1.2,669,926,3661.9277,0,0.0,9.avi
2640,6,1.2,479,378,752.12646,0,0.0,9.avi
2641,6,1.2,542,1006,1536.4839,0,0.0,9.avi
2642,6,1.2,863,247,9307.539,0,0.0,9.avi
2593,7,1.4,820,623,2266.1035,0,86.67047738877766,9.avi
2602,7,1.4,1032,999,1337.2423,0,152.86698578594198,9.avi
2616,7,1.4,1197,602,1492.4432,0,159.3857491762461,9.avi
2635,7,1.4,276,131,4654.8794,0,249.06558475130487,9.avi
2640,7,1.4,515,372,7954.7534,0,182.3536001970542,9.avi
2643,7,1.4,595,41,11782.377,0,0.0,9.avi
2644,7,1.4,565,556,2082.2214,0,0.0,9.avi
2645,7,1.4,952,166,2240.5994,0,0.0,9.avi
2646,7,1.4,342,601,3001.385,0,0.0,9.avi
2647,7,1.4,718,89,1570.077,0,0.0,9.avi
2648,7,1.4,374,143,1894.5978,0,0.0,9.avi
2649,7,1.4,1007,84,3664.1921,0,0.0,9.avi
2650,7,1.4,781,665,2801.0217,0,0.0,9.avi
2651,7,1.4,1262,9,658.3925,0,0.0,9.avi
2652,7,1.4,363,861,2244.081,0,0.0,9.avi
2605,8,1.6,497,719,2080.875,0,146.06798412954166,9.avi
2620,8,1.6,591,856,4722.0786,0,10.136075743639111,9.avi
2625,8,1.6,414,304,819.8762,0,169.6801066937401,9.avi
2629,8,1.6,293,394,1143.2744,0,57.55272715743878,9.avi
2633,8,1.6,624,121,3498.532,0,169.6848346102204,9.avi
2635,8,1.6,215,101,17738.17,0,192.75468504947435,9.avi
2653,8,1.6,848,42,5517.4023,0,0.0,9.avi
2654,8,1.6,156,498,8951.098,0,0.0,9.avi
2655,8,1.6,555,753,7057.57,0,0.0,9.avi
2656,8,1.6,763,170,2367.164,0,0.0,9.avi
2657,8,1.6,443,21,4370.732,0,0.0,9.avi
2621,9,1.8,746,895,2305.062,0,100.71400243407538,9.avi
2658,9,1.8,790,513,1645.3452,0,0.0,9.avi
2659,9,1.8,351,529,5333.4663,0,0.0,9.avi
2660,9,1.8,942,920,1722.3771,0,0.0,9.avi
2661,9,1.8,1037,276,12243.13,0,0.0,9.avi
2626,10,2.0,1096,846,2080.129,0,130.50159983332568,9.avi
2634,10,2.0,935,754,3110.6328,0,162.3879122630104,9.avi
2662,10,2.0,1255,326,2312.1284,0,0.0,9.avi
2663,10,2.0,715,567,1856.1511,0,0.0,9.avi
2664,10,2.0,842,465,2936.75,0,0.0,9.avi
2665,10,2.0,88,186,1816.6768,0,0.0,9.avi
2666,10,2.0,631,412,12134.3955,0,0.0,9.avi
2667,10,2.0,523,793,2958.1318,0,0.0,9.avi
2641,11,2.2,566,991,4589.899,0,142.69795695459152,9.avi
2650,11,2.2,799,661,1292.5996,0,92.27012079261384,9.avi
2668,11,2.2,274,817,1988.0428,0,0.0,9.avi
2669,11,2.2,301,271,7241.359,0,0.0,9.avi
2670,11,2.2,308,14,1462.7313,0,0.0,9.avi
2671,11,2.2,1235,178,918.8775,0,0.0,9.avi
2649,12,2.4,966,101,1511.9309,0,225.20479787671428,9.avi
2652,12,2.4,357,866,2097.786,0,40.00903593907037,9.avi
2656,12,2.4,731,192,1075.5853,0,191.5927961086725,9.avi
2667,12,2.4,475,799,2012.7161,0,242.768544925952,9.avi
2672,12,2.4,1202,974,11286.673,0,0.0,9.avi
2673,12,2.4,1183,596,1653.3375,0,0.0,9.avi
2674,12,2.4,646,86,2314.199,0,0.0,9.avi
2657,13,2.6,465,60,2026.4358,0,226.8169080917376,9.avi
2670,13,2.6,314,42,2070.7615,0,139.88361886016762,9.avi
2675,13,2.6,1127,1017,441.06827,0,0.0,9.avi
2676,13,2.6,762,831,921.5457,0,0.0,9.avi
2641,14,2.8,568,1016,735.20703,0,165.4040159578841,9.avi
2659,14,2.8,374,513,829.2178,0,138.80110556125274,9.avi
2663,14,2.8,667,555,3220.436,0,247.8937343863158,9.avi
2677,14,2.8,994,575,1460.9288,0,0.0,9.avi
2678,14,2.8,482,831,2609.5964,0,0.0,9.avi
2674,15,3.0,618,49,4556.448,0,232.0901360036027,9.avi
2679,15,3.0,445,21,2093.4563,0,0.0,9.avi
2680,15,3.0,146,453,2812.323,0,0.0,9.avi
2664,16,3.2,826,436,924.2742,0,165.41057772172542,9.avi
2681,16,3.2,983,64,6327.934,0,0.0,9.avi
2682,16,3.2,635,635,1079.5765,0,0.0,9.avi
2683,16,3.2,1073,349,1177.9818,0,0.0,9.avi
2684,16,3.2,868,260,834.46246,0,0.0,9.avi
2685,16,3.2,1202,687,1326.3755,0,0.0,9.avi
2686,16,3.2,1031,1018,360.0869,0,0.0,9.avi
2687,16,3.2,663,363,5035.045,0,0.0,9.avi
2688,16,3.2,359,168,14399.324,0,0.0,9.avi
2685,17,3.4,1222,668,1697.4813,0,143.1811583789552,9.avi
2689,17,3.4,235,481,5238.736,0,0.0,9.avi
2690,17,3.4,1039,962,3104.2253,0,0.0,9.avi
2691,17,3.4,329,490,5289.3413,0,0.0,9.avi
2692,17,3.4,1091,912,1248.1439,0,0.0,9.avi
2693,17,3.4,686,764,2095.0276,0,0.0,9.avi
2694,17,3.4,634,185,1855.3335,0,0.0,9.avi
2695,17,3.4,605,590,2718.623,0,0.0,9.avi
2670,18,3.6,308,156,2119.3513,0,212.34396139704367,9.avi
2687,18,3.6,657,317,1738.0337,0,231.88258053905173,9.avi
2690,18,3.6,1051,957,910.9282,0,68.72093987759541,9.avi
2696,18,3.6,363,744,4628.045,0,0.0,9.avi
2697,18,3.6,427,77,2362.4949,0,0.0,9.avi
2698,18,3.6,551,117,1638.6342,0,0.0,9.avi
2699,18,3.6,937,259,2342.2776,0,0.0,9.avi
2700,18,3.6,149,86,5298.4683,0,0.0,9.avi
2701,18,3.6,403,601,1266.3796,0,0.0,9.avi
2702,18,3.6,886,845,4695.0596,0,0.0,9.avi
2703,18,3.6,373,326,1828.1776,0,0.0,9.avi
2704,18,3.6,963,682,2283.7126,0,0.0,9.avi
2705,18,3.6,251,191,4475.6865,0,0.0,9.avi
2706,18,3.6,918,18,1325.6902,0,0.0,9.avi
2681,19,3.8,1003,63,4118.5117,0,100.209723011561,9.avi
2707,19,3.8,530,984,5513.747,0,0.0,9.avi
2708,19,3.8,736,440,3550.0374,0,0.0,9.avi
2709,19,3.8,1242,14,1436.2008,0,0.0,9.avi
2710,19,3.8,1207,105,3270.109,0,0.0,9.avi
2711,19,3.8,1020,636,3267.8884,0,0.0,9.avi
2712,19,3.8,269,241,2535.4688,0,0.0,9.avi
2689,20,4.0,247,465,1448.3542,0,100.74961697278188,9.avi
2703,20,4.0,340,293,2335.1304,0,234.61396337154773,9.avi
2704,20,4.0,994,701,4003.3247,0,184.5757147470192,9.avi
2709,20,4.0,1233,14,1229.249,0,44.64781131881678,9.avi
2713,20,4.0,621,76,2730.9514,0,0.0,9.avi
2714,20,4.0,1007,318,949.3926,0,0.0,9.avi
2715,20,4.0,467,273,1957.5458,0,0.0,9.avi
2716,20,4.0,461,887,2067.133,0,0.0,9.avi
2691,21,4.2,343,468,1223.8105,0,131.83057184249972,9.avi
2710,21,4.2,1214,79,18510.672,0,134.92016355868486,9.avi
2717,21,4.2,906,316,1754.0878,0,0.0,9.avi
2718,21,4.2,810,260,1485.1958,0,0.0,9.avi
2719,21,4.2,485,764,4072.9841,0,0.0,9.avi
2720,21,4.2,1068,422,3494.7935,0,0.0,9.avi
2721,21,4.2,1173,644,2120.016,0,0.0,9.avi
2722,21,4.2,892,500,1066.7706,0,0.0,9.avi
2723,21,4.2,183,544,3234.4766,0,0.0,9.avi
2699,22,4.4,943,229,26172.512,0,155.95214249946716,9.avi
2704,22,4.4,1065,723,1925.5864,0,202.06698617256663,9.avi
2718,22,4.4,838,239,771.96124,0,175.1867435439862,9.avi
2724,22,4.4,681,536,4203.8613,0,0.0,9.avi
2725,22,4.4,841,580,3625.9004,0,0.0,9.avi
2726,22,4.4,322,8,679.685,0,0.0,9.avi
2727,22,4.4,207,166,4419.616,0,0.0,9.avi
2702,23,4.6,909,838,951.23975,0,120.47782617609634,9.avi
2726,23,4.6,292,25,1522.1991,0,172.5764460391726,9.avi
2728,23,4.6,534,245,4182.3643,0,0.0,9.avi
2729,23,4.6,498,60,2133.3525,0,0.0,9.avi
2730,23,4.6,638,379,17795.086,0,0.0,9.avi
2731,24,4.8,1070,933,5877.6,0,0.0,9.avi
2732,24,4.8,827,681,1231.7228,0,0.0,9.avi
2733,24,4.8,896,759,2556.4336,0,0.0,9.avi
2734,24,4.8,1192,693,1361.8169,0,0.0,9.avi
2735,24,4.8,946,292,760.70374,0,0.0,9.avi
2736,24,4.8,323,521,21189.787,0,0.0,9.avi
2737,24,4.8,422,321,4883.794,0,0.0,9.avi
2708,25,5.0,768,406,1860.92,0,232.21103744234887,9.avi
2709,25,5.0,1134,9,817.5284,0,67.32013779615589,9.avi
2729,25,5.0,537,44,1409.9309,0,212.3760570327985,9.avi
2731,25,5.0,1063,893,1857.6013,0,202.27060740370013,9.avi
2738,25,5.0,1016,777,1305.6947,0,0.0,9.avi
2739,25,5.0,1150,437,2834.055,0,0.0,9.avi
2740,25,5.0,457,187,936.7502,0,0.0,9.avi
2741,25,5.0,637,905,956.4401,0,0.0,9.avi
2726,26,5.2,152,107,3019.4587,0,5.458340880408424,9.avi
2727,26,5.2,203,139,4715.373,0,135.09646628703626,9.avi
2729,26,5.2,586,18,2309.4038,0,230.47663900874176,9.avi
2742,26,5.2,678,140,5296.8105,0,0.0,9.avi
2743,26,5.2,990,578,1777.2124,0,0.0,9.avi
2744,26,5.2,789,725,1208.7705,0,0.0,9.avi
2745,26,5.2,336,835,1261.7766,0,0.0,9.avi
2746,26,5.2,1069,588,1458.9958,0,0.0,9.avi
2747,26,5.2,756,277,1143.2457,0,0.0,9.avi
2748,26,5.2,224,451,902.5355,0,0.0,9.avi
2699,27,5.4,918,181,5788.2266,0,166.8856649220164,9.avi
2742,27,5.4,653,153,1894.5488,0,141.263501929666,9.avi
2749,27,5.4,284,296,5063.3438,0,0.0,9.avi
2750,27,5.4,1151,512,3047.687,0,0.0,9.avi
2751,27,5.4,477,13,1446.4016,0,0.0,9.avi
2752,27,5.4,346,408,2587.3027,0,0.0,9.avi
2753,27,5.4,1264,365,2135.7744,0,0.0,9.avi
2754,27,5.4,823,10,821.26984,0,0.0,9.avi
2755,27,5.4,951,993,4992.594,0,0.0,9.avi
2709,28,5.6,1069,17,1520.4285,0,137.3605501840997,9.avi
2740,28,5.6,470,146,2802.0784,0,215.36434476286567,9.avi
2756,28,5.6,1009,148,7942.5425,0,0.0,9.avi
2757,28,5.6,845,898,827.7087,0,0.0,9.avi
2758,28,5.6,969,364,2555.4614,0,0.0,9.avi
2759,28,5.6,1046,957,1536.979,0,0.0,9.avi
2760,28,5.6,275,171,1441.0527,0,0.0,9.avi
2761,28,5.6,446,765,2294.3076,0,0.0,9.avi
2762,28,5.6,1113,329,854.0982,0,0.0,9.avi
2763,28,5.6,1216,943,3828.3557,0,0.0,9.avi
2764,28,5.6,175,303,1888.6711,0,0.0,9.avi
2765,28,5.6,1184,625,1137.9973,0,0.0,9.avi
2766,28,5.6,487,335,5480.8857,0,0.0,9.avi
2744,29,5.8,829,753,2268.474,0,243.92804345059267,9.avi
2748,29,5.8,219,427,4749.4326,0,120.66341653715416,9.avi
2759,29,5.8,1019,935,6823.472,0,173.5619779404505,9.avi
2767,29,5.8,1089,808,2541.9048,0,0.0,9.avi
2768,29,5.8,428,409,3080.083,0,0.0,9.avi
2769,29,5.8,854,444,4822.7266,0,0.0,9.avi
2770,29,5.8,1144,590,1393.3872,0,0.0,9.avi
2771,29,5.8,1156,84,7998.4204,0,0.0,9.avi
2772,29,5.8,667,828,1480.0745,0,0.0,9.avi
2773,29,5.8,197,521,3324.9297,0,0.0,9.avi
2774,29,5.8,1265,209,1421.117,0,0.0,9.avi
2775,29,5.8,541,402,8573.664,0,0.0,9.avi
2776,29,5.8,729,83,669.2533,0,0.0,9.avi
2777,29,5.8,1168,961,5557.8145,0,0.0,9.avi
2760,30,6.0,320,182,6222.9873,0,232.84741983810875,9.avi
2761,30,6.0,474,799,921.0835,0,219.3634641228031,9.avi
2767,30,6.0,1113,773,1267.6515,0,217.52985187656657,9.avi
2771,30,6.0,1146,45,13351.926,0,205.0697082809264,9.avi
2778,30,6.0,777,183,8272.331,0,0.0,9.avi
2779,30,6.0,1076,452,4003.101,0,0.0,9.avi
2780,30,6.0,642,17,1962.8197,0,0.0,9.avi
2781,30,6.0,848,236,1684.9995,0,0.0,9.avi
2782,30,6.0,66,508,13562.965,0,0.0,9.avi
2783,30,6.0,735,856,1133.0814,0,0.0,9.avi
2767,31,6.2,1123,768,1127.2769,0,130.43221057109213,9.avi
2784,31,6.2,546,928,12479.318,0,0.0,9.avi
2785,31,6.2,1248,550,9061.052,0,0.0,9.avi
2786,31,6.2,339,760,2935.418,0,0.0,9.avi
2787,31,6.2,462,472,4782.991,0,0.0,9.avi
2788,31,6.2,738,757,2106.3848,0,0.0,9.avi
2789,31,6.2,155,9,660.41376,0,0.0,9.avi
2790,31,6.2,641,78,1219.8411,0,0.0,9.avi
2791,31,6.2,876,678,1196.5483,0,0.0,9.avi
2792,31,6.2,864,74,23519.53,0,0.0,9.avi
2793,31,6.2,392,276,11196.236,0,0.0,9.avi
2794,31,6.2,528,456,1534.7893,0,0.0,9.avi
2740,32,6.4,536,77,4186.1562,0,221.15584096213647,9.avi
2762,32,6.4,1070,310,4018.046,0,231.7159925644088,9.avi
2768,32,6.4,428,374,807.89966,0,177.73933084477036,9.avi
2795,32,6.4,402,544,2612.1143,0,0.0,9.avi
2796,32,6.4,667,982,1628.8137,0,0.0,9.avi
2797,32,6.4,972,660,20164.057,0,0.0,9.avi
2798,32,6.4,1240,13,1820.0916,0,0.0,9.avi
2799,32,6.4,492,883,1660.9895,0,0.0,9.avi
2740,33,6.6,524,73,3337.842,0,117.86425899789845,9.avi
2769,33,6.6,813,460,2049.7935,0,220.26200470730004,9.avi
2776,33,6.6,709,75,4247.9136,0,105.74726169567306,9.avi
2782,33,6.6,18,494,3438.5518,0,247.60104819679304,9.avi
2786,33,6.6,309,724,3853.6816,0,233.1480675393925,9.avi
2787,33,6.6,484,485,857.91895,0,125.09670197981288,9.avi
2800,33,6.6,1186,306,3558.4534,0,0.0,9.avi
2801,33,6.6,564,603,2704.6252,0,0.0,9.avi
2802,33,6.6,335,46,787.0329,0,0.0,9.avi
2803,33,6.6,334,607,2534.6184,0,0.0,9.avi
2804,33,6.6,252,732,1457.5853,0,0.0,9.avi
2805,33,6.6,304,173,25612.37,0,0.0,9.avi
2806,33,6.6,656,778,17065.816,0,0.0,9.avi
2807,33,6.6,249,526,2118.6143,0,0.0,9.avi
2808,0,0.0,1246,949,5076.0024,0,0.0,10.avi
2809,0,0.0,329,645,2504.1418,0,0.0,10.avi
2810,0,0.0,260,465,2279.7825,0,0.0,10.avi
2811,0,0.0,714,433,1241.7063,0,0.0,10.avi
2812,1,0.2,770,635,1522.8978,0,0.0,10.avi
2813,1,0.2,1055,997,3925.3787,0,0.0,10.avi
2814,1,0.2,299,526,1211.5792,0,0.0,10.avi
2815,1,0.2,382,462,814.9364,0,0.0,10.avi
2816,1,0.2,1269,216,908.0547,0,0.0,10.avi
2817,1,0.2,1125,993,1152.1536,0,0.0,10.avi
2818,1,0.2,670,271,733.68097,0,0.0,10.avi
2813,2,0.4,1024,974,16705.271,0,192.8972527565421,10.avi
2819,2,0.4,265,673,1577.1136,0,0.0,10.avi
2820,2,0.4,743,711,2037.6653,0,0.0,10.avi
2821,2,0.4,289,22,612.36914,0,0.0,10.avi
2822,2,0.4,322,330,1047.5199,0,0.0,10.avi
2823,2,0.4,334,369,1022.3314,0,0.0,10.avi
2824,3,0.6,728,478,1757.9905,0,0.0,10.avi
2825,4,0.8,271,601,1580.2794,0,0.0,10.avi
2826,4,0.8,1086,502,1770.825,0,0.0,10.avi
2827,4,0.8,819,1009,1755.9324,0,0.0,10.avi
2828,4,0.8,741,961,3499.7825,0,0.0,10.avi
2829,4,0.8,1102,727,1241.4268,0,0.0,10.avi
2830,4,0.8,339,293,1081.4569,0,0.0,10.avi
2813,5,1.0,879,878,1216.6875,0,62.08287244037362,10.avi
2829,5,1.0,1114,759,1542.4264,0,171.83521237754752,10.avi
2831,5,1.0,574,763,2330.1553,0,0.0,10.avi
2832,5,1.0,521,562,2922.0627,0,0.0,10.avi
2833,5,1.0,963,766,953.1774,0,0.0,10.avi
2834,6,1.2,620,878,1466.4458,0,0.0,10.avi
2835,6,1.2,598,308,1368.8057,0,0.0,10.avi
2836,6,1.2,974,446,1188.0826,0,0.0,10.avi
2837,7,1.4,252,227,2633.2898,0,0.0,10.avi
2838,7,1.4,565,413,3749.7686,0,0.0,10.avi
2839,7,1.4,1079,698,1246.3313,0,0.0,10.avi
2840,7,1.4,453,6,567.67993,0,0.0,10.avi
2839,8,1.6,1062,665,2112.7698,0,187.51008827195025,10.avi
2841,8,1.6,174,518,1280.2347,0,0.0,10.avi
2842,9,1.8,633,178,2707.9998,0,0.0,10.avi
2843,9,1.8,666,405,1245.3402,0,0.0,10.avi
2844,9,1.8,1137,1018,400.423,0,0.0,10.avi
2845,10,2.0,1006,78,3570.7322,0,0.0,10.avi
2846,12,2.4,1156,586,5086.263,0,0.0,10.avi
2847,12,2.4,972,911,970.67773,0,0.0,10.avi
2848,12,2.4,919,722,1546.4558,0,0.0,10.avi
2849,13,2.6,275,574,1007.99646,0,0.0,10.avi
2850,13,2.6,980,22,2904.7776,0,0.0,10.avi
2851,13,2.6,1257,190,2558.0745,0,0.0,10.avi
2852,13,2.6,982,635,4444.754,0,0.0,10.avi
2853,14,2.8,833,578,1312.3322,0,0.0,10.avi
2854,14,2.8,540,286,689.06195,0,0.0,10.avi
2844,15,3.0,1092,1008,1833.0569,0,232.77559068407805,10.avi
2845,15,3.0,992,113,743.9961,0,188.80768955955887,10.avi
2855,15,3.0,402,240,5368.5693,0,0.0,10.avi
2856,15,3.0,555,239,1797.1965,0,0.0,10.avi
2857,15,3.0,1248,898,1665.7731,0,0.0,10.avi
2858,15,3.0,256,139,2289.1685,0,0.0,10.avi
2859,15,3.0,767,474,1472.281,0,0.0,10.avi
2860,16,3.2,1194,666,1070.9918,0,0.0,10.avi
2861,17,3.4,400,117,1193.7158,0,0.0,10.avi
2862,17,3.4,269,507,1979.9886,0,0.0,10.avi
2863,18,3.6,687,22,1818.5712,0,0.0,10.avi
2864,19,3.8,1057,424,28842.81,0,0.0,10.avi
2865,19,3.8,554,476,1123.5508,0,0.0,10.avi
2858,20,4.0,277,141,894.5144,0,104.93019346552948,10.avi
2863,20,4.0,679,15,1083.728,0,52.14061232905704,10.avi
2866,20,4.0,138,516,1153.943,0,0.0,10.avi
2867,20,4.0,192,529,1366.3773,0,0.0,10.avi
2868,20,4.0,1157,556,1802.6433,0,0.0,10.avi
2869,20,4.0,638,155,580.7384,0,0.0,10.avi
2870,20,4.0,261,288,2054.043,0,0.0,10.avi
2871,20,4.0,472,540,39923.957,0,0.0,10.avi
2863,21,4.2,653,45,2742.8608,0,220.63985070550288,10.avi
2872,21,4.2,1104,978,1433.477,0,0.0,10.avi
2873,21,4.2,818,388,2320.4685,0,0.0,10.avi
2874,21,4.2,1151,315,958.62537,0,0.0,10.avi
2875,21,4.2,661,198,1367.8641,0,0.0,10.avi
2876,21,4.2,860,879,768.5638,0,0.0,10.avi
2877,21,4.2,728,1015,473.62067,0,0.0,10.avi
2878,21,4.2,157,11,1035.0762,0,0.0,10.avi
2868,22,4.4,1160,581,790.7292,0,123.4311711961431,10.avi
2879,24,4.8,470,872,1430.3955,0,0.0,10.avi
2880,24,4.8,402,14,1315.3069,0,0.0,10.avi
2881,24,4.8,561,907,1587.1475,0,0.0,10.avi
2882,25,5.0,752,653,5975.0703,0,0.0,10.avi
2883,25,5.0,1233,496,1366.1449,0,0.0,10.avi
2884,25,5.0,541,717,1945.1163,0,0.0,10.avi
2885,27,5.4,920,717,1232.706,0,0.0,10.avi
2886,27,5.4,598,169,2675.9539,0,0.0,10.avi
2887,29,5.8,567,555,536.2385,0,0.0,10.avi
2888,31,6.2,951,1004,1363.0531,0,0.0,10.avi
2889,31,6.2,1122,659,670.5059,0,0.0,10.avi
2890,32,6.4,1225,785,11261.138,0,0.0,10.avi
2891,32,6.4,864,910,869.10876,0,0.0,10.avi
2892,34,6.8,239,399,639.98926,0,0.0,10.avi
2893,34,6.8,421,19,425.5068,0,0.0,10.avi
2894,35,7.0,407,57,580.3721,0,0.0,10.avi
2895,37,7.4,313,437,617.6502,0,0.0,10.avi
2896,39,7.8,373,819,536.68726,0,0.0,10.avi
2897,43,8.6,798,132,851.3894,0,0.0,10.avi
2898,48,9.6,720,206,479.97333,0,0.0,10.avi
2899,50,10.0,284,445,807.1831,0,0.0,10.avi
2900,50,10.0,1251,606,538.5644,0,0.0,10.avi
2901,51,10.2,1195,621,735.15295,0,0.0,10.avi
2902,51,10.2,772,952,369.67282,0,0.0,10.avi
2903,14,2.8,545,129,25587.846,0,0.0,11.avi
2904,6,1.2,277,414,207.55405,0,0.0,12.avi
2904,7,1.4,274,415,182.96887,0,15.102339046256374,12.avi
2905,12,2.4,1128,599,41342.617,0,0.0,12.avi
2906,13,2.6,1111,225,445.76062,0,0.0,12.avi
2907,13,2.6,940,554,8520.576,0,0.0,12.avi
2908,13,2.6,1272,157,573.12897,0,0.0,12.avi
2909,13,2.6,893,449,4185.927,0,0.0,12.avi
2910,13,2.6,838,555,1715.9119,0,0.0,12.avi
2911,14,2.8,1234,178,1552.3206,0,0.0,12.avi
2912,15,3.0,1171,236,1498.1833,0,0.0,12.avi
2913,15,3.0,1094,290,429.97086,0,0.0,12.avi
2914,15,3.0,956,461,1925.404,0,0.0,12.avi
2915,16,3.2,1137,285,2207.5151,0,0.0,12.avi
2916,16,3.2,833,818,3709.7158,0,0.0,12.avi
2917,17,3.4,1071,371,1784.5277,0,0.0,12.avi
2916,18,3.6,865,804,1731.3252,0,174.1560353488038,12.avi
2918,18,3.6,1007,405,1694.7166,0,0.0,12.avi
2918,19,3.8,980,427,2206.3835,0,174.24383485443664,12.avi
2918,20,4.0,956,429,1714.2599,0,76.30594767956647,12.avi
2919,20,4.0,638,988,13994.906,0,0.0,12.avi
2918,21,4.2,946,413,1530.4961,0,135.3222831200396,12.avi
2920,21,4.2,528,1001,3807.209,0,0.0,12.avi
2918,22,4.4,946,408,1480.6849,0,86.03377024871587,12.avi
2921,24,4.8,903,432,1721.5197,0,0.0,12.avi
2921,25,5.0,904,426,1770.1609,0,30.99662999636937,12.avi
2921,26,5.2,893,415,1902.5952,0,68.93273379399783,12.avi
2921,27,5.4,886,384,1675.9563,0,112.49749018318664,12.avi
2921,28,5.6,892,366,1818.0509,0,82.99892071502825,12.avi
2921,29,5.8,902,344,1925.3639,0,47.07757105696885,12.avi
2921,30,6.0,917,320,1878.5151,0,42.6750516122579,12.avi
2922,10,2.0,1269,657,408.71793,0,0.0,13.avi
2922,11,2.2,1266,658,420.2646,0,14.219901449614635,13.avi
2923,11,2.2,1060,719,234.56915,0,0.0,13.avi
2922,12,2.4,1263,662,441.17917,0,19.6133919606202,13.avi
2923,12,2.4,1059,722,240.8457,0,13.717685842842002,13.avi
2924,12,2.4,773,567,189.88507,0,0.0,13.avi
2922,13,2.6,1257,665,452.90402,0,13.56248517587726,13.avi
2923,13,2.6,1057,725,256.3802,0,9.815463422140974,13.avi
2924,13,2.6,771,568,185.25372,0,13.245921765349674,13.avi
2922,14,2.8,1248,667,467.37405,0,24.51650911802646,13.avi
2923,14,2.8,1055,726,259.1,0,4.474169254512124,13.avi
2924,14,2.8,769,570,192.82227,0,2.186187622942763,13.avi
2922,15,3.0,1240,668,479.14612,0,13.54977341725633,13.avi
2923,15,3.0,1052,729,263.72626,0,4.593441233103036,13.avi
2922,16,3.2,1232,667,537.18243,0,10.46328368542601,13.avi
2923,16,3.2,1050,730,249.6918,0,7.290432249326249,13.avi
2922,17,3.4,1221,664,482.86,0,16.333209277451484,13.avi
2923,17,3.4,1048,732,234.55324,0,2.75221969147324,13.avi
2924,17,3.4,763,577,194.44177,0,30.01111398715909,13.avi
2922,18,3.6,1215,662,524.9608,0,17.167896820130323,13.avi
2923,18,3.6,1047,732,230.52097,0,9.759647084681012,13.avi
2924,18,3.6,762,578,192.58177,0,3.90017601085584,13.avi
2922,19,3.8,1207,660,512.7806,0,6.840587866603063,13.avi
2923,19,3.8,1044,732,232.2947,0,5.619109475198962,13.avi
2924,19,3.8,762,580,174.51733,0,2.32248486028619,13.avi
2925,19,3.8,1147,967,159.99376,0,0.0,13.avi
2922,20,4.0,1195,660,475.50317,0,30.854939763728275,13.avi
2923,20,4.0,1041,732,232.77745,0,5.474903535986506,13.avi
2924,20,4.0,760,581,173.736,0,5.646846520795925,13.avi
2922,21,4.2,1176,661,515.7615,0,43.87621068018545,13.avi
2923,21,4.2,1037,731,265.5674,0,8.749454728234754,13.avi
2924,21,4.2,757,581,179.36133,0,7.978042234806933,13.avi
2922,22,4.4,1161,659,496.5991,0,15.069008502340946,13.avi
2923,22,4.4,1031,730,283.42468,0,10.470366994726009,13.avi
2924,22,4.4,754,581,181.77786,0,6.416881486886727,13.avi
2922,23,4.6,1151,657,479.55212,0,33.833166694075366,13.avi
2923,23,4.6,1026,729,284.7548,0,2.571015978407468,13.avi
2924,23,4.6,749,580,210.2439,0,10.007929568421195,13.avi
2925,23,4.6,1119,966,176.03175,0,141.5824434280579,13.avi
2922,24,4.8,1141,656,444.30896,0,5.428693984064048,13.avi
2923,24,4.8,1023,728,269.40726,0,7.927443657831309,13.avi
2922,25,5.0,1130,650,428.37057,0,23.49015509064799,13.avi
2923,25,5.0,1020,725,255.71376,0,8.713777885163244,13.avi
2922,26,5.2,1120,638,457.677,0,38.57800935880093,13.avi
2923,26,5.2,1016,723,257.67526,0,2.8949542264220627,13.avi
2925,26,5.2,1103,963,186.20789,0,10.365112042500344,13.avi
2922,27,5.4,1110,633,521.9909,0,25.819991430055214,13.avi
2923,27,5.4,1015,719,252.74019,0,15.644513349249,13.avi
2926,27,5.4,952,999,192.99405,0,0.0,13.avi
2922,28,5.6,1104,630,510.55707,0,29.46532712736128,13.avi
2923,28,5.6,1018,713,250.03514,0,24.96933076598465,13.avi
2925,28,5.6,1095,959,185.75995,0,11.8417110029464,13.avi
2926,28,5.6,951,996,202.80519,0,15.360364580582416,13.avi
2922,29,5.8,1095,629,467.78427,0,23.67686618773048,13.avi
2923,29,5.8,1020,707,256.22556,0,7.303004204753307,13.avi
2926,29,5.8,950,992,199.40987,0,9.920870028872953,13.avi
2922,30,6.0,1088,631,483.62265,0,20.57088204575855,13.avi
2923,30,6.0,1021,703,260.12488,0,10.605398519469622,13.avi
2925,30,6.0,1087,957,196.8801,0,6.830397275002927,13.avi
2926,30,6.0,949,990,205.05995,0,11.125923041093833,13.avi
2922,31,6.2,1082,635,482.94003,0,10.887668118591316,13.avi
2923,31,6.2,1023,699,262.34006,0,6.07623787344119,13.avi
2926,31,6.2,949,988,205.25423,0,5.367628193271906,13.avi
2922,32,6.4,1069,641,474.79285,0,37.45274797825914,13.avi
2923,32,6.4,1029,689,263.01712,0,40.9707167322122,13.avi
2926,32,6.4,948,986,199.97606,0,3.905783208136249,13.avi
2927,32,6.4,721,572,157.20206,0,0.0,13.avi
2922,33,6.6,1052,653,607.6065,0,50.94767358465576,13.avi
2927,33,6.6,720,570,160.50082,0,8.931231889979992,13.avi
2923,34,6.8,1049,649,679.5388,0,76.7145580747217,13.avi
2927,34,6.8,719,568,193.90053,0,4.9081464256415,13.avi
2928,42,8.4,1061,590,589.5578,0,0.0,13.avi
2928,43,8.6,1054,587,539.9566,0,37.82624526008621,13.avi
2928,44,8.8,1040,585,547.81024,0,43.24301286084591,13.avi
2929,44,8.8,1045,921,299.85016,0,0.0,13.avi
2928,45,9.0,1034,580,540.8232,0,41.92835611628828,13.avi
2929,45,9.0,1044,920,260.80203,0,7.580797526695527,13.avi
2928,46,9.2,1031,573,571.8854,0,31.715896940874337,13.avi
2929,46,9.2,1042,918,271.15524,0,7.943204108644277,13.avi
2930,46,9.2,763,523,180.32419,0,0.0,13.avi
2928,47,9.4,1029,566,645.0478,0,13.699987935405488,13.avi
2929,47,9.4,1041,916,299.6051,0,4.459558501357638,13.avi
2930,47,9.4,763,523,187.22289,0,1.7805898283748194,13.avi
2928,48,9.6,1024,563,764.3172,0,26.463451531871165,13.avi
2929,48,9.6,1038,917,356.59787,0,12.257186270691545,13.avi
2928,49,9.8,1016,559,775.4496,0,20.764429845297595,13.avi
2928,50,10.0,1010,557,774.6106,0,17.823617591267443,13.avi
2928,51,10.2,1000,557,766.2661,0,23.87149374123757,13.avi
2928,52,10.4,987,552,656.50476,0,31.83060692848068,13.avi
2928,53,10.6,979,553,613.4325,0,35.017523894192735,13.avi
2929,53,10.6,1014,926,374.20197,0,114.29450642539533,13.avi
2928,54,10.8,974,554,634.75916,0,22.94510187192649,13.avi
2929,54,10.8,1011,928,350.37555,0,13.187774369755134,13.avi
2928,55,11.0,965,551,619.9471,0,26.91113242358277,13.avi
2929,55,11.0,1007,929,335.19992,0,7.936681149749727,13.avi
2928,56,11.2,958,546,677.93054,0,18.36664016513339,13.avi
2929,56,11.2,1005,930,303.54575,0,13.14523900820417,13.avi
2931,2,0.4,781,220,353.34094,0,0.0,14.avi
2932,16,3.2,696,68,12181.754,0,0.0,14.avi
2933,16,3.2,747,35,7494.224,0,0.0,14.avi
2932,17,3.4,665,42,9679.081,0,203.82442207008685,14.avi
2933,17,3.4,740,10,1730.4717,0,129.76163700684248,14.avi
2934,17,3.4,576,18,3026.854,0,0.0,14.avi
2932,18,3.6,639,14,3329.329,0,37.6772472082927,14.avi
2934,19,3.8,538,25,2031.0911,0,195.21033100130236,14.avi
2935,20,4.0,784,248,308.42245,0,0.0,14.avi
2935,21,4.2,771,263,287.95496,0,99.27874383043304,14.avi
2936,21,4.2,873,452,169.27238,0,0.0,14.avi
2935,22,4.4,758,274,312.58694,0,13.449614357988237,14.avi
2936,22,4.4,866,452,179.28795,0,35.605621344102815,14.avi
2937,32,6.4,323,37,13166.492,0,0.0,14.avi
2938,32,6.4,168,18,2873.2246,0,0.0,14.avi
2937,33,6.6,371,70,27577.53,0,293.07746072377387,14.avi
2937,34,6.8,386,79,32049.479,0,147.4182361277776,14.avi
2937,35,7.0,398,124,38133.758,0,195.1950115384637,14.avi
2937,36,7.2,353,200,37215.88,0,396.2620280845663,14.avi
2937,37,7.4,247,287,48690.89,0,432.7134758880753,14.avi
2939,37,7.4,422,265,3638.153,0,0.0,14.avi
2940,37,7.4,353,216,1994.5737,0,0.0,14.avi
2937,38,7.6,185,338,52884.074,0,229.613905360072,14.avi
2939,38,7.6,387,296,1098.4587,0,236.2261077934469,14.avi
2941,38,7.6,266,466,3990.2415,0,0.0,14.avi
2942,38,7.6,189,180,4297.476,0,0.0,14.avi
2943,38,7.6,196,466,2241.1116,0,0.0,14.avi
2943,40,8.0,164,430,3883.0415,0,241.65954631447397,14.avi
2944,40,8.0,120,338,5445.673,0,0.0,14.avi
2945,40,8.0,257,517,1067.3121,0,0.0,14.avi
2946,41,8.2,293,556,1152.9282,0,0.0,14.avi
2946,45,9.0,319,571,2499.6704,0,146.1619764468248,14.avi
2947,49,9.8,257,648,1740.3748,0,0.0,14.avi
2948,0,0.0,983,486,25129.05,0,0.0,15.avi
2949,5,1.0,993,665,22306.127,0,0.0,15.avi
2949,6,1.2,988,709,16806.291,0,221.58636057345296,15.avi
2950,9,1.8,891,527,20153.785,0,0.0,15.avi
2950,11,2.2,887,509,26043.312,0,89.94844455560695,15.avi
2951,15,3.0,1031,317,22182.816,0,0.0,15.avi
2952,26,5.2,12,338,134.84978,0,0.0,15.avi
2953,5,1.0,1260,590,572.3559,0,0.0,16.avi
2954,11,2.2,161,648,301.63135,0,0.0,16.avi
2954,12,2.4,162,650,314.12732,0,11.485334383861929,16.avi
2954,13,2.6,162,653,336.07886,0,5.12084527407657,16.avi
2955,16,3.2,1184,403,23379.875,0,0.0,16.avi
2956,26,5.2,1271,487,459.9995,0,0.0,16.avi
2956,27,5.4,1274,483,282.16022,0,26.42609190071025,16.avi
2957,1,0.2,151,501,49026.465,0,0.0,17.avi
2957,2,0.4,148,409,44567.758,0,466.2538600144811,17.avi
2957,3,0.6,111,307,51383.957,0,231.2004950198766,17.avi
2957,4,0.8,118,250,54539.5,0,326.5065817288568,17.avi
2958,4,0.8,231,625,1430.6505,0,0.0,17.avi
2959,4,0.8,7,223,697.5857,0,0.0,17.avi
2957,5,1.0,170,228,51735.652,0,403.7565680367252,17.avi
2958,5,1.0,233,635,1523.0715,0,50.05653138640015,17.avi
2957,6,1.2,157,234,44853.8,0,364.9410960645933,17.avi
2958,6,1.2,232,636,1344.285,0,36.0193471313861,17.avi
2957,7,1.4,134,252,48140.367,0,175.2924019236396,17.avi
2958,7,1.4,244,645,1496.4783,0,80.09637768575533,17.avi
2957,8,1.6,100,285,47370.34,0,141.62403420755578,17.avi
2958,8,1.6,261,655,1665.5768,0,47.69010823094512,17.avi
2957,9,1.8,81,317,42281.168,0,68.29174767531055,17.avi
2958,9,1.8,279,638,1553.9751,0,148.79644948134117,17.avi
2957,10,2.0,65,291,30691.742,0,320.6638886237503,17.avi
2958,10,2.0,287,629,1594.9938,0,51.02368857086567,17.avi
2960,10,2.0,93,180,654.9142,0,0.0,17.avi
2957,11,2.2,81,282,32517.98,0,196.19161432543595,17.avi
2958,11,2.2,310,631,1559.0809,0,98.84525386990812,17.avi
2961,11,2.2,18,146,2729.9717,0,0.0,17.avi
2962,11,2.2,1271,261,213.37656,0,0.0,17.avi
2957,12,2.4,82,266,31605.035,0,57.01592811782762,17.avi
2958,12,2.4,316,633,1455.41,0,82.80851203624013,17.avi
2957,13,2.6,95,239,33563.984,0,86.1796221449776,17.avi
2958,13,2.6,339,635,1712.2876,0,79.30274153090993,17.avi
2958,14,2.8,336,605,1948.48,0,220.8088746091788,17.avi
2958,15,3.0,343,588,1736.9082,0,38.90372293024174,17.avi
2958,16,3.2,371,585,1546.8583,0,153.0547846524338,17.avi
2963,16,3.2,64,191,33218.332,0,0.0,17.avi
2958,17,3.4,392,574,1380.6632,0,26.26751411459475,17.avi
2963,17,3.4,58,155,26705.207,0,188.75783229951816,17.avi
2958,18,3.6,413,564,1358.9966,0,3.4916693146440902,17.avi
2963,18,3.6,86,134,37308.17,0,178.13492730811012,17.avi
2964,18,3.6,117,14,1945.9362,0,0.0,17.avi
2958,19,3.8,461,548,1467.1019,0,151.41054877512047,17.avi
2963,19,3.8,94,114,42682.316,0,99.72651032649316,17.avi
2965,19,3.8,517,914,400.7786,0,0.0,17.avi
2958,20,4.0,524,545,1462.848,0,140.0015729021931,17.avi
2963,20,4.0,91,119,45324.707,0,167.47953937265876,17.avi
2965,20,4.0,532,906,377.44604,0,85.24266727394391,17.avi
2963,21,4.2,78,98,36611.867,0,133.7760315794795,17.avi
2965,21,4.2,546,900,400.91003,0,11.744202807794892,17.avi
2963,22,4.4,84,93,33334.98,0,111.11683340479688,17.avi
2965,22,4.4,555,896,405.97922,0,34.47250666194156,17.avi
2966,22,4.4,641,531,1416.0107,0,0.0,17.avi
2963,23,4.6,78,95,30433.123,0,72.9096385036037,17.avi
2965,23,4.6,569,884,442.9874,0,47.96275989602266,17.avi
2963,24,4.8,61,94,24527.139,0,71.4224438810462,17.avi
2965,24,4.8,578,880,430.9822,0,36.99493038643983,17.avi
2967,24,4.8,788,479,1699.087,0,0.0,17.avi
2963,25,5.0,45,71,15589.385,0,121.70876893703732,17.avi
2965,25,5.0,588,874,413.88,0,2.7366096357219987,17.avi
2968,26,5.2,966,392,1631.6847,0,0.0,17.avi
2969,27,5.4,1062,329,1857.9875,0,0.0,17.avi
2970,28,5.6,1122,247,1580.6763,0,0.0,17.avi
2971,7,1.4,1082,147,30896.121,0,0.0,18.avi
2972,10,2.0,951,391,25292.607,0,0.0,18.avi
