tracker_id,frame_idx,timestamp,centroid_x,centroid_y,area,class,speed_px_per_sec,confidence,track_length,frames_lost,bbox_x1,bbox_y1,bbox_x2,bbox_y2,kalman_area,velocity_x,velocity_y,displacement,trajectory_angle,source_video
1489,0,0.0,266,211,10058.68,0,0.0,0.9108125567436218,1,0,216.02716,161.74228,316.3991,261.95633,10058.68,0.0,0.0,0.0,0.0,2.avi
1489,1,0.2,271,200,10953.602,0,63.62531963572096,0.922332227230072,3,0,218.85199,148.43628,324.19873,252.41296,10953.602,21.20646,-45.607494,12.779674830671206,68.00234623273548,2.avi
1489,2,0.4,258,192,10815.293,0,90.52331656602506,0.9323112964630128,5,0,206.37653,140.5188,310.49994,244.38873,10815.293,-58.142654,-40.33851,17.78032472664177,182.24623292803537,2.avi
1489,3,0.6,254,183,10798.282,0,42.21866386090417,0.931529462337494,7,0,202.41489,131.32901,306.21487,235.3587,10798.282,-29.361753,-44.33516,7.322668488436671,10.910991376908155,2.avi
1489,4,0.8,250,171,10229.802,0,21.26748832605349,0.934627890586853,9,0,200.47015,120.82356,301.2334,222.34673,10229.802,-20.114082,-55.434593,3.809722627604482,65.86970126583458,2.avi
1489,5,1.0,260,161,10179.297,0,79.80836482858298,0.9270157217979432,11,0,210.9306,110.18918,310.93475,211.97794,10179.297,34.136864,-53.183094,13.180574887679136,357.8182853709844,2.avi
1489,6,1.2,299,158,9838.378,0,187.14636499724003,0.9218018651008606,13,0,250.81374,108.71271,348.66763,209.25421,9838.378,157.13594,-20.35128,32.140064095509594,346.4081209223873,2.avi
1489,7,1.4,321,162,10156.707,0,71.61073789307963,0.9334073066711426,15,0,271.4682,111.7522,371.00372,213.79321,10156.707,118.93837,9.875891,12.393883468840876,214.87566855514245,2.avi
1489,8,1.6,330,169,11126.605,0,85.47929311826041,0.9368618726730348,17,0,278.5567,116.58951,383.02338,223.09814,11126.605,64.19665,29.474651,15.613766645331404,195.80305374010192,2.avi
1489,9,1.8,337,177,11426.113,0,36.99391444762541,0.9272763133049012,19,0,283.64923,123.77521,390.8058,230.40527,11426.113,39.575455,34.672382,6.748274446923689,190.77186825679823,2.avi
1489,10,2.0,338,185,11029.885,0,37.87505578779174,0.9208640456199646,21,0,285.50363,133.41695,391.65683,237.32228,11029.885,14.336807,39.844788,7.2088855439111,187.775314400834,2.avi
1489,11,2.2,325,195,10699.124,0,88.93654077558897,0.9288488030433656,23,0,273.74524,144.10376,377.96997,246.75812,10699.124,-45.62164,47.891888,16.531301056292282,185.76805738064715,2.avi
1489,12,2.4,323,213,10097.76,0,60.022399284052206,0.9118101596832277,25,0,272.89227,163.29825,374.00598,263.1636,10097.76,-19.79282,79.51177,10.154924826549497,308.105526013125,2.avi
1489,13,2.6,326,239,10587.801,0,70.65998297527936,0.9156871438026428,27,0,274.60583,188.31139,377.46033,291.25098,10587.801,5.369337,120.463135,11.82053440943685,303.4142456560543,2.avi
1489,14,2.8,321,259,11082.648,0,37.48018174492677,0.929389476776123,29,0,269.4964,206.89247,374.36096,312.57782,11082.648,-14.54599,104.546005,7.813364193862455,141.4073999181885,2.avi
1489,15,3.0,302,272,10766.476,0,100.89842414815054,0.9206631779670716,31,0,251.27304,220.83215,354.5632,325.06738,10766.476,-76.47099,74.95305,19.088926665420832,153.07355883306673,2.avi
1489,16,3.2,265,277,10040.279,0,139.17154768581088,0.8859986662864685,33,0,215.6107,226.8655,315.33716,327.54367,10040.279,-161.65884,33.66369,25.130339436141732,154.19274859670782,2.avi
1489,17,3.4,270,276,9948.291,0,215.24745507611655,0.9106371998786926,35,0,220.98538,226.10698,319.9241,326.657,9948.291,-18.156433,4.6061897,37.70279719736276,12.15302010836706,2.avi
1489,18,3.6,271,277,10595.618,0,27.11570812849916,0.8992486000061035,37,0,220.16487,226.4079,322.99152,329.45142,10595.618,0.13007927,7.015426,4.187536906788759,4.152464116462284,2.avi
1489,19,3.8,281,279,13490.668,0,55.231393576137314,0.8970198631286621,39,0,221.77176,223.30713,340.93942,336.5146,13490.668,37.6335,9.2388735,9.40170266827892,2.028163198567313,2.avi
1489,20,4.0,277,277,13402.878,0,70.22992602518512,0.9000345468521118,41,0,217.40924,221.20682,337.33832,332.96353,13402.878,-6.627754,-8.735013,12.799747056031675,158.17482145870804,2.avi
1489,21,4.2,286,280,11925.484,0,66.81881065392716,0.9177337884902954,43,0,230.56593,227.21094,343.0586,333.22217,11925.484,34.770275,10.027074,10.989571074962749,334.89962571266403,2.avi
1489,22,4.4,286,287,10834.779,0,51.17689090079489,0.9319468140602112,45,0,233.10925,236.1615,339.28418,338.208,10834.779,5.6579742,29.11383,9.118392393448856,211.6010074279799,2.avi
1489,23,4.6,266,298,10302.82,0,119.80916707999864,0.9269804954528807,47,0,215.22926,248.05553,318.26544,348.0478,10302.82,-73.49549,48.513416,21.90483302286355,193.1744915510855,2.avi
1489,24,4.8,250,301,10150.992,0,33.48780312269688,0.937009334564209,49,0,200.04854,252.04008,301.7548,351.84705,10150.992,-77.90523,26.165396,7.05809848973745,106.86982924169246,2.avi
1489,25,5.0,232,296,9724.333,0,60.77922505724274,0.9264262318611144,51,0,183.43428,247.5219,282.2756,345.90518,9724.333,-87.388145,-14.075346,11.659518447641574,106.54682644360594,2.avi
1489,26,5.2,214,287,9925.701,0,34.94497534177542,0.9224891662597656,53,0,165.12453,237.9053,264.72153,337.56393,9925.701,-89.13524,-37.78118,7.034613385163824,101.29072624870798,2.avi
1489,27,5.4,207,280,9871.865,0,57.08576638262298,0.9112815260887146,55,0,157.4234,230.89943,256.95178,330.08588,9871.865,-50.323402,-36.572514,9.905613133571762,1.031809030816703,2.avi
1489,28,5.6,210,275,11592.965,0,76.3274641460828,0.9011828899383544,57,0,155.69795,222.29541,265.23923,328.12732,11592.965,1.0034943,-28.75277,13.005332169502276,351.9471597696486,2.avi
1489,29,5.8,208,262,13306.686,0,42.74203924781781,0.9058946371078492,59,0,149.04456,206.13824,267.54678,318.42883,13306.686,-8.125385,-56.35623,7.923940179235625,109.68585626306356,2.avi
1489,30,6.0,208,258,13015.888,0,42.88860594055741,0.9126758575439452,61,0,149.8231,203.12276,267.7882,313.45953,13015.888,0.08596611,-28.3622,7.113036858837044,280.77176397292374,2.avi
1489,31,6.2,201,256,11753.219,0,47.79479787485702,0.9057708978652954,63,0,145.26309,203.36876,256.89685,308.6525,11753.219,-29.692781,-15.317066,8.52233633855345,203.37574923102423,2.avi
1489,32,6.4,189,252,10833.095,0,30.286117798041477,0.9216657280921936,65,0,136.27252,201.60915,243.41196,302.72125,10833.095,-50.07316,-18.324669,6.214033891071497,171.2322305911497,2.avi
1489,33,6.6,191,253,10375.785,0,69.64227091711383,0.944038152694702,67,0,139.28987,203.26666,243.10301,303.2134,10375.785,-6.3491287,-0.095710754,12.044502840244368,338.06262860492114,2.avi
1489,34,6.8,189,262,10053.543,0,51.0531942238631,0.9383809566497804,69,0,138.2421,212.83504,240.03763,311.59714,10053.543,-9.374946,34.499435,8.827879932272909,263.9748364496703,2.avi
1489,35,7.0,165,277,10442.756,0,134.48186232167475,0.9078214764595032,71,0,113.01752,227.38028,217.04874,327.76126,10442.756,-94.87724,67.016235,23.619541519535414,199.4991462356123,2.avi
1489,36,7.2,125,288,10559.188,0,115.8604577445874,0.8915954828262329,73,0,73.01634,238.3541,178.43059,338.5226,10559.188,-173.08167,57.264183,21.266656150880063,171.9611391260488,2.avi
1489,37,7.4,84,292,10956.249,0,53.625633909026185,0.9066253304481506,75,0,30.524048,242.35297,139.44138,342.9453,10956.249,-196.63593,29.41151,10.619907645569915,132.0074542517625,2.avi
1489,38,7.6,51,291,11976.36,0,53.38216297402678,0.8859311938285828,77,0,-3.980793,237.05498,106.87242,345.093,11976.36,-174.36673,0.73047066,9.235036298229142,54.639628808852535,2.avi
1489,39,7.8,31,293,9211.761,0,84.8096917615315,0.8703020215034485,79,0,-14.481251,242.89697,77.40904,343.14435,9211.761,-117.09499,7.6555195,14.536915720936149,352.96690703013536,2.avi
1489,40,8.0,24,294,6302.8486,0,91.00063358920752,0.8138507604598999,81,0,-11.669109,250.19385,59.941006,338.21002,6302.8486,-55.209545,6.3101587,15.964642393499512,1.9806075304310296,2.avi
1491,1,0.2,556,1004,6537.612,0,0.0,0.6920492053031921,1,0,472.6645,984.89746,641.02277,1023.729,6537.612,0.0,0.0,0.0,0.0,3.avi
1492,2,0.4,489,917,16651.543,0,0.0,0.8989155292510986,1,0,419.6607,857.2839,558.6727,977.0688,16651.543,0.0,0.0,0.0,0.0,3.avi
1493,3,0.6,462,774,17637.02,0,0.0,0.8468286395072937,1,0,386.7326,717.0029,538.8255,832.9651,17637.02,0.0,0.0,0.0,0.0,3.avi
1494,4,0.8,435,682,21765.16,0,0.0,0.8894047141075134,1,0,349.72607,618.8172,521.07086,745.8427,21765.16,0.0,0.0,0.0,0.0,3.avi
1494,5,1.0,424,635,20566.014,0,243.7681036260848,0.909781277179718,3,0,348.05667,568.26154,501.6102,702.1954,20566.014,-42.175777,-188.03001,48.68315738822207,103.54068422573891,3.avi
1494,6,1.2,423,623,18218.389,0,140.95607771723732,0.886150598526001,5,0,352.7691,559.6185,495.1844,687.54297,18218.389,-7.4730225,-69.163574,26.22219232079274,284.58172039874205,3.avi
1494,7,1.4,439,621,17219.123,0,113.81432841777672,0.8707550168037415,7,0,367.00775,561.90436,511.22772,681.29926,17219.123,56.32123,-23.706566,19.986142941917745,325.73732836759075,3.avi
1494,8,1.6,441,639,11202.071,0,137.34045718702788,0.8584567308425903,9,0,384.80344,589.73126,497.63327,689.0141,11202.071,21.14748,62.704468,24.045368864372776,247.0344656800388,3.avi
1494,9,1.8,497,650,11081.693,0,295.080450244766,0.8455381989479065,11,0,440.04056,601.89795,555.1697,698.15247,11081.693,221.774,55.44066,51.5876574784262,2.125796951820803,3.avi
1494,10,2.0,543,649,19975.045,0,64.06823487678611,0.8468106389045715,13,0,468.04108,583.676,618.8952,716.089,19975.045,227.57462,12.246239,12.15790864289086,85.0926784469525,3.avi
1495,10,2.0,521,631,2508.054,0,0.0,0.5640583634376526,1,0,496.19275,606.2145,546.68506,655.8865,2508.054,0.0,0.0,0.0,0.0,3.avi
1496,10,2.0,496,663,1528.6726,0,0.0,0.5881446003913879,1,0,475.62372,644.55774,516.75586,681.72266,1528.6726,0.0,0.0,0.0,0.0,3.avi
1497,10,2.0,535,678,2635.0642,0,0.0,0.5542128086090088,1,0,508.60608,654.23035,562.13513,703.45715,2635.0642,0.0,0.0,0.0,0.0,3.avi
1498,10,2.0,563,601,2368.6313,0,0.0,0.5160931944847107,1,0,539.796,575.87463,586.755,626.31506,2368.6313,0.0,0.0,0.0,0.0,3.avi
1494,11,2.2,592,676,18640.79,0,135.97656455268736,0.8487684726715088,15,0,518.24976,613.22864,666.37866,739.0703,18640.79,240.38615,103.84803,23.859783845872894,277.26425249912165,3.avi
1499,11,2.2,630,634,1911.9526,0,0.0,0.6859915852546692,1,0,608.70264,612.61884,652.82495,655.95184,1911.9526,0.0,0.0,0.0,0.0,3.avi
1494,12,2.4,618,688,14593.3,0,133.51773431847525,0.8402402997016907,17,0,553.7378,631.7544,683.2312,744.4497,14593.3,156.13327,69.938126,24.10239372960764,158.2813589746304,3.avi
1499,12,2.4,662,657,1611.2114,0,197.8679191200829,0.4225454032421112,3,0,642.91614,636.69104,682.1221,677.7871,1611.2114,126.76761,91.63162,38.62196754292967,323.9757221475349,3.avi
1494,13,2.6,668,711,15917.651,0,119.0563884248191,0.8916330933570862,19,0,599.5508,653.99426,737.246,769.59485,15917.651,228.0033,107.26261,20.34391861003743,334.02458770086497,3.avi
1494,14,2.8,692,745,16885.5,0,140.5736397120648,0.9121323227882384,21,0,621.07074,686.1951,763.58734,804.6761,16885.5,144.6615,154.13913,24.94169979057148,208.11326308629697,3.avi
1494,15,3.0,707,766,16017.905,0,96.10729784558944,0.9085764288902284,23,0,636.6366,709.94135,777.82837,823.3892,16017.905,90.70715,117.22505,17.570547091714655,144.2586724831791,3.avi
1494,16,3.2,738,792,14897.374,0,73.22960899743357,0.8870594501495361,25,0,669.2766,738.37805,806.93445,846.59827,14897.374,139.67241,126.37023,12.766728969338876,351.4878986436057,3.avi
1494,17,3.4,783,805,12844.661,0,117.23944509359288,0.8884230852127075,27,0,718.98566,755.7244,847.0645,856.01154,12844.661,204.99622,80.62567,21.225319863550062,36.96110812017821,3.avi
1500,17,3.4,787,740,2704.8481,0,0.0,0.7245665192604065,1,0,760.31995,715.2223,814.84045,764.83386,2704.8481,0.0,0.0,0.0,0.0,3.avi
1494,18,3.6,829,793,13299.407,0,166.01710983566025,0.9211824536323548,29,0,766.8402,740.57947,893.1146,845.901,13299.407,227.89143,-29.95652,29.41695235660337,80.26205359919163,3.avi
1494,19,3.8,877,789,13015.153,0,14.87428105869864,0.9229754209518432,31,0,816.38367,735.8042,938.19934,842.6472,13015.153,234.56717,-22.353704,2.269862642403248,309.5152036845612,3.avi
1501,19,3.8,882,870,716.6323,0,0.0,0.7829058766365051,1,0,869.19116,856.71643,895.02734,884.454,716.6323,0.0,0.0,0.0,0.0,3.avi
1494,20,4.0,936,809,13052.589,0,155.97714045141905,0.9198511242866516,33,0,876.11316,755.3236,996.44556,863.7947,13052.589,281.00464,73.04216,26.96193259954031,295.9425854985691,3.avi
1501,20,4.0,880,878,815.975,0,42.4526471859449,0.7908201217651367,3,0,866.7567,863.87915,894.06604,893.75806,815.975,-6.7780385,32.867794,7.708964369800822,254.1207790050989,3.avi
1494,21,4.2,978,834,12320.035,0,97.8942969844434,0.8841294646263123,35,0,922.6404,780.3108,1035.2935,889.67334,12320.035,229.03293,114.67259,17.502941026233266,214.17738466392908,3.avi
1501,21,4.2,874,876,918.0832,0,51.23580350015784,0.8236446976661682,5,0,859.23816,861.5431,889.3263,892.0563,918.0832,-28.636812,-6.4782143,10.666464810464554,118.2935390884133,3.avi
1494,22,4.4,979,848,12239.48,0,262.03444563698264,0.8804613947868347,37,0,925.141,792.4237,1033.4894,905.3878,12239.48,54.201996,79.97905,46.837545208424615,167.7641531071912,3.avi
1494,23,4.6,967,860,13850.246,0,129.10182310098264,0.8924952149391174,39,0,910.62384,799.71564,1024.9646,920.847,13850.246,-31.798767,62.20974,23.668611906602337,168.04808372131356,3.avi
1502,23,4.6,1040,749,661.5756,0,0.0,0.7508823275566101,1,0,1027.3896,736.50977,1053.3706,761.97363,661.5756,0.0,0.0,0.0,0.0,3.avi
1503,23,4.6,903,861,688.4321,0,0.0,0.5819052457809448,1,0,890.5377,847.9903,916.6185,874.3864,688.4321,0.0,0.0,0.0,0.0,3.avi
1494,24,4.8,968,864,14420.565,0,63.079067364718654,0.9132190346717834,41,0,908.22546,804.81055,1029.3558,923.8606,14420.565,-3.5071602,29.95097,10.91795997824001,53.03311451727774,3.avi
1502,24,4.8,1037,741,812.8677,0,40.63719616841394,0.6634595990180969,3,0,1022.90393,728.05817,1052.976,755.0888,812.8677,-9.741501,-30.611664,8.907910205631087,112.29976055467034,3.avi
1494,25,5.0,983,874,16813.305,0,90.427164295909,0.9218878746032716,43,0,917.0958,811.2828,1049.9203,937.86566,16813.305,55.79293,46.290432,15.356793714128056,346.1571735345993,3.avi
1494,26,5.2,1015,858,16471.514,0,184.10279263761876,0.8940474987030029,45,0,946.729,798.10803,1083.3003,918.71545,16471.514,134.05057,-51.475666,32.87480115581071,51.79263443686864,3.avi
1494,27,5.4,1051,843,15077.905,0,61.75069440773262,0.914998471736908,47,0,984.59265,787.2897,1118.8131,899.6266,15077.905,172.04161,-69.39216,10.505521755924487,29.14639459416395,3.avi
1502,27,5.4,1034,720,486.09656,0,88.59263803105478,0.6457214951515198,7,0,1023.1747,709.7944,1045.955,731.1329,486.09656,-2.4279408,-16.868534,17.026454627094495,297.075209621192,3.avi
1494,28,5.6,1071,847,13908.1455,0,133.0837072284091,0.9222186803817748,49,0,1005.56116,794.88513,1136.9193,900.76465,13908.1455,114.84851,0.7779312,23.061114141001084,229.0600391817817,3.avi
1502,28,5.6,1023,720,557.7559,0,63.443331101778256,0.5647597908973694,9,0,1011.3154,709.7319,1036.1738,732.16925,557.7559,-43.43565,-1.5493393,11.455036030730218,194.7170073256756,3.avi
1494,29,5.8,1068,851,12847.015,0,145.2346040830093,0.9278053045272828,51,0,1005.6428,800.8535,1131.9478,902.5679,12847.015,17.10485,15.124158,26.38332089246921,186.57181585634828,3.avi
1502,29,5.8,1005,724,824.2916,0,55.78065280167207,0.1851078569889068,11,0,989.3,711.80115,1022.37726,736.7213,824.2916,-79.27997,12.527811,10.603687959698014,198.46988622339336,3.avi
1494,30,6.0,1072,838,12769.717,0,94.43362284803386,0.919283092021942,53,0,1008.57837,787.9574,1136.0806,888.11035,12769.717,17.53995,-49.109615,16.73693251556312,90.7405129061778,3.avi
1494,31,6.2,1080,825,13004.245,0,29.744602112431053,0.9253906607627868,55,0,1015.9186,775.67084,1145.2511,876.2198,13004.245,35.798332,-57.827164,5.2577564869230935,37.65476780095918,3.avi
1494,32,6.4,1105,818,13953.694,0,102.0551071673784,0.9419758915901184,57,0,1037.1613,767.6756,1173.2567,870.2044,13953.694,102.96592,-40.2891,17.631145532444584,348.1514676955334,3.avi
1502,32,6.4,940,718,514.08234,0,182.66611664154104,0.5637249946594238,15,0,927.65283,707.8767,952.92346,728.2197,514.08234,-50.90187,-7.8514767,36.21869125414931,36.01123074584001,3.avi
1494,33,6.6,1123,818,13809.546,0,46.01592231388899,0.935665726661682,59,0,1054.6241,768.0783,1191.4601,868.99884,13809.546,92.35125,-10.843111,7.64950621271944,248.51150652249956,3.avi
1494,34,6.8,1140,833,13540.994,0,100.00185415106176,0.9152340888977052,61,0,1072.0165,784.2228,1208.047,883.7666,13540.994,86.65718,56.940994,16.698689521858253,264.8038457241016,3.avi
1504,34,6.8,906,756,904.2753,0,0.0,0.530707061290741,1,0,889.9624,742.93713,923.4774,769.91833,904.2753,0.0,0.0,0.0,0.0,3.avi
1494,35,7.0,1154,834,13336.568,0,64.73431167088997,0.9487224817276,63,0,1087.2804,784.47253,1220.7477,884.39636,13336.568,73.776505,14.833748,11.869315464055914,106.46018819832229,3.avi
1504,35,7.0,890,758,1144.12,0,84.66815538066811,0.5391033887863159,3,0,872.23834,742.5239,907.9382,774.57227,1144.12,-66.39395,8.464587,16.7936713824164,185.3720419390612,3.avi
1494,36,7.2,1178,811,13889.469,0,154.52331478720205,0.90221506357193,65,0,1110.9987,760.7304,1246.5414,863.2033,13889.469,112.23877,-82.9855,27.968349636731357,70.72871250155049,3.avi
1504,36,7.2,878,772,876.94135,0,65.98855206252155,0.3621426820755005,5,0,863.0524,758.2552,893.1243,787.4167,876.94135,-60.537437,66.138306,11.819087948530298,275.7812818891398,3.avi
1494,37,7.4,1198,801,14370.068,0,36.50166643454571,0.920170783996582,67,0,1129.2068,749.7874,1268.4868,852.9615,14370.068,103.11996,-59.891617,6.484887814064288,240.25137301527255,3.avi
1504,37,7.4,853,787,967.2833,0,67.88957007670068,0.485634982585907,7,0,838.1296,772.03436,869.6098,802.76105,967.2833,-106.98163,71.25441,13.01462670927881,184.1259919607364,3.avi
1494,38,7.6,1212,819,13204.854,0,173.13621745479043,0.9232887029647828,69,0,1145.104,769.81305,1279.0356,868.40704,13204.854,74.655846,54.38684,30.53200040703305,255.8365823017594,3.avi
1504,38,7.6,821,800,1104.1277,0,62.724325470279645,0.4930190742015838,9,0,804.4432,784.42725,838.38495,816.9573,1104.1277,-149.43193,67.58385,11.59122065499482,171.82339099519754,3.avi
1494,39,7.8,1213,845,12034.525,0,115.32102140481776,0.914932906627655,71,0,1150.7216,797.568,1276.5433,893.21533,12034.525,23.241093,113.63088,20.52814409672044,226.99688597676567,3.avi
1494,40,8.0,1197,875,12343.244,0,124.82404249583529,0.9138696789741516,73,0,1136.0624,824.7923,1258.6388,925.49066,12343.244,-57.25471,140.64334,22.36581074206268,197.921164069159,3.avi
1494,41,8.2,1166,928,10959.341,0,179.04755556821289,0.9407417178153992,75,0,1110.5261,880.03845,1223.3174,977.2031,10959.341,-130.243,238.14082,31.742121747103955,231.1770117401504,3.avi
1505,41,8.2,1129,874,538.77313,0,0.0,0.7076797485351562,1,0,1117.9061,862.4944,1140.2719,886.5836,538.77313,0.0,0.0,0.0,0.0,3.avi
1494,42,8.4,1126,951,13147.728,0,160.1194304839959,0.8974710702896118,77,0,1066.134,897.3785,1186.7415,1006.3909,13147.728,-185.7609,144.43697,29.303946097254144,120.50066287434775,3.avi
1494,43,8.6,1100,945,15416.206,0,212.02321791158704,0.9094701409339904,79,0,1034.3552,887.01263,1167.1316,1003.1192,15416.206,-141.69424,7.1125793,37.34223868571936,73.325961272423,3.avi
1506,43,8.6,636,846,830.2329,0,0.0,0.6609036326408386,1,0,620.9258,833.04553,652.126,859.6554,830.2329,0.0,0.0,0.0,0.0,3.avi
1494,44,8.8,1078,924,13810.72,0,130.75664497457555,0.9072798490524292,81,0,1015.6265,869.5935,1141.9447,978.9263,13810.72,-117.152664,-78.37732,23.17406837702144,76.02765938944702,3.avi
1506,44,8.8,638,858,1166.772,0,61.07654479574335,0.616150975227356,3,0,618.89905,843.33405,657.8779,873.2675,1166.772,7.435674,47.705853,11.742432674226526,277.21182359213384,3.avi
1494,45,9.0,1073,897,12444.283,0,120.67729026396933,0.9198112487792968,83,0,1013.19415,845.89777,1133.9192,948.97736,12444.283,-47.1503,-121.24765,21.107842121210084,33.28611618168924,3.avi
1505,45,9.0,1108,856,437.02887,0,137.5185957618652,0.1594801247119903,6,0,1098.6002,845.27185,1118.369,867.3789,437.02887,-10.535913,-9.313409,28.079174546799088,138.6818011462907,3.avi
1506,45,9.0,631,856,1371.2826,0,73.27713062691677,0.3501764833927154,5,0,610.1148,840.52313,653.2391,872.3216,1371.2826,-30.107134,-4.5861473,14.798950941556164,126.851702208652,3.avi
1494,46,9.2,1072,883,12169.182,0,73.44247146592471,0.9055736660957336,85,0,1012.59827,832.3299,1132.3131,933.98126,12169.182,-15.116959,-82.913055,12.580342198807145,308.7446369964296,3.avi
1494,47,9.4,1075,876,12988.425,0,66.01919059886725,0.9273958802223206,87,0,1014.60736,823.2772,1136.8186,929.55566,12988.425,9.038511,-45.055702,10.948433450143074,300.566827326173,3.avi
1506,47,9.4,612,845,860.58154,0,40.00948733944583,0.5200980305671692,8,0,596.923,832.3951,629.0227,859.2048,860.58154,-31.230448,-18.403862,8.819351073779982,100.53615573439224,3.avi
1494,48,9.6,1075,868,13661.997,0,13.785049315271843,0.9340189099311828,89,0,1013.81537,813.31476,1137.115,924.118,13661.997,1.1328287,-40.013245,2.589959477159164,193.27515672179675,3.avi
1506,48,9.6,609,836,1001.69324,0,33.6257261595901,0.7676272988319397,10,0,592.05,822.0416,626.06256,851.4923,1001.69324,-22.299955,-38.92208,6.527753635882793,69.62002069810228,3.avi
1494,49,9.8,1072,871,13860.913,0,63.18656329398575,0.9184419512748718,91,0,1011.355,815.221,1134.428,927.8444,13860.913,-9.637117,1.5960045,10.928688092242384,250.25676200994985,3.avi
1507,49,9.8,577,877,893.79645,0,0.0,0.617303192615509,1,0,561.68823,863.2102,592.9761,891.7771,893.79645,0.0,0.0,0.0,0.0,3.avi
1494,50,10.0,1064,877,13606.091,0,48.92714096533646,0.906901717185974,93,0,1002.5261,821.9668,1125.7546,932.38025,13606.091,-35.880894,22.06268,8.660339750136167,216.4728769844684,3.avi
1507,50,10.0,547,894,950.64655,0,176.84353435024263,0.7335551381111145,3,0,530.29596,880.77057,563.7065,909.22406,950.64655,-121.08169,69.87488,34.53257937073242,208.55443458775488,3.avi
1508,0,0.0,217,387,318.77197,0,0.0,0.5279983282089233,1,0,207.69754,379.65247,227.21152,395.98804,318.77197,0.0,0.0,0.0,0.0,4.avi
1508,1,0.2,216,387,239.83289,0,2.818278103493995,0.4634738564491272,3,0,208.90343,380.33188,224.88976,395.33426,239.83289,-2.2273006,0.051144086,1.6698702107072487,150.5800734873783,4.avi
1509,1,0.2,1236,117,9809.989,0,0.0,0.8815217614173889,1,0,1193.4395,60.77911,1280.0,174.11006,9809.989,0.0,0.0,0.0,0.0,4.avi
1508,2,0.4,216,387,202.48108,0,2.681840468454524,0.6199602484703064,5,0,209.4653,380.33313,223.84875,394.41046,202.48108,-1.2844812,-2.1079507,0.956376783866564,118.14491926768484,4.avi
1510,2,0.4,1107,264,24880.738,0,0.0,0.8867501616477966,1,0,1014.6415,197.7073,1200.597,331.50668,24880.738,0.0,0.0,0.0,0.0,4.avi
1511,2,0.4,1042,240,1815.8943,0,0.0,0.6200702786445618,1,0,1022.3612,217.92957,1062.0026,263.73764,1815.8943,0.0,0.0,0.0,0.0,4.avi
1508,3,0.6,215,387,209.80852,0,6.739507914666439,0.5023618340492249,7,0,208.30559,380.6865,222.91585,395.04684,209.80852,-4.311703,1.4065065,1.4010167578433002,182.0372345646284,4.avi
1512,3,0.6,987,322,23802.355,0,0.0,0.8347499966621399,1,0,906.2982,249.43158,1068.193,396.4552,23802.355,0.0,0.0,0.0,0.0,4.avi
1508,4,0.8,216,387,205.1772,0,7.667610034541479,0.1901154071092605,9,0,208.86868,380.69952,223.26443,394.95215,205.1772,0.7480197,0.17002857,1.6983532230389136,42.526953853856696,4.avi
1513,5,1.0,529,726,40594.598,0,0.0,0.8819252252578735,1,0,423.6377,630.91284,635.16956,822.82056,40594.598,0.0,0.0,0.0,0.0,4.avi
1514,5,1.0,343,989,10629.084,0,0.0,0.7876214385032654,1,0,266.02466,954.88586,421.14014,1023.40955,10629.084,0.0,0.0,0.0,0.0,4.avi
1515,5,1.0,1133,1014,558.2745,0,0.0,0.5327980518341064,1,0,1118.251,1005.47046,1149.1343,1023.54736,558.2745,0.0,0.0,0.0,0.0,4.avi
1515,6,1.2,1135,1015,486.42322,0,9.931133129765795,0.6902189254760742,3,0,1119.551,1008.0283,1150.7664,1023.6111,486.42322,5.85262,5.232619,1.3965645560341,339.412302571402,4.avi
1516,6,1.2,438,928,32510.71,0,0.0,0.8295896649360657,1,0,352.04346,834.68066,525.07715,1022.56726,32510.71,0.0,0.0,0.0,0.0,4.avi
1515,7,1.4,1133,1016,485.72003,0,15.514331514607196,0.7033030986785889,5,0,1117.0657,1008.9451,1149.719,1023.82025,485.72003,-7.5955105,3.0184307,3.440065607735104,165.41590588433564,4.avi
1517,0,0.0,512,925,1240.3485,0,0.0,0.8333503007888794,1,0,493.8197,909.15857,530.8661,942.6395,1240.3485,0.0,0.0,0.0,0.0,5.avi
1518,0,0.0,493,13,1500.4479,0,0.0,0.7366414666175842,1,0,464.25293,0.5598211,523.0729,26.068989,1500.4479,0.0,0.0,0.0,0.0,5.avi
1519,0,0.0,460,28,833.8353,0,0.0,0.7177139520645142,1,0,445.02783,14.458725,475.51654,41.807713,833.8353,0.0,0.0,0.0,0.0,5.avi
1517,1,0.2,515,923,999.6371,0,16.709802697820077,0.8483907580375671,3,0,498.8897,908.50916,531.1912,939.4563,999.6371,10.768724,-7.6499004,3.9325160810926314,47.49337682871601,5.avi
1518,1,0.2,486,37,10127.2705,0,127.20157710547406,0.8652443289756775,3,0,416.63046,0.85668564,555.4757,73.79596,10127.2705,-30.378622,95.85598,24.894326048580247,252.07226339963816,5.avi
1517,2,0.4,515,921,1016.9005,0,11.105781368460525,0.8377128839492798,5,0,499.29843,905.627,531.2303,937.47296,1016.9005,1.9315424,-11.78391,2.63155516646645,146.49200575489533,5.avi
1520,2,0.4,379,67,21649.326,0,0.0,0.7623466849327087,1,0,299.02026,0.0,459.56042,134.85303,21649.326,0.0,0.0,0.0,0.0,5.avi
1521,2,0.4,323,38,2032.681,0,0.0,0.6490858793258667,1,0,299.34473,17.807178,347.6931,59.849552,2032.681,0.0,0.0,0.0,0.0,5.avi
1517,3,0.6,511,921,885.1306,0,24.168529821054623,0.757714033126831,7,0,497.10083,906.4447,526.71747,936.33093,885.1306,-12.416349,-3.3679056,4.989290101429752,201.2317063106031,5.avi
1520,3,0.6,401,49,18083.328,0,144.99806288756906,0.8431904315948486,3,0,310.6729,-0.18029785,492.73724,99.143524,18083.328,89.47995,-71.63634,28.47535003107292,40.3236120926764,5.avi
1517,4,0.8,500,926,1586.8298,0,59.76081495392031,0.7985262274742126,9,0,480.19537,906.6347,520.63715,945.872,1586.8298,-46.998863,17.893421,10.806802578472126,209.28241362049891,5.avi
1518,4,0.8,438,136,2462.7695,0,95.78620467663475,0.3783902525901794,7,0,406.7267,117.41739,469.72952,156.50723,2462.7695,-40.38032,82.31775,20.049141853436723,125.3462529268172,5.avi
1520,4,0.8,452,88,20505.229,0,325.23429821796367,0.8962106704711914,5,0,369.2347,26.61736,535.96875,149.59903,20505.229,240.59407,170.84601,61.98672351712143,301.5118731994355,5.avi
1517,5,1.0,495,925,1409.9275,0,35.10732524073303,0.825081467628479,11,0,475.8319,906.76166,514.2591,943.4526,1409.9275,-31.50101,-0.2813568,6.262344739563554,50.49787266653095,5.avi
1518,5,1.0,433,138,906.386,0,87.652233065154,0.8182702660560608,9,0,415.37753,126.02833,451.56937,151.07227,906.386,-27.201046,23.29144,15.686548104155776,79.53980253685677,5.avi
1520,5,1.0,517,162,13816.564,0,240.64882395855943,0.7306563854217529,7,0,451.1199,110.05261,583.9535,214.06671,13816.564,305.08093,323.40338,42.92909562609543,292.2852438188132,5.avi
1522,5,1.0,461,232,1471.206,0,0.0,0.8572795987129211,1,0,442.09448,213.44261,480.06372,252.18993,1471.206,0.0,0.0,0.0,0.0,5.avi
1523,5,1.0,515,242,2787.4207,0,0.0,0.8447074294090271,1,0,486.0547,219.03589,545.86035,265.64386,2787.4207,0.0,0.0,0.0,0.0,5.avi
1524,5,1.0,399,169,570.01276,0,0.0,0.8347383737564087,1,0,387.8968,157.15286,411.21478,181.59805,570.01276,0.0,0.0,0.0,0.0,5.avi
1525,5,1.0,420,185,434.35703,0,0.0,0.8150179982185364,1,0,410.90912,174.58977,430.5396,196.71642,434.35703,0.0,0.0,0.0,0.0,5.avi
1526,5,1.0,467,150,824.0739,0,0.0,0.7324219942092896,1,0,454.37305,135.36224,480.87036,166.46252,824.0739,0.0,0.0,0.0,0.0,5.avi
1527,5,1.0,448,187,1159.3893,0,0.0,0.6092358231544495,1,0,432.9716,167.94989,463.06558,206.4755,1159.3893,0.0,0.0,0.0,0.0,5.avi
1517,6,1.2,495,919,1114.513,0,49.5895488359517,0.8294663429260254,13,0,478.26212,902.5857,512.0632,935.5585,1114.513,-6.8196716,-23.27599,8.702526115155973,44.050907179299486,5.avi
1528,6,1.2,602,185,930.8596,0,0.0,0.6527782082557678,1,0,585.22833,171.85672,620.18964,198.48215,930.8596,0.0,0.0,0.0,0.0,5.avi
1529,6,1.2,579,216,1920.5886,0,0.0,0.5011317729949951,1,0,555.9336,195.98819,602.4072,237.3146,1920.5886,0.0,0.0,0.0,0.0,5.avi
1530,6,1.2,614,161,19289.13,0,0.0,0.8785505294799805,1,0,552.8146,82.80637,676.04297,239.33792,19289.13,0.0,0.0,0.0,0.0,5.avi
1517,7,1.4,499,912,1138.653,0,33.85835293248035,0.8455213308334351,15,0,482.0619,895.4809,516.50336,928.54144,1138.653,14.271204,-32.52807,5.735391867073983,24.92274238631757,5.avi
1528,7,1.4,594,190,679.8452,0,50.35186611954991,0.6222236752510071,3,0,580.672,177.56184,607.5426,202.8626,679.8452,-34.337944,20.130867,9.958954797024896,209.01558636384416,5.avi
1530,7,1.4,635,156,2894.461,0,111.21043286472428,0.1807997673749923,3,0,612.6765,125.53802,659.2993,187.62057,2894.461,86.0644,-17.935532,21.187309003087933,13.850857025387144,5.avi
1531,7,1.4,729,153,761.95483,0,0.0,0.8057782053947449,1,0,715.57355,139.7786,742.93,167.63144,761.95483,0.0,0.0,0.0,0.0,5.avi
1532,7,1.4,645,250,2097.627,0,0.0,0.6583870649337769,1,0,621.7516,228.58966,669.93335,272.12537,2097.627,0.0,0.0,0.0,0.0,5.avi
1533,7,1.4,606,163,561.6163,0,0.0,0.6811818480491638,1,0,594.72766,152.0133,618.97473,175.17554,561.6163,0.0,0.0,0.0,0.0,5.avi
1534,7,1.4,682,158,2415.6218,0,0.0,0.7791776657104492,1,0,657.8301,134.21869,707.31934,183.02972,2415.6218,0.0,0.0,0.0,0.0,5.avi
1517,8,1.6,503,902,1208.9247,0,19.652331160300765,0.8321524858474731,17,0,485.51917,885.3459,521.2524,919.1779,1208.9247,19.074419,-45.00312,3.610256779391046,76.16744205037003,5.avi
1523,8,1.6,560,236,27650.7,0,224.4353528448052,0.8696873784065247,5,0,487.70267,141.1125,633.1107,331.27185,27650.7,37.472786,-5.182802,44.49645032549141,8.191404728516716,5.avi
1529,8,1.6,584,219,1421.7504,0,31.17829160718678,0.3097019791603088,4,0,564.8285,201.70921,604.40454,237.63368,1421.7504,8.928045,4.9509096,5.370369707810204,334.06660661196406,5.avi
1517,9,1.8,506,891,1320.3889,0,13.096553429435945,0.8366053104400635,19,0,487.62207,873.58875,525.44666,908.49695,1320.3889,16.51188,-53.535088,2.5602748045785195,117.9664696133674,5.avi
1522,9,1.8,464,214,1506.4156,0,94.63657366666874,0.5937928557395935,6,0,444.7048,195.11188,484.18002,233.27295,1506.4156,1.7198071,-9.5231695,19.04162870622569,81.17625287394537,5.avi
1523,9,1.8,526,255,27513.807,0,261.6669161758529,0.9167019724845886,7,0,448.81833,166.96107,604.4004,343.80536,27513.807,-129.94974,76.83234,46.36284704087256,205.3421747103144,5.avi
1517,10,2.0,509,879,1323.1018,0,4.267161807850144,0.835584282875061,21,0,490.456,862.25226,528.1353,897.3671,1323.1018,14.430941,-55.55863,1.5762365167212793,122.06229493220155,5.avi
1522,10,2.0,474,235,867.50604,0,145.0371596504091,0.7629732489585876,8,0,459.7879,221.168,489.1355,250.72769,867.50604,41.603752,88.00901,24.509911309053305,292.08082559680804,5.avi
1523,10,2.0,519,277,32408.531,0,111.68849835613528,0.7330984473228455,9,0,436.98132,179.0041,601.7052,375.74872,32408.531,-57.231956,102.56848,19.4142269823381,341.21943424643155,5.avi
1535,10,2.0,499,226,603.1193,0,0.0,0.7160894274711609,1,0,487.66052,214.33908,511.86365,239.25815,603.1193,0.0,0.0,0.0,0.0,5.avi
1536,10,2.0,514,368,1187.1252,0,0.0,0.5592020153999329,1,0,494.82996,353.52527,533.2977,384.3855,1187.1252,0.0,0.0,0.0,0.0,5.avi
1517,11,2.2,509,855,1068.5695,0,74.81631875933029,0.8237960934638977,23,0,492.73492,839.8708,526.44055,871.5738,1068.5695,4.454179,-105.46237,14.062627088449316,103.07703916598632,5.avi
1537,11,2.2,467,410,20726.111,0,0.0,0.7080847024917603,1,0,392.1717,341.6786,543.6894,478.46863,20726.111,0.0,0.0,0.0,0.0,5.avi
1517,12,2.4,498,808,1109.6508,0,161.07593466108526,0.8480861186981201,25,0,481.36768,792.6091,515.71436,824.91644,1109.6508,-41.45708,-204.94583,29.408540993331982,115.10750990644908,5.avi
1537,12,2.4,425,464,30765.691,0,348.9904501819967,0.7110121250152588,3,0,332.65155,381.73312,518.2871,547.46484,30765.691,-169.50584,217.66609,68.92813030184443,231.47687137066225,5.avi
1538,12,2.4,490,485,1339.9707,0,0.0,0.726733386516571,1,0,472.72058,466.41626,508.5614,503.80298,1339.9707,0.0,0.0,0.0,0.0,5.avi
1539,12,2.4,368,481,1818.5608,0,0.0,0.6165268421173096,1,0,347.11334,460.6537,390.55255,502.5182,1818.5608,0.0,0.0,0.0,0.0,5.avi
1540,12,2.4,477,515,907.1016,0,0.0,0.5925604701042175,1,0,463.5324,499.9765,492.01166,531.8278,907.1016,0.0,0.0,0.0,0.0,5.avi
1541,12,2.4,474,441,2374.1553,0,0.0,0.7576804757118225,1,0,451.16443,415.97107,497.33276,467.39496,2374.1553,0.0,0.0,0.0,0.0,5.avi
1537,13,2.6,388,559,25036.5,0,266.1238136392795,0.8996689915657043,5,0,308.49802,480.67703,468.15506,637.49133,25036.5,-184.34967,450.98157,50.99279106067712,265.9874985785559,5.avi
1537,14,2.8,393,609,28741.543,0,324.68143104872524,0.8376383781433105,7,0,308.25793,525.5293,479.61694,693.25635,28741.543,-21.443832,298.02008,57.86509250142311,44.11571806130257,5.avi
1542,14,2.8,473,558,831.9482,0,0.0,0.7114301323890686,1,0,459.257,543.2461,486.9913,573.24316,831.9482,0.0,0.0,0.0,0.0,5.avi
1543,14,2.8,335,567,506.36368,0,0.0,0.6340596675872803,1,0,324.9007,556.25977,346.5605,579.6378,506.36368,0.0,0.0,0.0,0.0,5.avi
1544,14,2.8,344,522,1278.0718,0,0.0,0.7957189679145813,1,0,327.54895,503.4475,361.51477,541.0757,1278.0718,0.0,0.0,0.0,0.0,5.avi
1545,14,2.8,343,639,330.6315,0,0.0,0.5324447154998779,1,0,334.62335,629.6634,352.00067,648.69,330.6315,0.0,0.0,0.0,0.0,5.avi
1546,14,2.8,360,573,694.8969,0,0.0,0.5192756652832031,1,0,347.68774,559.24365,372.9048,586.8003,694.8969,0.0,0.0,0.0,0.0,5.avi
1547,14,2.8,344,604,1378.18,0,0.0,0.7366847991943359,1,0,324.45996,587.03625,363.86017,622.01526,1378.18,0.0,0.0,0.0,0.0,5.avi
1537,15,3.0,325,680,29414.664,0,370.35481528749455,0.8691482543945312,9,0,239.40302,594.4581,410.7658,766.1095,29414.664,-269.26785,341.34418,65.57836436022798,189.65915485755264,5.avi
1548,15,3.0,365,699,3397.9954,0,0.0,0.6950297951698303,1,0,336.33112,669.8596,393.77142,729.0166,3397.9954,0.0,0.0,0.0,0.0,5.avi
1537,16,3.2,242,790,25556.043,0,284.8631028743093,0.8495057821273804,11,0,163.4454,709.62994,322.14633,870.66266,25556.043,-378.6449,501.33688,50.71806975612602,234.8064966796863,5.avi
1523,17,3.4,173,827,1474.0,0,175.84232253187128,0.3039567768573761,17,0,155.34207,807.09845,191.95093,847.3619,1474.0,-62.7213,97.22468,35.790843042644525,136.22758302592734,5.avi
1537,17,3.4,198,847,32094.592,0,301.4567956240269,0.8402049541473389,13,0,109.052795,757.27997,287.5271,937.1075,32094.592,-258.55957,335.1109,53.30671664452586,54.529386517945966,5.avi
1537,18,3.6,224,878,25860.064,0,483.486521609814,0.8569688200950623,15,0,144.50339,797.0296,303.77774,959.3914,25860.064,39.741608,196.63634,85.47368581429161,25.06890908271663,5.avi
1537,19,3.8,197,917,35290.3,0,195.92605231253836,0.4050715565681457,17,0,104.6279,822.91626,290.25034,1013.0349,35290.3,-93.51976,198.32007,35.093003283805274,179.1219396691497,5.avi
1537,20,4.0,203,951,35791.19,0,144.0873056821781,0.6268244385719299,19,0,101.73438,863.0202,304.98083,1039.1177,35791.19,1.1770325,173.04987,25.15681538250081,15.30311865691857,5.avi
1549,0,0.0,202,15,2762.621,0,0.0,0.6472631692886353,1,0,156.15463,-9.536743e-07,247.87772,30.119148,2762.621,0.0,0.0,0.0,0.0,6.avi
1550,1,0.2,218,111,31867.662,0,0.0,0.8295997381210327,1,0,141.82361,7.4772034,294.41046,216.32654,31867.662,0.0,0.0,0.0,0.0,6.avi
1551,2,0.4,206,313,1869.4121,0,0.0,0.6964918971061707,1,0,184.97864,292.13177,228.613,334.97443,1869.4121,0.0,0.0,0.0,0.0,6.avi
1552,2,0.4,265,276,27571.56,0,0.0,0.9120745062828064,1,0,181.23322,194.61053,350.5719,357.42957,27571.56,0.0,0.0,0.0,0.0,6.avi
1553,2,0.4,505,874,413.19452,0,0.0,0.5761046409606934,1,0,495.22217,863.96924,515.6411,884.2051,413.19452,0.0,0.0,0.0,0.0,6.avi
1552,3,0.6,314,352,25635.27,0,457.9516944893925,0.9398474097251892,3,0,237.21246,269.63123,391.6443,435.62854,25635.27,193.71582,305.82776,89.92394999017576,302.3349594471032,6.avi
1553,3,0.6,509,874,449.2005,0,20.92779343107634,0.3012142777442932,3,0,499.0893,863.9588,519.966,885.47565,449.2005,16.35139,2.5152276,3.56942364836711,1.3991876738655264,6.avi
1552,4,0.8,370,456,27307.422,0,238.0149956231648,0.9287881851196288,5,0,288.6546,372.68408,452.52197,539.32745,27307.422,273.46936,499.11414,45.43590999665686,291.7389303478838,6.avi
1553,4,0.8,514,873,440.79648,0,12.076877566906482,0.2874318361282348,5,0,503.99185,863.55096,525.36163,884.17804,440.79648,24.954796,-3.6930249,2.524804764992031,61.56828611105527,6.avi
1554,4,0.8,24,421,1462.5637,0,0.0,0.7569822072982788,1,0,3.962246,403.61075,44.653175,439.554,1462.5637,0.0,0.0,0.0,0.0,6.avi
1552,5,1.0,398,522,27006.234,0,237.86039218717667,0.9221984148025512,7,0,318.0059,438.81964,479.91458,605.61884,27006.234,172.52982,370.22864,43.45907997638408,128.88554914261988,6.avi
1553,5,1.0,521,872,376.56586,0,10.337701780366686,0.3300628662109375,7,0,511.57214,863.44556,531.45056,882.38904,376.56586,32.024666,-4.4930587,1.7443174857745225,40.20139322043133,6.avi
1554,5,1.0,39,424,1514.8252,0,77.61770850508232,0.7751859426498413,3,0,19.340622,405.29807,59.595398,442.929,1514.8252,60.52015,10.104455,14.889872934706569,350.6556525221217,6.avi
1552,6,1.2,438,592,25254.602,0,35.887442749735065,0.928951859474182,9,0,359.93893,511.32904,516.4354,672.7039,25254.602,190.65097,353.9213,6.224571789585251,43.24978391199204,6.avi
1553,6,1.2,524,870,297.57187,0,21.76213789053324,0.4074169099330902,9,0,515.63336,861.8521,533.36273,878.6363,297.57187,18.904255,-11.304312,4.405921742880321,152.73068802295018,6.avi
1554,6,1.2,48,425,1449.1101,0,16.628367476872963,0.7966902852058411,5,0,29.36637,406.21103,67.751114,443.9633,1449.1101,46.72187,5.3089237,3.7478533878486258,162.38088265764554,6.avi
1552,7,1.4,468,677,26948.682,0,94.28510799535924,0.9524450898170472,11,0,386.52637,594.7205,549.6719,759.9024,26948.682,159.03882,409.73788,16.455953429285625,239.6398962707098,6.avi
1554,7,1.4,52,425,1212.2422,0,28.99207890222409,0.8250889182090759,7,0,35.73829,407.80206,69.71041,443.48547,1212.2422,26.862286,3.3716402,6.013892605892103,168.98591212351494,6.avi
1552,8,1.6,493,777,22687.133,0,111.3496712306133,0.9058009386062622,13,0,418.65228,702.4089,568.79987,853.50775,22687.133,135.26706,481.65613,19.038042030787707,248.7281042625188,6.avi
1554,8,1.6,54,428,1076.4802,0,23.04640107001729,0.8103486895561218,9,0,38.732056,410.894,70.08616,445.22702,1076.4802,12.707404,10.059857,4.428617721007235,202.3202636358799,6.avi
1552,9,1.8,516,870,25302.123,0,35.30934167311313,0.9424991607666016,15,0,435.807,791.38135,596.29565,949.0382,25302.123,117.082794,465.96558,6.422123853416722,138.09223956522658,6.avi
1554,9,1.8,51,430,949.7522,0,28.661979444703174,0.809512197971344,11,0,36.908318,414.375,66.85878,446.08575,949.7522,-6.783311,10.667268,5.95102961516712,179.30216148177033,6.avi
1552,10,2.0,514,935,23111.684,0,212.8665676971484,0.93308025598526,17,0,438.78964,858.9237,590.4575,1011.3071,23111.684,21.532684,357.1732,38.14893842942844,131.88142343125207,6.avi
1554,10,2.0,45,431,891.70795,0,27.39670968655325,0.5683670043945312,13,0,30.756573,416.8433,60.68665,446.63632,891.70795,-25.26463,8.267266,5.6926709477831405,166.13844960148597,6.avi
1552,11,2.2,504,979,17422.371,0,171.87002824425392,0.8632228374481201,19,0,433.68347,918.3308,575.56177,1041.1288,17422.371,-33.493233,254.02377,31.335499306116024,118.4544588298919,6.avi
1554,11,2.2,36,432,958.91064,0,23.940858836640103,0.5513793230056763,15,0,20.630901,417.30347,52.49989,447.39264,958.91064,-41.045654,4.2474804,4.872142481183366,163.38361611446612,6.avi
1554,12,2.4,27,430,1150.7946,0,15.048734280417255,0.3609820008277893,17,0,9.519056,414.5127,44.807213,447.12402,1150.7946,-45.634377,-4.9027805,3.4732860824673466,112.98464501586562,6.avi
1555,0,0.0,874,851,3482.8933,0,0.0,0.8729943633079529,1,0,842.1248,824.8803,906.40546,879.0629,3482.8933,0.0,0.0,0.0,0.0,7.avi
1556,0,0.0,1153,578,821.7234,0,0.0,0.8272656202316284,1,0,1139.7694,564.1931,1167.7037,593.6094,821.7234,0.0,0.0,0.0,0.0,7.avi
1557,0,0.0,44,726,814.8859,0,0.0,0.7670098543167114,1,0,31.386082,711.0371,58.128056,741.5093,814.8859,0.0,0.0,0.0,0.0,7.avi
1558,0,0.0,1182,573,690.53625,0,0.0,0.7202557325363159,1,0,1168.943,560.93,1196.6373,585.8642,690.53625,0.0,0.0,0.0,0.0,7.avi
1555,1,0.2,875,856,3258.672,0,23.642834644667133,0.8745326399803162,3,0,845.6159,829.15546,905.1663,883.87665,3258.672,4.4948897,18.141434,4.09486023256891,280.3383031407891,7.avi
1556,1,0.2,1147,581,974.1304,0,35.87546446795301,0.7306666970252991,3,0,1132.4946,564.6901,1161.6675,598.08185,974.1304,-26.568869,9.919058,7.0559321105093735,197.304235191696,7.avi
1557,1,0.2,43,727,849.49945,0,7.6377989095665875,0.7749403119087219,3,0,29.985672,711.97266,57.514763,742.83093,849.49945,-4.0193644,4.505504,1.9014568303171924,202.47229983900243,7.avi
1558,1,0.2,1173,577,709.03973,0,49.28711057394264,0.4704494774341583,3,0,1160.177,564.33185,1187.5127,590.2701,709.03973,-35.709667,15.584229,10.432074645812133,200.204264494134,7.avi
1555,2,0.4,875,863,3418.0347,0,16.78403273056628,0.8847041130065918,5,0,845.27264,835.373,906.3984,891.2911,3418.0347,2.41314,32.738346,3.133545241673524,245.68793735106348,7.avi
1556,2,0.4,1136,587,922.4587,0,36.84170271927117,0.7098437547683716,5,0,1121.9164,571.88873,1150.7462,603.8853,922.4587,-51.461395,30.60385,6.814719812111741,212.187933432946,7.avi
1557,2,0.4,44,728,987.4481,0,6.512310092716491,0.7725740075111389,5,0,28.814304,711.982,59.528217,744.1319,987.4481,1.5896811,3.3792415,1.0963325934258654,16.0395433414306,7.avi
1558,2,0.4,1163,581,627.8381,0,16.839296645853928,0.4016251266002655,5,0,1150.9192,569.7193,1176.7278,594.0461,627.8381,-48.89453,22.29221,3.7483730089786462,188.93561963899992,7.avi
1555,3,0.6,876,867,3196.2358,0,13.413732160395384,0.8792043924331665,7,0,846.4697,840.5245,905.75464,894.4377,3196.2358,1.623398,23.540161,2.897217234695619,96.30380213741768,7.avi
1556,3,0.6,1127,594,1192.4009,0,9.456161019372422,0.8150721788406372,7,0,1110.55,576.84894,1144.8992,611.56305,1192.4009,-44.997692,31.363766,0.9609692576053096,0.4658090827650198,7.avi
1557,3,0.6,47,727,1105.5972,0,17.260666305066714,0.7392330169677734,7,0,30.776037,711.34564,64.16977,744.45355,1105.5972,13.031633,0.18414664,3.0506863774678568,34.6108365600532,7.avi
1558,3,0.6,1152,587,645.7349,0,10.298431478733589,0.3260235488414764,7,0,1139.4575,574.88654,1165.4697,599.7109,645.7349,-54.95706,25.9643,2.1480976434144403,197.8619534987481,7.avi
1555,4,0.8,876,873,3613.883,0,5.655356079008908,0.8828093409538269,9,0,845.41565,844.28394,908.01086,902.01807,3613.883,2.6841838,27.232492,0.921114866808978,241.6858732305084,7.avi
1556,4,0.8,1115,602,1033.6957,0,21.498229154859104,0.8055053353309631,9,0,1099.7817,586.1719,1131.3071,618.9612,1033.6957,-57.20637,39.377396,4.023745071358342,202.21392267480545,7.avi
1557,4,0.8,48,726,1062.0641,0,12.184281720487412,0.6665078401565552,9,0,32.04021,710.33777,64.94379,742.61584,1062.0641,6.9391885,-5.4183044,2.841276631478298,137.03706426828137,7.avi
1558,4,0.8,1141,594,577.48486,0,12.29661810144901,0.5980769991874695,9,0,1128.865,582.9279,1153.5007,606.36896,577.48486,-56.067394,34.243282,1.5805954858310347,252.6187861885785,7.avi
1559,4,0.8,398,594,522.0582,0,0.0,0.6346644759178162,1,0,386.59534,583.454,410.0075,605.75256,522.0582,0.0,0.0,0.0,0.0,7.avi
1560,4,0.8,1013,864,465.84164,0,0.0,0.5921405553817749,1,0,1002.57654,853.744,1023.64734,875.8524,465.84164,0.0,0.0,0.0,0.0,7.avi
1555,5,1.0,876,876,3802.3264,0,11.296336959389604,0.8664019107818604,11,0,844.4162,847.26483,909.0861,906.0607,3802.3264,0.764886,19.790543,2.8826501569291185,115.70076414194337,7.avi
1556,5,1.0,1105,611,988.5759,0,10.52618064984054,0.8277489542961121,11,0,1089.9918,595.7393,1120.857,627.7681,988.5759,-52.124092,44.422924,1.056260595889243,328.1118318429384,7.avi
1557,5,1.0,48,727,931.15045,0,14.551349708794756,0.68548184633255,11,0,32.77658,711.89905,63.26169,742.4435,931.15045,-0.21811962,1.4215298,2.4730139542670644,220.5237230560589,7.avi
1558,5,1.0,1130,601,588.6794,0,4.813777932337,0.747191846370697,11,0,1118.4402,589.72,1143.185,613.5099,588.6794,-52.823856,34.69653,0.498013738390038,86.47272396894152,7.avi
1559,5,1.0,398,597,490.06906,0,12.819988608010071,0.5092644095420837,3,0,386.54486,586.4875,409.56866,607.77277,490.06906,-0.97668314,10.087206,2.4156081783926053,262.8318882620061,7.avi
1560,5,1.0,1012,866,436.9703,0,10.30030644088844,0.4808084964752197,3,0,1002.3292,856.1365,1022.871,877.4088,436.9703,-2.043351,7.881979,1.637280579418706,227.2237268066552,7.avi
1555,6,1.2,878,879,4067.1619,0,10.392602332634882,0.8733526468276978,13,0,844.9143,849.21606,911.91003,909.9238,4067.1619,6.564872,15.748468,1.95660878759289,55.93765221271383,7.avi
1556,6,1.2,1096,616,1071.2474,0,25.03388311851433,0.842428982257843,13,0,1080.9268,600.01483,1113.0583,633.35406,1071.2474,-44.459282,29.216204,4.744956479174463,77.82916334571314,7.avi
1557,6,1.2,46,727,857.4294,0,11.210754998506058,0.7122067809104919,13,0,31.438969,712.5218,60.570225,741.95514,857.4294,-7.798346,0.58658427,2.0273576651102068,167.01420719744817,7.avi
1558,6,1.2,1123,605,676.2502,0,24.92602554613172,0.8349457383155823,13,0,1110.177,592.637,1136.573,618.2564,676.2502,-40.796654,22.744686,4.495259251857611,52.248035388961,7.avi
1559,6,1.2,396,600,510.78848,0,11.416700782520603,0.4347676932811737,5,0,384.62912,589.3206,407.57394,611.5822,510.78848,-9.035454,16.05766,2.047314813414568,204.60489894781307,7.avi
1560,6,1.2,1012,867,413.81573,0,5.593226027655816,0.559359610080719,5,0,1002.4965,857.088,1022.6619,877.60913,413.81573,-0.26749647,3.300521,1.362570876773768,98.07529540820052,7.avi
1555,7,1.4,881,882,3718.6733,0,7.950631245801139,0.8638958930969238,15,0,848.8898,853.76575,913.3635,911.4431,3718.6733,11.954824,15.305274,1.4639463218793176,29.445328074393387,7.avi
1556,7,1.4,1087,618,1151.1115,0,20.35842784515876,0.8511624932289124,15,0,1070.9415,601.94415,1104.8185,635.9234,1151.1115,-45.308308,15.394135,4.659583201192486,103.66381759091296,7.avi
1557,7,1.4,44,729,786.0891,0,10.067525438341493,0.6739438772201538,15,0,30.501755,714.8971,58.11483,743.3651,786.0891,-8.323835,7.41448,1.7033612682872554,254.85839977800677,7.avi
1558,7,1.4,1115,606,714.7117,0,17.123312077405373,0.8418563008308411,15,0,1101.5847,593.84467,1128.8171,620.08966,714.7117,-40.85353,11.097281,4.0014842923746645,93.09000134151243,7.avi
1559,7,1.4,396,602,531.61365,0,13.200387276741418,0.4972401261329651,7,0,384.57672,590.7448,407.75726,613.6784,531.61365,-1.8545766,10.492078,2.3821010872126616,44.27540637775206,7.avi
1560,7,1.4,1012,867,402.96585,0,3.5578457588489134,0.4484584927558899,7,0,1002.6773,857.5933,1023.07025,877.35333,402.96585,1.0672936,1.2476115,1.1374379877987273,117.52756822316888,7.avi
1555,8,1.6,886,885,3854.2832,0,14.621012576752062,0.8698723316192627,17,0,853.1532,855.9552,918.98047,914.5067,3854.2832,21.758875,13.634212,2.570011818467604,15.006885089096556,7.avi
1556,8,1.6,1078,619,1230.6525,0,13.623373554100224,0.8500645756721497,17,0,1060.4122,602.2965,1095.7213,637.15015,1230.6525,-48.198727,6.589608,3.1218067454083203,105.19725045014104,7.avi
1557,8,1.6,40,732,727.2222,0,13.832970500320757,0.5840643644332886,17,0,27.65321,718.2843,53.84911,746.04517,727.2222,-15.60178,13.378408,2.984824641199305,207.66779494603355,7.avi
1558,8,1.6,1105,607,774.0189,0,14.795825338947854,0.8537324666976929,17,0,1091.0012,593.69,1119.585,620.769,774.0189,-47.53446,3.5702348,2.9838613921988157,132.87632712256357,7.avi
1559,8,1.6,397,603,592.87866,0,11.840381480471647,0.6944222450256348,9,0,385.4133,591.4642,410.04373,615.5351,592.87866,5.56284,7.381655,1.779188931705144,47.41626262232279,7.avi
1560,8,1.6,1015,866,440.35648,0,15.041699614859152,0.5405237674713135,9,0,1004.53094,856.176,1026.193,876.5044,440.35648,9.798824,-4.0594277,2.574277702026986,42.00932572344061,7.avi
1555,9,1.8,890,885,3672.0752,0,14.9988973635726,0.871019721031189,19,0,857.7863,856.8758,922.3101,913.7862,3672.0752,20.334423,3.5316505,2.98729567699439,98.05477529676124,7.avi
1556,9,1.8,1067,620,1143.52,0,7.978983880523246,0.8475465178489685,19,0,1049.9684,604.17377,1084.0704,637.706,1143.52,-53.61214,6.199763,1.766509686849182,143.88238794719803,7.avi
1557,9,1.8,37,736,726.0317,0,10.129255607658632,0.5809752941131592,19,0,24.488108,722.8522,50.832787,750.41113,726.0317,-15.487763,20.267548,1.320075603369855,241.45472497661808,7.avi
1558,9,1.8,1091,608,719.15533,0,22.16056659185092,0.7694733738899231,19,0,1078.0663,595.04425,1105.6715,621.0955,719.15533,-62.600594,4.0561924,4.786587850939134,180.67581598842392,7.avi
1559,9,1.8,400,604,521.5831,0,7.960042668115932,0.4432064294815063,11,0,388.411,593.54016,411.98608,615.66455,521.5831,10.78433,5.9446735,1.5151050996446955,40.101836763649885,7.avi
1560,9,1.8,1016,864,427.3325,0,4.789673337283288,0.4904940724372864,11,0,1006.1975,854.80334,1027.5544,874.8125,427.3325,8.084039,-6.830409,2.020608404429444,130.8550932245264,7.avi
1555,10,2.0,892,885,3832.956,0,11.718607842059964,0.8784250617027283,21,0,859.3298,855.9844,925.2464,914.13293,3832.956,13.307865,-0.23228788,2.355801854532765,153.87443091142018,7.avi
1556,10,2.0,1055,623,1118.6661,0,9.711641199451185,0.8290286660194397,21,0,1038.939,606.9194,1072.2002,640.5522,1118.6661,-56.409977,12.184034,1.5345728204781206,212.30829748818252,7.avi
1557,10,2.0,34,740,767.42615,0,2.216586562457601,0.6033650040626526,21,0,20.793945,726.2261,48.00029,754.4337,767.42615,-16.125322,18.90122,0.886747413208548,129.40395293601478,7.avi
1558,10,2.0,1080,609,625.6332,0,6.973526897622384,0.5010271072387695,21,0,1067.9098,596.7836,1093.1923,621.52936,625.6332,-57.976837,5.115293,0.6620094989177234,349.65357528414,7.avi
1559,10,2.0,403,603,544.63385,0,14.734435980671636,0.4145570397377014,13,0,391.24826,592.91565,416.53323,614.45544,544.63385,16.68936,-2.1542149,2.86478114817817,76.99678260120629,7.avi
1560,10,2.0,1018,863,444.81726,0,2.119915069195205,0.6365171074867249,13,0,1007.2631,853.25684,1028.981,873.7385,444.81726,6.6580715,-6.6155486,0.6618659688902592,138.12118086827024,7.avi
1561,10,2.0,797,313,582.8577,0,0.0,0.6567487120628357,1,0,784.7971,301.7167,809.56934,325.2454,582.8577,0.0,0.0,0.0,0.0,7.avi
1555,11,2.2,891,884,3683.8862,0,19.19460647972652,0.8646053671836853,23,0,859.00415,855.90485,924.3623,912.2695,3683.8862,0.7454195,-3.7898865,4.077286667450712,165.62572059734998,7.avi
1556,11,2.2,1043,626,1052.7507,0,3.561644505795708,0.7722924947738647,23,0,1027.6703,609.6515,1059.6512,642.5696,1052.7507,-58.820873,11.945312,1.2991154861931358,172.36479904749854,7.avi
1557,11,2.2,34,741,812.312,0,24.06039653829849,0.5780513882637024,23,0,20.064547,726.815,48.395805,755.487,812.312,-4.3639297,7.5203505,4.203621718615571,47.72104894186282,7.avi
1559,11,2.2,406,602,509.33685,0,7.16721825087857,0.5199995636940002,15,0,393.92447,592.1177,418.57767,612.7777,509.33685,12.929782,-5.2580304,1.7560600650332925,134.39800561810057,7.avi
1560,11,2.2,1017,863,434.3634,0,11.772082962335157,0.4728333353996277,15,0,1006.98566,853.25757,1028.4926,873.4541,434.3634,0.06412411,-2.0723367,2.5887387710430905,198.5938612869532,7.avi
1555,12,2.4,893,884,3796.267,0,8.345916477942774,0.8674287796020508,25,0,859.988,855.44885,926.1413,912.8347,3796.267,5.4848027,-0.66468763,1.3466480768710942,330.1220909237046,7.avi
1556,12,2.4,1032,630,1134.5546,0,14.341308022409098,0.7535194754600525,25,0,1015.8027,613.86414,1048.9208,648.12195,1134.5546,-57.03232,21.535137,1.5039854214623862,273.94198666575966,7.avi
1557,12,2.4,35,742,858.75714,0,10.344187941509183,0.6462581753730774,25,0,20.322067,727.45355,49.81752,756.5684,858.75714,2.2219,5.0432334,1.7684227514701087,21.742609554937246,7.avi
1558,12,2.4,1052,622,1885.4744,0,64.00685568978672,0.1711491048336029,24,0,1030.3356,601.6347,1074.7118,644.1231,1885.4744,-45.939697,24.08825,11.593677091883375,302.53416396514706,7.avi
1559,12,2.4,406,602,449.65692,0,14.753740541655198,0.6631521582603455,17,0,394.94083,592.7496,418.00296,612.24725,449.65692,3.8335972,-1.0183063,2.900607007236359,192.0176254529877,7.avi
1560,12,2.4,1016,865,436.17294,0,14.485112214951211,0.1530191600322723,17,0,1005.7546,855.07355,1027.3055,875.3127,436.17294,-4.634779,6.5879188,2.7032201679929795,229.6016048714335,7.avi
1555,13,2.6,891,883,3732.0405,0,16.66760250564852,0.8634008169174194,27,0,858.18286,855.751,924.2446,912.24414,3732.0405,-5.8526826,-0.70807296,3.3186784206948965,162.3024983695326,7.avi
1557,13,2.6,37,741,874.058,0,14.965796097474358,0.6695736646652222,27,0,22.971458,727.4172,52.94162,756.5815,874.058,11.615114,1.1190383,2.507324117764524,53.658715045899214,7.avi
1558,13,2.6,1035,630,2530.4397,0,47.15173019646465,0.7378110289573669,26,0,1008.5228,606.62744,1062.4867,653.5188,2530.4397,-75.92886,33.189583,8.648106328314542,195.44748566805916,7.avi
1559,13,2.6,405,602,423.3451,0,11.70408457379626,0.5463337898254395,19,0,394.1528,592.7917,416.18942,612.0026,423.3451,-4.1179633,-0.62451667,2.2579363944452613,172.49951550858214,7.avi
1555,14,2.8,890,884,3898.5703,0,3.0876985184945243,0.8562911152839661,29,0,856.1511,855.7192,924.1322,913.0671,3898.5703,-5.4740467,1.3578169,0.1503852744203423,253.3007557660064,7.avi
1556,14,2.8,1015,637,916.1114,0,91.38419249775436,0.814043402671814,28,0,1000.1966,622.4545,1029.9937,653.1995,916.1114,-26.83973,10.694212,18.220539662096822,22.30077332473644,7.avi
1557,14,2.8,37,741,846.6606,0,14.464493679762224,0.6486166715621948,29,0,23.115534,727.3232,52.405777,756.22906,846.6606,1.9275055,-0.60018396,3.500231698543833,159.54652143515727,7.avi
1558,14,2.8,1034,624,1584.9696,0,107.94992205620365,0.5564628839492798,28,0,1013.70074,605.3836,1055.8344,643.0013,1584.9696,-19.87281,-15.378826,18.67462515668645,42.89519414005042,7.avi
1559,14,2.8,400,602,400.88458,0,24.500672746716507,0.3646187782287597,21,0,389.52072,593.36945,410.59372,612.3931,400.88458,-20.618305,1.7176692,4.356051958065549,176.41635430256645,7.avi
1555,15,3.0,886,883,3681.3938,0,15.093078616366512,0.8490769863128662,31,0,853.4075,855.8841,919.77356,911.35504,3681.3938,-14.921051,-2.661659,3.471971049469483,151.3498299803308,7.avi
1556,15,3.0,1010,637,904.5885,0,14.631936497315047,0.8320848941802979,30,0,995.946,622.557,1025.8102,652.84705,904.5885,-22.432673,2.024723,2.978392221989981,84.74657354612611,7.avi
1557,15,3.0,37,741,802.06683,0,6.480691516250741,0.6177116632461548,31,0,22.727276,727.7972,51.300007,755.8682,802.06683,-2.42809,0.079243064,1.3206430476951734,150.21291371980266,7.avi
1558,15,3.0,1031,622,955.417,0,10.25000539785336,0.798188328742981,30,0,1015.3239,608.05676,1047.8329,637.44604,955.417,-16.852898,-9.093603,0.9072387825889184,283.19107982679645,7.avi
1560,15,3.0,1001,872,513.1623,0,46.51773942044992,0.2040452510118484,21,0,989.24506,862.49884,1014.14984,883.1038,513.1623,-13.531146,6.302606,10.028742165533307,173.71071564195165,7.avi
1555,16,3.2,880,882,3731.6187,0,16.23657148553502,0.8616706132888794,33,0,847.1909,854.74036,914.3988,910.2639,3731.6187,-25.733759,-4.911885,3.766644793344685,163.22321119550406,7.avi
1556,16,3.2,1004,635,1091.3462,0,18.197435551016117,0.8518106937408447,32,0,988.0433,618.96216,1021.2337,651.8435,1091.3462,-29.234035,-8.466573,3.9208266625776647,127.58648344900996,7.avi
1557,16,3.2,34,742,821.25714,0,11.281994546839291,0.5612576007843018,33,0,20.021135,728.38916,49.22857,756.5072,821.25714,-9.747602,2.3853092,2.5325539703240043,183.42791360122808,7.avi
1558,16,3.2,1029,620,725.61053,0,8.07908410999908,0.8554202914237976,32,0,1015.5498,607.74023,1043.6648,633.54895,725.61053,-11.470808,-10.201363,1.2237348841224571,49.65473330717822,7.avi
1560,16,3.2,998,872,488.92215,0,6.930535494936976,0.4368550777435303,23,0,986.8208,862.77826,1011.0686,882.94183,488.92215,-13.714402,1.5661254,2.287714220169318,115.67562346146872,7.avi
1555,17,3.4,876,881,4704.5234,0,7.127151070697506,0.8575754761695862,35,0,839.668,849.98816,914.1473,913.1537,4704.5234,-20.889751,-4.7150936,0.6276761250510252,55.90353144641199,7.avi
1556,17,3.4,1001,634,1098.1372,0,17.68199066035592,0.817074716091156,34,0,985.2149,617.6045,1018.58685,650.5104,1098.1372,-17.279575,-7.128934,2.227334041099301,352.5067231165348,7.avi
1557,17,3.4,30,745,716.88226,0,18.3645764117372,0.3550981879234314,35,0,17.107857,732.0996,44.047287,758.71045,716.88226,-17.815489,11.922407,3.385566290612689,217.79423034934263,7.avi
1558,17,3.4,1026,619,629.3616,0,8.634795294552996,0.8293178677558899,34,0,1013.0036,607.329,1039.0364,631.50464,629.3616,-16.44417,-7.07656,1.3714335922470122,196.76958502665485,7.avi
1559,17,3.4,378,609,509.7463,0,29.197517058772927,0.5076423287391663,25,0,367.2704,598.57623,390.5841,620.44086,509.7463,-17.152248,6.0993137,4.865336471540737,303.4910152811757,7.avi
1560,17,3.4,997,871,451.82318,0,12.047259826333455,0.4457370042800903,25,0,985.62415,861.43066,1008.63696,881.0642,451.82318,-10.103455,-5.9219522,2.3152094848515183,69.8337737008519,7.avi
1562,17,3.4,743,318,423.05753,0,0.0,0.5667760372161865,1,0,734.1349,307.91965,753.61084,329.6417,423.05753,0.0,0.0,0.0,0.0,7.avi
1555,18,3.6,880,877,4230.3105,0,47.967805024090055,0.8607240319252014,37,0,845.0903,847.38727,915.93,907.10394,4230.3105,9.03348,-17.723434,8.125238160393385,26.51943383436287,7.avi
1556,18,3.6,996,633,1109.6707,0,11.062182595830238,0.817546010017395,36,0,980.0402,617.43884,1013.81464,650.2942,1109.6707,-23.115398,-2.3801155,2.472537561403484,188.56755172418812,7.avi
1558,18,3.6,1020,618,615.33044,0,14.426287504021316,0.7894488573074341,36,0,1007.31256,606.2463,1033.0614,630.1436,615.33044,-26.228931,-6.332573,2.731201598117175,179.96798975733452,7.avi
1559,18,3.6,375,611,398.7248,0,1.955054790088901,0.7340258955955505,27,0,365.35776,601.2823,385.7396,620.84503,398.7248,-16.947807,7.4207234,0.5661942981552819,208.66616103729024,7.avi
1560,18,3.6,995,870,430.6157,0,2.515960221583033,0.2831950783729553,27,0,984.5964,860.17896,1006.5064,879.83276,430.6157,-8.406511,-6.1417494,0.1266694788270324,150.14896479840826,7.avi
1562,18,3.6,740,320,350.6351,0,17.49570930728864,0.5149227976799011,3,0,732.02,309.98117,749.3275,330.24026,350.6351,-12.770823,5.309576,4.060275732187676,197.4760522020553,7.avi
1555,19,3.8,878,875,4677.274,0,23.43031604856428,0.8744782209396362,39,0,841.3038,843.5539,915.5075,906.58685,4677.274,-6.0087814,-12.456577,4.508063906414045,196.74820913125643,7.avi
1556,19,3.8,989,633,1194.6345,0,16.1264991789919,0.825298011302948,38,0,971.99896,616.52966,1006.9257,650.73376,1194.6345,-34.04567,-1.4524105,3.32731599332648,173.2600767430414,7.avi
1558,19,3.8,1012,617,664.028,0,11.866889590911978,0.8119457960128784,38,0,999.51807,604.90265,1026.2428,629.7496,664.028,-34.15475,-4.8030834,2.942094376610201,181.3943987248945,7.avi
1559,19,3.8,372,610,359.50452,0,12.642631235582767,0.6833827495574951,29,0,362.93195,600.9135,382.02698,619.74066,359.50452,-15.702287,-1.2140012,2.552754456806654,93.57368533337342,7.avi
1560,19,3.8,993,869,449.65164,0,2.983294951896388,0.4138520956039428,29,0,982.4278,858.76794,1004.36957,879.26086,449.65164,-10.219541,-5.230772,0.898108133812701,194.3422260303936,7.avi
1562,19,3.8,735,320,386.6062,0,13.30166220023235,0.6895942091941833,5,0,726.3909,310.45865,744.7587,331.50674,386.6062,-24.423796,4.4398794,3.3327412515458565,159.39925132501446,7.avi
1555,20,4.0,880,873,4020.0168,0,20.359867201338915,0.8535383939743042,41,0,845.6994,844.71655,915.70734,902.1388,4020.0168,7.450226,-9.192712,2.8276527712614485,351.4384134757164,7.avi
1556,20,4.0,985,633,1145.7594,0,16.972724557196997,0.8216577768325806,40,0,968.6136,616.9174,1002.6396,650.5905,1145.7594,-22.610184,0.13499784,2.3714823184493774,8.273372264675288,7.avi
1558,20,4.0,1006,617,673.2206,0,6.337490899422279,0.8490867018699646,40,0,993.26245,604.7656,1020.3628,629.6073,673.2206,-31.2197,-1.6457088,0.636449303396467,265.53934599646755,7.avi
1559,20,4.0,370,609,310.94763,0,7.413242100244319,0.6228349208831787,31,0,361.87683,601.1035,379.41467,618.8336,310.94763,-10.680156,-1.6587846,1.2698893775524995,58.63244278033847,7.avi
1560,20,4.0,991,868,368.33832,0,2.806539643872813,0.3394558429718017,31,0,981.8959,858.91986,1001.3545,877.8492,368.33832,-9.1795225,-3.6298504,0.3562141034378501,185.11176902845688,7.avi
1562,20,4.0,731,322,328.59442,0,3.012936920914228,0.6324595808982849,7,0,722.5526,312.60083,739.5071,331.9818,328.59442,-23.120722,6.05297,0.3358389521368181,337.34969734779384,7.avi
1555,21,4.2,878,869,4215.05,0,25.664964216248062,0.8796988129615784,43,0,842.04596,840.49493,914.01605,899.0616,4215.05,-8.558138,-16.157202,4.92831332260239,148.307892376236,7.avi
1556,21,4.2,978,633,1280.9908,0,12.884653547035748,0.8587396740913391,42,0,960.78094,615.79034,996.8996,651.25653,1280.9908,-31.31839,-0.85539204,3.201269362421625,165.8802987725663,7.avi
1558,21,4.2,1002,617,790.7057,0,11.510102557590006,0.8376023769378662,42,0,987.90356,603.7758,1017.2251,630.7426,790.7057,-23.544437,-0.10002768,1.4384312684075198,354.3065824359634,7.avi
1559,21,4.2,366,610,352.81314,0,11.314839116202352,0.6886467337608337,33,0,357.28217,600.7902,375.92816,619.71185,352.81314,-18.004194,0.7034471,2.5358823383384785,188.23492794110916,7.avi
1560,21,4.2,991,868,329.26904,0,9.237678963865925,0.4415071606636047,33,0,982.23676,859.276,1000.2231,877.58264,329.26904,-3.6390562,-0.6655245,1.2579162566708812,344.25088452739044,7.avi
1562,21,4.2,724,324,353.0291,0,13.993441803195342,0.7094034552574158,9,0,715.2432,314.07562,732.7823,334.2038,353.0291,-32.30584,8.501049,2.4567207549985937,191.69727619849635,7.avi
1555,22,4.4,876,866,3842.4504,0,1.9842205672733024,0.8546417355537415,45,0,841.2364,839.0938,910.78827,894.33966,3842.4504,-9.739092,-15.503723,0.6332613506997874,120.28942996335422,7.avi
1556,22,4.4,972,634,1204.3281,0,6.778256316405691,0.84490966796875,44,0,954.9869,617.4561,990.21173,651.6458,1204.3281,-31.230997,3.754458,0.8671270684501742,228.3212469932343,7.avi
1558,22,4.4,995,619,819.85815,0,18.54816936896902,0.8352456092834473,44,0,980.754,606.0403,1010.6929,633.4247,819.85815,-31.74406,9.488964,3.354717539695883,211.65974550616832,7.avi
1559,22,4.4,361,610,329.30774,0,9.413749148715596,0.5378942489624023,35,0,352.38086,601.0963,370.30505,619.4686,329.30774,-24.39387,0.28328815,2.042253698262588,168.94159738107578,7.avi
1560,22,4.4,991,868,319.15924,0,5.507960055451176,0.3623634576797485,35,0,982.5546,859.74335,999.9589,878.08124,319.15924,-0.7368047,1.7038553,0.5793141751525971,30.75049265393073,7.avi
1562,22,4.4,717,325,337.2448,0,0.331653632682854,0.5443012118339539,11,0,709.03766,316.0252,726.1375,335.74725,337.2448,-32.167355,8.679193,1.004825709048577,123.29334617806012,7.avi
1555,23,4.6,873,862,4614.95,0,7.344973042535115,0.8778420686721802,47,0,835.20044,832.296,911.0564,893.1344,4614.95,-13.339246,-18.967909,1.935081157413201,123.37479605729352,7.avi
1556,23,4.6,965,635,1206.2588,0,6.9426557195074,0.8286604285240173,46,0,947.6072,618.1907,982.65125,652.61194,1206.2588,-35.937996,4.1368303,1.3863547975817851,167.42303838053715,7.avi
1558,23,4.6,988,619,856.4347,0,12.71916969237183,0.8162797093391418,46,0,973.5148,605.3523,1003.7787,633.6511,856.4347,-34.543556,1.3026266,2.967798507197928,117.5926915905186,7.avi
1559,23,4.6,356,611,354.3922,0,8.185450279577923,0.6530448794364929,37,0,347.1852,602.28064,365.8264,621.2919,354.3922,-24.23382,5.848871,0.8076074661906006,234.9178759968459,7.avi
1560,23,4.6,991,868,355.39914,0,3.0204691201465788,0.3927016258239746,37,0,982.4985,859.2089,1000.6563,878.7818,355.39914,1.0629607,0.7128426,1.257821511005324,94.9912969731688,7.avi
1562,23,4.6,711,327,378.40802,0,4.73359359376677,0.4102806746959686,13,0,702.8218,317.30322,721.1609,337.93713,378.40802,-28.947355,8.6719265,0.6408763747034047,103.91448697656426,7.avi
1555,24,4.8,872,857,4098.6353,0,14.386683104468586,0.8418664932250977,49,0,836.73737,828.7226,908.23846,886.04535,4098.6353,-5.5421305,-24.881601,2.462215651757781,51.30159648704307,7.avi
1556,24,4.8,960,637,963.70197,0,16.11089761038348,0.8171760439872742,48,0,944.9429,622.03064,975.98755,653.0731,963.70197,-26.232342,9.225786,2.198171974596181,339.4586645778631,7.avi
1558,24,4.8,980,621,730.49023,0,10.715622983794914,0.6222721934318542,48,0,967.1113,608.24854,994.73145,634.6964,730.49023,-37.684322,7.8801775,2.133753600360534,215.45765899866345,7.avi
1559,24,4.8,353,612,299.52435,0,12.823852291450144,0.6989306807518005,39,0,345.19305,603.3399,362.31482,620.8337,299.52435,-16.176912,2.5057087,1.6468906718640337,35.48719824692955,7.avi
1555,25,5.0,868,847,4578.608,0,31.00620815201082,0.8505770564079285,51,0,830.6606,817.4657,906.0373,878.20874,4578.608,-17.197636,-42.459312,6.376821478905853,122.00334864352344,7.avi
1556,25,5.0,955,640,1020.128,0,4.040741710220101,0.8084665536880493,50,0,939.2998,623.90924,970.81604,656.2775,1020.128,-26.850946,11.903846,0.641420245860055,250.0597471078897,7.avi
1558,25,5.0,978,621,734.70416,0,32.1427106913095,0.1674999147653579,50,0,964.98334,607.77094,992.48676,634.4842,734.70416,-17.106377,0.49221182,5.0496621868865486,23.93344844240403,7.avi
1559,25,5.0,353,611,300.894,0,17.76221512624611,0.6617209315299988,41,0,344.59314,602.2959,361.86987,619.71204,300.894,-5.743046,-3.5863008,2.946041634790862,32.61640362131027,7.avi
1555,26,5.2,872,839,4382.435,0,41.94564231370589,0.8526586890220642,53,0,835.28186,809.8056,909.37427,868.9539,4382.435,11.3341465,-42.326874,7.098980774264411,2.7883101078771237,7.avi
1556,26,5.2,952,642,1220.5619,0,18.572029386865893,0.8152072429656982,52,0,935.8566,624.85345,970.0744,660.52374,1220.5619,-14.244908,12.728582,2.3603762095454366,11.58916107297307,7.avi
1558,26,5.2,980,619,656.5505,0,28.401203024139587,0.1589029282331466,52,0,967.14264,607.166,993.1198,632.4402,656.5505,1.4212456,-4.980363,5.188041662323028,25.40831175153454,7.avi
1559,26,5.2,353,610,368.05634,0,7.552854913896938,0.4644403457641601,43,0,343.46994,601.4816,363.12216,620.21014,368.05634,-1.0772524,-1.4357162,0.9608773100230812,17.358801075707788,7.avi
1555,27,5.4,872,832,4740.7373,0,15.717100648680804,0.8665004968643188,55,0,834.0135,801.0091,910.1774,863.253,4740.7373,1.721487,-37.64769,2.8128550848392977,202.70297085839093,7.avi
1556,27,5.4,947,645,1193.9778,0,12.806528818161086,0.8012419939041138,54,0,931.03625,627.8047,964.7068,663.2654,1193.9778,-22.87901,13.885041,3.125312099369032,175.7003301371767,7.avi
1558,27,5.4,971,623,690.2629,0,59.03893581996798,0.6013522744178772,54,0,957.9859,610.85376,984.55255,636.83606,690.2629,-33.754723,14.395244,10.306900478909208,204.00486243132687,7.avi
1559,27,5.4,354,609,452.84946,0,10.311077396389216,0.3581501245498657,45,0,343.38376,599.06323,365.45663,619.57935,452.84946,4.0748096,-6.194819,1.8096676559431504,59.46591937460192,7.avi
1555,28,5.6,873,822,4577.9653,0,14.018979027948305,0.8541605472564697,57,0,836.203,792.2188,911.57275,852.9589,4577.9653,7.291004,-45.388134,2.661142730694408,77.84677776848895,7.avi
1556,28,5.6,940,651,1169.4945,0,20.587442481495344,0.8265625238418579,56,0,924.053,633.7511,957.8015,668.4043,1169.4945,-31.988066,24.521511,4.252845215861845,219.2000773623913,7.avi
1558,28,5.6,962,631,718.8212,0,30.185801859160968,0.8051778078079224,56,0,948.9014,618.7099,976.483,644.77155,718.8212,-40.777752,33.689682,4.962518950952839,239.5047996778318,7.avi
1559,28,5.6,359,605,493.6038,0,29.663121147291847,0.2204177379608154,47,0,347.82858,595.1356,371.73093,615.7865,493.6038,21.553085,-16.276203,4.865671011138175,39.307813974652845,7.avi
1555,29,5.8,875,813,4590.8755,0,3.642036420719542,0.8533961176872253,59,0,837.9021,783.40155,914.0774,843.66876,4590.8755,9.766667,-45.296173,0.617349639551662,124.09541096398192,7.avi
1556,29,5.8,931,662,1341.4353,0,38.07582386666928,0.85162752866745,58,0,913.5331,643.85345,950.1697,680.4681,1341.4353,-42.288662,48.28485,6.976740653538948,239.6076478059842,7.avi
1558,29,5.8,952,641,833.39667,0,20.270772000295896,0.8377386331558228,58,0,937.4547,627.25323,967.1537,655.31476,833.39667,-49.363483,44.478935,3.576550635005257,224.82715214884985,7.avi
1559,29,5.8,364,602,503.3422,0,1.6938957403818635,0.1668311357498169,49,0,352.0533,592.0725,376.70767,612.4884,503.3422,22.66896,-15.989113,0.2247740452892678,113.7042095012646,7.avi
1555,30,6.0,875,804,4383.2695,0,14.648727569886994,0.841715395450592,61,0,837.84216,774.85986,912.9341,833.23193,4383.2695,-0.059387207,-46.950214,2.981291409295876,170.81363307653282,7.avi
1556,30,6.0,918,681,1325.5859,0,63.80111495502775,0.8439087867736816,60,0,900.1207,663.8176,936.69336,700.063,1325.5859,-61.467064,87.215836,10.649201001218342,239.5699193076348,7.avi
1558,30,6.0,936,659,873.1091,0,65.33777564215997,0.8332656025886536,60,0,921.192,645.57947,951.47424,674.41187,873.1091,-72.81752,82.23022,10.916051948174328,233.90116597114732,7.avi
1559,30,6.0,366,600,481.96146,0,16.828092088712538,0.3024727404117584,51,0,354.097,590.45123,378.37244,610.3051,481.96146,12.363485,-11.006647,3.055249867448641,197.47300516597969,7.avi
1560,30,6.0,1005,866,405.30658,0,52.38980019538333,0.3663272261619568,45,0,995.9169,856.4425,1015.8036,876.82336,405.30658,2.878034,-0.6717106,10.228577660989266,43.08761792469511,7.avi
1555,31,6.2,880,786,3785.4448,0,55.51968850827664,0.8420230746269226,63,0,845.76807,759.17804,915.4408,813.5098,3785.4448,20.048164,-78.917534,9.813442777943164,61.8898653388564,7.avi
1556,31,6.2,909,710,1042.7885,0,67.31142009079261,0.858113169670105,62,0,892.8646,694.9075,925.49304,726.86694,1042.7885,-49.678497,131.45851,11.001883718859828,285.2095936776444,7.avi
1559,31,6.2,366,600,516.2974,0,16.0634713409163,0.4000117480754852,53,0,354.33887,590.0211,379.3745,610.6437,516.2974,5.245797,-2.7163086,3.2640451169909257,213.956611502975,7.avi
1560,31,6.2,1005,870,403.99304,0,24.278962184178603,0.3892293274402618,47,0,995.1808,860.36206,1014.88184,880.86816,403.99304,-3.1284256,16.931978,3.784375740140973,247.7024976696424,7.avi
1563,31,6.2,889,743,1367.4763,0,0.0,0.8096820712089539,1,0,869.6852,726.12,909.6249,760.3585,1367.4763,0.0,0.0,0.0,0.0,7.avi
1555,32,6.4,882,783,2672.406,0,73.80620652502454,0.8274096250534058,65,0,854.3295,760.0422,911.3143,806.939,2672.406,13.155498,-29.188782,12.711271282360965,258.1324397879191,7.avi
1556,32,6.4,901,751,769.156,0,79.26139784715488,0.8092469573020935,64,0,887.39136,737.11145,914.9546,765.0166,769.156,-42.25649,184.86008,13.932316475976858,277.244162895488,7.avi
1559,32,6.4,366,600,503.60434,0,6.148474591169363,0.2135442197322845,55,0,354.6794,589.9634,379.16116,610.53406,503.60434,1.4553916,-0.9487189,1.9174841787750667,186.31390877196236,7.avi
1560,32,6.4,1003,873,354.43045,0,7.3021772796541216,0.6116566061973572,49,0,994.39197,863.33606,1012.61646,882.78406,354.43045,-6.624955,13.280146,1.7259423244646488,144.52992156298353,7.avi
1563,32,6.4,872,745,1131.8716,0,89.2306991273247,0.8279258608818054,3,0,855.3101,728.3573,888.8819,762.07227,1131.8716,-70.09586,7.8863215,17.74261177291429,185.6952956867292,7.avi
1555,33,6.6,881,787,2461.2866,0,59.04160311706738,0.8622482419013977,67,0,854.51086,764.353,908.22644,810.1737,2461.2866,-2.552699,7.7728424,10.353684567719428,244.5268094143182,7.avi
1556,33,6.6,901,760,687.3592,0,161.03036977942674,0.8017557263374329,66,0,888.6434,747.76434,914.63446,774.21027,687.3592,-7.9613,80.83196,29.232661280362468,73.54947092290718,7.avi
1559,33,6.6,366,600,534.62354,0,6.700991348774643,0.1889781504869461,57,0,353.74237,590.0087,378.7077,611.4234,534.62354,-2.338024,1.5784258,1.212798757037839,177.2134791740939,7.avi
1560,33,6.6,1001,875,334.5283,0,3.4464652561494926,0.612600564956665,51,0,993.0826,865.6383,1010.47064,884.8773,334.5283,-8.170958,11.520515,1.379586567972382,148.73193477467646,7.avi
1563,33,6.6,872,748,1305.9514,0,74.14793813614362,0.8122066259384155,5,0,854.1723,730.3776,890.2287,766.59735,1305.9514,-5.4219437,15.650055,13.975458095377114,355.0415422505974,7.avi
1555,34,6.8,881,794,2551.7705,0,31.622628830917325,0.8558356761932373,69,0,854.7302,770.81836,909.0261,817.8158,2551.7705,1.3704574,28.922266,5.184010507608153,271.56860657314684,7.avi
1559,34,6.8,366,601,530.50885,0,2.779540869034741,0.2288339138031005,59,0,353.8482,590.4592,378.60913,611.8844,530.50885,-0.52569914,2.11711,0.2446213833381219,7.454828718362023,7.avi
1560,34,6.8,999,876,339.62634,0,7.3925240286658145,0.4240682721138,53,0,991.1635,866.42413,1008.33136,886.20685,339.62634,-9.690014,6.727122,1.935088022428443,126.18242899738334,7.avi
1563,34,6.8,871,753,1322.4836,0,10.801893525339745,0.8140345215797424,7,0,853.6482,735.2679,890.12195,771.5263,1322.4836,-2.4730132,22.474602,1.3873727424896904,265.2001447121036,7.avi
1555,35,7.0,880,797,3019.883,0,15.314664693771398,0.8608046174049377,71,0,851.39435,772.04297,909.9179,823.64417,3019.883,-4.383602,20.238346,3.775133404403493,124.7586617243503,7.avi
1559,35,7.0,365,601,532.61664,0,3.2703233195835337,0.5186137557029724,61,0,353.4464,590.4099,378.5094,611.661,532.61664,-1.0857646,-0.035758495,1.2714605607528882,152.08671433695895,7.avi
1560,35,7.0,998,878,402.22598,0,8.524163235363064,0.1610543578863144,55,0,989.23413,868.22986,1008.0526,889.6039,402.22598,-6.4827156,11.557791,0.3889813173767283,299.3322874476198,7.avi
1563,35,7.0,874,751,1308.63,0,39.29478165044869,0.8208860158920288,9,0,856.43744,734.2527,893.4716,769.5885,1308.63,11.207332,-0.44621086,7.369522006501089,69.26161830366163,7.avi
1555,36,7.2,880,796,2680.626,0,30.32438714288877,0.8408343195915222,73,0,853.5987,771.873,907.789,821.3399,2680.626,-0.8666904,-0.08675575,5.895363429779947,87.85571927012444,7.avi
1559,36,7.2,367,600,497.66028,0,9.594430142354396,0.3814114332199096,63,0,355.21463,590.3302,379.56296,610.7694,497.66028,5.1756334,-1.8762107,1.6103423831416668,39.68545433005522,7.avi
1560,36,7.2,998,879,381.87622,0,12.706067342167694,0.2310477942228317,57,0,989.53064,869.3959,1008.25073,889.79517,381.87622,-0.5449338,5.2774925,2.3222139872527934,73.66323455077662,7.avi
1563,36,7.2,877,753,1366.6302,0,11.969025844782925,0.8146331310272217,11,0,858.3062,735.7182,895.7989,772.16876,1366.6302,10.655668,7.6782074,1.184959684125754,260.47994197821504,7.avi
1555,37,7.4,881,798,2742.486,0,10.968684312597937,0.8508086800575256,75,0,854.4912,772.8857,908.55005,823.6171,2742.486,2.9796603,6.306461,1.4901407994880005,288.7703899458091,7.avi
1559,37,7.4,369,599,460.01453,0,5.0000451712691305,0.2674270868301391,65,0,357.35742,589.7698,380.8012,609.39185,460.01453,7.6962395,-4.15965,1.3082281972106264,63.87368605785008,7.avi
1560,37,7.4,998,882,362.25058,0,11.33034541714528,0.466757982969284,59,0,989.5096,872.77997,1007.8559,892.5251,362.25058,-0.9254378,12.975173,1.5591079764711735,239.909860320873,7.avi
1563,37,7.4,877,757,1516.9321,0,11.571311243354554,0.8217880129814148,13,0,858.1426,737.9652,897.75635,776.2583,1516.9321,5.9090176,13.957321,2.661091132581287,214.85647755667216,7.avi
1564,37,7.4,642,348,500.87326,0,0.0,0.5149409174919128,1,0,630.97485,336.90247,653.24036,359.39795,500.87326,0.0,0.0,0.0,0.0,7.avi
1555,38,7.6,882,798,2584.953,0,3.777913781837484,0.8370839357376099,77,0,856.24023,774.01984,908.2733,823.6989,2584.953,3.5187597,3.7938468,1.5171807209417378,94.40683738083897,7.avi
1559,38,7.6,367,597,448.45636,0,17.5249411934667,0.237857386469841,67,0,356.07608,588.14355,379.2462,607.49854,448.45636,-3.6778831,-7.7280426,4.019034484851546,154.20486790417146,7.avi
1560,38,7.6,996,889,352.3239,0,25.89420540963276,0.3148361444473266,61,0,986.8885,879.4616,1005.1612,898.7431,352.3239,-10.435965,27.80051,4.507685127309933,236.3516750468332,7.avi
1563,38,7.6,878,757,1427.7272,0,12.907361097342513,0.7872959971427917,15,0,859.05237,739.2188,897.49817,776.3549,1427.7272,2.6169221,5.8181086,3.115825645395824,111.28932515802056,7.avi
1564,38,7.6,630,351,524.06274,0,58.54815919164184,0.2467750012874603,3,0,619.43005,339.9284,642.4701,362.67413,524.06274,-44.54095,12.579032,12.4384651603326,193.24475382622316,7.avi
1555,39,7.8,881,805,2548.3665,0,34.61212376153146,0.8392475247383118,79,0,855.686,780.4772,906.6613,830.46936,2548.3665,-3.353355,26.312296,5.727805732899646,249.9841879102363,7.avi
1559,39,7.8,366,595,514.48,0,4.353111159843665,0.2889489531517029,69,0,354.68228,584.8359,378.71445,606.24384,514.48,-4.551714,-10.557224,1.5758973219911805,125.96757864683887,7.avi
1560,39,7.8,994,897,369.254,0,14.746438395028422,0.3205608129501343,63,0,984.83813,887.4245,1003.6205,907.08405,369.254,-9.314173,37.76835,2.338356558023248,271.5286018333038,7.avi
1563,39,7.8,875,762,1500.077,0,28.974982719857483,0.7207011580467224,17,0,855.55817,743.482,894.8172,781.6917,1500.077,-11.270748,19.803345,4.871257666802534,218.75701333547937,7.avi
1555,40,8.0,879,807,2544.6147,0,17.164469366086976,0.7854437232017517,81,0,854.0483,782.76263,904.5754,833.1241,2544.6147,-7.934557,15.573072,4.026731726247427,111.91639438825746,7.avi
1559,40,8.0,364,595,549.3692,0,15.136013340664018,0.4773257076740265,71,0,352.24664,584.42096,376.5589,607.0174,549.3692,-9.879395,-1.7470913,2.3805338689462494,221.3140310865599,7.avi
1555,41,8.2,874,802,4773.628,0,50.128462628626814,0.8085181713104248,83,0,840.95416,766.95703,907.2299,838.9839,4773.628,-21.906507,-15.531109,9.793980378630092,112.35393530612816,7.avi
1559,41,8.2,361,597,547.0342,0,13.269288809147447,0.2291376888751983,73,0,349.97784,586.2002,373.84637,609.1188,547.0342,-11.859137,7.0590963,2.166494421500765,228.8058751023011,7.avi
1555,42,8.4,866,820,3696.8774,0,115.3956184040444,0.7997117042541504,85,0,837.4715,788.3104,895.73517,851.7612,3696.8774,-33.85741,62.047726,20.474809196131726,259.5582899899661,7.avi
1560,42,8.4,976,924,663.9526,0,94.84851047159404,0.2311036139726638,67,0,962.99066,912.45197,989.6589,937.3488,663.9526,-15.769909,20.806559,19.869920296344315,110.78877282588128,7.avi
1555,43,8.6,864,827,2866.796,0,35.062652589364795,0.8213993906974792,87,0,838.3192,800.0546,889.78955,855.7526,2866.796,-17.617794,44.580452,6.857520166038716,52.56781209627235,7.avi
1560,43,8.6,971,929,535.06757,0,8.889899203478432,0.4290276765823364,69,0,959.7761,918.11456,983.54285,940.62787,535.06757,-21.726376,22.026531,2.171653225951352,178.37174721685938,7.avi
1563,43,8.6,856,787,1127.8396,0,78.71365676482512,0.7061234712600708,22,0,839.9084,770.32776,873.6866,803.7174,1127.8396,-8.810274,10.811571,15.5593009826779,77.55215260196218,7.avi
1555,44,8.8,862,831,2916.044,0,33.03903193127374,0.8459740877151489,89,0,836.2578,803.4836,888.6653,859.1253,2916.044,-10.192257,23.368961,6.002284138306655,75.83177628338711,7.avi
1559,44,8.8,345,606,556.1407,0,10.362895816417891,0.3419075310230255,77,0,333.8289,594.4255,357.40457,618.0151,556.1407,-13.840149,7.1453443,2.6843201210887067,177.21618404674268,7.avi
1560,44,8.8,969,933,521.478,0,12.436182027143678,0.4063848853111267,71,0,958.0825,921.88153,980.8668,944.7691,521.478,-13.3260355,20.271915,1.8560500278472616,24.732898891352026,7.avi
1563,44,8.8,855,785,1266.3541,0,21.675485265986108,0.8034464716911316,24,0,837.6058,767.779,873.476,803.0827,1266.3541,-6.7639675,-4.385891,4.185025213791864,90.484660679699,7.avi
1555,45,9.0,865,833,2589.4097,0,30.1503492484674,0.8366561532020569,91,0,840.5741,807.3678,889.8563,859.9103,2589.4097,8.238005,14.372625,5.460566859089685,33.052218842045704,7.avi
1559,45,9.0,342,608,491.50668,0,3.0773729825332223,0.3488327264785766,79,0,331.7858,596.5148,353.14432,619.527,491.50668,-15.35212,8.609519,0.9182780333224588,202.44849224020385,7.avi
1555,46,9.2,869,836,2639.2354,0,12.57944113497602,0.7998020052909851,93,0,843.8726,809.79877,894.1932,862.24725,2639.2354,16.584183,12.48609,2.1980416957644384,13.511451370352631,7.avi
1559,46,9.2,339,607,518.5558,0,11.662715076185238,0.4335867464542389,81,0,329.14508,595.6898,350.66675,619.7844,518.5558,-13.364068,0.8110385,2.7710408172695327,98.18730325572824,7.avi
1563,46,9.2,858,793,1626.8064,0,64.5704764251855,0.5125407576560974,27,0,838.9178,772.78894,878.82086,813.55786,1626.8064,6.343337,14.022116,12.10500636945653,302.5754637311988,7.avi
1555,47,9.4,873,838,2503.4944,0,5.107540782033005,0.8446747660636902,95,0,848.60004,812.49646,897.6197,863.56775,2503.4944,19.507608,10.608894,0.8327424430545798,38.659152410822855,7.avi
1559,47,9.4,339,608,486.844,0,12.702277415082598,0.269123375415802,83,0,329.1738,596.36115,349.74997,620.02167,486.844,-4.7984056,1.9334786,1.7697709554878998,356.7398268760739,7.avi
1555,48,9.6,874,843,2521.7798,0,24.359854807618337,0.8258184790611267,97,0,849.37585,818.1126,899.121,868.8067,2521.7798,8.88131,23.32288,4.1435576265150695,223.38370520445727,7.avi
1559,48,9.6,340,606,504.11984,0,12.864542178814196,0.2351809740066528,85,0,329.6777,594.92993,350.5815,619.04614,504.11984,1.4598165,-4.1812162,2.981634039704777,59.84487257000711,7.avi
1563,48,9.6,863,800,1574.4993,0,7.511914179030714,0.5745729207992554,30,0,843.5631,779.9955,882.5957,820.3336,1574.4993,7.077549,11.437802,1.6195420537184335,78.43640750113474,7.avi
1555,49,9.8,873,844,2329.1443,0,26.53581713266628,0.8430238366127014,99,0,849.149,820.1508,897.12823,868.6956,2329.1443,-2.2182808,9.088957,5.11445372007584,126.25600652694676,7.avi
1559,49,9.8,342,605,474.41684,0,10.59131084764124,0.2390217036008834,87,0,332.05746,594.3351,352.50693,617.53455,474.41684,8.615805,-5.015722,1.9539888016757865,36.11855938745833,7.avi
1555,50,10.0,872,846,2450.2686,0,3.7592397544994194,0.8489782214164734,101,0,847.6522,821.599,896.6333,871.6238,2450.2686,-4.3418794,10.513408,0.735557448806974,160.87194844166538,7.avi
1559,50,10.0,344,605,488.38672,0,7.020109160342567,0.3951119780540466,89,0,334.38794,594.14386,355.1209,617.6999,488.38672,11.496576,-1.2073524,0.0685700575941271,265.5074185200847,7.avi
1563,50,10.0,862,805,1399.9214,0,23.996241030830227,0.2646317780017853,33,0,844.6612,786.19965,881.1285,824.5881,1399.9214,-0.97234726,8.470454,5.698695813111964,159.16154414037717,7.avi
1555,51,10.2,871,847,2513.1218,0,8.850288762627182,0.8275643587112427,103,0,846.59143,821.8055,896.16626,872.49896,2513.1218,-3.9402015,4.5067167,1.735877727411701,99.09568774548433,7.avi
1559,51,10.2,346,607,538.02655,0,7.843719286271959,0.3546235263347626,91,0,335.71265,594.7516,357.6466,619.281,538.02655,10.057698,3.9303858,1.688686660317581,231.3911297949724,7.avi
1555,52,10.4,869,847,2433.9163,0,4.383281635056909,0.8106095790863037,105,0,845.3949,822.8837,894.38086,872.56976,2433.9163,-6.643794,3.2495794,1.908077243647132,146.48377732711475,7.avi
1563,52,10.4,864,806,1657.8656,0,24.592197124180107,0.6457067728042603,36,0,845.0761,785.4938,884.741,827.2905,1657.8656,3.7457972,1.0510678,4.784030312399903,69.33196271263023,7.avi
1555,53,10.6,870,848,2614.406,0,11.426193727074176,0.8015264272689819,107,0,845.05225,822.59485,896.0934,873.8164,2614.406,1.1005955,2.591741,1.4892724333498806,14.64962130613918,7.avi
1555,54,10.8,873,832,4882.9463,0,92.74673592140635,0.8663040399551392,109,0,840.4572,796.02625,907.2045,869.1819,4882.9463,12.784539,-59.40468,16.869007074843935,82.48203111649116,7.avi
1555,55,11.0,878,837,5272.1045,0,96.4473641839969,0.8605281114578247,111,0,843.41736,800.51025,914.5182,874.6599,5272.1045,22.70712,5.4456253,16.356507987498418,275.65676962934015,7.avi
1555,56,11.2,882,847,4824.9204,0,50.75977672609955,0.8857761025428772,113,0,848.4294,812.72,917.52264,882.552,4824.9204,20.656385,39.912273,8.461487683726814,259.7255764456421,7.avi
1555,57,11.4,887,854,4914.729,0,8.384892991425051,0.8946950435638428,115,0,852.5271,819.2022,922.6947,889.24493,4914.729,22.593157,34.54764,1.6220221710410327,93.79299296909868,7.avi
1565,0,0.0,568,942,22982.523,0,0.0,0.8203111886978149,1,0,494.77783,864.665,642.80396,1019.92487,22982.523,0.0,0.0,0.0,0.0,8.avi
1566,0,0.0,969,1017,399.04376,0,0.0,0.5199666619300842,1,0,953.59595,1011.3104,986.3452,1023.49524,399.04376,0.0,0.0,0.0,0.0,8.avi
1565,1,0.2,527,886,30608.777,0,351.5047609824151,0.7821643352508545,3,0,434.4618,804.04236,620.96765,968.1593,30608.777,-163.97687,-224.32785,70.11131872252564,126.58858101583576,8.avi
1567,1,0.2,916,1013,588.42865,0,0.0,0.7709711194038391,1,0,901.2869,1004.2456,931.70074,1023.593,588.42865,0.0,0.0,0.0,0.0,8.avi
1568,1,0.2,605,881,1121.3219,0,0.0,0.6277982592582703,1,0,590.22046,863.7179,621.0005,900.1481,1121.3219,0.0,0.0,0.0,0.0,8.avi
1569,1,0.2,472,915,1737.7585,0,0.0,0.6131072640419006,1,0,453.75134,893.2047,491.99298,938.64624,1737.7585,0.0,0.0,0.0,0.0,8.avi
1570,1,0.2,446,882,1092.9117,0,0.0,0.5987734794616699,1,0,431.15405,865.60333,462.61658,900.3403,1092.9117,0.0,0.0,0.0,0.0,8.avi
1571,2,0.4,454,929,18689.361,0,0.0,0.886451244354248,1,0,390.56335,857.1256,519.12744,1002.4956,18689.361,0.0,0.0,0.0,0.0,8.avi
1572,2,0.4,854,1010,689.3277,0,0.0,0.8057180643081665,1,0,840.75934,997.2721,867.3223,1023.2228,689.3277,0.0,0.0,0.0,0.0,8.avi
1573,2,0.4,427,135,258.40033,0,0.0,0.5891573429107666,1,0,419.4618,127.953316,436.0443,143.53601,258.40033,0.0,0.0,0.0,0.0,8.avi
1569,3,0.6,474,932,1392.3069,0,84.73829552955495,0.3081558644771576,4,0,457.9066,911.50586,490.60806,954.08215,1392.3069,2.2707574,27.653288,16.114041650025158,274.0134711637212,8.avi
1570,3,0.6,437,921,1708.6616,0,196.8374903913449,0.1536660939455032,4,0,418.10422,898.7624,456.37503,943.409,1708.6616,-15.812614,62.48183,39.29202607448364,255.4286297962604,8.avi
1571,3,0.6,440,870,31365.336,0,308.25209927521445,0.8826268315315247,3,0,356.95593,776.87976,524.6335,963.93726,31365.336,-56.090588,-237.13412,61.6254384069851,103.93950215877038,8.avi
1573,3,0.6,426,137,322.88773,0,10.474760110472214,0.616940975189209,3,0,417.19388,128.71014,435.79025,146.07309,322.88773,-5.0338326,6.5746684,2.156170315108023,215.606023600338,8.avi
1574,3,0.6,380,837,1623.096,0,0.0,0.5135834217071533,1,0,361.1668,816.6096,399.45782,858.99805,1623.096,0.0,0.0,0.0,0.0,8.avi
1575,3,0.6,800,1004,873.03265,0,0.0,0.856658399105072,1,0,786.0785,989.39716,815.41077,1019.1607,873.03265,0.0,0.0,0.0,0.0,8.avi
1576,3,0.6,449,790,627.1722,0,0.0,0.7563847303390503,1,0,437.0397,777.77625,461.51028,803.4059,627.1722,0.0,0.0,0.0,0.0,8.avi
1577,3,0.6,430,957,845.196,0,0.0,0.7129552364349365,1,0,413.6248,945.302,447.3132,970.3906,845.196,0.0,0.0,0.0,0.0,8.avi
1578,3,0.6,390,917,2573.69,0,0.0,0.6872742772102356,1,0,363.5074,893.2468,416.85486,941.4907,2573.69,0.0,0.0,0.0,0.0,8.avi
1579,3,0.6,392,408,278.9588,0,0.0,0.5355379581451416,1,0,384.3552,400.00125,400.43936,417.34494,278.9588,0.0,0.0,0.0,0.0,8.avi
1580,3,0.6,476,815,828.6322,0,0.0,0.5476688742637634,1,0,463.9248,798.47876,488.76727,831.8342,828.6322,0.0,0.0,0.0,0.0,8.avi
1579,4,0.8,391,412,268.66995,0,18.818935273256187,0.4451192021369934,3,0,383.07098,404.09732,399.5678,420.38345,268.66995,-4.3029785,14.240732,3.608417595075616,247.2179159397665,8.avi
1581,4,0.8,748,999,818.01953,0,0.0,0.7442647218704224,1,0,734.42615,985.1953,762.87634,1013.948,818.01953,0.0,0.0,0.0,0.0,8.avi
1582,4,0.8,316,891,3723.7776,0,0.0,0.5284174084663391,1,0,287.11462,860.5775,346.3756,923.4144,3723.7776,0.0,0.0,0.0,0.0,8.avi
1583,4,0.8,323,932,30902.002,0,0.0,0.5257636904716492,1,0,237.1842,843.9149,410.7843,1021.92175,30902.002,0.0,0.0,0.0,0.0,8.avi
1584,5,1.0,715,995,1274.7661,0,0.0,0.8194498419761658,1,0,696.6525,978.1362,733.85394,1012.40283,1274.7661,0.0,0.0,0.0,0.0,8.avi
1585,5,1.0,320,827,430.45648,0,0.0,0.5188924670219421,1,0,309.82336,817.44666,331.49353,837.31067,430.45648,0.0,0.0,0.0,0.0,8.avi
1586,5,1.0,236,805,23591.543,0,0.0,0.8556649684906006,1,0,168.28812,718.2427,303.8118,892.3196,23591.543,0.0,0.0,0.0,0.0,8.avi
1584,6,1.2,694,989,1177.3914,0,109.78705476017856,0.7854965329170227,3,0,676.4428,972.6495,712.4234,1005.3724,1177.3914,-83.114204,-24.984367,22.15867807989728,163.56436990859095,8.avi
1587,6,1.2,332,728,26380.625,0,0.0,0.9025861620903016,1,0,247.48526,651.3517,417.7582,806.2831,26380.625,0.0,0.0,0.0,0.0,8.avi
1573,7,1.4,431,138,267.39282,0,94.9848429968014,0.1905967593193054,8,0,422.6096,130.8558,439.81412,146.3978,267.39282,2.9295883,0.15859461,19.228183550489437,40.70892864680894,8.avi
1584,7,1.4,671,973,1036.8345,0,62.363730126428194,0.7449653744697571,5,0,655.16766,958.1084,688.5673,989.1516,1036.8345,-110.32681,-72.53405,12.94945662799253,121.72948762692933,8.avi
1587,7,1.4,314,736,23220.885,0,100.15466341651604,0.8451343178749084,3,0,233.12044,665.701,395.98236,808.2812,23220.885,-72.13716,32.629684,19.958932583880102,201.09220055321285,8.avi
1573,8,1.6,429,140,296.76,0,13.715976741229076,0.5019984841346741,10,0,420.7126,132.15579,439.1762,148.22845,296.76,-4.637016,6.419721,3.102743965020584,205.61689392932735,8.avi
1579,8,1.6,390,444,372.64172,0,43.48612109627991,0.3343695998191833,8,0,380.30045,435.5432,400.5333,453.96088,372.64172,-0.15448761,16.4111,7.990015088731958,335.777383481048,8.avi
1584,8,1.6,644,956,994.8059,0,32.80060649078868,0.830668032169342,7,0,628.2145,941.37646,660.6487,972.048,994.8059,-130.92186,-81.779495,6.5892964301444925,151.70729585678714,8.avi
1587,8,1.6,319,724,24426.016,0,141.80409780320085,0.2407172471284866,5,0,240.34167,647.166,398.54565,801.56177,24426.016,16.33023,-55.074844,27.151780952703835,45.95649248059596,8.avi
1588,8,1.6,287,774,1883.4276,0,0.0,0.7041432857513428,1,0,265.8052,752.91455,309.9822,795.5482,1883.4276,0.0,0.0,0.0,0.0,8.avi
1589,8,1.6,387,729,2042.9076,0,0.0,0.7888757586479187,1,0,365.5638,706.0631,409.18924,752.8915,2042.9076,0.0,0.0,0.0,0.0,8.avi
1584,9,1.8,594,928,816.36865,0,147.75233017534055,0.7561591863632202,9,0,580.43524,914.38727,609.5346,942.44183,816.36865,-220.21198,-127.616974,27.214060015266806,152.9966953275831,8.avi
1587,9,1.8,363,699,7266.1953,0,242.10844854509648,0.2536095380783081,7,0,321.3923,656.6346,406.3359,742.17596,7266.1953,174.14948,-108.54605,42.76913538966573,19.60279347726828,8.avi
1589,9,1.8,415,723,2045.7438,0,147.02978633985418,0.7776426076889038,3,0,392.14676,702.3425,439.73404,745.3318,2045.7438,114.02743,-22.51546,28.37272760986655,13.196593950176691,8.avi
1573,10,2.0,426,144,238.0333,0,2.84623423112374,0.3319404125213623,13,0,418.77023,137.20134,435.0032,151.86488,238.0333,-5.125526,7.2871695,1.1630320409407051,177.83380400729402,8.avi
1574,10,2.0,376,806,1515.4163,0,156.78093788269354,0.3926129341125488,9,0,356.3442,788.1383,397.28995,825.1487,1515.4163,-0.6500869,-5.795555,32.09485739160845,97.7217068479307,8.avi
1589,10,2.0,421,747,19627.035,0,172.0450715540712,0.921079695224762,5,0,351.74536,676.54675,490.53723,817.9602,19627.035,33.41385,105.331055,32.86824158435444,237.3225128718317,8.avi
1590,11,2.2,297,637,26841.328,0,0.0,0.8578382134437561,1,0,213.25229,557.73254,381.35867,717.40125,26841.328,0.0,0.0,0.0,0.0,8.avi
1591,12,2.4,165,649,21495.283,0,0.0,0.6836559176445007,1,0,96.239624,571.9684,235.24115,726.609,21495.283,0.0,0.0,0.0,0.0,8.avi
1586,13,2.6,213,825,26504.656,0,151.94893679772582,0.4636940360069275,10,0,127.051956,748.7668,299.71082,902.2756,26504.656,-3.295043,2.9420438,30.333717973942523,220.54646224571485,8.avi
1583,14,2.8,315,907,22920.996,0,135.04379748437108,0.8659330010414124,12,0,239.39993,832.0193,391.7255,982.49304,22920.996,-0.808269,-2.4629598,27.43131217882137,109.1182070335368,8.avi
1590,14,2.8,314,600,507.3418,0,206.31414679252816,0.6019749045372009,5,0,303.10043,589.44604,326.60855,611.0276,507.3418,14.794651,-31.471031,41.1093484599076,66.03990354776067,8.avi
1592,14,2.8,388,159,330.1194,0,0.0,0.5894417762756348,1,0,379.995,150.3671,397.2514,169.49734,330.1194,0.0,0.0,0.0,0.0,8.avi
1593,15,3.0,320,621,288.5524,0,0.0,0.6910375952720642,1,0,312.09793,612.76904,329.42038,629.42676,288.5524,0.0,0.0,0.0,0.0,8.avi
1594,15,3.0,383,992,8935.006,0,0.0,0.7962058186531067,1,0,312.4566,961.0919,455.1269,1023.7189,8935.006,0.0,0.0,0.0,0.0,8.avi
1595,0,0.0,930,40,11545.895,0,0.0,0.8339859843254089,1,0,859.5691,0.0,1001.3157,81.45448,11545.895,0.0,0.0,0.0,0.0,9.avi
1596,0,0.0,251,4,222.76398,0,0.0,0.7283342480659485,1,0,239.9274,0.06524944,263.78146,9.403867,222.76398,0.0,0.0,0.0,0.0,9.avi
1595,1,0.2,965,65,19338.133,0,215.97859343803407,0.8507041931152344,3,0,890.8274,0.7199631,1039.2772,130.98712,19338.133,138.16333,100.30462,42.23027006893148,324.9163635677554,9.avi
1596,1,0.2,252,4,297.6456,0,2.072497024331412,0.6600611805915833,3,0,237.01703,0.041302204,267.4036,9.836605,297.6456,1.4206958,0.81594944,0.7488430407754403,78.79081127999751,9.avi
1595,2,0.4,957,115,23588.49,0,240.11431375875355,0.5975461602210999,5,0,881.5386,37.21337,1032.7421,193.21826,23588.49,-24.60028,234.47916,46.03684612556577,219.18215917979,9.avi
1596,2,0.4,252,4,307.3663,0,1.4318675472825142,0.6377614736557007,5,0,236.75261,-0.048956394,267.89917,9.819431,307.3663,0.64885324,-0.17729056,1.207972051183851,114.16205684125724,9.avi
1597,2,0.4,927,144,2845.4722,0,0.0,0.7743245363235474,1,0,900.2024,118.605606,954.5962,170.91805,2845.4722,0.0,0.0,0.0,0.0,9.avi
1595,3,0.6,904,149,20601.324,0,274.38881663962263,0.8062885999679565,7,0,833.97424,76.63166,975.23096,222.47482,20601.324,-207.20503,186.32007,49.97109498287495,164.78839364147927,9.avi
1596,3,0.6,249,5,293.18826,0,15.405730719668052,0.6617028117179871,7,0,234.95459,0.16678953,264.4565,10.104727,293.18826,-9.897302,0.9193857,3.4589215428464906,182.4891370911575,9.avi
1595,4,0.8,867,216,24565.838,0,171.8513786256076,0.5742793083190918,9,0,789.4103,137.97961,944.91675,295.95273,24565.838,-191.84406,302.04385,29.43408607749552,277.49304917200385,9.avi
1596,4,0.8,248,5,317.65805,0,5.650223374076668,0.7386607527732849,9,0,233.75345,0.50880146,263.36514,11.236258,317.65805,-6.6991367,3.0416183,0.420933960131589,49.406759052643736,9.avi
1597,4,0.8,905,185,2289.7812,0,231.76530485012435,0.6885636448860168,4,0,882.1742,160.71585,928.4646,210.1814,2289.7812,-36.19652,66.69966,46.05256739740515,240.89672631616645,9.avi
1595,5,1.0,837,289,23861.312,0,82.69010983924176,0.8696379065513611,11,0,757.97565,213.99667,916.0385,364.9576,23861.312,-160.25455,348.59586,14.229172764214702,305.2156087548105,9.avi
1596,5,1.0,245,6,323.66116,0,8.406684527705808,0.7228373289108276,11,0,231.28165,0.55729675,260.26202,11.725589,323.66116,-12.2675705,1.7360542,2.2709737793022646,167.77573484542984,9.avi
1595,6,1.2,781,335,23085.846,0,187.72657202237812,0.8711137771606445,13,0,702.3662,262.7519,860.9563,408.32117,23085.846,-249.84781,257.59915,34.04938011290114,134.71426079281474,9.avi
1596,6,1.2,239,7,333.6291,0,23.63351279843383,0.4465679824352264,13,0,225.35892,1.2107072,253.05182,13.258167,333.6291,-28.086227,4.604371,4.348498499534918,186.75311988695336,9.avi
1595,7,1.4,644,380,24185.201,0,494.5381123609409,0.8812114000320435,15,0,564.0442,305.033,724.9457,455.3436,24185.201,-585.20166,231.18497,87.97515872926779,175.3994427548845,9.avi
1598,8,1.6,518,338,18399.434,0,0.0,0.5068987011909485,1,0,437.432,282.1189,599.95337,395.3313,18399.434,0.0,0.0,0.0,0.0,9.avi
1596,9,1.8,201,27,663.15295,0,76.26073889209461,0.7710226774215698,17,0,183.86505,17.812399,218.60901,36.899254,663.15295,-32.178787,18.610806,14.934980525736572,252.45632290390563,9.avi
1599,9,1.8,396,455,27308.143,0,0.0,0.8929812908172607,1,0,322.961,363.13147,470.23853,548.5511,27308.143,0.0,0.0,0.0,0.0,9.avi
1600,9,1.8,338,427,1102.7982,0,0.0,0.7992407083511353,1,0,321.17792,411.10828,355.12866,443.59058,1102.7982,0.0,0.0,0.0,0.0,9.avi
1601,9,1.8,345,399,281.94186,0,0.0,0.5077643990516663,1,0,337.47244,390.7883,354.3978,407.44626,281.94186,0.0,0.0,0.0,0.0,9.avi
1596,10,2.0,200,32,668.48065,0,31.864023102413952,0.7249778509140015,19,0,184.12454,21.774353,216.32541,42.534058,668.48065,-10.802706,22.852434,5.279858447129514,349.9429759441895,9.avi
1599,10,2.0,403,509,22299.314,0,275.322827297517,0.8635718822479248,3,0,324.19952,439.5472,482.60065,580.3247,22299.314,27.147015,215.94685,53.54262566877484,276.8652887332572,9.avi
1602,10,2.0,439,564,1192.694,0,0.0,0.7730978727340698,1,0,417.84705,550.6112,460.15588,578.8014,1192.694,0.0,0.0,0.0,0.0,9.avi
1603,11,2.2,555,499,27925.754,0,0.0,0.9104568362236024,1,0,466.54303,421.03033,644.0102,578.38763,27925.754,0.0,0.0,0.0,0.0,9.avi
1603,12,2.4,526,547,26492.445,0,280.17492416059355,0.86067795753479,3,0,437.3487,472.51776,615.1871,621.487,26492.445,-115.80324,188.79597,55.61978181997922,238.23945071805528,9.avi
1604,12,2.4,697,77,604.14044,0,0.0,0.7072940468788147,1,0,683.86224,66.149185,710.47906,88.84688,604.14044,0.0,0.0,0.0,0.0,9.avi
1605,12,2.4,513,598,2921.8777,0,0.0,0.594187319278717,1,0,480.19598,576.39484,547.2884,619.9449,2921.8777,0.0,0.0,0.0,0.0,9.avi
1604,13,2.6,684,82,764.8297,0,71.20217020468033,0.8309775590896606,3,0,668.6089,70.11729,699.39636,94.95951,764.8297,-52.56695,20.121216,13.918830911266513,198.871358092018,9.avi
1606,13,2.6,446,417,1808.1674,0,0.0,0.5324649214744568,1,0,425.99268,395.62323,466.77612,439.95905,1808.1674,0.0,0.0,0.0,0.0,9.avi
1607,13,2.6,438,449,29419.9,0,0.0,0.8731977343559265,1,0,356.93915,359.23413,520.16785,539.47144,29419.9,0.0,0.0,0.0,0.0,9.avi
1598,14,2.8,539,374,893.08203,0,208.3687155911831,0.6711828708648682,8,0,525.2221,359.08914,553.388,390.7971,893.08203,5.0849557,8.934797,40.702649256558175,299.9284861479815,9.avi
1604,14,2.8,664,95,651.8028,0,65.3830119338571,0.8650747537612915,5,0,650.7747,84.19472,679.05585,107.241974,651.8028,-91.82825,62.04632,12.69783343442824,221.6418330076855,9.avi
1606,14,2.8,457,402,2026.7572,0,95.73018882511649,0.7500603199005127,3,0,434.78696,379.9053,479.95316,424.7786,2026.7572,43.854965,-61.673374,19.027637938337904,56.08901192131776,9.avi
1598,15,3.0,543,381,337.66635,0,29.90029227073461,0.2029875367879867,10,0,533.2097,372.77515,552.9912,389.84497,337.66635,16.95948,28.508673,5.040223593439047,302.09477816640003,9.avi
1608,15,3.0,631,139,550.66473,0,0.0,0.8269883990287781,1,0,619.5814,128.2994,643.97864,150.8702,550.66473,0.0,0.0,0.0,0.0,9.avi
1609,15,3.0,589,365,1142.6941,0,0.0,0.7538130283355713,1,0,573.03296,348.07062,606.6902,382.02155,1142.6941,0.0,0.0,0.0,0.0,9.avi
1610,15,3.0,242,48,673.6628,0,0.0,0.7022980451583862,1,0,228.35886,36.65587,256.9998,60.17685,673.6628,0.0,0.0,0.0,0.0,9.avi
1610,16,3.2,257,63,653.0521,0,105.06917038120496,0.8506314754486084,3,0,243.51108,51.40049,270.67545,75.44126,653.0521,57.540714,59.898273,20.43928631539409,314.4787555356979,9.avi
1611,16,3.2,437,219,27492.754,0,0.0,0.8273749947547913,1,0,356.09784,135.35034,519.3028,303.80573,27492.754,0.0,0.0,0.0,0.0,9.avi
1612,16,3.2,525,219,314.22406,0,0.0,0.7460553646087646,1,0,515.7484,211.28589,534.3458,228.182,314.22406,0.0,0.0,0.0,0.0,9.avi
1613,16,3.2,518,171,568.71356,0,0.0,0.7355891466140747,1,0,507.1891,159.63858,530.3456,184.19815,568.71356,0.0,0.0,0.0,0.0,9.avi
1614,16,3.2,563,219,349.54575,0,0.0,0.6464186906814575,1,0,556.1124,207.75105,571.5021,230.4641,349.54575,0.0,0.0,0.0,0.0,9.avi
1615,16,3.2,477,161,1609.7023,0,0.0,0.6261074542999268,1,0,459.38055,139.40387,495.18146,184.36649,1609.7023,0.0,0.0,0.0,0.0,9.avi
1616,16,3.2,393,186,3772.8306,0,0.0,0.5061119198799133,1,0,362.84958,155.00261,423.68698,217.0176,3772.8306,0.0,0.0,0.0,0.0,9.avi
1605,17,3.4,536,579,161.95361,0,147.6102333687572,0.4139412045478821,7,0,529.72894,572.96545,542.87054,585.2892,161.95361,7.7450905,-6.5382166,29.375053734489256,40.73714850675452,9.avi
1616,17,3.4,420,211,788.82837,0,189.0262306799493,0.4911240041255951,3,0,408.2458,195.5504,432.40546,228.201,788.82837,108.01341,103.25593,36.59344051480746,316.92881252404163,9.avi
1617,17,3.4,281,220,31541.156,0,0.0,0.8986935019493103,1,0,196.61533,128.06442,366.71408,313.49292,31541.156,0.0,0.0,0.0,0.0,9.avi
1617,18,3.6,248,240,22198.65,0,195.01323536149135,0.8978064656257629,3,0,172.44864,167.95224,324.82794,313.63248,22198.65,-131.84196,79.89496,38.76559984425212,209.72480505272011,9.avi
1618,19,3.8,159,118,608.1719,0,0.0,0.5686744451522827,1,0,149.25302,103.97037,170.44998,132.66183,608.1719,0.0,0.0,0.0,0.0,9.avi
1619,19,3.8,93,126,27485.305,0,0.0,0.8901150226593018,1,0,4.2897644,49.47551,182.80603,203.44078,27485.305,0.0,0.0,0.0,0.0,9.avi
1620,0,0.0,47,203,9602.827,0,0.0,0.8024728298187256,1,0,0.0,153.52502,95.21867,254.37527,9602.827,0.0,0.0,0.0,0.0,10.avi
1620,1,0.2,78,204,2374.9985,0,154.8057306990168,0.6556260585784912,3,0,53.602623,180.33978,102.91929,228.4979,2374.9985,122.36177,1.8710412,30.39070403234367,359.90601657453647,10.avi
1621,2,0.4,145,166,13756.848,0,0.0,0.8266147375106812,1,0,85.34694,108.53429,204.98015,223.52617,13756.848,0.0,0.0,0.0,0.0,10.avi
1622,3,0.6,384,903,396.3963,0,0.0,0.6330363750457764,1,0,373.9109,893.5112,394.43756,912.8225,396.3963,0.0,0.0,0.0,0.0,10.avi
1623,3,0.6,225,163,18929.418,0,0.0,0.7836328744888306,1,0,157.69342,93.68561,294.06134,232.49698,18929.418,0.0,0.0,0.0,0.0,10.avi
1622,4,0.8,383,901,366.34216,0,6.427387130005401,0.5579279065132141,3,0,374.46204,892.0902,392.9922,911.8602,366.34216,-1.7848562,-4.7571235,2.4645750366693973,118.45322176019896,10.avi
1623,4,0.8,280,142,17737.44,0,293.20414567838253,0.8833505511283875,3,0,211.68614,77.817345,348.68396,207.28973,17737.44,216.79712,-81.987045,58.08700896101155,21.290594685202336,10.avi
1622,5,1.0,385,898,484.25473,0,15.983748001287951,0.3064649105072021,5,0,374.79526,886.9524,395.6312,910.1937,484.25473,6.654876,-15.979269,3.435084771230762,61.67500815666273,10.avi
1623,5,1.0,313,140,15333.323,0,90.28175706483874,0.8689907193183899,5,0,249.90927,79.68623,376.73325,200.58864,15333.323,169.98361,-17.964897,17.40227458920848,232.7044778472478,10.avi
1624,6,1.2,316,253,21297.15,0,0.0,0.9041135907173156,1,0,246.67224,178.15552,387.16327,329.74634,21297.15,0.0,0.0,0.0,0.0,10.avi
1625,7,1.4,206,252,16678.293,0,0.0,0.8485563397407532,1,0,144.34271,185.7909,268.81473,319.7832,16678.293,0.0,0.0,0.0,0.0,10.avi
1626,8,1.6,103,270,1384.6671,0,0.0,0.8090963363647461,1,0,86.13213,250.91702,121.1348,290.47592,1384.6671,0.0,0.0,0.0,0.0,10.avi
1627,8,1.6,138,349,1103.5787,0,0.0,0.6877370476722717,1,0,121.272095,333.69537,155.7381,365.71472,1103.5787,0.0,0.0,0.0,0.0,10.avi
1628,8,1.6,196,334,2565.2712,0,0.0,0.8429702520370483,1,0,169.92845,309.9534,223.18193,358.12436,2565.2712,0.0,0.0,0.0,0.0,10.avi
1629,8,1.6,148,248,2591.5076,0,0.0,0.6442896127700806,1,0,123.8132,221.94434,172.65164,275.0072,2591.5076,0.0,0.0,0.0,0.0,10.avi
1625,9,1.8,177,255,6962.875,0,148.23733151842268,0.4789228141307831,4,0,135.45593,213.57404,218.71399,297.20407,6962.875,-48.350437,4.2655706,29.661386302343107,184.27865073352308,10.avi
1626,9,1.8,123,278,729.22345,0,106.69999664724146,0.3874056339263916,3,0,110.710464,263.97278,135.84238,292.98865,729.22345,78.41498,31.074856,20.69792395818089,339.3374816696806,10.avi
1625,10,2.0,165,275,3085.8423,0,107.03100208494052,0.2633706033229828,6,0,138.74629,246.80853,192.78798,303.90967,3085.8423,-55.135452,82.9847,18.912648615704303,262.6641327206981,10.avi
1628,10,2.0,194,325,1025.5327,0,44.93608396466391,0.7630568742752075,4,0,177.29709,310.53488,212.13348,339.97342,1025.5327,-3.0162268,-14.4012165,9.39310076385735,105.78500969326431,10.avi
1630,10,2.0,224,312,1368.173,0,0.0,0.5840986371040344,1,0,205.47336,293.67224,242.58133,330.5423,1368.173,0.0,0.0,0.0,0.0,10.avi
1631,11,2.2,192,234,18907.523,0,0.0,0.6142142415046692,1,0,115.78577,173.1329,269.63544,296.029,18907.523,0.0,0.0,0.0,0.0,10.avi
1629,12,2.4,121,242,5190.0464,0,138.18933493101798,0.1800737529993057,6,0,82.61058,209.17831,159.75645,276.45404,5190.0464,-13.831253,-2.8939886,27.99179140169223,166.6237125874569,10.avi
1631,12,2.4,134,217,19304.771,0,305.847431938236,0.4527418315410614,3,0,58.437637,154.07416,210.81905,280.76135,19304.771,-231.86533,-68.51576,61.286413606244885,163.32961876287163,10.avi
1631,13,2.6,52,199,11793.062,0,187.9108557237644,0.6780344247817993,5,0,-4.397152,147.83636,109.251495,251.6041,11793.062,-395.92676,-86.80647,36.560535336259846,172.59089155053232,10.avi
1632,14,2.8,44,219,10933.896,0,0.0,0.7242211103439331,1,0,0.78546906,156.15344,87.3207,282.5054,10933.896,0.0,0.0,0.0,0.0,10.avi
1629,15,3.0,84,242,11502.014,0,104.0241771252356,0.7278213500976562,10,0,28.226452,191.31198,140.01787,294.20013,11502.014,-33.46574,0.38035536,20.75671967028192,187.3532714211728,10.avi
1621,16,3.2,144,185,20268.562,0,96.49042303873392,0.8201649785041809,16,0,73.01341,114.709335,216.52806,255.93925,20268.562,-0.020043625,0.9845123,19.0054228191058,266.4900618346386,10.avi
1621,17,3.4,191,171,15672.085,0,261.33915324785846,0.8392544388771057,18,0,125.53777,111.8985,257.47644,230.68161,15672.085,214.20428,-64.24076,48.460096286862814,17.43673943124901,10.avi
1621,18,3.6,249,153,19088.934,0,87.61010174986578,0.8899120092391968,20,0,176.14801,88.62772,322.5871,218.98181,19088.934,272.1477,-82.13013,15.629985619623676,20.37543445554041,10.avi
1621,19,3.8,307,108,15454.9375,0,161.86260445024487,0.3242184519767761,22,0,242.40894,49.56071,372.49536,168.36586,15454.9375,286.17374,-191.17227,29.552815626592054,83.77810634559683,10.avi
1633,20,4.0,324,146,19616.523,0,0.0,0.9042477011680604,1,0,257.16638,73.60623,390.94495,220.24051,19616.523,0.0,0.0,0.0,0.0,10.avi
1633,21,4.2,285,139,16190.187,0,199.50616190816447,0.741024374961853,3,0,220.36316,77.30829,350.05682,202.14236,16190.187,-155.0726,-28.734713,39.85128220328208,168.53183258511604,10.avi
1634,21,4.2,390,889,366.9627,0,0.0,0.5200954675674438,1,0,380.57257,880.0172,399.97052,898.9348,366.9627,0.0,0.0,0.0,0.0,10.avi
1633,22,4.4,226,173,16280.493,0,252.80669328273467,0.8888781666755676,5,0,160.26105,111.90765,292.20035,235.30148,16280.493,-283.12683,152.7186,48.14219783039064,234.14962808418744,10.avi
1634,22,4.4,389,889,349.06387,0,2.6134727086080902,0.5729271769523621,3,0,380.67935,880.13556,398.92953,899.26215,349.06387,-1.8647085,0.88947284,1.3577246705589772,159.47621099163405,10.avi
1633,23,4.6,173,171,15986.3545,0,184.1774598412596,0.7162293791770935,7,0,109.05613,109.36519,238.05206,233.29433,15986.3545,-267.9841,26.865845,33.321653130904494,84.15280493603899,10.avi
1634,23,4.6,390,889,343.7939,0,4.055158456033882,0.4055133461952209,5,0,380.71768,880.28754,399.45877,898.6319,343.7939,1.1426357,-1.0201606,1.044955271338721,57.03996766211907,10.avi
1634,24,4.8,391,889,534.3192,0,5.665410089089029,0.1766283363103866,7,0,378.1474,878.985,404.50208,899.25916,534.3192,5.008066,-1.5324428,0.7295285647359806,20.5159303819288,10.avi
1635,24,4.8,202,136,17872.406,0,0.0,0.9086970686912536,1,0,139.27313,65.05761,264.80804,207.42761,17872.406,0.0,0.0,0.0,0.0,10.avi
1635,25,5.0,209,103,14509.6045,0,168.21449328778175,0.6213830709457397,3,0,143.98956,48.72493,275.60184,158.97002,14509.6045,30.958515,-129.32191,33.96328672653788,78.17577882774987,10.avi
1635,26,5.2,226,59,16856.594,0,108.8393990073457,0.8038550615310669,5,0,154.53827,1.4536247,298.56555,118.491135,16856.594,79.33473,-211.79523,21.46182806363858,62.19066230776343,10.avi
1635,27,5.4,230,46,14820.5205,0,172.36506887684905,0.7501968145370483,7,0,160.66843,-7.219307,299.78937,99.31043,14820.5205,32.588566,-102.763084,30.984363901147976,246.37115281196992,10.avi
1635,28,5.6,237,34,5151.4404,0,50.14512873643742,0.5376858115196228,9,0,197.9405,1.6254654,276.64862,67.0754,5151.4404,34.69179,-68.764435,8.510826183729996,271.70608315323113,10.avi
1636,28,5.6,219,133,2114.3289,0,0.0,0.7978857159614563,1,0,195.59998,111.7003,243.60449,155.74467,2114.3289,0.0,0.0,0.0,0.0,10.avi
1637,28,5.6,246,96,904.4756,0,0.0,0.553666889667511,1,0,233.3453,80.124084,260.29053,113.691284,904.4756,0.0,0.0,0.0,0.0,10.avi
1638,29,5.8,183,49,10933.816,0,0.0,0.833512544631958,1,0,127.97232,0.34599304,239.7096,98.19889,10933.816,0.0,0.0,0.0,0.0,10.avi
1634,30,6.0,399,874,394.3152,0,78.13277557079257,0.5161705017089844,14,0,388.8728,864.69836,409.58264,883.7384,394.3152,1.2153058,-3.9781795,15.93406481340534,146.9681968566847,10.avi
1638,30,6.0,262,41,14479.375,0,396.9424655579909,0.8026062846183777,3,0,174.65271,0.42497253,349.5298,83.22243,14479.375,312.37643,-29.735506,78.59560545460164,6.041756800736778,10.avi
1639,30,6.0,322,14,1303.4023,0,0.0,0.7223926782608032,1,0,299.17535,0.085855484,345.47498,28.237324,1303.4023,0.0,0.0,0.0,0.0,10.avi
1634,31,6.2,398,872,364.5426,0,9.076482436488115,0.6295466423034668,16,0,388.93518,862.60614,408.06744,881.66,364.5426,-2.8693109,-9.411993,2.046312828477568,135.95166960817858,10.avi
1638,31,6.2,368,64,18003.297,0,273.00115872757704,0.8668252825737,5,0,284.3357,11.2047615,452.00134,118.58095,18003.297,512.0354,103.13356,51.74352309283535,327.07673047474964,10.avi
1634,32,6.4,401,869,435.01617,0,20.161622054307024,0.5927267670631409,18,0,391.0542,858.9472,411.80127,879.91486,435.01617,10.719219,-12.593998,3.3173306602542563,22.1486826360715,10.avi
1638,32,6.4,410,134,21338.988,0,432.5206914413548,0.9022326469421388,7,0,326.97467,70.26693,493.48035,198.42462,21338.988,280.6121,290.37274,77.58708167167539,218.67132081389687,10.avi
1634,33,6.6,405,864,542.45544,0,15.038619859330714,0.2451305389404297,20,0,393.4074,853.337,417.02686,876.3034,542.45544,17.038916,-20.628216,3.24368959598147,63.8722593247125,10.avi
1638,33,6.6,398,201,16965.605,0,389.06653917554746,0.839987576007843,9,0,326.18146,142.07182,469.90533,260.11487,16965.605,18.423828,323.66327,68.8862958211884,187.15468011623423,10.avi
1640,34,6.8,305,186,18225.469,0,0.0,0.740702211856842,1,0,235.18262,121.31332,375.97876,250.75912,18225.469,0.0,0.0,0.0,0.0,10.avi
1640,35,7.0,254,188,17494.83,0,256.5311783864132,0.4417191445827484,3,0,187.8198,122.95105,321.83716,253.49258,17494.83,-202.60367,8.724892,51.618057290640905,182.18030707658335,10.avi
1636,36,7.2,230,144,2640.64,0,78.54201107199701,0.6269484758377075,10,0,200.87552,122.62019,261.1072,166.46156,2640.64,1.655494,1.5725335,14.619876359476688,315.3332481754361,10.avi
1640,36,7.2,183,159,4916.4053,0,228.01985643018455,0.538123607635498,5,0,148.64944,123.639565,218.03146,194.49951,4916.4053,-344.40674,-132.75754,44.035406732908505,135.31368141192598,10.avi
1641,36,7.2,173,119,806.47003,0,0.0,0.5894672274589539,1,0,158.92233,106.199585,189.0567,132.96205,806.47003,0.0,0.0,0.0,0.0,10.avi
1642,37,7.4,201,94,12376.79,0,0.0,0.9049052000045776,1,0,142.67273,42.082413,259.75354,147.79393,12376.79,0.0,0.0,0.0,0.0,10.avi
1642,38,7.6,178,72,15414.508,0,161.67416010762452,0.6614333987236023,3,0,121.14075,5.228279,236.29803,139.08438,15414.508,-89.79538,-90.94546,32.63448072535475,135.3413566385051,10.avi
1642,39,7.8,169,81,14261.513,0,148.9534790654483,0.8932334184646606,5,0,110.56084,20.978615,229.3012,141.08533,14261.513,-47.80161,32.98735,28.26061847535138,286.95141460809333,10.avi
1642,40,8.0,134,58,14025.715,0,217.1132515680312,0.7536923289299011,7,0,72.969925,1.4899483,195.1986,116.23973,14025.715,-148.60504,-77.319374,39.665065162452144,131.66961689855793,10.avi
1642,41,8.2,149,39,11516.551,0,254.85970422552248,0.8445650935173035,9,0,88.41036,-7.822426,210.17963,86.754395,11516.551,23.861298,-92.42343,44.85318189557447,5.630891487173244,10.avi
1643,5,1.0,351,69,21957.916,0,0.0,0.8570957779884338,1,0,269.07532,2.9617767,433.83844,136.23138,21957.916,0.0,0.0,0.0,0.0,11.avi
1643,6,1.2,409,51,12906.983,0,307.2752377241683,0.8377894163131714,3,0,347.93365,-0.26093674,471.46436,104.22307,12906.983,232.50354,-70.32143,60.47349518425367,17.909609812600536,11.avi
1643,7,1.4,449,82,23199.328,0,237.5251485403317,0.8583683371543884,5,0,371.20645,8.61747,527.2586,157.2814,23199.328,200.59996,135.88875,44.66728325599499,260.72430118735144,11.avi
1644,7,1.4,449,20,1436.2045,0,0.0,0.8065214157104492,1,0,430.22186,1.3775482,468.72174,38.68168,1436.2045,0.0,0.0,0.0,0.0,11.avi
1645,7,1.4,393,112,1969.5957,0,0.0,0.8045623898506165,1,0,372.28162,88.95616,414.92896,135.13948,1969.5957,0.0,0.0,0.0,0.0,11.avi
1643,8,1.6,442,165,18076.254,0,403.9351213872184,0.8929543495178223,7,0,375.02283,98.78943,510.3172,232.3963,18076.254,21.58139,348.58905,72.47957719369298,229.20742441025283,11.avi
1643,9,1.8,426,253,19222.123,0,154.7051448764855,0.8382073044776917,9,0,356.85306,184.97574,496.62296,322.50266,19222.123,-56.139786,419.32526,27.44698745636054,220.12750854572903,11.avi
1646,9,1.8,370,229,1140.5284,0,0.0,0.8084099292755127,1,0,353.70044,212.3399,386.39124,247.22827,1140.5284,0.0,0.0,0.0,0.0,11.avi
1647,9,1.8,455,215,846.1126,0,0.0,0.7965536713600159,1,0,440.73868,201.24094,469.7864,230.3693,846.1126,0.0,0.0,0.0,0.0,11.avi
1643,10,2.0,432,328,18432.492,0,109.87600860762808,0.9036733508110046,11,0,364.2091,260.81305,500.87793,395.68286,18432.492,9.380646,383.33563,19.08298593007619,30.217807318153973,11.avi
1643,11,2.2,400,383,18347.965,0,226.7961571795932,0.7392804622650146,13,0,331.81787,316.52948,469.8139,449.48956,18347.965,-119.86101,299.08575,40.804212121042674,147.514961378336,11.avi
1648,11,2.2,313,386,897.79254,0,0.0,0.6280210614204407,1,0,299.71072,370.57108,327.34445,403.0601,897.79254,0.0,0.0,0.0,0.0,11.avi
1649,11,2.2,369,818,351.07846,0,0.0,0.5172824859619141,1,0,359.65686,808.9781,378.42957,827.6796,351.07846,0.0,0.0,0.0,0.0,11.avi
1649,12,2.4,368,816,341.85745,0,9.133740165734144,0.4400354921817779,3,0,359.03354,807.41486,377.4058,826.02216,341.85745,-3.2875755,-6.4284735,2.5518365987242286,114.13001838877376,11.avi
1650,12,2.4,494,403,21732.35,0,0.0,0.8606799840927124,1,0,406.20734,342.57956,583.2797,465.311,21732.35,0.0,0.0,0.0,0.0,11.avi
1650,13,2.6,551,401,30242.818,0,286.33893252981807,0.7985193133354187,3,0,457.2353,321.53558,645.5761,482.11053,30242.818,226.19629,-8.471945,56.33351641830662,2.996958354432764,11.avi
1650,14,2.8,569,373,32391.604,0,197.67280842970425,0.8243610858917236,5,0,472.88522,289.8557,665.80054,457.76154,32391.604,101.17683,-128.99466,38.732519129219895,135.54005427343327,11.avi
1650,15,3.0,632,395,30075.867,0,356.8511299778912,0.774869441986084,7,0,537.05945,316.7526,728.2012,474.1011,30075.867,266.27325,52.841034,63.306342370738825,312.07499414598567,11.avi
1650,16,3.2,673,405,26129.428,0,68.86345432323066,0.8829052448272705,9,0,589.4029,328.4408,757.9931,483.4286,26129.428,219.49481,52.609367,12.923313837136565,175.58402721619427,11.avi
1650,17,3.4,666,436,18620.45,0,311.89404707466355,0.890991747379303,11,0,595.4955,370.9187,737.05505,502.45654,18620.45,22.082443,130.42947,55.17421831686397,200.74521992849785,11.avi
1650,18,3.6,691,467,7135.147,0,119.53366538652676,0.8189237117767334,13,0,648.2248,425.7066,734.5811,508.33105,7135.147,101.73857,146.7571,20.7433642991299,348.24363543566085,11.avi
1651,19,3.8,727,407,16767.795,0,0.0,0.9013368487358092,1,0,665.9872,339.61865,789.5764,475.29224,16767.795,0.0,0.0,0.0,0.0,11.avi
1651,20,4.0,780,457,22395.426,0,366.6858965587444,0.8933430910110474,3,0,706.44574,381.77695,854.9113,532.6229,22395.426,211.16452,198.58078,71.98196634283796,316.5050038696902,11.avi
1652,21,4.2,777,578,17783.41,0,0.0,0.8864889144897461,1,0,714.1587,508.10974,841.1846,648.10803,17783.41,0.0,0.0,0.0,0.0,11.avi
1652,22,4.4,785,659,27574.773,0,411.20382725996166,0.8681751489639282,3,0,698.8921,579.7363,872.5305,738.542,27574.773,32.0946,323.47403,81.22239347705339,275.1766070397101,11.avi
1652,23,4.6,822,680,21861.29,0,274.5907303517823,0.8541367650032043,5,0,743.87335,611.2112,901.03986,750.3075,21861.29,170.96272,126.22978,53.04356897484935,55.72834533769969,11.avi
1652,24,4.8,822,728,6633.918,0,226.87116365273695,0.3394234776496887,7,0,780.6738,689.2017,864.87256,767.99054,6633.918,41.054764,212.86133,41.040606256408594,212.4066694183352,11.avi
1653,24,4.8,791,784,832.5296,0,0.0,0.6970471143722534,1,0,777.64453,769.4546,805.28687,799.5725,832.5296,0.0,0.0,0.0,0.0,11.avi
1654,24,4.8,832,784,2165.277,0,0.0,0.7865625619888306,1,0,808.2515,761.7831,856.1054,807.03076,2165.277,0.0,0.0,0.0,0.0,11.avi
1655,24,4.8,851,762,478.36664,0,0.0,0.6513866782188416,1,0,839.93726,751.9563,862.1765,773.4663,478.36664,0.0,0.0,0.0,0.0,11.avi
1656,24,4.8,771,719,2556.2646,0,0.0,0.5695216655731201,1,0,746.615,693.6084,795.5498,745.84656,2556.2646,0.0,0.0,0.0,0.0,11.avi
1657,25,5.0,766,830,16511.117,0,0.0,0.9224585294723512,1,0,699.44995,768.7737,832.98706,892.4181,16511.117,0.0,0.0,0.0,0.0,11.avi
1657,26,5.2,758,888,20244.957,0,295.9833969439083,0.8036892414093018,3,0,688.12646,816.78345,828.88367,960.6123,20244.957,-30.792116,231.94397,57.98944831799893,261.8523717370681,11.avi
1658,26,5.2,755,848,2976.4087,0,0.0,0.5253099203109741,1,0,726.10583,822.96204,785.2529,873.2842,2976.4087,0.0,0.0,0.0,0.0,11.avi
1658,27,5.4,749,831,12610.904,0,90.52254978416111,0.9146016240119934,3,0,695.17554,773.5557,804.65796,888.7424,12610.904,-23.004465,-67.76085,18.379743543802277,111.3097631727544,11.avi
1658,28,5.6,775,841,22952.797,0,202.091994551337,0.845186173915863,5,0,700.5913,765.30853,850.57434,918.34454,22952.797,115.59182,43.189842,37.80020080261485,321.74756490964535,11.avi
1658,29,5.8,765,881,19256.05,0,254.4473143582968,0.9098151922225952,7,0,697.3981,810.6092,833.1068,952.5018,19256.05,-12.677635,162.41779,45.4773253139486,222.1786883901872,11.avi
1658,30,6.0,778,921,17007.498,0,99.10585974383906,0.906217396259308,9,0,714.1293,855.39276,843.30493,987.0545,17007.498,48.737663,189.99512,16.793665990576752,335.5123058606087,11.avi
1658,31,6.2,780,908,14982.443,0,288.11281880347906,0.8805208802223206,11,0,720.5884,846.4781,840.65393,971.2636,14982.443,18.567066,-3.686615,51.917347708956974,99.3834559128436,11.avi
1659,31,6.2,527,758,473.3538,0,0.0,0.535466730594635,1,0,513.6262,749.7212,540.95447,767.04224,473.3538,0.0,0.0,0.0,0.0,11.avi
1658,32,6.4,806,917,13618.091,0,139.1349945640659,0.9100081324577332,13,0,748.19226,859.9463,865.629,975.90735,13618.091,105.395584,33.97873,23.40948122694525,337.74342209634665,11.avi
1659,32,6.4,534,759,369.15323,0,37.22891186708986,0.5198805332183838,3,0,524.1895,750.73535,544.9195,768.54297,369.15323,28.998695,5.0198402,6.738082678536518,354.7351361465224,11.avi
1660,32,6.4,758,873,1026.4019,0,0.0,0.5177603960037231,1,0,743.9813,856.3915,773.2899,891.412,1026.4019,0.0,0.0,0.0,0.0,11.avi
1658,33,6.6,852,965,10946.774,0,272.2798600759872,0.8357863426208496,15,0,800.9358,913.2346,904.6859,1018.7455,10946.774,200.85617,192.6912,46.89100708610378,300.8000687097544,11.avi
1659,33,6.6,540,762,417.64862,0,7.173442757784678,0.6055919528007507,5,0,529.2218,752.7946,551.8972,771.2132,417.64862,29.938633,11.251148,1.402353314603528,255.36800544537093,11.avi
1661,34,6.8,845,1003,2243.875,0,0.0,0.6480339765548706,1,0,817.7067,983.6955,874.0944,1023.4892,2243.875,0.0,0.0,0.0,0.0,11.avi
1662,34,6.8,804,990,9662.019,0,0.0,0.7593170404434204,1,0,730.8054,958.28064,878.58044,1023.66394,9662.019,0.0,0.0,0.0,0.0,11.avi
1661,35,7.0,842,1019,322.90698,0,82.1684859687752,0.1570324599742889,3,0,826.5369,1014.6747,859.3599,1024.5126,322.90698,-11.785092,63.877274,15.893717982658949,255.7935767796232,11.avi
1662,35,7.0,790,1001,3429.9512,0,86.55210216613699,0.6280635595321655,3,0,755.761,976.6873,825.98413,1025.531,3429.9512,-55.1712,40.46631,17.78868240217163,214.31296129283544,11.avi
1663,0,0.0,858,971,10721.33,0,0.0,0.5991896986961365,1,0,805.69653,919.89197,910.562,1022.13086,10721.33,0.0,0.0,0.0,0.0,12.avi
1663,1,0.2,844,964,4341.6255,0,75.64974069878762,0.7414560914039612,3,0,811.91473,931.3513,877.32245,997.72925,4341.6255,-53.934814,-25.832829,15.77327678651921,153.60786789905185,12.avi
1664,1,0.2,879,1008,1892.6167,0,0.0,0.6737822890281677,1,0,847.1892,994.5254,912.5691,1023.4734,1892.6167,0.0,0.0,0.0,0.0,12.avi
1663,2,0.4,845,946,7490.2935,0,90.0774637085941,0.8687264919281006,5,0,801.6937,903.37067,888.7638,989.3968,7490.2935,-1.7457619,-85.31564,17.423817299013223,50.13473311065496,12.avi
1664,2,0.4,880,1003,3270.812,0,28.53634307170037,0.6991954445838928,3,0,839.35815,983.4238,921.3544,1023.3136,3270.812,1.9046347,-22.477825,6.000606701148237,88.84600989870057,12.avi
1663,3,0.6,817,945,7457.697,0,178.80973022043526,0.7835620045661926,7,0,773.6551,902.4595,860.53424,988.2993,7457.697,-108.29562,-23.733192,31.986151366972106,209.35325706237091,12.avi
1664,3,0.6,860,992,4270.671,0,111.81997283719583,0.7248412370681763,5,0,819.45984,966.182,901.1625,1018.4529,4270.671,-91.6288,-52.497383,21.846537351474986,161.66264612149382,12.avi
1663,4,0.8,766,949,4031.0513,0,174.13894969175828,0.7654713988304138,9,0,734.5239,917.85535,797.52905,981.8351,4031.0513,-221.17946,11.628067,30.60167099815624,195.86815041434005,12.avi
1664,4,0.8,843,976,2717.6487,0,32.92077837146404,0.7926074266433716,7,0,812.2501,954.0012,873.96924,998.0337,2717.6487,-87.317566,-74.74123,5.905796479228912,80.10778863216927,12.avi
1665,4,0.8,776,983,1526.7313,0,0.0,0.7106392979621887,1,0,756.7086,964.91144,796.7438,1003.0462,1526.7313,0.0,0.0,0.0,0.0,12.avi
1666,4,0.8,816,1006,1079.6311,0,0.0,0.6305917501449585,1,0,799.35974,990.61804,833.62976,1022.1217,1079.6311,0.0,0.0,0.0,0.0,12.avi
1664,5,1.0,795,955,3939.2007,0,170.79392965483046,0.7502967715263367,9,0,759.6373,928.7064,832.0973,983.0702,3939.2007,-201.62103,-94.6277,31.24137731400921,168.79800849493645,12.avi
1665,5,1.0,753,989,4815.305,0,119.34790696593248,0.823502242565155,3,0,717.27686,956.30115,790.1421,1022.3862,4815.305,-91.88324,21.416586,24.25169336144984,191.9492071090404,12.avi
1664,6,1.2,768,925,2223.733,0,95.19996377778168,0.7450128197669983,11,0,742.00745,904.8551,794.61975,947.1216,2223.733,-152.4983,-136.84166,17.27085457654029,43.84075829196291,12.avi
1665,6,1.2,723,955,6933.305,0,206.27090149894707,0.7758604884147644,5,0,682.357,913.69507,764.52814,998.0714,6933.305,-146.33017,-151.4169,40.548113438219126,107.70720525791012,12.avi
1666,6,1.2,788,967,2634.5454,0,242.04827871270203,0.7855515480041504,4,0,764.79425,938.9722,811.37164,995.535,2634.5454,-46.576683,-64.12501,48.59977095566772,125.89590861673486,12.avi
1667,6,1.2,812,936,1538.2922,0,0.0,0.7177432179450989,1,0,792.7483,916.4192,831.97656,955.63306,1538.2922,0.0,0.0,0.0,0.0,12.avi
1665,7,1.4,720,905,7126.1973,0,185.2495123274771,0.8038889765739441,7,0,679.7079,862.2146,761.7954,949.02673,7126.1973,-44.419624,-228.03323,33.033413553613656,38.57998586681515,12.avi
1666,7,1.4,765,962,5287.87,0,84.8257320862166,0.839469850063324,6,0,729.4009,925.8018,802.0099,998.6285,5287.87,-100.36409,-32.061848,15.71222945944798,208.80826825221936,12.avi
1666,8,1.6,759,958,5254.33,0,81.79721513630085,0.7605900168418884,8,0,724.26184,921.7588,795.5924,995.42053,5254.33,-45.05884,-21.279552,13.546805404833009,350.6657587407067,12.avi
1668,8,1.6,710,918,5909.272,0,0.0,0.5151301622390747,1,0,672.69604,880.15857,749.01685,957.5853,5909.272,0.0,0.0,0.0,0.0,12.avi
1666,9,1.8,737,961,4409.696,0,84.97134489190405,0.7308472990989685,10,0,704.9121,928.3203,770.7971,995.2505,4409.696,-95.23932,7.350422,15.429705912059951,205.5971331180604,12.avi
1668,9,1.8,755,909,1713.0815,0,229.06951869738623,0.6443157196044922,3,0,736.3333,886.9099,774.1657,932.1907,1713.0815,177.21786,-37.212147,45.233933971574174,12.605803376877986,12.avi
1666,10,2.0,712,969,4126.7812,0,50.9862196131503,0.8507380485534668,12,0,679.7727,938.5707,745.6406,1001.22314,4126.7812,-118.69942,32.892563,8.906816332362006,220.16239511182096,12.avi
1669,10,2.0,721,915,4482.199,0,0.0,0.5030682682991028,1,0,684.1471,885.4684,758.00354,946.1564,4482.199,0.0,0.0,0.0,0.0,12.avi
1666,11,2.2,676,948,3397.3313,0,174.0549032364261,0.705425500869751,14,0,646.0388,920.2517,706.146,976.77295,3397.3313,-168.21463,-74.65381,31.288758167175047,114.48301719218192,12.avi
1669,11,2.2,735,942,1916.0034,0,153.0297292062105,0.4193393588066101,3,0,717.56696,915.6539,753.22845,969.3814,1916.0034,57.17523,106.60792,29.65954038226017,298.00081354926505,12.avi
1670,11,2.2,771,934,1075.2554,0,0.0,0.6387233734130859,1,0,755.1868,917.85156,787.6066,951.0182,1075.2554,0.0,0.0,0.0,0.0,12.avi
1666,12,2.4,665,949,3497.3223,0,158.9539747231501,0.6979237794876099,16,0,636.23425,919.7638,694.9408,979.3367,3497.3223,-79.226814,-13.238972,27.31767817999549,325.63845007499907,12.avi
1669,12,2.4,727,947,3783.2024,0,130.4043126021765,0.2145133465528488,5,0,701.5138,911.63513,754.2234,983.40955,3783.2024,-29.664165,31.890663,26.01726919396995,139.66669984507013,12.avi
1666,13,2.6,661,975,2568.7422,0,173.97975417379692,0.2202640920877456,18,0,635.84735,950.21234,686.83014,1000.59686,2568.7422,-34.62689,96.37897,30.268957188245903,291.83444849289566,12.avi
1669,13,2.6,696,926,2481.1624,0,207.9946081915687,0.3449882864952087,7,0,673.07086,900.0241,719.16327,953.8543,2481.1624,-128.67387,-71.50065,38.09327096037437,132.90994975375554,12.avi
1669,14,2.8,662,938,10663.079,0,153.7479866185426,0.8999902009963989,9,0,613.66235,884.41437,711.78674,993.0833,10663.079,-158.0672,28.719055,26.710253264780903,251.71029067432977,12.avi
1669,15,3.0,645,951,12492.009,0,92.27354315344428,0.8799587488174438,11,0,592.38525,892.94934,699.5774,1009.4878,12492.009,-100.867805,54.59075,15.337772216883875,334.8956681193623,12.avi
1669,16,3.2,655,951,13072.871,0,179.3694387225519,0.8743862509727478,13,0,600.96423,891.94604,710.50964,1011.28357,13072.871,14.241333,14.123089,31.24443297223464,20.88163236266104,12.avi
1669,17,3.4,651,944,12004.438,0,67.77259782166541,0.9000643491744995,15,0,598.9339,887.6883,704.1192,1001.8149,12004.438,-12.905844,-23.135983,12.904166676941427,126.00179035964096,12.avi
1669,18,3.6,660,958,13147.656,0,124.01418635377806,0.8796390295028687,17,0,604.8576,899.749,716.3868,1017.6344,13147.656,32.002556,48.272976,21.01766427836624,301.7334558452551,12.avi
1669,19,3.8,636,987,10208.965,0,202.3546385072318,0.7994557619094849,19,0,582.3426,940.5088,691.1424,1034.3413,10208.965,-84.453705,121.64903,36.199008982001104,211.0181322739689,12.avi
1669,20,4.0,622,989,8719.139,0,125.0628526122707,0.8496977686882019,21,0,569.7717,948.1636,674.5825,1031.3528,8719.139,-75.5103,37.05072,22.856064594637257,84.60677659496099,12.avi
1671,20,4.0,160,916,810.1743,0,0.0,0.6479285359382629,1,0,146.43915,903.01245,175.42474,930.9634,810.1743,0.0,0.0,0.0,0.0,12.avi
1669,21,4.2,616,992,7637.9863,0,60.943691923319,0.824906587600708,23,0,564.4756,956.2429,669.2772,1029.1233,7637.9863,-37.81487,19.800789,10.313389544701897,30.07469889878644,12.avi
1669,22,4.4,653,983,8224.453,0,262.9315381108248,0.8136628270149231,25,0,600.05664,945.6465,707.9391,1021.8817,8224.453,134.03952,-29.731796,45.767411114520606,17.343499757016104,12.avi
1672,22,4.4,658,964,2000.2081,0,0.0,0.6642295122146606,1,0,635.1991,942.8884,681.6782,985.923,2000.2081,0.0,0.0,0.0,0.0,12.avi
1669,23,4.6,697,975,9448.02,0,96.85056267861388,0.8781691193580627,27,0,641.7334,933.5928,753.87854,1017.84094,9448.02,199.42145,-37.811646,16.43752634477861,9.870491096380247,12.avi
1669,24,4.8,716,983,8436.674,0,147.91884546636865,0.820099949836731,29,0,663.4941,943.5196,769.3315,1023.2331,8436.674,117.58921,20.730759,26.284110204571864,214.3889153515715,12.avi
1669,25,5.0,749,969,12762.854,0,113.53971316486404,0.8269323110580444,31,0,684.6461,920.0459,813.3861,1019.1825,12762.854,152.53165,-48.14379,20.62377372667114,63.91178269937285,12.avi
1671,25,5.0,162,918,1090.2471,0,9.079538023622058,0.4484891891479492,7,0,145.92717,901.52026,178.81279,934.673,1090.2471,0.49374685,0.38067248,1.4714128382696223,316.5412563107345,12.avi
1669,26,5.2,754,980,10400.906,0,182.09929980674505,0.905679166316986,33,0,697.1713,935.56573,812.488,1025.76,10400.906,57.56423,31.380928,32.43423686773392,218.1033665603383,12.avi
1671,26,5.2,169,919,1006.0611,0,38.72850381493105,0.4163828194141388,9,0,153.33452,903.8378,185.0125,935.59686,1006.0611,28.669441,6.871736,6.583449124415052,352.7811785486443,12.avi
1669,27,5.4,754,990,9007.17,0,70.80655435242204,0.8199693560600281,35,0,697.29913,950.7894,811.26227,1029.8253,9007.17,11.17532,44.335297,12.716356070478604,193.928258660482,12.avi
1671,27,5.4,179,922,1017.7605,0,25.63541009183674,0.5918396711349487,11,0,163.33374,906.75354,194.89508,939.0006,1017.7605,45.001305,13.802645,4.19219216907493,347.4864381519297,12.avi
1669,28,5.6,756,998,5773.6104,0,3.788489563875348,0.735629141330719,37,0,709.48914,967.67975,802.7562,1029.5839,5773.6104,9.663683,42.248234,1.282692783080334,113.70836930627178,12.avi
1671,28,5.6,189,929,927.1367,0,23.230427896682965,0.5618650317192078,13,0,174.20285,914.14545,204.19019,945.06305,927.1367,49.156204,29.036566,3.4769689121807743,284.75148491042296,12.avi
1669,29,5.8,770,977,9170.449,0,183.58927024413148,0.8900464773178101,39,0,713.5066,937.10547,827.9231,1017.2551,9170.449,58.35118,-72.75014,32.36610691003311,68.34321055086286,12.avi
1671,29,5.8,197,935,898.10956,0,11.150675969017122,0.626046895980835,15,0,182.24968,920.02686,211.88948,950.32764,898.10956,41.625507,28.135492,2.06910004881392,168.52690484228265,12.avi
1669,30,6.0,751,967,10423.861,0,179.64772819866118,0.898095965385437,41,0,692.9064,922.73615,809.0968,1012.44977,10423.861,-62.348312,-53.663906,31.68781142280452,187.926349717421,12.avi
1671,30,6.0,203,942,851.7319,0,13.215260274022071,0.6692336201667786,17,0,188.9404,927.39764,217.93741,956.7707,851.7319,34.103485,33.0579,2.6765945272386205,206.53320688270483,12.avi
1669,31,6.2,739,927,12182.937,0,164.76688160751738,0.8657169938087463,43,0,677.88776,877.95917,800.2928,977.48883,12182.937,-60.20084,-165.72037,29.863836958276064,89.101922928833,12.avi
1671,31,6.2,212,948,880.6417,0,12.016614579362647,0.769128680229187,19,0,197.62456,933.8962,227.13857,963.7343,880.6417,42.264458,33.517494,1.8743141912502792,21.789456390587134,12.avi
1673,31,6.2,721,961,1239.2565,0,0.0,0.5863581299781799,1,0,703.4096,943.9231,739.40485,978.35144,1239.2565,0.0,0.0,0.0,0.0,12.avi
1674,31,6.2,1084,263,311.12253,0,0.0,0.5430302023887634,1,0,1075.687,254.69397,1093.5452,272.11584,311.12253,0.0,0.0,0.0,0.0,12.avi
1669,32,6.4,745,926,14244.418,0,207.4031312096649,0.932993710041046,45,0,680.6441,871.4273,810.7469,980.91327,14244.418,11.508511,-44.22538,36.18587732038069,299.7388039382664,12.avi
1671,32,6.4,222,957,904.3064,0,13.111692038838626,0.7471330761909485,21,0,207.35011,942.20636,237.42027,972.2796,904.3064,48.228542,40.148808,1.884841448056738,308.1977111356481,12.avi
1674,32,6.4,1079,265,300.31476,0,25.653404130729395,0.678668737411499,3,0,1071.5298,256.64523,1088.46,274.38376,300.31476,-18.448057,8.421525,5.8382167756961465,195.85571267591595,12.avi
1669,33,6.6,761,913,11496.672,0,79.31641836408171,0.8965936303138733,47,0,704.4036,863.3564,818.6735,963.96625,11496.672,63.588165,-58.316486,13.703295969249924,18.398956279066454,12.avi
1671,33,6.6,233,964,846.3263,0,5.900221541128535,0.8005605340003967,23,0,218.56068,950.3192,247.48528,979.579,846.3263,52.044014,38.90392,1.5997156730407025,52.7138749626838,12.avi
1674,33,6.6,1072,269,342.51492,0,25.49923339940803,0.1776486784219741,5,0,1063.2737,260.05508,1080.9688,279.4117,342.51492,-37.607662,20.02785,4.66689850297486,202.70298319934724,12.avi
1669,34,6.8,765,911,11168.56,0,70.97391814594909,0.89061439037323,49,0,709.72485,861.5716,821.9746,961.06903,11168.56,31.257156,-22.463581,12.911733894503142,224.20212210963223,12.avi
1671,34,6.8,240,971,906.40485,0,16.014699735459875,0.8169841170310974,25,0,225.84055,956.6272,255.65192,987.03186,906.40485,41.71555,35.441395,3.843125646487103,153.2487722763782,12.avi
1674,34,6.8,1065,273,412.7496,0,4.23970647879271,0.2136829495429992,7,0,1055.6974,262.4618,1074.7423,284.13422,412.7496,-35.229614,18.336834,0.8404231185576579,61.557909848971406,12.avi
1669,35,7.0,790,890,12660.335,0,139.08376530897615,0.9185528755187988,51,0,732.5375,836.2682,848.8225,945.1415,12660.335,102.71054,-84.470795,24.56698318039953,43.23302127408613,12.avi
1671,35,7.0,244,978,873.48914,0,24.236064160442407,0.8280209898948669,27,0,230.21469,963.26495,259.52374,993.0677,873.48914,25.485123,32.55118,5.171432515467342,169.777441344281,12.avi
1669,36,7.2,800,883,11734.621,0,80.5027004819897,0.9195063710212708,53,0,745.1822,829.8377,855.5275,936.1822,11734.621,60.915504,-49.09077,14.504464459664032,219.31266434896543,12.avi
1671,36,7.2,249,983,859.0007,0,7.777472156145295,0.7364715337753296,29,0,234.40186,968.9988,263.81342,998.20496,859.0007,22.182959,28.41795,1.9350806424398197,119.95581090745075,12.avi
1669,37,7.4,791,891,12387.733,0,156.1707599165587,0.8860408663749695,55,0,735.8641,836.11017,847.77313,946.8049,12387.733,-18.770317,21.158428,27.946678794219867,219.5849522579052,12.avi
1671,37,7.4,252,989,868.46313,0,4.103732783741586,0.8055529594421387,31,0,238.14763,975.1019,267.81046,1004.37976,868.46313,20.009333,30.169348,1.5703832473404142,169.52664844199558,12.avi
1669,38,7.6,793,909,10487.745,0,83.13731210647255,0.8800548315048218,57,0,741.5799,858.636,844.695,960.3451,10487.745,0.74001503,74.23761,14.196343822863032,290.3441920864452,12.avi
1671,38,7.6,257,993,822.19116,0,11.173570767831963,0.8266789317131042,33,0,242.71866,979.4746,271.4149,1008.1261,822.19116,20.339497,22.57608,2.7747847933071834,89.60615364620196,12.avi
1669,39,7.8,793,925,11717.733,0,5.9274951974544825,0.9311599731445312,59,0,738.083,872.28,848.4077,978.49133,11717.733,0.5857791,78.26663,0.7208568595113881,246.67146130656252,12.avi
1671,39,7.8,263,998,920.1968,0,15.57274259961501,0.8111984729766846,35,0,248.62119,983.5494,279.11948,1013.7215,920.1968,30.860653,23.806232,1.8918281445566525,9.601657110196411,12.avi
1669,40,8.0,763,958,11839.41,0,194.3480566573389,0.8818575143814087,61,0,708.4634,904.3033,818.55237,1011.84735,11839.41,-114.23365,143.78745,34.77867358436415,209.18846318915536,12.avi
1671,40,8.0,274,1005,930.7204,0,27.89580785730868,0.7946680188179016,37,0,259.25134,990.2357,289.77844,1020.724,930.7204,48.061493,31.817991,4.269997372032671,337.94552625021385,12.avi
1669,41,8.2,746,976,10128.676,0,66.02663614209519,0.9171475768089294,63,0,696.0081,927.0975,797.65753,1026.7407,10128.676,-90.497505,105.65961,12.076931382452203,63.7638740584257,12.avi
1671,41,8.2,286,1010,910.80707,0,15.410966894152107,0.6801454424858093,39,0,271.02933,996.13696,302.21115,1025.3464,910.80707,57.649654,27.580757,2.627908661927281,44.54832800441381,12.avi
1669,42,8.4,755,979,11340.337,0,182.87676947070935,0.8236682415008545,65,0,698.37665,929.55084,812.0108,1029.3478,11340.337,11.267937,34.118607,32.448027387485475,35.95293803985936,12.avi
1671,42,8.4,300,1014,798.9107,0,16.618428114589793,0.4575806856155395,41,0,284.09937,1002.174,316.7622,1026.6333,798.9107,66.42076,20.449575,2.918828944844041,50.67227959721009,12.avi
1669,43,8.6,777,969,10928.3125,0,148.1897416205829,0.8873608112335205,67,0,723.57275,919.6886,832.31445,1020.1865,10928.3125,90.0956,-28.706917,26.089576970347217,41.45777349986486,12.avi
1669,44,8.8,775,940,14001.641,0,178.48576770909887,0.9327229261398317,69,0,713.71564,883.4965,837.0734,997.0008,14001.641,10.991234,-120.80799,32.01389703961759,130.90450495910147,12.avi
1673,44,8.8,735,973,1537.2039,0,94.94162814381797,0.2499575316905975,15,0,716.49854,953.62854,754.80566,993.75696,1537.2039,0.8358039,0.7366805,18.04128317641266,318.8880343595923,12.avi
1669,45,9.0,782,915,11499.396,0,27.75648739950955,0.8846457004547119,71,0,728.41626,862.6076,836.56726,968.93475,11499.396,29.832516,-122.02278,4.539305401407304,13.855374146900203,12.avi
1669,46,9.2,779,914,10515.659,0,141.3971496984364,0.8686598539352417,73,0,726.6003,865.06604,832.4705,964.39185,10515.659,-4.4842567,-32.172554,24.53013650840837,247.320445572893,12.avi
1675,46,9.2,1031,319,654.2132,0,0.0,0.5633518695831299,1,0,1019.33167,305.97827,1042.9862,333.63525,654.2132,0.0,0.0,0.0,0.0,12.avi
1669,47,9.4,779,900,10829.72,0,47.25438928751419,0.904403269290924,75,0,727.2782,848.548,832.4619,951.50806,10829.72,0.25201273,-63.96489,8.302305395781342,87.50477518867166,12.avi
1675,47,9.4,1026,316,417.27686,0,31.39319010170214,0.3730565011501312,3,0,1015.82666,306.0315,1036.4131,326.30096,417.27686,-20.11603,-14.533122,6.411400642233594,143.57649783686998,12.avi
1669,48,9.6,764,918,6752.875,0,198.1712583348372,0.8114326596260071,77,0,722.07715,878.64246,806.54297,958.59045,6752.875,-59.784805,56.726524,34.64020458634364,242.639011465486,12.avi
1675,48,9.6,1020,312,421.15442,0,10.611580832563607,0.1645412743091583,5,0,1009.81287,302.24985,1030.8157,322.30215,421.15442,-28.277882,-19.037235,2.445953947896608,149.00400007509847,12.avi
1676,48,9.6,791,882,1256.7382,0,0.0,0.7450680732727051,1,0,773.2831,865.2433,809.3595,900.07874,1256.7382,0.0,0.0,0.0,0.0,12.avi
1677,49,9.8,758,877,11659.6,0,0.0,0.9197407960891724,1,0,703.99927,823.6765,812.2041,931.4314,11659.6,0.0,0.0,0.0,0.0,12.avi
1677,50,10.0,754,871,9871.992,0,37.14598569515708,0.8991088271141052,3,0,703.60095,822.6665,805.4719,919.57336,9871.992,-14.232531,-25.684704,7.73163265296665,122.03971128910324,12.avi
1678,50,10.0,1028,319,581.7601,0,0.0,0.801586925983429,1,0,1014.69714,308.81,1042.2037,329.95984,581.7601,0.0,0.0,0.0,0.0,12.avi
1676,51,10.2,778,891,868.1028,0,78.39564215566625,0.2082352489233017,5,0,762.93036,877.3875,793.77155,905.535,868.1028,-10.934619,7.418994,15.716089975836686,212.0461406537292,12.avi
1677,51,10.2,741,880,12213.427,0,92.9469523686612,0.9056113362312316,5,0,683.77655,827.86017,799.398,933.493,12213.427,-60.49376,41.59911,17.628157699828005,232.66942160309253,12.avi
1677,52,10.4,730,874,11128.843,0,79.03625569587301,0.9015912413597108,7,0,675.8845,823.4479,784.19604,926.1963,11128.843,-58.37784,-12.756569,15.005118693872712,88.0465989641304,12.avi
1677,53,10.6,703,838,12977.88,0,207.66496648664705,0.211955115199089,9,0,644.5708,783.77856,763.1437,893.22925,12977.88,-114.06361,-142.36752,37.55742086403201,114.14831946371714,12.avi
1677,54,10.8,655,815,14054.683,0,145.39098602017702,0.9043548107147216,11,0,592.39557,760.0284,719.38214,870.70685,14054.683,-210.82642,-121.83743,26.51438608159534,190.80286862085003,12.avi
1677,55,11.0,605,799,16275.092,0,64.82226995016819,0.9033568501472472,13,0,535.49756,741.21027,675.8784,857.14557,16275.092,-241.73164,-90.38519,11.836331840750727,222.5221171517244,12.avi
1679,55,11.0,947,299,541.08075,0,0.0,0.5164481997489929,1,0,934.885,289.004,961.01245,309.7133,541.08075,0.0,0.0,0.0,0.0,12.avi
1677,56,11.2,586,772,13795.545,0,171.93014955315536,0.9137482047080994,15,0,523.7469,717.8758,649.4218,827.6474,13795.545,-129.26587,-122.45775,30.06868507361246,17.61804470967013,12.avi
1677,57,11.4,584,745,13035.229,0,138.2772801770274,0.8982800245285034,17,0,524.47375,691.23645,645.48755,798.95325,13035.229,-36.003563,-134.66937,23.49744723663632,7.999524606558566,12.avi
1677,58,11.6,577,741,14640.468,0,134.02709747923163,0.8775601387023926,19,0,512.3805,685.3261,641.8722,798.38727,14640.468,-38.51742,-43.536667,22.852364621063717,268.0440724078409,12.avi
1680,58,11.6,389,963,1711.1893,0,0.0,0.8164536952972412,1,0,369.7448,941.71826,408.9779,985.3342,1711.1893,0.0,0.0,0.0,0.0,12.avi
1677,59,11.8,580,768,13038.787,0,208.0173873025212,0.8922337889671326,21,0,518.9367,715.1999,641.75507,821.3631,13038.787,3.4920502,91.58005,36.420374290795294,286.8830093206958,12.avi
1680,59,11.8,415,930,1389.4683,0,214.15243781033155,0.3791394531726837,3,0,397.71783,911.11194,433.8316,949.5867,1389.4683,105.44257,-132.44292,42.206030876075545,52.593646420204095,12.avi
1677,60,12.0,559,795,18179.166,0,130.68445917664508,0.8336967825889587,23,0,485.86627,733.5226,633.29694,856.8291,18179.166,-79.05262,124.57181,23.59137771313662,200.8649726217544,12.avi
1677,61,12.2,566,774,16703.18,0,286.712079331201,0.9222344756126404,25,0,496.00613,715.30414,636.66675,834.0523,16703.18,7.732834,-50.080612,51.170629812516985,64.25235520523722,12.avi
1677,62,12.4,538,730,13913.911,0,254.33291509922165,0.9258023500442504,27,0,473.40378,677.1705,603.4011,784.2027,13913.911,-105.64804,-180.749,45.7652188094947,130.7653754068446,12.avi
1677,63,12.6,558,699,12716.662,0,232.8041470148594,0.8576902151107788,29,0,497.01233,647.37805,619.3147,751.3552,12716.662,51.615753,-162.17363,40.97099858725878,353.74604512887385,12.avi
1677,64,12.8,554,685,9998.056,0,128.38502433338405,0.89253830909729,31,0,500.4483,639.02325,609.1027,731.0402,9998.056,-1.1167488,-92.562355,23.158607490640225,231.27797988401144,12.avi
1677,65,13.0,587,670,13954.256,0,186.1098432678722,0.8875133991241455,33,0,521.2235,617.8113,653.1846,723.5565,13954.256,124.4608,-76.54548,32.63397089994887,353.8772319942837,12.avi
1677,66,13.2,596,681,14697.187,0,171.64625105478407,0.9364216327667236,35,0,530.3667,625.6374,662.3229,737.01666,14697.187,63.881557,23.265549,30.261153100558435,237.86544455841397,12.avi
1677,67,13.4,620,697,15888.395,0,89.61172336365162,0.3243322670459747,37,0,551.84753,639.21246,688.37524,755.58734,15888.395,106.14969,67.18544,15.485070101464323,314.6312759629054,12.avi
1681,67,13.4,967,347,528.36896,0,0.0,0.7023147940635681,1,0,955.1785,336.8789,979.91534,358.23853,528.36896,0.0,0.0,0.0,0.0,12.avi
1677,68,13.6,627,713,14542.646,0,76.93060468499533,0.9116499423980712,39,0,563.2914,656.9527,692.5885,769.4273,14542.646,54.608727,76.23512,14.503510227159726,188.57697728693716,12.avi
1681,68,13.6,960,349,577.412,0,37.3451553725209,0.8379086256027222,3,0,947.70605,338.38962,973.2311,361.01102,577.412,-28.256865,8.549265,7.683328940332921,190.81193352977343,12.avi
1677,69,13.8,638,705,11391.351,0,128.36247978617288,0.92476224899292,41,0,583.72186,653.8891,693.5794,757.5811,11391.351,53.797066,-11.0752945,23.45284706455512,92.10561060673598,12.avi
1681,69,13.8,952,351,458.8111,0,11.383882671585566,0.7540377378463745,5,0,941.26575,341.14062,964.0166,361.30743,458.8111,-38.221115,7.6969943,2.846900479242473,171.71650426208873,12.avi
1677,70,14.0,632,698,11992.943,0,99.2516415999842,0.8716882467269897,43,0,573.68933,647.2848,691.7545,748.8638,11992.943,-10.384605,-32.019417,18.26416999929831,162.40827879184008,12.avi
1681,70,14.0,945,353,400.63394,0,4.26010149325147,0.7046324610710144,7,0,934.6213,344.07578,955.9344,362.87332,400.63394,-37.144043,10.42402,0.2365919484866121,270.7390686491786,12.avi
1677,71,14.2,630,711,10951.21,0,110.20472373449076,0.9013959765434264,45,0,574.6601,662.01294,686.0732,760.30664,10951.21,-11.455331,42.93595,19.340348852161306,268.08877535379867,12.avi
1677,72,14.4,638,709,14515.002,0,80.09619895273973,0.8484694361686707,47,0,573.20593,654.001,703.18823,765.67004,14515.002,27.471504,4.8168297,14.628488899486058,47.27874619455656,12.avi
1681,72,14.4,942,362,293.19843,0,97.86398519023778,0.5580844283103943,10,0,932.91614,354.7823,951.1482,370.8637,293.19843,-3.2556763,15.930723,19.143789131178927,353.1869607095192,12.avi
1682,72,14.4,965,367,356.25446,0,0.0,0.7705154418945312,1,0,956.13367,357.97928,975.26794,376.59793,356.25446,0.0,0.0,0.0,0.0,12.avi
1677,73,14.6,640,729,13182.354,0,108.71172083970984,0.8966636657714844,49,0,579.19775,676.0075,701.8169,783.514,13182.354,15.225626,77.74324,18.571669712409182,258.53522492463554,12.avi
1682,73,14.6,956,368,339.6133,0,48.212599447523154,0.806719958782196,3,0,947.03394,359.31033,965.43726,377.76425,339.6133,-37.785347,4.984739,9.726855285912391,184.1941995213357,12.avi
1677,74,14.8,640,739,13626.901,0,35.29571704318137,0.8692340850830078,51,0,579.778,683.7991,701.429,795.8154,13626.901,3.8841982,56.58219,7.240726492812138,119.3811949303864,12.avi
1682,74,14.8,950,370,443.54297,0,11.183427892714867,0.8240100145339966,5,0,939.75995,360.19254,961.5483,380.54947,443.54297,-28.738785,8.816338,1.4011496690745784,340.5847467824278,12.avi
1677,75,15.0,645,733,12881.922,0,102.50063097319097,0.9047369360923768,53,0,587.0268,678.62555,704.368,788.4073,12881.922,20.487293,-11.134659,18.48163621136176,78.70561606650779,12.avi
1682,75,15.0,945,373,422.0339,0,9.877354736679557,0.7600935697555542,7,0,934.70044,364.00427,956.19226,383.6413,422.0339,-26.668022,15.291383,0.8707708692659184,276.1725491818421,12.avi
1677,76,15.2,653,742,6086.8877,0,69.54743264304592,0.6382250189781189,55,0,613.6428,705.01575,693.92456,780.83484,6086.8877,35.828064,33.616196,11.179800845050776,286.65990552192824,12.avi
1682,76,15.2,940,376,386.36353,0,4.318093074371403,0.7905918955802917,9,0,930.64056,366.96347,950.90546,386.02908,386.36353,-24.133703,13.814429,0.8882556595592815,97.29129088978569,12.avi
1683,76,15.2,605,731,1359.5377,0,0.0,0.7504921555519104,1,0,588.5913,712.15625,623.14453,751.50244,1359.5377,0.0,0.0,0.0,0.0,12.avi
1682,77,15.4,939,379,363.89493,0,19.14058149160092,0.7404859066009521,11,0,929.4727,370.246,949.17633,388.71445,363.89493,-11.139201,14.6647625,3.064687903450789,4.8508224069851735,12.avi
1684,77,15.4,701,701,12410.587,0,0.0,0.9400465488433838,1,0,643.2627,648.3436,760.3712,754.3187,12410.587,0.0,0.0,0.0,0.0,12.avi
1684,78,15.6,707,683,13746.165,0,94.75433079562748,0.933684468269348,3,0,651.83295,621.9789,763.5363,745.0383,13746.165,23.42375,-71.147934,19.049829157416934,74.21202687071764,12.avi
1684,79,15.8,675,669,17934.744,0,192.47235226658933,0.8719688653945923,5,0,604.71045,606.07007,746.17883,732.8457,17934.744,-145.65936,-70.328636,37.37042619678773,179.57225011855087,12.avi
1684,80,16.0,654,650,16159.121,0,52.11564040836274,0.7774597406387329,7,0,582.1128,593.98645,725.9934,706.29565,16159.121,-115.97661,-90.46559,9.389845246242595,35.04736648347307,12.avi
1684,81,16.2,607,657,13076.499,0,197.4968797856077,0.6351511478424072,9,0,544.4923,605.66797,669.93567,709.9103,13076.499,-206.73112,8.339661,34.52246685982482,226.2843349821117,12.avi
1685,81,16.2,659,699,944.4154,0,0.0,0.7182959318161011,1,0,643.64075,684.00903,675.05237,714.0748,944.4154,0.0,0.0,0.0,0.0,12.avi
1683,82,16.4,609,703,1201.8247,0,144.19862771743044,0.1930534988641739,8,0,589.0786,688.3947,629.6566,718.01227,1201.8247,0.86334985,-7.0618525,28.998984452667983,83.79958574186207,12.avi
1684,82,16.4,595,663,12420.02,0,167.41548189929503,0.8027912378311157,11,0,534.83124,612.4462,655.4461,715.41876,12420.02,-94.13848,25.55479,29.34691441636835,353.0659308410025,12.avi
1684,83,16.6,595,660,13428.584,0,119.10354588717578,0.9370797872543336,13,0,533.955,605.9812,657.1589,714.9761,13428.584,-20.117508,-7.385906,20.762076085461505,25.821935919600094,12.avi
1684,84,16.8,596,672,12667.681,0,78.81091577921408,0.9416238069534302,15,0,537.38416,618.40533,655.43176,725.7153,12667.681,-1.3704777,42.8377,13.744526530121728,288.96373078148304,12.avi
1683,85,17.0,585,693,4353.2607,0,125.94709987951876,0.4971352219581604,12,0,545.3844,666.6868,625.1929,721.2331,4353.2607,-22.890203,-7.7894135,25.46241321549224,176.10583115163695,12.avi
1684,85,17.0,606,655,7318.3247,0,151.09804542964804,0.4558328092098236,17,0,561.6964,615.06195,651.1554,696.86847,7318.3247,38.21232,-52.01367,27.461401376428352,68.94442280511123,12.avi
1686,85,17.0,851,377,767.6591,0,0.0,0.7400389313697815,1,0,835.7051,365.85742,867.45654,390.03455,767.6591,0.0,0.0,0.0,0.0,12.avi
1687,86,17.2,647,688,14259.566,0,0.0,0.8707639575004578,1,0,581.8696,634.5303,713.2577,743.0604,14259.566,0.0,0.0,0.0,0.0,12.avi
1687,87,17.4,660,702,15980.808,0,92.0036401063554,0.8640000820159912,3,0,601.0443,634.35583,719.07495,769.7512,15980.808,49.88406,52.92689,18.139056361561558,313.2836941177744,12.avi
1687,88,17.6,657,729,13175.699,0,107.79598108324068,0.8702182173728943,5,0,600.50336,672.1628,715.49225,786.7452,13175.699,-5.2424965,129.9251,20.91969848171992,231.4523209629008,12.avi
1688,88,17.6,632,798,758.5145,0,0.0,0.6833728551864624,1,0,618.74316,784.53,645.7903,812.5742,758.5145,0.0,0.0,0.0,0.0,12.avi
1685,89,17.8,691,691,4189.205,0,162.88245938380504,0.3068858385086059,10,0,658.3277,659.81903,723.8758,723.72943,4189.205,4.615849,-1.0564142,32.65904271930008,14.255068646822735,12.avi
1687,89,17.8,692,718,13525.86,0,283.4716481189153,0.8179320693016052,7,0,634.0179,660.85034,750.6009,776.8695,13525.86,130.35686,-10.348846,51.28580355557148,46.88703039366664,12.avi
1687,90,18.0,792,699,19882.643,0,428.6480997433592,0.1914366781711578,9,0,717.8363,632.40955,866.5398,766.1162,19882.643,413.65924,-77.625725,75.73827086046303,13.585137722253876,12.avi
1689,90,18.0,794,677,1692.3518,0,0.0,0.591100811958313,1,0,774.6619,655.80255,813.7973,699.0461,1692.3518,0.0,0.0,0.0,0.0,12.avi
1690,90,18.0,784,734,2151.5295,0,0.0,0.7145969867706299,1,0,759.5837,712.9082,809.39667,756.10034,2151.5295,0.0,0.0,0.0,0.0,12.avi
1691,90,18.0,737,719,1837.5629,0,0.0,0.6613289713859558,1,0,717.4502,696.845,757.16724,743.1113,1837.5629,0.0,0.0,0.0,0.0,12.avi
1692,90,18.0,750,675,1646.1302,0,0.0,0.559289276599884,1,0,730.09174,654.9259,770.7214,695.4414,1646.1302,0.0,0.0,0.0,0.0,12.avi
1687,91,18.2,859,658,17780.66,0,166.1844221702114,0.743306040763855,11,0,781.19714,601.9786,938.3922,715.09064,17780.66,355.479,-174.57123,30.263422767288485,121.73861802372528,12.avi
1687,92,18.4,871,637,19157.168,0,346.08128778181083,0.8586986064910889,13,0,792.4514,576.2371,949.90076,697.9091,19157.168,125.81459,-122.83118,61.36682387219368,192.59318914327355,12.avi
1687,93,18.6,886,632,19684.807,0,127.82020482850096,0.8021117448806763,15,0,805.7987,571.8022,967.0758,693.858,19684.807,87.73306,-44.66929,22.065261487410485,242.0588709248237,12.avi
1687,94,18.8,918,631,14888.555,0,89.75341050029402,0.9116394519805908,17,0,850.6698,575.94666,985.55005,686.3301,14888.555,142.06107,-16.816517,15.71352393069566,333.1228283173808,12.avi
1693,95,19.0,918,697,12703.135,0,0.0,0.8550571799278259,1,0,861.26184,642.91077,976.5968,753.052,12703.135,0.0,0.0,0.0,0.0,12.avi
1693,96,19.2,939,705,14772.041,0,107.96986766713184,0.8953925967216492,3,0,874.05334,648.31396,1004.1294,761.87854,14772.041,80.48728,28.402578,21.262481289350905,340.72552406402525,12.avi
1693,97,19.4,1003,725,18064.959,0,262.67501403370505,0.832227885723114,5,0,932.0205,662.1642,1074.7882,788.6981,18064.959,301.27234,95.506775,49.88192389961848,343.4329340137583,12.avi
1693,98,19.6,1029,745,12687.645,0,188.96930681547067,0.4583579003810882,7,0,967.3809,695.07275,1092.1622,796.75183,12687.645,171.32153,100.79784,34.66196587296896,180.7727423929926,12.avi
1693,99,19.8,1020,731,14399.203,0,314.5190277429176,0.9257382750511168,9,0,955.74817,675.83435,1085.0573,787.18933,14399.203,3.8396606,-31.85762,56.29558897815965,141.46486510585692,12.avi
1693,100,20.0,1013,708,14259.153,0,104.4930389427541,0.8921831846237183,11,0,950.8265,651.6193,1076.9249,764.6988,14259.153,-24.22083,-97.17728,18.988158291828835,115.48676681498614,12.avi
1693,101,20.2,989,684,6463.272,0,110.40445962102936,0.5713393688201904,13,0,947.51373,646.8053,1032.231,723.09766,6463.272,-97.9082,-111.685234,20.581019288888992,166.73153725751752,12.avi
1694,101,20.2,1002,724,1160.3684,0,0.0,0.8259743452072144,1,0,984.2313,708.1356,1020.48315,740.14417,1160.3684,0.0,0.0,0.0,0.0,12.avi
1695,101,20.2,958,721,1878.5479,0,0.0,0.8232849836349487,1,0,934.23395,701.4951,981.8923,740.9121,1878.5479,0.0,0.0,0.0,0.0,12.avi
1696,101,20.2,1032,690,1539.0175,0,0.0,0.6907743811607361,1,0,1015.0874,668.27295,1050.3931,711.86426,1539.0175,0.0,0.0,0.0,0.0,12.avi
1693,102,20.4,986,690,9722.666,0,180.8958600321301,0.8668485879898071,15,0,931.2408,646.2045,1041.6876,734.2348,9722.666,-35.70568,-5.5169754,31.57138802883584,299.8401469559889,12.avi
1694,102,20.4,991,759,2296.476,0,188.14633202188492,0.8382017016410828,3,0,964.7962,738.6607,1018.8985,781.1077,2296.476,-41.95576,142.692,36.66352358861336,251.954664230361,12.avi
1693,103,20.6,987,678,11826.002,0,76.61301268311351,0.8555727005004883,17,0,925.9544,630.3404,1049.1321,726.3481,11826.002,-4.091463,-46.945625,13.509547052301492,55.37067680437633,12.avi
1693,104,20.8,1013,668,14953.872,0,149.03050035117212,0.8633005619049072,19,0,943.8554,614.5729,1082.3055,722.5819,14953.872,97.27106,-48.398308,26.292440095567603,2.0818716877551537,12.avi
1693,105,21.0,1017,634,12591.445,0,161.32435396834856,0.855836033821106,21,0,956.3087,583.2336,1078.9519,685.9008,12591.445,39.94967,-141.97241,29.34657777419028,121.9616786868528,12.avi
1693,106,21.2,1008,627,14391.471,0,155.27838250119356,0.914954960346222,23,0,944.60803,570.8773,1071.8512,683.9794,14391.471,-26.93393,-60.224243,27.280909594589275,229.7681882387928,12.avi
1693,107,21.4,1016,635,11683.735,0,140.23606095124074,0.9071075916290284,25,0,961.60706,583.0098,1072.3298,688.53217,11683.735,27.392635,18.185135,23.62030290103295,303.850498984978,12.avi
1696,107,21.4,1036,667,753.7205,0,114.08345138483556,0.1502355635166168,8,0,1024.0056,652.0674,1048.3989,682.96594,753.7205,0.8540749,-5.563442,23.29777972449387,81.95693129236395,12.avi
1693,108,21.6,1025,664,13090.655,0,145.13915328109684,0.7750701308250427,27,0,967.8324,608.4167,1083.8038,721.29486,13090.655,40.3578,116.05606,24.72415422136196,275.92712364643376,12.avi
1697,108,21.6,1005,614,703.1112,0,0.0,0.6685109734535217,1,0,991.3838,601.6959,1019.0338,627.1249,703.1112,0.0,0.0,0.0,0.0,12.avi
1698,108,21.6,1003,637,741.5395,0,0.0,0.5283886790275574,1,0,990.3367,623.454,1017.04565,651.21765,741.5395,0.0,0.0,0.0,0.0,12.avi
1699,108,21.6,1008,712,2077.6592,0,0.0,0.5421848297119141,1,0,979.14453,694.6539,1037.9563,729.98114,2077.6592,0.0,0.0,0.0,0.0,12.avi
1693,109,21.8,1014,693,11606.18,0,110.79290305354478,0.9089534878730774,29,0,960.39844,639.83,1069.4701,746.2387,11606.18,-32.543705,135.16014,20.492253174714737,193.92929334670487,12.avi
1700,109,21.8,957,683,594.3699,0,0.0,0.7718875408172607,1,0,946.2218,670.28784,968.7843,696.6311,594.3699,0.0,0.0,0.0,0.0,12.avi
1693,110,22.0,992,735,13798.186,0,124.13365887235663,0.9194486141204834,31,0,935.14355,675.4879,1050.2893,795.3202,13798.186,-92.96019,194.14803,22.199335386932063,222.2761474175368,12.avi
1700,110,22.0,973,689,1714.433,0,84.20742611060989,0.5542163252830505,3,0,952.4386,668.68384,993.6742,710.2604,1714.433,62.08916,24.002499,16.457607604627096,340.3268224861197,12.avi
1693,111,22.2,984,751,11730.583,0,143.09300089165387,0.9356482028961182,33,0,931.38153,696.33704,1038.1505,806.20593,11730.583,-52.03307,105.83663,25.245392198655804,66.97176702928971,12.avi
1693,112,22.4,942,781,11548.131,0,184.8869132727204,0.8906213045120239,35,0,889.0556,727.3874,996.5893,834.77826,11548.131,-173.32254,139.08124,33.472729325757285,194.8190359459978,12.avi
1693,113,22.6,926,791,12876.909,0,143.62287657040213,0.8656072616577148,37,0,871.2599,734.04596,982.68164,849.61505,12876.909,-100.96926,73.4365,25.27279845200703,45.09138636892027,12.avi
1701,113,22.6,887,740,1802.3488,0,0.0,0.5220020413398743,1,0,868.0227,716.443,906.0864,763.7938,1802.3488,0.0,0.0,0.0,0.0,12.avi
1702,113,22.6,922,760,1815.3944,0,0.0,0.6082273125648499,1,0,902.02856,738.3231,942.67676,782.98425,1815.3944,0.0,0.0,0.0,0.0,12.avi
1693,114,22.8,925,822,12549.113,0,139.8881122219125,0.9108564257621764,39,0,870.3887,765.7725,980.4862,879.75433,12549.113,-29.201797,135.91638,23.91189242833744,319.64905253452804,12.avi
1693,115,23.0,926,848,5797.029,0,41.53866925989704,0.6331663131713867,41,0,888.4655,810.6587,965.1224,886.28186,5797.029,-1.5229836,130.2381,6.692289892553827,16.911211649366237,12.avi
1703,115,23.0,843,849,3948.9429,0,0.0,0.6689388751983643,1,0,811.1726,818.2033,875.12866,879.94794,3948.9429,0.0,0.0,0.0,0.0,12.avi
1704,115,23.0,853,899,1869.8369,0,0.0,0.6193153858184814,1,0,831.1645,878.419,875.49835,920.5953,1869.8369,0.0,0.0,0.0,0.0,12.avi
1703,116,23.2,838,898,10710.965,0,250.23843362711168,0.8867262601852417,3,0,792.0563,840.82056,885.04285,956.0088,10710.965,-18.367481,196.96239,49.19475324176396,263.99018290596155,12.avi
1703,117,23.4,836,957,15597.873,0,104.16515350380212,0.7226566076278687,5,0,775.50433,893.4364,896.7663,1022.0659,15597.873,-12.6010475,288.2886,19.225753361134817,273.3514962923965,12.avi
1703,118,23.6,819,974,16128.509,0,242.0494314111609,0.8297823071479797,7,0,753.5906,913.33167,886.04016,1035.1027,16128.509,-65.52049,130.32632,43.91237178752588,109.44029987668688,12.avi
1703,119,23.8,789,950,14728.35,0,297.8111182042988,0.8575927019119263,9,0,724.6769,893.6605,854.3076,1007.2783,14728.35,-131.61407,-60.876144,53.31043707523055,109.40408790004608,12.avi
1703,120,24.0,773,934,18741.652,0,62.167327625427525,0.6400413513183594,11,0,703.99615,867.2784,843.0903,1002.0192,18741.652,-91.71058,-74.8984,10.727539276414747,23.596674791559565,12.avi
1705,120,24.0,773,986,3049.3982,0,0.0,0.7238762974739075,1,0,742.0228,962.16895,805.3921,1010.29004,3049.3982,0.0,0.0,0.0,0.0,12.avi
1703,121,24.2,760,951,15156.225,0,181.96556269123468,0.8957158923149109,13,0,697.4333,891.0022,822.7364,1011.95874,15156.225,-72.92763,47.449562,31.696259262903546,278.708205405328,12.avi
1703,122,24.4,720,942,15768.158,0,175.72326406342174,0.9261045455932616,15,0,655.6162,881.8631,784.8618,1003.86456,15768.158,-170.07735,-22.187218,31.7819407538279,143.35234721965963,12.avi
1703,123,24.6,681,940,12831.099,0,28.24523785482291,0.9016155004501344,17,0,623.1592,885.1011,739.85754,995.052,12831.099,-188.21179,-15.840918,5.455450990036954,196.76500219703135,12.avi
1703,124,24.8,670,950,15846.23,0,169.4147592706801,0.8829742074012756,19,0,607.2096,887.7342,734.4004,1012.3205,15846.23,-84.60569,34.614174,29.229718617664705,333.391663404575,12.avi
1706,124,24.8,649,893,745.20026,0,0.0,0.6113381385803223,1,0,636.0757,879.8832,663.0217,907.53845,745.20026,0.0,0.0,0.0,0.0,12.avi
1703,125,25.0,645,947,12776.107,0,71.11203118440642,0.9225443601608276,21,0,588.6358,891.4046,702.3472,1003.7602,12776.107,-116.88231,-1.4139328,13.339009682675997,131.7594895237487,12.avi
1703,126,25.2,622,948,15487.771,0,8.74618793154017,0.91997230052948,23,0,559.0643,887.7122,685.80304,1009.9145,15487.771,-115.65693,4.4077997,0.7097652590660953,260.67132855146906,12.avi
1703,127,25.4,594,963,13276.889,0,83.1619713451147,0.9050469994544984,25,0,535.30054,907.05237,652.97363,1019.88086,13276.889,-135.52182,57.373226,14.32270547227054,248.27213152565773,12.avi
1703,128,25.6,599,958,14198.12,0,205.60505852196783,0.9025307297706604,27,0,538.83624,899.5038,659.7889,1016.88965,14198.12,-11.374939,-7.025585,36.17892245379804,27.92166295102913,12.avi
1703,129,25.8,590,945,13049.524,0,71.50126574576464,0.8975289463996887,29,0,533.505,888.82056,647.9523,1002.8428,13049.524,-35.638973,-49.177048,13.732087384749596,120.8300254813513,12.avi
1703,130,26.0,608,958,16178.219,0,190.1241224436196,0.8679370284080505,31,0,543.4685,896.36804,673.96533,1020.34204,16178.219,60.956326,36.81375,32.85549155160686,317.955144756177,12.avi
1703,131,26.2,612,963,16046.597,0,49.65363240844945,0.7791683077812195,33,0,547.51855,901.65234,677.3225,1025.2742,16046.597,28.313107,28.14291,9.31355868472628,163.0337544980274,12.avi
1703,132,26.4,612,976,14069.213,0,51.31250036604947,0.7680346369743347,35,0,548.8886,921.50415,676.79694,1031.4987,14069.213,8.159052,56.639618,9.20476722070831,228.6339465497096,12.avi
1703,133,26.6,662,985,9701.589,0,270.2715260984876,0.8114900588989258,37,0,608.36523,940.56995,716.0835,1030.6345,9701.589,191.80241,48.074226,47.609536346898295,3.406988440769908,12.avi
1707,0,0.0,868,815,9763.687,0,0.0,0.7905726432800293,1,0,807.77783,775.3766,930.0078,855.2562,9763.687,0.0,0.0,0.0,0.0,13.avi
1708,0,0.0,857,871,1551.9554,0,0.0,0.7838821411132812,1,0,838.9075,849.84094,875.52124,892.22815,1551.9554,0.0,0.0,0.0,0.0,13.avi
1709,0,0.0,836,832,1633.7548,0,0.0,0.613903284072876,1,0,816.7772,811.19165,855.44653,853.44104,1633.7548,0.0,0.0,0.0,0.0,13.avi
1707,1,0.2,885,811,2587.9805,0,88.54075281908096,0.7904607057571411,3,0,862.2705,783.7957,909.57666,838.50287,2587.9805,67.98714,-16.635096,16.67550711318204,15.001662688841575,13.avi
1709,1,0.2,849,849,1694.84,0,110.37038922443637,0.8479491472244263,3,0,827.3875,830.454,872.5026,868.021,1694.84,55.222343,67.549515,21.0819363454973,307.68608458411165,13.avi
1710,1,0.2,915,851,3320.4128,0,0.0,0.8448637127876282,1,0,887.55115,821.14856,942.6959,881.3612,3320.4128,0.0,0.0,0.0,0.0,13.avi
1709,2,0.4,842,835,1637.3492,0,169.94146542854446,0.8267548680305481,5,0,820.1226,817.59326,864.7402,854.29065,1637.3492,-29.75782,-55.195976,33.62321146133385,124.3866967296736,13.avi
1711,2,0.4,859,769,7244.8013,0,0.0,0.8116025328636169,1,0,817.99164,725.74536,901.59625,812.4009,7244.8013,0.0,0.0,0.0,0.0,13.avi
1712,2,0.4,796,792,2223.656,0,0.0,0.5446966290473938,1,0,776.0048,766.1621,817.7336,819.45044,2223.656,0.0,0.0,0.0,0.0,13.avi
1711,3,0.6,857,774,2852.4858,0,30.685289561895058,0.8333074450492859,3,0,832.8358,745.16626,881.407,803.8943,2852.4858,-10.668849,21.784967,5.663945249462007,240.44320454724075,13.avi
1712,3,0.6,783,763,12708.849,0,161.16721505046166,0.8299736976623535,3,0,731.8562,702.4511,835.5448,825.0186,12708.849,-52.569607,-116.05365,32.87504751534935,114.9530995809153,13.avi
1709,4,0.8,790,820,2182.948,0,195.5189639571064,0.7859840393066406,8,0,764.8465,798.5593,815.36017,841.7743,2182.948,-90.278534,-24.750093,38.60765234989907,206.41537274203748,13.avi
1712,4,0.8,736,750,4054.3672,0,197.0741667254817,0.7360283732414246,5,0,707.03644,716.2155,766.34393,784.57733,4054.3672,-219.69109,-70.84711,38.37492120034596,194.29587604898884,13.avi
1713,5,1.0,703,757,1421.7435,0,0.0,0.73722904920578,1,0,684.2832,738.6841,722.1509,776.2291,1421.7435,0.0,0.0,0.0,0.0,13.avi
1714,5,1.0,721,791,1510.1862,0,0.0,0.6981155276298523,1,0,701.2904,773.0299,741.68274,810.41785,1510.1862,0.0,0.0,0.0,0.0,13.avi
1715,5,1.0,743,740,16384.328,0,0.0,0.6431527733802795,1,0,682.12415,673.37665,803.9048,807.9163,16384.328,0.0,0.0,0.0,0.0,13.avi
1715,6,1.2,775,741,11032.796,0,166.32735730216214,0.9249194860458374,3,0,722.0458,689.88794,829.85156,792.22754,11032.796,131.47383,1.6416769,31.987488199184224,359.3667722353384,13.avi
1714,7,1.4,733,813,3496.7654,0,122.36031184661678,0.3405064046382904,4,0,706.06177,780.90936,760.178,845.5252,3496.7654,19.070986,35.235138,24.191577668693725,298.4197314820412,13.avi
1715,7,1.4,762,780,13649.469,0,290.8108613233078,0.6268049478530884,5,0,704.8251,720.4035,819.23206,839.7098,13649.469,-52.675095,178.71909,55.77247746007082,223.8162469333033,13.avi
1716,7,1.4,786,817,2305.5,0,0.0,0.7727417945861816,1,0,761.89233,793.312,810.53894,840.70483,2305.5,0.0,0.0,0.0,0.0,13.avi
1715,8,1.6,750,836,11673.354,0,115.97009466401197,0.90386700630188,7,0,696.0844,782.54584,804.1269,890.5899,11673.354,-57.99745,258.35806,20.254663648302916,265.7713087810969,13.avi
1715,9,1.8,744,877,18535.752,0,69.6582949419966,0.7332430481910706,9,0,670.05035,814.6034,818.0435,939.8507,18535.752,-36.7297,216.0879,12.510341006439164,63.95075154879822,13.avi
1715,10,2.0,704,913,22465.957,0,189.429008591078,0.9003528952598572,11,0,622.05054,844.5487,785.9857,981.59033,22465.957,-162.44661,187.71889,33.53770039538439,167.17474637074395,13.avi
1715,11,2.2,704,908,17463.316,0,301.45836613044065,0.8530842661857605,13,0,633.008,847.5326,775.85626,969.7833,17463.316,-35.89901,26.356842,53.57490093535335,52.69270898955199,13.avi
1715,12,2.4,679,925,17813.305,0,118.13035321665288,0.772793173789978,15,0,608.28564,862.87,751.0867,987.6122,17813.305,-103.45744,69.86133,21.34729697788089,211.2382964268249,13.avi
1715,13,2.6,687,907,15490.786,0,242.5175526202149,0.7590367197990417,17,0,618.06537,851.4369,756.9925,962.9398,15490.786,6.2840347,-53.305313,42.68488224226002,48.99731847684137,13.avi
1715,15,3.0,734,912,14405.036,0,291.0350439654037,0.805144190788269,20,0,666.71606,859.7163,802.8364,965.542,14405.036,83.715,13.34568,56.36670072937525,319.2487290243166,13.avi
1715,16,3.2,746,921,20509.756,0,45.27180871284058,0.8559975028038025,22,0,664.87335,859.2356,829.049,984.16125,20509.756,66.2596,37.855568,7.935457201879878,225.93176431270345,13.avi
1715,17,3.4,760,919,19258.262,0,57.7962843450526,0.8983031511306763,24,0,684.4442,855.9304,837.0055,982.1633,19258.262,68.24505,-1.8052521,10.27174145456078,91.18861064001908,13.avi
1715,18,3.6,737,920,9403.097,0,206.5974602825744,0.8122826814651489,26,0,686.6349,874.6207,789.0936,966.39526,9403.097,-72.12861,5.20059,37.39693738792793,182.01381828216967,13.avi
1717,18,3.6,719,969,1369.2251,0,0.0,0.6827512383460999,1,0,702.7039,949.37964,736.8669,989.45886,1369.2251,0.0,0.0,0.0,0.0,13.avi
1718,18,3.6,667,928,11378.581,0,0.0,0.5074170827865601,1,0,622.1269,866.6151,713.84125,990.68054,11378.581,0.0,0.0,0.0,0.0,13.avi
1715,19,3.8,710,923,3394.1082,0,71.93242701724371,0.7617424726486206,28,0,681.2733,895.3417,740.6133,952.5393,3394.1082,-120.17992,14.400791,13.516742168544338,186.16633762625412,13.avi
1718,19,3.8,654,944,4358.7896,0,106.41048807454628,0.6069656610488892,3,0,620.2727,913.01556,688.7412,976.6768,4358.7896,-53.800922,64.664215,20.76640123162601,227.6700684911854,13.avi
1719,19,3.8,671,891,1719.6425,0,0.0,0.7282492518424988,1,0,650.5586,871.33887,692.6841,912.16077,1719.6425,0.0,0.0,0.0,0.0,13.avi
1717,20,4.0,710,962,2171.5303,0,59.70396873589378,0.7113045454025269,4,0,687.6266,938.2902,732.6731,986.49664,2171.5303,-15.796026,-11.517715,12.280038217070231,142.83074474416094,13.avi
1718,20,4.0,645,947,8405.756,0,52.698705976102445,0.7970800995826721,5,0,601.70984,899.9986,689.54944,995.69305,8405.756,-45.17902,19.178856,10.851662336848706,83.36823725528632,13.avi
1719,20,4.0,698,912,2281.6123,0,171.06949204984488,0.7101439833641052,3,0,672.4706,890.638,723.65283,935.21625,2281.6123,105.55029,84.54021,33.25513088961745,322.4875289050797,13.avi
1720,20,4.0,614,895,937.0651,0,0.0,0.5505801439285278,1,0,600.7024,878.6294,628.99365,911.75146,937.0651,0.0,0.0,0.0,0.0,13.avi
1718,21,4.2,647,955,13151.463,0,61.0999100489962,0.8013712167739868,7,0,593.52716,893.651,700.47565,1016.621,13151.463,-5.267849,32.425728,10.922485192966729,342.313083652382,13.avi
1719,21,4.2,674,917,2421.5432,0,241.61482718222777,0.7621417045593262,5,0,648.74146,893.8348,700.35376,940.75275,2421.5432,-98.78934,27.111526,46.95985716912358,164.13798163140075,13.avi
1717,22,4.4,682,946,4665.259,0,100.52641621916436,0.5158059000968933,7,0,649.96655,911.1606,715.9363,981.8787,4665.259,-47.391647,-27.498688,20.94220288609178,153.07604181779195,13.avi
1718,22,4.4,683,932,18041.518,0,268.9550199775581,0.5505629181861877,9,0,619.3524,861.5282,747.1987,1002.647,18041.518,138.01122,-80.93616,47.437087056673946,38.64038563276574,13.avi
1719,22,4.4,661,883,2390.6116,0,220.04077121959827,0.7164502739906311,7,0,636.2049,860.5087,687.4089,907.1967,2390.6116,-71.87993,-121.92204,40.198671381558725,81.11281928289083,13.avi
1717,23,4.6,701,928,5421.7803,0,176.8723350396696,0.7529893517494202,9,0,666.0888,890.2389,736.93243,966.7705,5421.7803,59.957603,-75.416534,30.450761273018333,25.313581056041077,13.avi
1719,23,4.6,656,875,2599.5076,0,104.98329460998202,0.7347299456596375,9,0,630.1171,851.16364,683.52423,899.8371,2599.5076,-35.838085,-60.384644,17.73872408884294,298.88627225287763,13.avi
1717,24,4.8,676,923,11601.49,0,214.51771451596977,0.7263864874839783,11,0,625.663,866.708,728.01715,980.05457,11601.49,-82.28222,-36.77445,38.70607257576485,194.3278830224804,13.avi
1718,24,4.8,728,873,5065.248,0,194.9428345500163,0.5060499906539917,12,0,695.48645,835.738,762.4617,911.36676,5065.248,71.92247,-98.69871,39.510173698383575,164.54928775053008,13.avi
1717,25,5.0,671,911,14579.192,0,68.22841740706714,0.870949923992157,13,0,615.09735,846.474,727.77386,975.8639,14579.192,-39.789097,-55.450455,11.746101210033304,25.335498452073352,13.avi
1717,26,5.2,659,908,17981.432,0,50.87134576460596,0.7112630605697632,15,0,592.08057,842.0992,727.7893,974.5993,17981.432,-53.41328,-23.646091,9.099178103387864,240.5207360975924,13.avi
1717,27,5.4,636,869,16436.293,0,204.6695188038998,0.4346274137496948,17,0,568.96216,809.0691,704.6787,930.1765,16436.293,-101.22589,-154.39873,37.06975063289085,110.94644777395348,13.avi
1720,27,5.4,618,871,3620.3271,0,117.74331722871744,0.2519385814666748,9,0,590.4329,839.157,645.77106,904.579,3620.3271,0.605213,-4.337772,24.39491444692184,82.57626800915523,13.avi
1717,28,5.6,571,857,13657.8125,0,277.4528812492945,0.8342876434326172,19,0,512.0345,800.5127,630.83905,915.47314,13657.8125,-274.82675,-80.36451,49.09603351446643,201.83050861515832,13.avi
1720,28,5.6,628,844,3630.8608,0,157.54236243425402,0.265101820230484,11,0,601.71924,810.96106,655.7407,878.1725,3630.8608,46.145157,-118.90816,28.716064515718973,70.09444797951619,13.avi
1717,29,5.8,547,859,13471.323,0,201.71125861526124,0.8751963376998901,21,0,488.9514,801.7824,606.59235,916.2946,13471.323,-154.44673,-14.527763,34.98168301266627,330.77409583696254,13.avi
1717,30,6.0,537,850,14505.97,0,118.51680406577796,0.8818808794021606,23,0,477.76813,789.1558,596.2928,911.54364,14505.97,-76.95862,-36.769714,21.031557193984625,16.954147339099507,13.avi
1717,31,6.2,501,871,12139.133,0,198.9788879386199,0.8945356011390686,25,0,448.1609,814.09674,553.8723,928.9295,12139.133,-156.27037,72.90659,34.78783054052988,233.61027708912764,13.avi
1717,32,6.4,509,921,11945.134,0,297.4380736197504,0.8552899956703186,27,0,455.77216,865.0312,562.23737,977.2287,11945.134,-5.346451,207.65152,52.5164723361283,318.34378223649526,13.avi
1721,32,6.4,553,838,2830.108,0,0.0,0.65228670835495,1,0,532.6355,804.5106,574.328,872.3911,2830.108,0.0,0.0,0.0,0.0,13.avi
1717,33,6.6,527,950,13822.284,0,128.66455435395468,0.8345147371292114,29,0,470.14578,890.5713,584.6948,1011.2383,13822.284,69.591255,162.44046,22.88533039548638,33.587165779425675,13.avi
1717,34,6.8,560,974,14530.279,0,117.05051524591896,0.7794024348258972,31,0,497.31735,917.1332,623.1092,1032.6437,14530.279,142.18242,129.73268,20.89199666122321,26.717536935748623,13.avi
1722,0,0.0,379,990,9842.988,0,0.0,0.7314395904541016,1,0,306.00537,957.20667,453.71655,1023.8434,9842.988,0.0,0.0,0.0,0.0,14.avi
1723,0,0.0,348,1008,1447.6605,0,0.0,0.6123859882354736,1,0,323.76178,993.39246,372.81512,1022.9044,1447.6605,0.0,0.0,0.0,0.0,14.avi
1724,0,0.0,834,385,424.67822,0,0.0,0.5350856184959412,1,0,824.0537,376.01038,845.51025,395.80286,424.67822,0.0,0.0,0.0,0.0,14.avi
1725,0,0.0,1030,419,545.66986,0,0.0,0.5159518122673035,1,0,1017.1763,408.8958,1043.9827,429.25177,545.66986,0.0,0.0,0.0,0.0,14.avi
1722,1,0.2,386,947,19755.66,0,217.7142147836834,0.7979263663291931,3,0,319.6775,874.4788,454.0573,1021.4924,19755.66,27.969784,-169.81815,43.95583623212426,81.97160908582225,14.avi
1724,1,0.2,835,386,473.01562,0,5.659995633236195,0.32448410987854,3,0,823.9011,376.35062,847.7982,396.14444,473.01562,4.2623286,1.3608669,0.2371754549508864,336.8130258502218,14.avi
1725,1,0.2,1024,418,685.1743,0,30.25349241662307,0.6466384530067444,3,0,1008.43317,407.65814,1040.8658,428.78418,685.1743,-23.672474,-3.4037354,6.666515159779047,170.73085318351184,14.avi
1724,2,0.4,840,386,668.9327,0,19.33702736730763,0.3062287271022796,5,0,825.3793,375.03088,855.41113,397.30493,668.9327,21.17316,-0.2501098,3.338551772784719,8.95569087749925,14.avi
1725,2,0.4,1018,417,799.35284,0,7.324503702342636,0.6695865392684937,5,0,1000.8404,405.9134,1036.2651,428.4782,799.35284,-29.910484,-4.9817367,1.9898272463859612,164.24145324432584,14.avi
1726,2,0.4,345,876,2650.146,0,0.0,0.6399011015892029,1,0,322.17584,848.2167,369.03583,904.77124,2650.146,0.0,0.0,0.0,0.0,14.avi
1727,2,0.4,410,913,591.0865,0,0.0,0.7946716547012329,1,0,399.1212,901.07806,422.61813,926.23395,591.0865,0.0,0.0,0.0,0.0,14.avi
1728,2,0.4,379,905,685.812,0,0.0,0.6418370008468628,1,0,367.6538,890.71466,391.2445,919.78595,685.812,0.0,0.0,0.0,0.0,14.avi
1729,2,0.4,418,877,1382.0333,0,0.0,0.5306040048599243,1,0,400.79077,858.3834,436.54468,897.0375,1382.0333,0.0,0.0,0.0,0.0,14.avi
1725,3,0.6,1007,416,727.37006,0,28.017729643793945,0.7254753708839417,7,0,991.1535,405.89523,1024.0443,428.00992,727.37006,-48.976242,-2.093717,5.57424853637051,177.94935192003095,14.avi
1730,3,0.6,315,795,13421.959,0,0.0,0.8925653100013733,1,0,255.87401,738.9879,375.49,851.19666,13421.959,0.0,0.0,0.0,0.0,14.avi
1724,4,0.8,847,387,535.21936,0,28.75930988204875,0.4983030557632446,8,0,834.22723,377.42953,860.9771,397.43777,535.21936,11.523008,2.235444,6.177632779131133,189.1479518666417,14.avi
1725,4,0.8,997,414,548.68695,0,10.910817246511536,0.751826286315918,9,0,983.6579,404.5874,1010.8212,424.78693,548.68695,-51.14176,-9.182035,2.658254438104006,107.59852643543196,14.avi
1731,4,0.8,250,730,21104.102,0,0.0,0.8462863564491272,1,0,182.83307,651.86743,317.28055,808.83655,21104.102,0.0,0.0,0.0,0.0,14.avi
1724,5,1.0,850,386,445.06714,0,10.760034479768024,0.5357043743133545,10,0,838.37537,376.5813,861.9293,395.47693,445.06714,12.464333,-4.863072,1.8830451871013465,87.1630056911444,14.avi
1730,5,1.0,294,819,21305.797,0,161.23458803329726,0.897170901298523,4,0,221.71439,745.5054,366.58456,892.5736,21305.797,-35.29924,39.25774,32.27519557622703,227.79498318074263,14.avi
1730,7,1.4,326,843,26248.846,0,272.3578288135475,0.808502197265625,7,0,243.1114,765.14655,410.4168,922.0384,26248.846,60.613724,41.037643,53.03161261014098,359.5615415630288,14.avi
1731,8,1.6,303,727,14445.919,0,268.3711206388487,0.905625820159912,6,0,247.58197,662.6362,359.66766,791.51904,14445.919,27.391598,-1.6743084,53.04919758547084,3.622729497413502,14.avi
1731,9,1.8,362,747,21420.166,0,323.530313114172,0.895131528377533,8,0,293.1274,669.93427,431.3643,824.8869,21420.166,246.458,83.52295,56.643014051104814,339.0453248469273,14.avi
1731,10,2.0,424,740,16287.773,0,152.5702713250515,0.7726990580558777,10,0,365.34842,671.9238,484.25748,808.9005,16287.773,297.99127,-8.557663,27.145107489838217,62.67039170335664,14.avi
1731,11,2.2,506,743,18798.646,0,130.27795964369426,0.7238703370094299,12,0,438.1181,675.2724,575.76245,811.8464,18798.646,384.5707,10.106432,22.022537936300623,348.7420593597401,14.avi
1732,11,2.2,549,750,2717.7961,0,0.0,0.5670096278190613,1,0,522.21985,725.39746,576.8878,775.11206,2717.7961,0.0,0.0,0.0,0.0,14.avi
1731,12,2.4,543,758,22072.535,0,241.81361851472948,0.6274145841598511,14,0,468.88678,684.183,617.30817,832.8983,22072.535,227.83228,59.94644,42.700396292046086,196.90871265632623,14.avi
1732,12,2.4,516,728,2921.6333,0,197.82548146873717,0.7243178486824036,3,0,490.00845,701.4399,543.8415,755.712,2921.6333,-130.25482,-86.542305,40.26330941698878,146.4454581809071,14.avi
1733,12,2.4,477,762,1049.2096,0,0.0,0.6789540648460388,1,0,462.34256,744.98645,492.2189,780.10486,1049.2096,0.0,0.0,0.0,0.0,14.avi
1734,12,2.4,503,787,1831.4069,0,0.0,0.5209499001502991,1,0,486.73737,760.879,521.2076,814.00916,1831.4069,0.0,0.0,0.0,0.0,14.avi
1735,13,2.6,453,812,15858.58,0,0.0,0.8795534372329712,1,0,385.7055,754.1938,521.808,870.7132,15858.58,0.0,0.0,0.0,0.0,14.avi
1735,14,2.8,404,838,21853.41,0,284.0211677188414,0.9066311120986938,3,0,329.24426,765.61127,478.7694,911.76337,21853.41,-198.60237,104.72596,55.931723762821335,207.17723654580792,14.avi
1735,15,3.0,370,926,16786.078,0,352.16846702252815,0.8708320260047913,5,0,302.95416,864.4402,437.2329,989.44946,16786.078,-172.01067,412.9576,66.6129835121627,274.9205006890347,14.avi
1735,16,3.2,319,962,14679.58,0,279.21796781268785,0.7495681643486023,7,0,258.40353,901.9701,380.36533,1022.3323,14679.58,-234.5448,231.24446,50.38164523347896,109.34765964596323,14.avi
1735,17,3.4,289,961,13379.87,0,282.49565831308854,0.2644987404346466,9,0,231.56247,903.551,347.2781,1019.1782,13379.87,-169.50362,50.70334,50.19789233621134,70.78051143023606,14.avi
1736,1,0.2,113,881,64295.29,0,0.0,0.5478518605232239,1,0,1.0689087,738.95984,226.63463,1024.0,64295.29,0.0,0.0,0.0,0.0,15.avi
1737,2,0.4,276,750,24518.195,0,0.0,0.8855494260787964,1,0,194.8505,675.3021,358.32376,825.28503,24518.195,0.0,0.0,0.0,0.0,15.avi
1737,3,0.6,311,806,15911.974,0,334.9392736642,0.9170219898223876,3,0,247.47523,744.3823,374.5775,869.57263,15911.974,137.48193,226.28314,65.4786309435737,301.7058706716856,15.avi
1737,4,0.8,278,856,20381.77,0,315.6201658521958,0.8990933895111084,5,0,204.35738,787.21783,351.86102,925.39594,20381.77,-139.15942,244.93283,60.63981355831544,183.56048820931787,15.avi
1738,5,1.0,211,811,13291.297,0,0.0,0.8903141021728516,1,0,151.80249,755.59656,270.7859,867.3037,13291.297,0.0,0.0,0.0,0.0,15.avi
1738,6,1.2,243,775,20645.066,0,243.56291774801804,0.8323516249656677,3,0,176.37378,699.5446,311.4929,852.33624,20645.066,130.296,-141.75523,48.31015122384446,48.98192624686203,15.avi
1739,7,1.4,292,645,17044.275,0,0.0,0.8943510055541992,1,0,229.70074,577.8125,354.77808,714.0824,17044.275,0.0,0.0,0.0,0.0,15.avi
1738,8,1.6,374,644,18359.688,0,350.9698255617906,0.8344902992248535,6,0,305.64993,578.4239,443.74582,711.37274,18359.688,219.71857,-219.95815,69.93490793067072,42.101152987297496,15.avi
1738,9,1.8,402,639,23461.578,0,240.0475283770347,0.8573402762413025,8,0,326.03058,562.6946,479.0686,716.0001,23461.578,158.02222,-72.577545,41.5697503119549,246.40121494701032,15.avi
1739,10,2.0,349,667,25655.494,0,306.5347515129636,0.706995964050293,5,0,261.0653,594.7766,438.4649,739.3965,25655.494,48.496937,17.821274,60.5390324224919,339.6501396176961,15.avi
1740,11,2.2,260,741,43166.355,0,0.0,0.902449369430542,1,0,147.56769,646.80237,374.4311,837.077,43166.355,0.0,0.0,0.0,0.0,15.avi
1741,14,2.8,169,572,21177.29,0,0.0,0.8991894125938416,1,0,88.14081,508.12927,251.4755,637.78503,21177.29,0.0,0.0,0.0,0.0,15.avi
1742,15,3.0,133,494,17876.352,0,0.0,0.8094275593757629,1,0,67.763916,425.72546,198.43405,562.53064,17876.352,0.0,0.0,0.0,0.0,15.avi
1742,16,3.2,131,447,21019.902,0,233.4847110067834,0.9100141525268556,3,0,56.190475,378.2992,207.16243,517.52966,21019.902,-5.6787424,-184.48552,47.17477075017229,92.55014757108552,15.avi
1742,17,3.4,164,361,13276.139,0,309.927702276149,0.6041568517684937,5,0,105.54961,305.18546,222.57472,418.63235,13276.139,147.8202,-409.35925,60.17688722547498,56.21930297853584,15.avi
1743,19,3.8,172,246,14629.548,0,0.0,0.7999370694160461,1,0,113.77057,184.40341,231.16895,309.01797,14629.548,0.0,0.0,0.0,0.0,15.avi
1743,20,4.0,207,201,18880.389,0,287.755531144694,0.8819724321365356,3,0,138.93561,132.93526,276.07498,270.60828,18880.389,139.86243,-179.39693,57.28704184633401,52.9322934748879,15.avi
1743,21,4.2,159,175,15980.01,0,397.8008828095991,0.7214149236679077,5,0,97.78447,110.628784,221.65962,239.6297,15980.01,-207.03268,-137.10007,77.01818193147298,186.79129227274137,15.avi
1744,23,4.6,164,115,20738.709,0,0.0,0.8826704621315002,1,0,95.93411,40.18152,233.5993,190.82751,20738.709,0.0,0.0,0.0,0.0,15.avi
1744,25,5.0,130,60,15645.105,0,325.98073182460445,0.4326659142971039,4,0,65.29905,0.025547028,194.85614,120.783936,15645.105,-56.867413,-90.3275,65.49408656006676,122.06204972410052,15.avi
1744,26,5.2,151,52,11302.497,0,193.8978652640641,0.6538621187210083,6,0,99.22891,-1.1478081,204.70746,106.00667,11302.497,80.10634,-48.77844,33.709855149663106,343.3463493087769,15.avi
1745,27,5.4,240,78,2727.9548,0,0.0,0.7234784364700317,1,0,215.1655,50.8869,264.91306,105.722855,2727.9548,0.0,0.0,0.0,0.0,15.avi
1746,0,0.0,1058,35,10329.874,0,0.0,0.8718833923339844,1,0,984.99023,0.08520508,1131.1016,70.78386,10329.874,0.0,0.0,0.0,0.0,16.avi
1746,1,0.2,1039,79,12942.091,0,241.59001413794957,0.8883072733879089,3,0,988.78845,15.983173,1090.5123,143.21083,12942.091,-73.43519,176.29727,47.546779438023314,246.38607144809967,16.avi
1746,2,0.4,1041,164,17544.064,0,274.73746724670207,0.8442796468734741,5,0,980.2176,93.49861,1103.183,236.17339,17544.064,3.2053757,405.15985,51.69391341043716,288.07264692387963,16.avi
1747,2,0.4,992,152,1237.9843,0,0.0,0.6665347814559937,1,0,975.6206,134.0098,1009.6697,170.36862,1237.9843,0.0,0.0,0.0,0.0,16.avi
1748,2,0.4,1025,204,4676.9873,0,0.0,0.5902611017227173,1,0,987.3645,174.2702,1064.1135,235.20892,4676.9873,0.0,0.0,0.0,0.0,16.avi
1746,3,0.6,1046,214,16109.854,0,175.63439606242449,0.8658561110496521,7,0,987.57465,145.76526,1104.6409,283.3784,16109.854,17.648415,285.14508,32.077302565265185,83.45089141060987,16.avi
1747,3,0.6,1011,173,1066.0231,0,144.162847354082,0.2398639619350433,3,0,996.84955,155.47845,1026.4113,191.53943,1066.0231,75.78926,85.1087,27.74869095151535,311.4118921519964,16.avi
1748,3,0.6,1049,194,1564.669,0,129.18456801707796,0.1600450128316879,3,0,1029.3754,174.99063,1069.1337,214.34528,1564.669,93.87448,-40.206005,25.62053274497778,24.7827003773441,16.avi
1746,4,0.8,1009,254,19289.41,0,245.590368001602,0.8859595656394958,9,0,945.046,179.64798,1074.7346,328.38434,19289.41,-134.91736,217.64793,44.28534359340068,156.58167324694296,16.avi
1747,4,0.8,1038,183,1485.3428,0,70.67323906562116,0.8318816423416138,5,0,1018.8717,164.4285,1057.8619,202.52371,1485.3428,128.80914,52.80492,13.506128336553209,33.88828841961947,16.avi
1746,5,1.0,971,267,14439.345,0,180.5284783134644,0.88408362865448,11,0,914.0206,204.65472,1028.2319,331.08124,14439.345,-180.23222,103.49041,32.78438519997805,111.29604605752968,16.avi
1749,5,1.0,986,207,937.8834,0,0.0,0.7150131464004517,1,0,971.91174,191.27237,1000.8854,223.64261,937.8834,0.0,0.0,0.0,0.0,16.avi
1746,6,1.2,967,277,6733.2354,0,195.42841597426877,0.5192382335662842,13,0,928.1693,235.2775,1007.59314,320.0535,6733.2354,-54.07656,61.56626,33.951008623990106,19.917664244366847,16.avi
1749,6,1.2,995,228,1380.5981,0,115.17555313904862,0.8057037591934204,3,0,978.51495,208.40445,1013.481,247.8884,1380.5981,38.32115,82.590576,22.27059799576281,292.71975147976343,16.avi
1750,6,1.2,895,224,427.17303,0,0.0,0.5647735595703125,1,0,885.8805,212.61401,904.32947,235.76831,427.17303,0.0,0.0,0.0,0.0,16.avi
1751,6,1.2,947,237,2031.1935,0,0.0,0.6911420226097107,1,0,924.7853,215.4584,971.19763,259.22247,2031.1935,0.0,0.0,0.0,0.0,16.avi
1752,7,1.4,927,189,13311.521,0,0.0,0.9265342950820924,1,0,865.1273,136.53152,989.6666,243.41763,13311.521,0.0,0.0,0.0,0.0,16.avi
1753,8,1.6,858,141,17250.902,0,0.0,0.8650651574134827,1,0,788.75464,79.90694,927.9872,203.80687,17250.902,0.0,0.0,0.0,0.0,16.avi
1754,9,1.8,843,97,1873.4471,0,0.0,0.6775184273719788,1,0,822.4625,75.0181,863.891,120.23935,1873.4471,0.0,0.0,0.0,0.0,16.avi
1755,9,1.8,772,104,11795.676,0,0.0,0.8942541480064392,1,0,716.5448,52.65355,829.29114,157.27492,11795.676,0.0,0.0,0.0,0.0,16.avi
1755,10,2.0,738,118,2095.8555,0,184.38752865228585,0.5269323587417603,3,0,717.8631,93.09264,759.8145,143.05177,2095.8555,-136.04446,52.327244,37.27191640520231,200.47188338536344,16.avi
1756,10,2.0,705,137,333.8305,0,0.0,0.7691953182220459,1,0,696.19617,128.23877,713.99084,146.9989,333.8305,0.0,0.0,0.0,0.0,16.avi
1757,10,2.0,772,60,1251.7136,0,0.0,0.7987197637557983,1,0,757.6554,39.998978,788.14343,81.05487,1251.7136,0.0,0.0,0.0,0.0,16.avi
1758,11,2.2,628,72,1997.5098,0,0.0,0.8076767921447754,1,0,604.19226,52.17769,652.86426,93.21791,1997.5098,0.0,0.0,0.0,0.0,16.avi
1759,11,2.2,605,27,4638.874,0,0.0,0.6970672011375427,1,0,563.3424,0.12794876,648.6173,54.527004,4638.874,0.0,0.0,0.0,0.0,16.avi
1760,11,2.2,659,15,1017.6967,0,0.0,0.5003839731216431,1,0,643.48596,0.16840553,675.8436,31.619892,1017.6967,0.0,0.0,0.0,0.0,16.avi
1758,14,2.8,665,56,1138.199,0,202.50303845470555,0.190574824810028,5,0,645.7184,42.405376,685.67786,70.889206,1138.199,31.336004,-13.53135,40.112396906461136,24.59965331758002,16.avi
1753,15,3.0,858,162,510.61523,0,104.6805103383044,0.1719241291284561,9,0,843.3242,154.30002,873.3862,171.2854,510.61523,-0.0029174276,3.8938804,20.146511568729725,268.9450870853324,16.avi
1761,15,3.0,501,14,1730.8993,0,0.0,0.7702126502990723,1,0,471.09595,0.027647972,532.605,28.168217,1730.8993,0.0,0.0,0.0,0.0,16.avi
1762,15,3.0,445,10,1225.8033,0,0.0,0.5903338193893433,1,0,414.56604,0.043141365,475.70728,20.091862,1225.8033,0.0,0.0,0.0,0.0,16.avi
1763,16,3.2,489,135,1566.3871,0,0.0,0.5443195104598999,1,0,467.8865,116.91588,510.3456,153.80754,1566.3871,0.0,0.0,0.0,0.0,16.avi
1764,16,3.2,512,96,1797.523,0,0.0,0.5221550464630127,1,0,491.6668,75.081955,534.33234,117.212524,1797.523,0.0,0.0,0.0,0.0,16.avi
1763,17,3.4,519,144,4918.7954,0,157.42429170109753,0.5340787768363953,3,0,479.57648,113.00791,558.45135,175.36989,4918.7954,119.352806,35.238274,31.107395096500618,343.87746576758025,16.avi
1765,17,3.4,538,204,11960.549,0,0.0,0.7017064690589905,1,0,469.75708,160.97543,606.6,248.37894,11960.549,0.0,0.0,0.0,0.0,16.avi
1766,17,3.4,502,224,1793.7074,0,0.0,0.6767659187316895,1,0,480.24567,205.06372,525.43036,244.76096,1793.7074,0.0,0.0,0.0,0.0,16.avi
1766,18,3.6,520,256,1813.0409,0,183.3768189861496,0.7596126198768616,3,0,499.78534,234.74223,541.1458,278.57733,1813.0409,70.36944,126.736305,35.510231214449185,298.90095493583823,16.avi
1767,18,3.6,491,267,378.43304,0,0.0,0.7440714836120605,1,0,482.2003,257.12427,501.0034,277.25037,378.43304,0.0,0.0,0.0,0.0,16.avi
1768,18,3.6,495,304,2357.1545,0,0.0,0.6084022521972656,1,0,474.75543,276.2788,516.66986,332.5161,2357.1545,0.0,0.0,0.0,0.0,16.avi
1769,18,3.6,553,293,15403.711,0,0.0,0.7998558282852173,1,0,491.9726,230.87088,615.1497,355.92422,15403.711,0.0,0.0,0.0,0.0,16.avi
1766,19,3.8,555,301,1332.7018,0,150.95996356005037,0.6392475366592407,5,0,537.8119,283.14038,574.0913,319.87482,1332.7018,168.4181,216.03185,27.917103113427174,317.1302626759036,16.avi
1768,19,3.8,507,293,2171.492,0,81.97225955421099,0.7864989042282104,3,0,483.31143,271.22382,532.11926,315.71448,2171.492,47.91489,-43.626026,16.040775081289883,45.27809974101501,16.avi
1770,19,3.8,503,357,1822.5529,0,0.0,0.6499320268630981,1,0,483.84747,333.79013,522.2758,381.21744,1822.5529,0.0,0.0,0.0,0.0,16.avi
1771,19,3.8,519,323,975.1462,0,0.0,0.7358205318450928,1,0,503.44507,308.04944,534.5586,339.391,975.1462,0.0,0.0,0.0,0.0,16.avi
1772,19,3.8,563,362,7853.051,0,0.0,0.8028355836868286,1,0,516.7787,320.964,610.5515,404.70947,7853.051,0.0,0.0,0.0,0.0,16.avi
1770,20,4.0,484,338,1919.5515,0,132.98872306420918,0.8579229712486267,3,0,461.97632,317.51096,507.26288,359.89774,1919.5515,-73.62094,-75.04767,27.271668940373576,134.34315343406735,16.avi
1771,20,4.0,527,320,1653.0852,0,48.57698338070541,0.8378030061721802,3,0,507.60684,299.69556,548.1901,340.4287,1653.0852,35.515705,-14.603084,8.821037635188906,24.944707790185877,16.avi
1772,20,4.0,554,370,8378.752,0,59.836632925381096,0.5852044820785522,3,0,508.34018,325.09018,600.7714,415.73868,8378.752,-36.36441,30.250278,12.030236210468574,216.54391728722916,16.avi
1773,20,4.0,481,388,2139.866,0,0.0,0.8521427512168884,1,0,459.38727,365.04053,504.5819,412.3883,2139.866,0.0,0.0,0.0,0.0,16.avi
1774,20,4.0,578,394,1818.3711,0,0.0,0.5888420939445496,1,0,558.35077,372.41333,599.0562,417.08478,1818.3711,0.0,0.0,0.0,0.0,16.avi
1775,20,4.0,875,143,423.3681,0,0.0,0.6521470546722412,1,0,865.26843,132.71779,885.3031,153.84956,423.3681,0.0,0.0,0.0,0.0,16.avi
1770,21,4.2,475,357,2201.7769,0,180.17849353930103,0.7025748491287231,5,0,452.72876,334.06064,499.2614,381.37747,2201.7769,-45.68984,80.75354,33.694087151620934,278.71374254244114,16.avi
1771,21,4.2,517,332,1356.5453,0,121.97728036503976,0.8201019763946533,5,0,498.97498,314.6858,536.328,351.0027,1356.5453,-43.932873,57.30173,23.34168060953424,219.53613242715463,16.avi
1772,21,4.2,543,388,8201.335,0,66.4290906256447,0.8602091073989868,5,0,497.83655,343.302,588.50806,433.7531,8201.335,-55.187286,85.48863,12.304937760517756,249.6310929346697,16.avi
1773,21,4.2,478,411,1813.2773,0,117.2220619035298,0.7608665227890015,3,0,455.8118,391.6652,501.1523,431.65762,1813.2773,-13.982118,91.60472,22.638996847393237,259.86282099772376,16.avi
1774,21,4.2,578,404,502.77148,0,50.94044800818858,0.2599950134754181,3,0,568.9437,391.78766,588.20996,417.88367,502.77148,-0.50565094,40.265953,9.27765609461366,265.6512935604483,16.avi
1770,22,4.4,476,369,2097.505,0,58.75972294897019,0.5234946608543396,7,0,454.08743,346.2472,498.939,393.0127,2097.505,-8.660595,64.49472,10.358899054698623,28.0409918080058,16.avi
1771,22,4.4,530,349,1467.1146,0,121.21121966581252,0.670233964920044,7,0,509.99597,330.97055,550.0974,367.55563,1467.1146,37.29504,76.31656,21.65035881856166,347.4744947654525,16.avi
1772,22,4.4,547,407,8471.265,0,86.70227664570643,0.915209412574768,7,0,501.8495,360.96613,593.3728,453.52466,8471.265,4.1614113,91.70145,14.928605031582151,354.7163376082152,16.avi
1773,22,4.4,481,422,1838.7318,0,49.059969218795096,0.8471090793609619,5,0,459.7673,401.13324,502.8939,443.76892,1838.7318,11.866834,57.11805,9.589604970917446,56.345787213178994,16.avi
1770,23,4.6,494,390,1872.6078,0,121.75337614165385,0.6411688923835754,9,0,473.25742,368.8444,516.239,412.41202,1872.6078,67.98134,95.58319,20.619979381755694,338.75705082304546,16.avi
1771,23,4.6,533,375,1273.8264,0,67.40177923258074,0.6047561168670654,9,0,515.5198,358.12753,551.59534,393.4374,1273.8264,22.140541,119.52197,11.401643025371817,246.72293620685377,16.avi
1772,23,4.6,546,434,7909.3047,0,53.99010873118,0.864495575428009,9,0,502.63507,390.03992,590.6536,479.8994,7909.3047,-2.7441664,127.72101,8.761898170101848,253.8072946372235,16.avi
1773,23,4.6,482,432,1719.0266,0,11.086998670385034,0.8000880479812622,7,0,461.5823,411.723,502.90512,453.3229,1719.0266,6.2671213,51.93442,2.533361954404642,132.26834979419095,16.avi
1770,24,4.8,486,416,1568.3275,0,130.61238202385283,0.663854718208313,11,0,466.17413,396.39465,506.0666,435.70856,1568.3275,-17.505272,119.84256,23.203510287988195,195.6391609801417,16.avi
1771,24,4.8,515,421,1108.37,0,176.58234523455897,0.1564472466707229,11,0,498.7095,404.3364,531.7789,437.85287,1108.37,-65.33596,201.86844,31.34629785792776,222.83780573423303,16.avi
1772,24,4.8,545,447,11812.513,0,71.38812429526607,0.6783217191696167,11,0,493.4631,391.09012,597.42065,504.71835,11812.513,-5.2583137,79.21721,13.55818721460704,94.6346296349409,16.avi
1773,24,4.8,474,466,1924.3342,0,144.21214257302574,0.7766143083572388,9,0,452.80945,444.50558,496.03638,489.0226,1924.3342,-28.563435,143.49681,24.96701605240744,247.64233614022868,16.avi
1774,24,4.8,578,458,1338.8097,0,27.238665169658447,0.2547229528427124,7,0,562.4584,437.78442,594.67334,479.34308,1338.8097,0.018446982,45.023697,4.845277004598607,270.3543792980224,16.avi
1770,25,5.0,487,438,1612.3285,0,26.312698223383613,0.6907956600189209,13,0,466.4467,419.10443,507.68832,458.19916,1612.3285,-0.3972969,114.57993,4.824048169977438,24.756229993546697,16.avi
1772,25,5.0,546,473,9591.666,0,55.70259580855705,0.8622217774391174,13,0,498.71112,422.93896,593.69147,523.92474,9591.666,1.7069006,116.463005,9.391308740551205,279.86966699983753,16.avi
1773,25,5.0,483,487,1852.3241,0,93.6315760056642,0.6790751814842224,11,0,461.23447,465.89487,504.82327,508.39023,1852.3241,26.514122,111.48986,16.608045712006597,30.637108810215352,16.avi
1770,26,5.2,471,462,2833.9897,0,89.2452633634242,0.8219254612922668,15,0,443.99344,435.97318,498.42593,488.0375,2833.9897,-61.079983,116.262726,15.993878364421708,181.54855644135503,16.avi
1772,26,5.2,536,487,9332.394,0,76.82256042053037,0.91743004322052,15,0,490.56482,436.8056,583.38477,537.34863,9332.394,-35.0905,79.35993,14.342671351973046,137.3119302193969,16.avi
1776,26,5.2,502,426,1764.2593,0,0.0,0.7674890756607056,1,0,480.11072,407.34143,525.30994,446.3744,1764.2593,0.0,0.0,0.0,0.0,16.avi
1770,27,5.4,453,467,3244.187,0,102.24194385651724,0.8767786622047424,17,0,425.06888,439.82883,482.88577,495.94022,3244.187,-80.37266,49.445656,19.2165080144114,108.17394017608808,16.avi
1772,27,5.4,521,499,7840.881,0,51.52039546116627,0.9036566019058228,17,0,478.49075,454.044,564.42114,545.29095,7840.881,-67.78395,66.738945,9.788626727354726,156.20676560342838,16.avi
1776,27,5.4,500,437,1579.1173,0,57.02918460613714,0.8514583110809326,3,0,479.31772,418.79865,520.7947,456.8708,1579.1173,-10.595269,43.819626,10.497993124890789,255.0381554712357,16.avi
1777,27,5.4,380,492,539.1559,0,0.0,0.7382401823997498,1,0,367.4655,481.97363,393.4178,502.74854,539.1559,0.0,0.0,0.0,0.0,16.avi
1770,28,5.6,447,445,3423.7192,0,191.54908022171315,0.8802728652954102,19,0,418.57715,415.81763,476.61743,474.80627,3423.7192,-43.08813,-75.40059,34.01280976683406,74.48659076847957,16.avi
1772,28,5.6,514,479,7109.073,0,193.66323412415468,0.8931969404220581,19,0,473.38116,436.50827,556.1425,522.40674,7109.073,-41.390396,-62.32273,34.55804292049966,79.83173839944061,16.avi
1776,28,5.6,496,417,1621.8629,0,149.76242047232313,0.8298966884613037,5,0,475.48334,398.57733,517.44006,437.2329,1621.8629,-17.351639,-87.571625,29.661954616746502,93.7444814047958,16.avi
1778,28,5.6,337,520,573.75574,0,0.0,0.7043881416320801,1,0,324.2265,509.54352,349.96075,531.8389,573.75574,0.0,0.0,0.0,0.0,16.avi
1779,28,5.6,913,98,445.4622,0,0.0,0.5149775743484497,1,0,904.561,86.28744,923.35846,109.985405,445.4622,0.0,0.0,0.0,0.0,16.avi
1770,29,5.8,447,414,3534.6763,0,101.96800326028404,0.8678178191184998,21,0,418.2806,384.42603,477.1414,444.47748,3534.6763,-9.50787,-136.09006,18.105201033147857,63.70553588890954,16.avi
1772,29,5.8,516,440,7349.083,0,161.40831718006487,0.9000923037528992,21,0,474.18408,396.64667,558.5366,483.77008,7349.083,-3.4053802,-165.33502,28.621287684049097,70.58014189740436,16.avi
1779,29,5.8,917,102,446.04312,0,29.206635659505498,0.4854834973812103,3,0,907.75134,91.22362,927.02783,114.36287,446.04312,13.69214,18.59012,4.916356686723723,308.19950992785834,16.avi
1780,29,5.8,309,540,598.8602,0,0.0,0.6664609909057617,1,0,297.1845,528.03406,322.09015,552.0792,598.8602,0.0,0.0,0.0,0.0,16.avi
1770,30,6.0,464,386,3773.3767,0,105.07117400889854,0.825117826461792,23,0,433.12817,356.28702,495.62653,416.66263,3773.3767,61.903584,-139.00882,18.2323718540239,3.880011640081193,16.avi
1772,30,6.0,533,409,8696.0205,0,104.6039723012694,0.8989500403404236,23,0,488.2631,362.33224,579.68604,457.45084,8696.0205,66.95735,-154.75792,17.420177312103654,353.875179154341,16.avi
1779,30,6.0,920,103,511.9538,0,13.296938042883552,0.7556308507919312,5,0,909.66974,91.97912,931.0184,115.9598,511.9538,14.681406,6.9508533,3.513600563075571,92.08758818209752,16.avi
1780,30,6.0,300,562,634.9732,0,120.38562873985067,0.630896806716919,3,0,287.54605,550.25354,314.1052,574.1615,634.9732,-35.176514,88.426674,23.966416771645772,246.28934420098693,16.avi
1770,31,6.2,471,352,4268.283,0,47.51114859067762,0.8472188711166382,25,0,438.4935,319.8166,504.79312,384.19525,4268.283,42.232475,-164.65039,8.813910326705361,130.790262888862,16.avi
1772,31,6.2,539,381,9975.506,0,46.71635304337483,0.8916072845458984,25,0,490.78717,330.7737,588.46783,432.89737,9975.506,37.19541,-143.62158,8.615930773631177,193.83335613602577,16.avi
1779,31,6.2,925,102,501.093,0,22.139726515320586,0.2329368889331817,7,0,914.4824,90.70732,936.5337,113.431305,501.093,23.224274,-5.6668777,3.774167664501185,62.89381514219343,16.avi
1780,31,6.2,287,578,707.8817,0,31.593122191023973,0.4372715950012207,5,0,273.6448,565.8183,302.3185,590.5058,707.8817,-61.775055,80.501015,7.049210425001203,164.42353542782075,16.avi
1770,32,6.4,467,322,4042.6426,0,76.94477748329601,0.7832929491996765,27,0,435.46588,290.96408,498.63092,354.96536,4042.6426,-7.9242134,-149.69397,13.412425043907025,192.5927073412988,16.avi
1772,32,6.4,538,338,9809.501,0,99.35286020289946,0.9322595000267028,27,0,490.0724,286.9031,585.98157,389.18216,9809.501,2.4294205,-201.57477,17.622500199565252,120.9633311240043,16.avi
1779,32,6.4,933,103,596.64557,0,23.38419695288672,0.1640407592058181,9,0,920.9259,91.42619,946.37366,114.872086,596.64557,36.64673,2.8282976,3.516586156238042,324.0590555443319,16.avi
1780,32,6.4,263,590,663.2724,0,70.69433128681102,0.5882424712181091,7,0,249.46356,578.6618,277.58295,602.2496,663.2724,-108.18921,65.903595,13.326633764886637,161.3473067210083,16.avi
1770,33,6.6,451,296,4552.7534,0,82.8112510511622,0.8374296426773071,29,0,417.8211,262.8056,484.79852,330.78003,4552.7534,-62.358917,-135.20679,14.766166032486442,191.61945009060133,16.avi
1772,33,6.6,532,279,10725.832,0,109.6398836144931,0.9110955595970154,29,0,481.65817,226.45837,583.08136,332.2116,10725.832,-21.196705,-272.3123,19.82785968881548,109.17600231214163,16.avi
1780,33,6.6,236,606,732.8435,0,36.32647160002849,0.6000003218650818,9,0,221.42923,594.1522,250.91156,619.0093,732.8435,-130.12573,77.2051,6.3422827430988935,201.88045469187864,16.avi
1772,34,6.8,494,220,6195.74,0,192.41841792048083,0.6664159297943115,31,0,457.2826,179.01645,531.3999,262.61017,6195.74,-151.14838,-287.92386,34.47648368321455,171.87524108666253,16.avi
1780,34,6.8,222,623,593.9623,0,67.59315763512578,0.8019168972969055,11,0,209.22919,611.8673,234.79227,635.1024,593.9623,-84.484375,82.83281,11.895042281152357,355.282850147059,16.avi
1781,34,6.8,541,262,815.5032,0,0.0,0.5907037258148193,1,0,526.49036,248.7574,556.90735,275.56818,815.5032,0.0,0.0,0.0,0.0,16.avi
1782,34,6.8,501,293,3755.6348,0,0.0,0.8628066182136536,1,0,471.32617,262.73608,532.5043,324.12463,3755.6348,0.0,0.0,0.0,0.0,16.avi
1772,35,7.0,498,173,9808.155,0,204.7186303410908,0.798801600933075,33,0,450.4627,122.610794,547.36414,223.82863,9808.155,-17.302078,-249.49825,35.2690677931388,343.9154879051078,16.avi
1780,35,7.0,216,647,642.18726,0,75.83904501346761,0.5725558996200562,13,0,203.34232,635.0107,229.43973,659.618,642.18726,-41.11184,110.76611,12.91474595868538,327.4502271825648,16.avi
1782,35,7.0,507,261,4804.2666,0,161.76201393733598,0.8494673371315002,3,0,467.81354,231.53113,546.9881,292.21057,4804.2666,21.898594,-125.98609,32.82656154888133,81.08910328309821,16.avi
1783,35,7.0,947,117,538.6638,0,0.0,0.5014288425445557,1,0,936.38025,105.25185,958.6315,129.46013,538.6638,0.0,0.0,0.0,0.0,16.avi
1782,36,7.2,505,208,3304.5208,0,151.42181928944308,0.5901162028312683,5,0,475.102,180.92029,535.26654,235.84503,3304.5208,-8.306616,-255.534,29.46443408813859,103.30452144993734,16.avi
1783,36,7.2,944,119,467.77957,0,18.751613747461253,0.7524328827857971,3,0,934.50287,107.9144,954.55743,131.2398,467.77957,-11.879179,8.866714,3.8721863200114153,205.12342115546525,16.avi
1784,36,7.2,435,197,720.3211,0,0.0,0.542514443397522,1,0,422.23425,184.3128,448.77118,211.45691,720.3211,0.0,0.0,0.0,0.0,16.avi
1782,37,7.4,492,154,1618.088,0,64.19589480309187,0.8190410137176514,7,0,471.76166,134.57678,513.1089,173.71088,1618.088,-50.82572,-267.54474,11.97955096548478,164.13005879426464,16.avi
1783,37,7.4,937,122,586.8772,0,25.966371863084827,0.7001570463180542,5,0,925.995,109.3306,948.5493,135.35114,586.8772,-34.235,13.401958,5.195064319714078,187.18262719450945,16.avi
1784,37,7.4,435,180,1558.0332,0,87.18662502723043,0.343300998210907,3,0,416.6296,159.5611,453.61484,201.68695,1558.0332,-1.5188828,-68.905495,17.89192107375326,91.61007305460288,16.avi
1785,37,7.4,165,643,802.2147,0,0.0,0.5450588464736938,1,0,151.63983,629.3471,179.61755,658.02045,802.2147,0.0,0.0,0.0,0.0,16.avi
1786,37,7.4,497,193,1853.9022,0,0.0,0.797962486743927,1,0,476.28845,171.7478,518.3406,215.83362,1853.9022,0.0,0.0,0.0,0.0,16.avi
1787,37,7.4,431,145,11374.912,0,0.0,0.878271758556366,1,0,382.0628,88.14169,481.38348,202.66882,11374.912,0.0,0.0,0.0,0.0,16.avi
1783,38,7.6,929,122,590.4378,0,14.955148235920015,0.7248740792274475,7,0,918.5962,109.4042,941.35657,135.34573,590.4378,-35.95605,3.2539568,3.3405234387333933,115.253944961336,16.avi
1784,38,7.6,451,153,2851.1997,0,110.51314715268016,0.7382471561431885,5,0,426.96985,124.35285,475.74768,182.80563,2851.1997,74.22128,-129.64159,21.294814658094054,40.54619236706253,16.avi
1785,38,7.6,158,644,690.17255,0,37.99941355566839,0.3429147899150848,3,0,145.51027,631.1201,170.84663,658.3605,690.17255,-29.741491,4.217698,7.635243825423403,182.3736550797132,16.avi
1787,38,7.6,390,146,9166.5625,0,207.9159338889346,0.8440811634063721,3,0,347.97348,92.60263,433.15274,200.21756,9166.5625,-164.31146,4.0113125,41.72738318430197,180.81666635964703,16.avi
1783,39,7.8,925,108,725.1831,0,86.00663144735202,0.8032935857772827,9,0,913.0851,93.890205,938.5791,122.33549,725.1831,-24.260662,-53.987904,15.188117109425926,81.61480451986523,16.avi
1784,39,7.8,424,121,4393.0996,0,232.3263280385636,0.8561782240867615,7,0,395.0299,85.052124,454.80865,158.54146,4393.0996,-84.09396,-152.09105,42.72389063843399,171.04421270434375,16.avi
1785,39,7.8,161,655,580.2343,0,71.9058465837594,0.4755114614963531,5,0,149.74997,643.4732,173.57492,667.8272,580.2343,13.45019,50.312702,12.867554066971923,312.96470330023243,16.avi
1787,39,7.8,352,137,10344.114,0,54.93019171690077,0.6832084655761719,5,0,306.3276,82.260925,399.34476,193.4674,10344.114,-186.58713,-38.79525,11.695786073572563,119.17140218232488,16.avi
1788,39,7.8,396,65,370.8344,0,0.0,0.7685163617134094,1,0,387.1579,55.675934,405.17963,76.253006,370.8344,0.0,0.0,0.0,0.0,16.avi
1789,39,7.8,305,115,1712.9862,0,0.0,0.8068834543228149,1,0,284.0539,95.57501,326.90253,135.55263,1712.9862,0.0,0.0,0.0,0.0,16.avi
1783,40,8.0,909,89,648.09924,0,81.84297706913777,0.5766957402229309,11,0,896.6249,76.09182,921.39905,102.25208,648.09924,-70.2964,-85.31171,14.582987057288156,145.23562262216512,16.avi
1785,40,8.0,151,665,647.372,0,71.44318017963454,0.2595177292823791,7,0,139.54315,652.1277,163.51785,679.13,647.372,-35.719658,49.990925,13.3714886412564,176.94439446015667,16.avi
1787,40,8.0,300,162,13829.072,0,198.3599096929075,0.8606919050216675,7,0,240.86014,104.53073,360.3032,220.31036,13829.072,-243.8681,85.12825,35.46992642458339,244.0543067700142,16.avi
1783,41,8.2,906,67,717.5923,0,70.22698205492665,0.3973004519939422,13,0,892.9888,54.675247,920.2444,81.00351,717.5923,-25.43666,-101.735214,12.17173022672812,24.82154204076568,16.avi
1785,41,8.2,136,686,606.2984,0,78.09277711581318,0.4649895131587982,9,0,124.36729,673.69495,147.75333,699.6206,606.2984,-67.67923,92.33156,13.339165162221994,231.04443700120837,16.avi
1787,41,8.2,207,188,11255.185,0,257.4860234556117,0.7386639714241028,9,0,157.34341,132.42815,257.09494,245.26033,11255.185,-415.0183,121.20176,45.61719394049629,190.8076627600683,16.avi
1790,41,8.2,294,197,1375.3116,0,0.0,0.7351502180099487,1,0,276.88547,177.78522,311.36728,217.67035,1375.3116,0.0,0.0,0.0,0.0,16.avi
1791,41,8.2,271,230,2274.706,0,0.0,0.8465697765350342,1,0,247.6169,207.1159,295.5075,254.61386,2274.706,0.0,0.0,0.0,0.0,16.avi
1792,41,8.2,243,211,587.69226,0,0.0,0.5469426512718201,1,0,231.32562,199.64987,255.71326,223.74783,587.69226,0.0,0.0,0.0,0.0,16.avi
1785,42,8.4,105,717,525.17566,0,120.1970860235627,0.5636851787567139,11,0,94.75928,705.8556,116.42172,730.0991,525.17566,-132.81688,141.77258,21.16941336590774,214.124572752651,16.avi
1787,42,8.4,150,207,10284.809,0,152.50183194767772,0.8848960995674133,11,0,103.406876,153.42625,197.93584,262.22687,10284.809,-313.2541,100.97636,26.492677340187647,13.277691876643246,16.avi
1792,42,8.4,215,234,857.3545,0,181.86894799783607,0.4518831074237823,3,0,197.52351,222.66405,233.75417,246.32784,857.3545,-111.29978,91.00632,36.20358571634099,218.02409301797752,16.avi
1793,42,8.4,204,250,1971.1685,0,0.0,0.7097885012626648,1,0,182.66737,227.87155,225.83336,273.5364,1971.1685,0.0,0.0,0.0,0.0,16.avi
1783,43,8.6,902,11,734.21436,0,62.4011710042095,0.5067334175109863,16,0,888.2711,-1.2308855,917.2047,24.144913,734.21436,-5.163292,-93.43811,11.444661924672465,338.4608612293774,16.avi
1787,43,8.6,121,238,11239.852,0,196.04486463182275,0.9049891829490662,13,0,69.70422,183.47966,172.73703,292.5697,11239.852,-185.565,139.44778,34.45589886777069,343.1664213904559,16.avi
1794,43,8.6,94,718,586.027,0,0.0,0.5893157720565796,1,0,82.28374,706.5187,107.28456,729.959,586.027,0.0,0.0,0.0,0.0,16.avi
1795,43,8.6,171,295,3222.9192,0,0.0,0.836111843585968,1,0,140.47537,269.34253,203.275,320.6632,3222.9192,0.0,0.0,0.0,0.0,16.avi
1787,44,8.8,100,270,10115.72,0,96.70018847744164,0.8951163291931152,15,0,51.70081,218.87166,149.38248,322.4297,10115.72,-122.36067,157.66382,16.409178024266765,345.58212681004704,16.avi
1796,44,8.8,131,338,2622.9807,0,0.0,0.8686281442642212,1,0,104.99182,312.88898,157.10114,363.2251,2622.9807,0.0,0.0,0.0,0.0,16.avi
1787,45,9.0,88,298,11808.261,0,72.46436203450855,0.8831241130828857,17,0,35.598003,242.96193,141.2802,354.69562,11808.261,-74.78775,144.76187,12.642702239336884,19.32327160889099,16.avi
1796,45,9.0,106,368,2754.2034,0,199.84442325365904,0.8418834209442139,3,0,77.89443,344.82455,134.85745,393.17526,2754.2034,-98.48517,123.52442,39.03725253975615,230.0884300349336,16.avi
1797,45,9.0,170,124,982.9631,0,0.0,0.6068349480628967,1,0,154.53844,109.23854,186.3437,140.14421,982.9631,0.0,0.0,0.0,0.0,16.avi
1798,45,9.0,836,6,384.70358,0,0.0,0.5582601428031921,1,0,821.1052,0.052207947,851.43945,12.734369,384.70358,0.0,0.0,0.0,0.0,16.avi
1787,46,9.2,72,335,9792.245,0,46.38506456903123,0.8874908685684204,19,0,22.960781,286.00168,121.15961,385.72025,9792.245,-80.25423,175.83658,7.369335835998807,258.40205254958653,16.avi
1796,46,9.2,70,407,2381.1494,0,108.0436270647352,0.8419933319091797,5,0,45.31799,383.9254,96.52919,430.42206,2381.1494,-170.63077,185.20038,21.3295163178343,218.5592690177401,16.avi
1798,46,9.2,830,7,602.7942,0,31.289470486937027,0.4940435886383056,3,0,810.38275,0.084300995,850.0417,15.283754,602.7942,-24.192118,5.1526513,6.301613568977082,185.5249233745344,16.avi
1799,46,9.2,116,155,1056.7242,0,0.0,0.5699166655540466,1,0,99.86609,140.3358,133.60059,171.66054,1056.7242,0.0,0.0,0.0,0.0,16.avi
1787,47,9.4,56,345,10022.942,0,143.44053005436305,0.8841181993484497,21,0,5.957695,296.06503,106.999626,395.2609,10022.942,-78.44929,78.28275,26.02829147560347,90.02059005582726,16.avi
1796,47,9.4,53,421,2905.3901,0,155.81365322405932,0.8660740852355957,7,0,25.506369,396.2234,81.95431,447.69366,2905.3901,-105.69633,99.85562,28.30907776692452,55.086075198516255,16.avi
1798,47,9.4,811,25,774.4889,0,112.01397959178269,0.8441020846366882,5,0,793.2189,14.693699,830.0067,35.74658,774.4889,-87.20546,80.73379,21.721444792766285,228.56788615285564,16.avi
1800,47,9.4,69,163,878.78577,0,0.0,0.7063326239585876,1,0,54.74932,149.19852,84.49934,178.73752,878.78577,0.0,0.0,0.0,0.0,16.avi
1787,48,9.6,50,338,9475.56,0,138.05015162714014,0.8902353048324585,23,0,0.993824,291.0682,100.00769,386.76755,9475.56,-41.097565,-7.8728714,25.072816290061184,68.4460079699005,16.avi
1796,48,9.6,43,411,2704.5508,0,182.71977584132856,0.851780891418457,9,0,16.843447,386.05234,70.04761,436.88577,2704.5508,-64.03252,-17.064568,32.63417627950157,71.40008596898684,16.avi
1798,48,9.6,792,34,1105.4921,0,37.97642645068338,0.7216538190841675,7,0,771.65845,21.371098,812.64404,48.343777,1105.4921,-94.953545,55.771255,7.680327185953674,106.42501948571412,16.avi
1787,49,9.8,45,341,9258.956,0,29.46140169597397,0.8334850072860718,25,0,-2.519024,293.21588,93.3461,389.799,9258.956,-29.050888,8.142242,4.556660478496191,306.63075626477973,16.avi
1796,49,9.8,27,414,2850.4102,0,41.07397691826867,0.8535189628601074,11,0,0.65023804,387.94763,54.187687,441.1891,2850.4102,-76.4187,7.985134,6.969348039610019,238.5236344421945,16.avi
1798,49,9.8,771,46,1235.8032,0,8.02124840331848,0.3063358962535858,9,0,751.5488,31.115227,792.0299,61.643135,1235.8032,-100.21664,57.181847,2.1605540768498663,179.69003800390965,16.avi
1787,50,10.0,33,358,6924.4565,0,93.40387861712246,0.7774689197540283,27,0,-6.479252,315.3955,73.76306,401.68982,6924.4565,-51.978386,67.39595,16.2648709656155,246.04686544901296,16.avi
1796,50,10.0,19,431,2268.0254,0,98.16485776131728,0.7728764414787292,13,0,-4.081215,407.75488,42.76727,456.1668,2268.0254,-48.69715,68.735306,16.34598617574149,294.83251116723324,16.avi
1787,51,10.2,28,376,5586.419,0,37.86703940636875,0.8235714435577393,29,0,-5.819254,335.48016,62.839478,416.84515,5586.419,-31.733725,83.32128,6.1987118002290496,320.076043266192,16.avi
1796,51,10.2,15,454,1741.1097,0,59.447126453289215,0.818861722946167,15,0,-4.4051886,432.3532,34.59836,476.99298,1741.1097,-27.571424,103.21492,9.893422621892531,303.0556621906402,16.avi
1787,52,10.4,15,414,3133.3062,0,128.0562840155393,0.7891988158226013,31,0,-7.7684975,381.50156,39.574356,447.68484,3133.3062,-55.81108,167.03342,22.352041770940776,251.30809281013865,16.avi
1796,52,10.4,5,492,745.31287,0,102.63592821601956,0.4047016203403473,17,0,-6.3481703,476.51837,16.414719,509.2608,745.31287,-45.06677,170.80182,17.301762241663432,254.6422057276055,16.avi
1801,52,10.4,715,9,692.6718,0,0.0,0.7852418422698975,1,0,696.8278,0.0,734.29254,18.488642,692.6718,0.0,0.0,0.0,0.0,16.avi
1802,0,0.0,599,90,459.9512,0,0.0,0.7592246532440186,1,0,589.714,78.764694,609.5565,101.94476,459.9512,0.0,0.0,0.0,0.0,17.avi
1803,1,0.2,686,66,23808.438,0,0.0,0.7070747017860413,1,0,596.34595,0.0,775.70264,132.74352,23808.438,0.0,0.0,0.0,0.0,17.avi
1804,1,0.2,711,100,3524.1877,0,0.0,0.5975162982940674,1,0,681.88293,70.47089,741.33777,129.74593,3524.1877,0.0,0.0,0.0,0.0,17.avi
1805,1,0.2,768,38,815.865,0,0.0,0.5151841044425964,1,0,754.27954,23.86071,781.92334,53.3742,815.865,0.0,0.0,0.0,0.0,17.avi
1803,2,0.4,684,121,20456.152,0,278.0795619107829,0.9163252711296082,3,0,611.12823,51.72293,757.8846,191.11143,20456.152,-6.0593677,219.74222,54.66573548309967,267.8778313326988,17.avi
1802,3,0.6,595,68,914.1096,0,112.10768622569292,0.2790190279483795,5,0,580.08685,53.424133,610.72186,83.26288,914.1096,-3.5668578,-18.556519,22.830231579404742,101.7142833612653,17.avi
1806,3,0.6,543,118,1327.8914,0,0.0,0.7529984712600708,1,0,525.7763,100.02049,561.793,136.88924,1327.8914,0.0,0.0,0.0,0.0,17.avi
1807,3,0.6,638,123,1571.9075,0,0.0,0.6101492643356323,1,0,615.6973,105.89685,660.48395,140.99455,1571.9075,0.0,0.0,0.0,0.0,17.avi
1808,3,0.6,664,77,1701.1715,0,0.0,0.8092012405395508,1,0,645.59,54.934616,683.11176,100.27292,1701.1715,0.0,0.0,0.0,0.0,17.avi
1809,3,0.6,630,75,647.98846,0,0.0,0.6931707262992859,1,0,617.88257,62.800797,643.0266,88.57185,647.98846,0.0,0.0,0.0,0.0,17.avi
1810,3,0.6,559,75,527.1895,0,0.0,0.5384018421173096,1,0,548.1105,63.52427,570.9791,86.5772,527.1895,0.0,0.0,0.0,0.0,17.avi
1803,4,0.8,660,215,23642.664,0,217.1385667537729,0.8587489724159241,6,0,581.7903,139.96057,738.7881,290.55286,23642.664,-41.057823,155.11444,43.584511653831285,118.61083747530888,17.avi
1811,4,0.8,641,207,1487.8296,0,0.0,0.6192343235015869,1,0,622.02893,188.28162,661.3063,226.16171,1487.8296,0.0,0.0,0.0,0.0,17.avi
1812,4,0.8,678,211,1236.4088,0,0.0,0.6033378839492798,1,0,661.8703,192.2365,694.4307,230.20924,1236.4088,0.0,0.0,0.0,0.0,17.avi
1813,4,0.8,720,228,2195.8325,0,0.0,0.5021275281906128,1,0,699.50073,201.76483,741.31824,254.27472,2195.8325,0.0,0.0,0.0,0.0,17.avi
1814,5,1.0,622,359,22593.838,0,0.0,0.890673816204071,1,0,546.28516,285.80676,698.552,434.18994,22593.838,0.0,0.0,0.0,0.0,17.avi
1808,6,1.2,663,90,519.016,0,64.9702900162057,0.3823354542255401,5,0,652.45825,79.09403,675.052,102.06573,519.016,-0.5022468,10.9394865,12.469622672588097,263.7806807302623,17.avi
1815,6,1.2,497,348,1373.1819,0,0.0,0.77280592918396,1,0,478.80817,329.91345,515.67114,367.16443,1373.1819,0.0,0.0,0.0,0.0,17.avi
1816,6,1.2,572,383,619.0703,0,0.0,0.6163712739944458,1,0,560.5618,370.63257,584.49335,396.50098,619.0703,0.0,0.0,0.0,0.0,17.avi
1817,6,1.2,531,371,1081.3253,0,0.0,0.6735894083976746,1,0,515.3291,354.53992,547.0657,388.61182,1081.3253,0.0,0.0,0.0,0.0,17.avi
1818,6,1.2,582,436,1045.6041,0,0.0,0.6613627672195435,1,0,568.7479,417.57108,596.9968,454.58505,1045.6041,0.0,0.0,0.0,0.0,17.avi
1819,6,1.2,540,454,4176.5117,0,0.0,0.7302753329277039,1,0,508.36023,422.43408,572.8717,487.17468,4176.5117,0.0,0.0,0.0,0.0,17.avi
1820,6,1.2,552,352,644.29297,0,0.0,0.5860709547996521,1,0,540.37524,339.0376,565.20996,364.98083,644.29297,0.0,0.0,0.0,0.0,17.avi
1821,6,1.2,546,403,1147.3562,0,0.0,0.7018753886222839,1,0,530.0512,386.10004,563.7476,420.14984,1147.3562,0.0,0.0,0.0,0.0,17.avi
1821,7,1.4,524,406,519.7777,0,111.9817592840643,0.4209182560443878,3,0,514.3848,393.69168,535.4465,418.3705,519.7777,-87.75963,11.601384,23.0791928013459,187.15613965710145,17.avi
1822,7,1.4,474,498,3633.6104,0,0.0,0.6872351765632629,1,0,444.94745,467.79578,503.4389,529.91785,3633.6104,0.0,0.0,0.0,0.0,17.avi
1823,7,1.4,447,550,2706.4045,0,0.0,0.5751957893371582,1,0,421.8265,523.84064,472.8931,576.8382,2706.4045,0.0,0.0,0.0,0.0,17.avi
1807,8,1.6,647,147,730.1049,0,126.86049013583047,0.5168077349662781,7,0,633.21454,134.1307,661.3973,160.03677,730.1049,3.1640494,8.116063,25.182964847975757,290.7190166278461,17.avi
1817,8,1.6,514,389,906.80566,0,120.97605938032362,0.2888042032718658,4,0,501.50632,372.58392,528.38055,406.32654,906.80566,-26.64584,29.310453,24.48163729872412,225.37524002697825,17.avi
1823,8,1.6,481,558,1987.324,0,178.62331709503195,0.7508811950683594,3,0,458.29785,537.58246,505.10626,580.039,1987.324,137.09485,33.817577,34.50141220910447,347.171307151608,17.avi
1824,8,1.6,527,553,875.15314,0,0.0,0.7664104700088501,1,0,513.2766,537.33795,540.82153,569.1098,875.15314,0.0,0.0,0.0,0.0,17.avi
1825,8,1.6,552,605,1430.4965,0,0.0,0.7941020131111145,1,0,535.2971,584.854,569.29944,626.92456,1430.4965,0.0,0.0,0.0,0.0,17.avi
1802,9,1.8,592,8,385.2328,0,111.19689935667697,0.6082079410552979,12,0,582.2921,-0.30335522,603.1416,18.173485,385.2328,-0.02884388,-13.223902,21.06084412681,303.3442555860818,17.avi
1803,9,1.8,505,663,18296.258,0,179.79795409890315,0.5829448699951172,12,0,433.5285,599.82,577.72314,726.7059,18296.258,-53.79349,148.10269,36.622137168617165,151.2764072396227,17.avi
1815,9,1.8,492,362,1081.5663,0,75.06072457913552,0.6785681843757629,5,0,477.08807,345.93384,508.9002,379.93237,1081.5663,-3.5791774,12.134965,14.444864293744244,248.731757039858,17.avi
1826,9,1.8,584,152,993.84344,0,0.0,0.6894034147262573,1,0,570.0951,135.49606,598.761,170.16595,993.84344,0.0,0.0,0.0,0.0,17.avi
1806,10,2.0,551,126,1001.15857,0,52.913220543989326,0.5620569586753845,9,0,534.9968,110.55883,567.3004,141.55106,1001.15857,1.3696357,1.413549,10.439831703867132,313.7200132373655,17.avi
1823,10,2.0,570,582,850.942,0,35.49266606101021,0.7414910793304443,6,0,555.4953,567.93854,584.9183,596.85944,850.942,147.71907,39.425316,6.700490943348076,334.36627773842343,17.avi
1827,10,2.0,577,622,18254.4,0,0.0,0.7615795135498047,1,0,515.32996,549.2593,640.339,695.28394,18254.4,0.0,0.0,0.0,0.0,17.avi
1824,11,2.2,509,570,362.81433,0,125.4210191433046,0.2037100344896316,5,0,498.85825,561.9298,519.39606,579.59546,362.81433,-15.109018,14.786036,24.6415769408868,222.90662591334836,17.avi
1828,11,2.2,521,186,1338.9313,0,0.0,0.7480449676513672,1,0,503.29852,168.5156,540.0588,204.93893,1338.9313,0.0,0.0,0.0,0.0,17.avi
1829,11,2.2,700,678,663.067,0,0.0,0.5697526335716248,1,0,687.0552,665.85333,714.2986,690.19196,663.067,0.0,0.0,0.0,0.0,17.avi
1828,12,2.4,509,207,1480.0544,0,119.03124955145508,0.5181313753128052,3,0,488.48166,189.77122,531.17786,224.43602,1480.0544,-47.30104,81.342735,23.91091742028084,237.9779744858381,17.avi
1830,12,2.4,767,620,14115.062,0,0.0,0.9140233993530272,1,0,701.74194,566.22766,832.3689,674.28394,14115.062,0.0,0.0,0.0,0.0,17.avi
1827,13,2.6,665,647,30735.816,0,455.7305779882558,0.8899813294410706,5,0,574.33154,562.98724,756.5438,731.66864,30735.816,73.85374,21.123686,90.60531223338695,344.1616444855759,17.avi
1831,13,2.6,467,272,1278.6569,0,0.0,0.8163247108459473,1,0,447.18405,257.37115,488.3788,288.41046,1278.6569,0.0,0.0,0.0,0.0,17.avi
1832,13,2.6,735,688,570.5915,0,0.0,0.6694578528404236,1,0,721.72235,678.5299,749.0219,699.431,570.5915,0.0,0.0,0.0,0.0,17.avi
1833,13,2.6,726,653,629.20276,0,0.0,0.6670823693275452,1,0,714.16455,639.9664,738.11536,666.237,629.20276,0.0,0.0,0.0,0.0,17.avi
1827,14,2.8,657,641,24473.305,0,140.25034991806007,0.9053711891174316,7,0,577.116,565.5957,738.2768,717.4523,24473.305,-17.423897,-19.538683,25.4949087561892,155.54912049285758,17.avi
1834,14,2.8,459,330,1214.9175,0,0.0,0.8186160326004028,1,0,438.99042,315.28622,479.7746,345.07516,1214.9175,0.0,0.0,0.0,0.0,17.avi
1819,15,3.0,493,446,1306.7996,0,237.54902560097463,0.8330068588256836,11,0,474.3824,429.4759,513.3924,462.97498,1306.7996,-5.458337,-1.0021002,48.42310855482244,169.52410078654248,17.avi
1825,15,3.0,579,621,1903.9572,0,158.5484763881592,0.4009764492511749,9,0,557.0401,600.60815,602.91486,642.1116,1903.9572,5.1480904,2.8774009,30.680868733008094,330.4941311325922,17.avi
1827,15,3.0,652,631,9904.454,0,36.87640713021379,0.6423035860061646,9,0,602.7144,581.75385,702.8315,680.68256,9904.454,-23.011192,-44.386963,6.9761213209039,108.48313941955188,17.avi
1835,15,3.0,656,692,1457.7404,0,0.0,0.637532114982605,1,0,638.854,671.14606,673.7219,712.95355,1457.7404,0.0,0.0,0.0,0.0,17.avi
1830,16,3.2,747,602,25890.926,0,131.5977968228185,0.6205624938011169,6,0,663.3522,525.6482,832.51697,678.6997,25890.926,-9.777289,-9.246003,27.119993386204623,137.68942067668922,17.avi
1833,16,3.2,704,627,2386.0518,0,168.81254995390393,0.7677361965179443,5,0,681.91565,600.8651,727.55286,653.1482,2386.0518,-18.046062,-21.999378,34.226824033297845,130.30525407979326,17.avi
1830,17,3.4,783,646,24791.848,0,339.64447464380504,0.9028671383857728,8,0,705.50574,567.59784,862.48254,725.53094,24791.848,146.92941,181.36432,58.79431882118213,309.0255984040073,17.avi
1833,18,3.6,740,606,6816.0537,0,236.8458889596904,0.3756996989250183,8,0,696.5373,567.1876,783.48676,645.5786,6816.0537,65.51396,-35.454227,46.74985973093592,9.613165145440805,17.avi
1836,18,3.6,772,505,1539.1082,0,0.0,0.749552845954895,1,0,750.56714,487.65942,794.27905,522.8697,1539.1082,0.0,0.0,0.0,0.0,17.avi
1837,18,3.6,812,563,947.6206,0,0.0,0.7475032210350037,1,0,797.6006,548.35266,828.29736,579.223,947.6206,0.0,0.0,0.0,0.0,17.avi
1838,18,3.6,726,532,1465.9974,0,0.0,0.6425270438194275,1,0,708.28467,513.2286,745.6599,552.45233,1465.9974,0.0,0.0,0.0,0.0,17.avi
1839,18,3.6,759,536,639.6125,0,0.0,0.5762113332748413,1,0,746.3037,524.38196,772.292,548.9935,639.6125,0.0,0.0,0.0,0.0,17.avi
1840,18,3.6,769,570,29243.637,0,0.0,0.8315573334693909,1,0,681.73694,486.54517,856.4022,653.9719,29243.637,0.0,0.0,0.0,0.0,17.avi
1841,19,3.8,720,689,18368.807,0,0.0,0.903986930847168,1,0,655.577,619.6959,786.32654,760.18445,18368.807,0.0,0.0,0.0,0.0,17.avi
1835,20,4.0,672,723,1103.0273,0,178.20297130644354,0.5579415559768677,7,0,657.478,705.7598,688.51575,741.29803,1103.0273,5.736973,10.808283,34.70997939095762,296.9148767549098,17.avi
1841,20,4.0,719,722,3961.503,0,166.66019237740997,0.6094943881034851,3,0,684.33636,694.4577,753.991,751.3311,3961.503,-7.137977,131.55368,32.11917116970374,266.516167193702,17.avi
1842,20,4.0,759,811,2002.8466,0,0.0,0.7998533248901367,1,0,737.3054,788.9863,780.9928,834.8313,2002.8466,0.0,0.0,0.0,0.0,17.avi
1843,20,4.0,703,822,1706.6736,0,0.0,0.7827942371368408,1,0,684.2539,799.9501,722.9429,844.06274,1706.6736,0.0,0.0,0.0,0.0,17.avi
1844,20,4.0,768,770,1202.0231,0,0.0,0.787015438079834,1,0,749.4889,755.4408,788.50256,786.2511,1202.0231,0.0,0.0,0.0,0.0,17.avi
1845,20,4.0,717,760,1583.2892,0,0.0,0.5138393044471741,1,0,697.00757,740.95966,737.20264,780.3498,1583.2892,0.0,0.0,0.0,0.0,17.avi
1844,21,4.2,779,750,722.30334,0,114.9716911056374,0.4364331364631653,3,0,766.45496,736.83234,792.58044,764.4798,722.30334,42.00377,-80.59825,23.122261672982837,64.36297554140663,17.avi
1846,21,4.2,884,745,1106.0762,0,0.0,0.6800175309181213,1,0,868.50793,728.3181,901.29456,762.0537,1106.0762,0.0,0.0,0.0,0.0,17.avi
1847,21,4.2,846,739,843.6238,0,0.0,0.5099146962165833,1,0,831.7368,725.2772,862.0823,753.0779,843.6238,0.0,0.0,0.0,0.0,17.avi
1848,21,4.2,831,776,24349.777,0,0.0,0.9155096411705016,1,0,752.0161,699.7982,910.56665,853.3756,24349.777,0.0,0.0,0.0,0.0,17.avi
1825,22,4.4,619,641,332.6438,0,57.35310511082457,0.2100865542888641,17,0,608.6337,633.8264,630.5129,649.03015,332.6438,7.438079,3.7186043,10.78602152879674,340.9152163903206,17.avi
1849,22,4.4,928,832,518.98566,0,0.0,0.5868975520133972,1,0,917.45276,820.94525,940.4242,843.5379,518.98566,0.0,0.0,0.0,0.0,17.avi
1837,23,4.6,814,589,643.39484,0,129.86534152624836,0.2040872424840927,7,0,801.6664,577.0078,826.96533,602.43945,643.39484,0.46931306,8.904983,25.234055869620757,272.3871209800649,17.avi
1842,23,4.6,764,826,905.9636,0,76.70619847904388,0.7877067923545837,5,0,749.0314,811.6082,779.8616,840.99384,905.9636,4.465954,12.133345,14.902774313235025,288.9960248947528,17.avi
1848,23,4.6,825,810,26357.943,0,171.75022375365182,0.2162552773952484,4,0,749.6873,723.7372,901.70294,897.12695,26357.943,-9.174162,55.483845,34.00023231203464,259.33657177617715,17.avi
1850,23,4.6,797,871,893.13715,0,0.0,0.791092038154602,1,0,780.42065,858.6504,814.33154,884.98816,893.13715,0.0,0.0,0.0,0.0,17.avi
1851,23,4.6,885,837,428.15887,0,0.0,0.6289998888969421,1,0,875.87787,826.76013,895.1862,848.93494,428.15887,0.0,0.0,0.0,0.0,17.avi
1852,23,4.6,845,871,2622.6372,0,0.0,0.6220731735229492,1,0,821.1279,845.3396,870.69385,898.2517,2622.6372,0.0,0.0,0.0,0.0,17.avi
1853,23,4.6,765,854,688.45337,0,0.0,0.5774373412132263,1,0,753.54016,840.69275,777.9547,868.89124,688.45337,0.0,0.0,0.0,0.0,17.avi
1854,23,4.6,874,816,447.4809,0,0.0,0.5496657490730286,1,0,864.4361,805.97974,885.4002,827.3248,447.4809,0.0,0.0,0.0,0.0,17.avi
1855,23,4.6,809,836,1881.5055,0,0.0,0.7390302419662476,1,0,786.991,815.54395,831.1829,858.11975,1881.5055,0.0,0.0,0.0,0.0,17.avi
1846,24,4.8,896,764,3020.7197,0,113.09956111319312,0.4970673620700836,5,0,870.1535,735.8444,922.4921,793.55927,3020.7197,9.628952,16.452852,21.843814372921504,300.5370888134458,17.avi
1847,24,4.8,838,753,3363.1704,0,83.82659400155579,0.1648230701684951,5,0,810.97516,722.8683,865.71967,784.3021,3363.1704,-7.218281,12.1463585,16.445062998444293,237.1953565300878,17.avi
1848,24,4.8,858,774,21498.254,0,323.0315197290049,0.8572494983673096,6,0,788.10205,697.8861,927.9271,851.6372,21498.254,131.46542,-137.09247,58.5192909152076,54.31049867370064,17.avi
1855,24,4.8,843,807,1885.3032,0,229.87063774832663,0.1811839342117309,3,0,822.20233,785.0758,864.95294,829.1758,1885.3032,137.68735,-118.58697,45.16671807587264,41.33671731105778,17.avi
1856,24,4.8,621,9,601.6011,0,0.0,0.676649272441864,1,0,606.12085,0.0,637.7881,18.997587,601.6011,0.0,0.0,0.0,0.0,17.avi
1848,25,5.0,904,781,24485.531,0,224.31333497439704,0.806049644947052,8,0,831.5669,698.0795,978.1958,865.0694,24485.531,211.06415,-4.6525116,38.99450968671137,300.3315130404536,17.avi
1851,25,5.0,901,854,2006.8752,0,116.54230679114178,0.5071806907653809,4,0,874.7159,835.98914,928.76886,873.11707,2006.8752,26.574293,27.386189,22.364253434700952,313.75987210040995,17.avi
1854,25,5.0,872,819,2454.6855,0,20.250548920892324,0.273987740278244,4,0,847.5448,795.5509,897.74744,844.4464,2454.6855,-3.724624,5.485811,3.745315300825438,218.8174417915787,17.avi
1855,25,5.0,854,781,1557.7319,0,85.65569580300526,0.4750109016895294,5,0,835.4767,761.72003,874.022,802.133,1557.7319,62.74623,-125.372696,17.28373204597829,171.99010558906866,17.avi
1856,25,5.0,597,14,528.0887,0,127.94312465208677,0.7947564125061035,3,0,586.0298,2.7701893,608.26416,26.521204,528.0887,-99.03184,20.546522,25.35717493911771,190.2248824301653,17.avi
1845,26,5.2,728,742,729.8826,0,103.95365656986728,0.5821447372436523,8,0,713.06537,730.746,742.9571,755.16345,729.8826,2.6904776,-4.3664966,21.603183161711595,59.71383818515113,17.avi
1849,26,5.2,918,837,525.7107,0,57.24407014488117,0.3244741559028625,6,0,907.63086,825.35986,929.68604,849.19604,525.7107,-5.256629,2.5753262,11.928656988221013,203.50985747001823,17.avi
1856,26,5.2,583,28,623.7717,0,58.53176312145533,0.799254298210144,5,0,572.0545,14.495265,594.8571,41.85058,623.7717,-71.02942,63.67237,10.839699410818524,301.4733249568171,17.avi
1857,26,5.2,955,959,4024.3027,0,0.0,0.7183183431625366,1,0,928.7487,921.7633,982.6519,996.42126,4024.3027,0.0,0.0,0.0,0.0,17.avi
1858,26,5.2,949,908,822.6561,0,0.0,0.6908732652664185,1,0,935.13965,894.60095,964.51587,922.6051,822.6561,0.0,0.0,0.0,0.0,17.avi
1859,26,5.2,828,966,1078.4718,0,0.0,0.6330090165138245,1,0,813.2198,949.3145,844.4992,983.79315,1078.4718,0.0,0.0,0.0,0.0,17.avi
1860,26,5.2,898,951,24878.715,0,0.0,0.807953953742981,1,0,811.54333,879.69946,984.5304,1023.5178,24878.715,0.0,0.0,0.0,0.0,17.avi
1860,27,5.4,916,882,15683.518,0,362.49438888321873,0.9065485000610352,3,0,847.6807,824.8359,984.53107,939.4393,15683.518,72.13197,-277.32977,71.88906267421466,75.5300037063231,17.avi
1851,28,5.6,907,885,1925.708,0,132.23088151549496,0.7370615005493164,8,0,883.7764,864.944,930.8881,905.81934,1925.708,1.6824131,25.46025,26.74094093036544,174.81526792706802,17.avi
1857,28,5.6,935,938,3784.557,0,143.94034213344858,0.6548487544059753,4,0,902.82324,909.662,968.5502,967.24207,3784.557,-32.809246,-33.83648,29.55313236971224,134.46264555694688,17.avi
1860,28,5.6,938,884,24755.463,0,304.7884565767202,0.8158083558082581,5,0,855.38403,809.87634,1020.93115,959.4136,24755.463,107.04934,-11.862579,57.812703075084485,277.4216779557016,17.avi
1861,28,5.6,588,24,741.9748,0,0.0,0.6765892505645752,1,0,575.2788,10.476129,601.41565,38.864212,741.9748,0.0,0.0,0.0,0.0,17.avi
1847,29,5.8,830,756,763.55566,0,179.6142772193889,0.6814619898796082,11,0,815.8128,743.3156,844.33734,770.08405,763.55566,-1.8700075,-1.1716785,36.53409705216815,68.63875281681794,17.avi
1861,29,5.8,594,35,1324.6089,0,61.4706873176636,0.8347176909446716,3,0,575.7126,17.40887,612.5828,53.33505,1324.6089,23.155485,42.721714,11.775364591750996,298.68870771127723,17.avi
1862,29,5.8,834,726,1007.97943,0,0.0,0.7419735789299011,1,0,816.9801,712.07733,851.46814,741.30426,1007.97943,0.0,0.0,0.0,0.0,17.avi
1863,29,5.8,894,686,5518.6743,0,0.0,0.6654908657073975,1,0,856.22754,650.8196,933.031,722.6741,5518.6743,0.0,0.0,0.0,0.0,17.avi
1864,29,5.8,895,721,30861.29,0,0.0,0.8777440786361694,1,0,797.5657,642.96985,993.23193,800.694,30861.29,0.0,0.0,0.0,0.0,17.avi
1840,30,6.0,849,597,20000.7,0,423.8170460118727,0.9413176774978638,14,0,774.7904,530.49084,923.817,664.6997,20000.7,5.4724364,1.864526,84.28509624235265,341.5018626150447,17.avi
1861,30,6.0,584,58,1051.3722,0,105.64146007851836,0.2319600731134414,5,0,568.5717,41.801945,600.4327,74.800644,1051.3722,-42.218964,108.59242,20.414792197994444,223.62038351388088,17.avi
1840,31,6.2,824,614,8097.8467,0,163.76802125443933,0.785804808139801,16,0,779.4696,569.5861,870.04016,658.9953,8097.8467,-110.62144,75.76074,30.88499962701108,211.27058968521507,17.avi
1854,31,6.2,874,800,690.0713,0,232.0536813108449,0.7751761078834534,11,0,860.9823,787.9081,888.9385,812.59216,690.0713,1.3828928,-6.684183,46.27391115188831,68.44959535683637,17.avi
1861,31,6.2,583,81,881.7561,0,40.56987360620519,0.5187411904335022,7,0,567.98413,67.312675,598.1992,96.49537,881.7561,-15.247801,115.818115,7.010455627689193,351.96244501784224,17.avi
1865,31,6.2,759,673,2143.2588,0,0.0,0.782937228679657,1,0,733.5731,653.4171,785.7511,694.49304,2143.2588,0.0,0.0,0.0,0.0,17.avi
1866,31,6.2,852,607,708.79645,0,0.0,0.7899662256240845,1,0,839.985,593.39185,864.9247,621.81226,708.79645,0.0,0.0,0.0,0.0,17.avi
1867,31,6.2,790,642,348.03387,0,0.0,0.6939546465873718,1,0,781.8141,632.7432,799.798,652.09576,348.03387,0.0,0.0,0.0,0.0,17.avi
1868,31,6.2,747,616,4205.4517,0,0.0,0.6604954600334167,1,0,711.5763,586.7052,783.10583,645.4984,4205.4517,0.0,0.0,0.0,0.0,17.avi
1869,31,6.2,836,638,752.0666,0,0.0,0.8072451949119568,1,0,823.8538,623.38226,849.4953,652.71234,752.0666,0.0,0.0,0.0,0.0,17.avi
1870,31,6.2,823,577,591.4363,0,0.0,0.6302403211593628,1,0,812.2678,564.3124,835.53625,589.73035,591.4363,0.0,0.0,0.0,0.0,17.avi
1871,31,6.2,804,638,603.7969,0,0.0,0.5573603510856628,1,0,793.51855,625.1119,815.7925,652.21967,603.7969,0.0,0.0,0.0,0.0,17.avi
1872,31,6.2,803,675,1575.1128,0,0.0,0.6315308809280396,1,0,786.05444,653.06647,820.9343,698.2247,1575.1128,0.0,0.0,0.0,0.0,17.avi
1861,32,6.4,584,114,1138.5228,0,57.99190022530418,0.2882906794548034,9,0,567.4675,97.8131,602.49976,130.31244,1138.5228,3.7198887,150.34506,9.769947553727738,293.89790688192227,17.avi
1868,32,6.4,730,604,4298.281,0,100.76752460752182,0.7366229891777039,3,0,696.3499,573.7037,765.4086,635.94464,4298.281,-65.715805,-45.020546,21.146305595411004,145.0899723002828,17.avi
1873,32,6.4,736,652,28372.318,0,0.0,0.8835133910179138,1,0,650.8092,569.57996,821.6102,735.69324,28372.318,0.0,0.0,0.0,0.0,17.avi
1874,32,6.4,713,695,1740.9104,0,0.0,0.6518382430076599,1,0,692.2964,675.3192,734.47107,716.5978,1740.9104,0.0,0.0,0.0,0.0,17.avi
1836,33,6.6,759,490,25313.018,0,99.70472740181692,0.929199755191803,17,0,680.4994,409.93298,837.9558,570.69495,25313.018,-0.5911027,-0.6697237,20.32698194871778,131.32722125008104,17.avi
1875,33,6.6,739,465,1000.2385,0,0.0,0.6146149039268494,1,0,725.8079,447.79865,753.80536,483.52472,1000.2385,0.0,0.0,0.0,0.0,17.avi
1876,33,6.6,549,131,991.13367,0,0.0,0.5751828551292419,1,0,535.8899,114.01131,563.6084,149.76842,991.13367,0.0,0.0,0.0,0.0,17.avi
1836,34,6.8,737,513,27065.168,0,168.57174098115763,0.829255223274231,19,0,657.2866,429.05615,817.8595,597.61,27065.168,-99.43482,105.59427,31.7738226272232,225.906113452831,17.avi
1839,34,6.8,780,540,1718.3677,0,107.52547984121,0.3058274984359741,18,0,759.4982,519.6407,801.5756,560.47894,1718.3677,0.84214216,0.13370462,20.96544749835423,350.9099602558888,17.avi
1875,34,6.8,737,479,1139.5143,0,69.23738045318323,0.1755805164575576,3,0,719.73456,462.98422,754.97614,495.31863,1139.5143,-9.785648,53.851223,13.630405541591172,258.1172088269452,17.avi
1876,34,6.8,527,132,985.81537,0,112.81884069084992,0.6878443360328674,3,0,511.46637,116.71574,543.35394,147.6311,985.81537,-89.17767,1.1319247,22.749412117708285,180.2773901898632,17.avi
1877,34,6.8,742,600,577.54474,0,0.0,0.633692741394043,1,0,730.1136,588.7706,754.1613,612.78723,577.54474,0.0,0.0,0.0,0.0,17.avi
1865,35,7.0,752,643,2236.4517,0,154.91698115593422,0.6250285506248474,6,0,729.01953,620.0347,776.063,667.57477,2236.4517,-3.6412065,-15.41713,31.8892580942128,103.90261966075924,17.avi
1873,35,7.0,754,596,20263.531,0,293.96932706480214,0.3064048290252685,5,0,685.6167,522.69,822.59973,670.6174,20263.531,15.089317,-47.196285,59.3649581816157,72.56182567745134,17.avi
1876,35,7.0,539,161,1221.2218,0,218.82073840639583,0.8303702473640442,5,0,521.90924,144.4823,557.2448,179.04303,1221.2218,48.207214,135.58823,41.03443614618897,315.8147465356702,17.avi
1877,35,7.0,730,613,1916.7087,0,88.27108916320684,0.4600749909877777,3,0,707.09625,593.4234,753.9902,634.2967,1916.7087,-46.28443,52.22004,17.22417651626462,225.1966847317676,17.avi
1868,36,7.2,599,553,615.97705,0,193.7958479142985,0.6661913394927979,8,0,587.3318,541.1475,612.2119,565.90533,615.97705,-65.54121,-24.156258,38.219540394059294,269.32892962329345,17.avi
1876,36,7.2,550,186,1087.05,0,14.503551257824904,0.8065319061279297,7,0,534.4548,169.58214,566.4268,203.5821,1087.05,52.894627,126.77515,2.984462183782329,74.81866993609657,17.avi
1878,36,7.2,564,643,461.39822,0,0.0,0.6692538261413574,1,0,553.90424,632.77527,575.6556,653.9877,461.39822,0.0,0.0,0.0,0.0,17.avi
1879,36,7.2,605,613,771.7195,0,0.0,0.7238999009132385,1,0,591.6864,599.27454,619.6935,626.829,771.7195,0.0,0.0,0.0,0.0,17.avi
1880,36,7.2,608,667,3714.1387,0,0.0,0.7556903958320618,1,0,576.0843,639.2621,641.5308,696.0128,3714.1387,0.0,0.0,0.0,0.0,17.avi
1881,36,7.2,636,575,964.9858,0,0.0,0.5984379649162292,1,0,622.0731,559.1777,651.7042,591.7443,964.9858,0.0,0.0,0.0,0.0,17.avi
1882,36,7.2,590,572,548.9525,0,0.0,0.5100579857826233,1,0,578.459,561.4496,602.3379,584.4386,548.9525,0.0,0.0,0.0,0.0,17.avi
1876,37,7.4,542,231,1030.9384,0,152.43686289314417,0.1601751893758773,9,0,526.7102,214.52846,557.5939,247.9098,1030.9384,-19.52718,200.78726,26.92845744909,225.06489961627616,17.avi
1883,37,7.4,485,656,18257.652,0,0.0,0.8906962871551514,1,0,419.58545,587.24756,551.41406,725.7429,18257.652,0.0,0.0,0.0,0.0,17.avi
1876,38,7.6,536,271,800.33545,0,8.666363670501488,0.5761837363243103,11,0,523.01666,256.86157,550.4161,286.07153,800.33545,-25.413177,201.13327,2.27792636557429,170.48417233546502,17.avi
1876,39,7.8,514,291,1114.5948,0,146.5422671867167,0.2552519142627716,13,0,498.29587,275.11496,531.46405,308.71933,1114.5948,-89.84909,125.073616,27.187445103878336,130.43599554810243,17.avi
1884,39,7.8,418,736,15240.584,0,0.0,0.9119266271591188,1,0,355.05212,676.1852,481.23102,796.9707,15240.584,0.0,0.0,0.0,0.0,17.avi
1876,40,8.0,480,298,1484.8235,0,136.3056635149659,0.6355825662612915,15,0,461.30292,279.96097,500.3678,317.97012,1484.8235,-151.67174,55.97625,25.384393976528315,131.7715541303863,17.avi
1884,40,8.0,442,769,2235.88,0,204.75279242700097,0.6682628989219666,3,0,416.32007,747.6105,467.966,790.90295,2235.88,95.814224,130.45409,40.254372234564805,306.3482470392076,17.avi
1865,41,8.2,715,569,484.19226,0,117.29238147579365,0.5921536684036255,13,0,704.6246,558.7347,726.9649,580.40814,484.19226,-9.7960615,-18.137287,24.413869032589155,155.68419436394242,17.avi
1877,41,8.2,531,770,14437.655,0,315.9723609402872,0.8586590886116028,10,0,469.90335,711.5843,593.1335,828.7443,14437.655,-47.503227,35.631264,63.39368285970006,94.65844512088675,17.avi
1885,41,8.2,487,808,1394.8495,0,0.0,0.7974745631217957,1,0,465.9519,792.23615,509.59656,824.1954,1394.8495,0.0,0.0,0.0,0.0,17.avi
1886,41,8.2,457,735,1756.2877,0,0.0,0.844992458820343,1,0,436.51416,715.09607,478.61072,756.8165,1756.2877,0.0,0.0,0.0,0.0,17.avi
1865,42,8.4,714,573,391.57635,0,44.65113781016458,0.5823851227760315,15,0,704.717,563.8439,724.27203,583.86816,391.57635,-7.018072,15.216885,7.05794730047175,271.3354338298084,17.avi
1887,42,8.4,517,343,1000.2339,0,0.0,0.6823170781135559,1,0,501.31696,328.51376,534.08954,359.0342,1000.2339,0.0,0.0,0.0,0.0,17.avi
1888,42,8.4,647,777,15273.223,0,0.0,0.923930525779724,1,0,587.244,714.3817,708.4413,840.40125,15273.223,0.0,0.0,0.0,0.0,17.avi
1865,43,8.6,719,565,456.40747,0,74.33028326540747,0.6149114370346069,17,0,709.2458,554.41187,730.05023,576.34985,456.40747,18.43649,-29.49786,13.285847292449946,63.59150875203181,17.avi
1883,43,8.6,493,635,476.0547,0,115.50155620215908,0.4053358733654022,8,0,483.2035,623.9701,504.76416,646.0498,476.0547,2.0929759,-5.3003116,22.766180464003693,70.7648011437816,17.avi
1887,43,8.6,526,363,1125.3114,0,109.21433772021425,0.3341664671897888,3,0,507.06076,349.11472,546.3289,377.77182,1125.3114,35.894463,78.52004,20.939811176608035,293.3420272971952,17.avi
1889,43,8.6,736,927,1001.7626,0,0.0,0.7224087119102478,1,0,722.3555,909.7051,751.23883,944.3882,1001.7626,0.0,0.0,0.0,0.0,17.avi
1890,43,8.6,725,797,605.93896,0,0.0,0.684432327747345,1,0,712.893,785.28503,737.127,810.2887,605.93896,0.0,0.0,0.0,0.0,17.avi
1891,43,8.6,682,817,1089.1578,0,0.0,0.6362611651420593,1,0,665.79443,801.499,699.5476,833.76733,1089.1578,0.0,0.0,0.0,0.0,17.avi
1865,44,8.8,710,577,550.40845,0,123.04041486009376,0.4304032623767853,19,0,699.1014,564.97595,721.87006,589.1499,550.40845,-30.911095,38.022663,22.01674644480073,232.7214768220396,17.avi
1887,44,8.8,542,387,910.7277,0,62.4334038615673,0.7607007026672363,5,0,526.84454,372.87372,558.66473,401.4948,910.7277,76.56137,115.32237,11.300517702177682,315.98080442902244,17.avi
1889,44,8.8,704,921,17022.092,0,163.593140874977,0.8454480171203613,3,0,642.2722,853.5679,767.4717,989.5277,17022.092,-127.44599,-21.951427,33.3499141263093,169.55400059851365,17.avi
1892,44,8.8,685,942,3010.742,0,0.0,0.5456013083457947,1,0,657.1102,915.9719,714.17957,968.7278,3010.742,0.0,0.0,0.0,0.0,17.avi
1893,44,8.8,532,631,627.7046,0,0.0,0.5442821979522705,1,0,520.6018,618.51324,544.92334,644.32184,627.7046,0.0,0.0,0.0,0.0,17.avi
1880,45,9.0,603,680,378.57373,0,70.6979403340158,0.3879863619804382,11,0,594.2221,670.25165,612.3997,691.07806,378.57373,-0.6420562,1.5217224,13.658708650176289,244.83726409752217,17.avi
1881,45,9.0,633,601,1294.7268,0,129.40153192439712,0.7455733418464661,11,0,616.08997,582.8681,651.49036,619.44196,1294.7268,-0.3619333,3.0013027,25.833357597739926,261.34241052247023,17.avi
1887,45,9.0,557,428,1179.47,0,104.16046870215344,0.7853360176086426,7,0,539.8209,411.80215,574.28174,446.02853,1179.47,72.66685,186.90515,17.78328383177093,266.5605180678358,17.avi
1889,45,9.0,617,928,14764.948,0,326.37845437487687,0.7176275849342346,5,0,562.26013,861.80634,673.27673,994.804,14764.948,-409.58566,29.095005,63.317981635005104,189.85982857539423,17.avi
1892,45,9.0,695,901,1805.6147,0,209.83814510378775,0.7924622893333435,3,0,673.1341,881.69556,717.6844,922.22534,1805.6147,38.97951,-161.2351,42.394909237784894,77.2518639451934,17.avi
1894,45,9.0,655,878,815.8253,0,0.0,0.5969183444976807,1,0,642.5225,862.74963,668.88556,893.69543,815.8253,0.0,0.0,0.0,0.0,17.avi
1895,45,9.0,618,893,1288.1111,0,0.0,0.5576109290122986,1,0,601.6533,873.75354,634.6194,912.8274,1288.1111,0.0,0.0,0.0,0.0,17.avi
1896,45,9.0,655,908,724.8234,0,0.0,0.7355955839157104,1,0,641.1598,895.125,668.91785,921.2372,724.8234,0.0,0.0,0.0,0.0,17.avi
1897,46,9.2,570,535,2011.3247,0,0.0,0.7425014972686768,1,0,548.1361,512.7057,592.5563,557.9852,2011.3247,0.0,0.0,0.0,0.0,17.avi
1898,46,9.2,634,992,10134.942,0,0.0,0.8480517268180847,1,0,552.46545,961.6043,715.8512,1023.6351,10134.942,0.0,0.0,0.0,0.0,17.avi
1899,47,9.4,520,560,380.36935,0,0.0,0.5272656083106995,1,0,511.3429,550.54126,529.68604,571.2776,380.36935,0.0,0.0,0.0,0.0,17.avi
1900,48,9.6,506,596,1316.578,0,0.0,0.721392035484314,1,0,487.35577,578.53906,525.0517,613.46533,1316.578,0.0,0.0,0.0,0.0,17.avi
1901,48,9.6,874,1005,3893.9473,0,0.0,0.6596736907958984,1,0,822.1775,986.4757,926.7805,1023.70166,3893.9473,0.0,0.0,0.0,0.0,17.avi
1902,0,0.0,950,200,1712.1259,0,0.0,0.8579281568527222,1,0,930.0585,179.0122,970.64026,221.20172,1712.1259,0.0,0.0,0.0,0.0,19.avi
1903,0,0.0,1074,654,1551.08,0,0.0,0.8515627384185791,1,0,1056.9036,632.7196,1092.7517,675.9877,1551.08,0.0,0.0,0.0,0.0,19.avi
1904,0,0.0,1039,683,1553.7427,0,0.0,0.7900089621543884,1,0,1020.31165,663.3769,1059.2719,703.25714,1553.7427,0.0,0.0,0.0,0.0,19.avi
1904,1,0.2,1013,658,6555.7627,0,183.45743309540683,0.7878641486167908,3,0,977.1479,613.09625,1049.1632,704.1291,6555.7627,-106.33193,-98.62027,36.861213938380025,136.62109656981448,19.avi
1905,1,0.2,906,267,4131.0747,0,0.0,0.866931140422821,1,0,871.4308,237.88379,940.7201,297.50446,4131.0747,0.0,0.0,0.0,0.0,19.avi
1905,2,0.4,878,303,3158.228,0,226.28153076101648,0.7271419167518616,3,0,849.6656,276.0055,907.7703,330.3595,3158.228,-109.21144,141.6702,45.10804029918485,231.50807548078515,19.avi
1906,2,0.4,1026,596,4385.777,0,0.0,0.7265308499336243,1,0,990.9862,565.013,1061.6,627.1224,4385.777,0.0,0.0,0.0,0.0,19.avi
1906,3,0.6,1015,578,1158.7478,0,104.93950100556695,0.7630531191825867,3,0,996.06256,563.34094,1034.1171,593.79065,1158.7478,-44.72357,-69.86788,21.306694945901604,122.0071751702102,19.avi
1907,3,0.6,910,342,2113.0825,0,0.0,0.8694449067115784,1,0,887.7813,319.08383,933.5284,365.27438,2113.0825,0.0,0.0,0.0,0.0,19.avi
1908,3,0.6,1025,539,1743.6558,0,0.0,0.8551090955734253,1,0,1003.1588,519.96454,1048.5604,558.3697,1743.6558,0.0,0.0,0.0,0.0,19.avi
1909,3,0.6,1038,567,742.8484,0,0.0,0.7476517558097839,1,0,1025.5059,552.4839,1050.6895,581.9812,742.8484,0.0,0.0,0.0,0.0,19.avi
1908,4,0.8,1007,539,3509.7668,0,90.36889201751713,0.8184431195259094,3,0,976.26013,511.53256,1039.6688,566.88403,3509.7668,-71.43767,0.16452956,18.86035952214573,179.4923178982342,19.avi
1910,4,0.8,967,378,1020.40314,0,0.0,0.7988453507423401,1,0,952.3134,362.52087,983.35126,395.39697,1020.40314,0.0,0.0,0.0,0.0,19.avi
1911,4,0.8,975,515,695.39166,0,0.0,0.7884582877159119,1,0,961.8424,503.1449,989.1405,528.6189,695.39166,0.0,0.0,0.0,0.0,19.avi
1911,5,1.0,940,495,6030.0327,0,206.6319558206449,0.85935378074646,3,0,900.509,457.24985,979.741,533.3558,6030.0327,-141.18349,-82.15199,41.17884171196653,149.52897379823594,19.avi
1911,6,1.2,906,491,6694.187,0,71.90209177872828,0.8817793726921082,5,0,862.58545,453.78427,950.92065,529.566,6694.187,-164.69855,-23.526943,13.48146651783415,244.1019985472539,19.avi
1908,7,1.4,902,537,2688.2695,0,100.69534413056932,0.8527897596359253,7,0,874.1875,513.54645,930.2333,561.51215,2688.2695,-89.05525,-1.4859525,20.381730853386465,173.22145075016897,19.avi
1911,7,1.4,910,487,5054.199,0,204.2007426477436,0.868044376373291,7,0,872.91284,454.00757,947.99854,521.31995,5054.199,-24.18222,-20.86545,36.18665817105946,359.9520668530862,19.avi
1912,7,1.4,686,862,497.841,0,0.0,0.5890309810638428,1,0,673.7519,853.20496,699.96466,872.19727,497.841,0.0,0.0,0.0,0.0,19.avi
1912,8,1.6,706,855,486.40155,0,106.34089212169168,0.2339241504669189,3,0,695.0785,845.10876,718.2805,866.0725,486.40155,79.126656,-28.385208,20.63280620280556,21.915941722479715,19.avi
1913,8,1.6,968,499,7610.68,0,0.0,0.9279387593269348,1,0,923.71045,457.82605,1014.2742,541.8628,7610.68,0.0,0.0,0.0,0.0,19.avi
1912,9,1.8,726,849,433.30472,0,22.13369284490462,0.4593883752822876,5,0,715.6736,839.7828,737.8014,859.3647,433.30472,98.508514,-29.941494,3.6126013703832833,14.6483224711763,19.avi
1913,9,1.8,989,506,2347.685,0,110.63611933127244,0.7124958038330078,3,0,965.64124,482.57324,1013.79004,531.3322,2347.685,82.72797,28.376524,20.93319909604106,342.898929147266,19.avi
1914,9,1.8,1028,498,1087.4072,0,0.0,0.7107542753219604,1,0,1013.6074,480.42804,1044.3079,515.84796,1087.4072,0.0,0.0,0.0,0.0,19.avi
1915,9,1.8,1016,531,712.05145,0,0.0,0.7749708294868469,1,0,1003.4464,518.0332,1029.0544,545.839,712.05145,0.0,0.0,0.0,0.0,19.avi
1916,9,1.8,993,549,739.0279,0,0.0,0.557494044303894,1,0,978.9065,536.94135,1007.6919,562.61505,739.0279,0.0,0.0,0.0,0.0,19.avi
1912,10,2.0,730,840,514.789,0,91.31753745110464,0.3119396269321441,7,0,718.32043,829.8534,742.33923,851.28613,514.789,36.7322,-41.506176,16.825666053151974,167.69626697768206,19.avi
1914,10,2.0,1015,485,7693.854,0,91.36976309583616,0.8659741282463074,3,0,969.4381,444.2183,1062.3123,527.06006,7693.854,-52.22535,-49.895397,19.168276289425364,136.73266460713307,19.avi
1915,10,2.0,1034,512,470.94858,0,133.2809217439597,0.4862053692340851,3,0,1024.4835,500.7141,1044.1422,524.6704,470.94858,72.10568,-76.82179,26.69260692212759,48.320579824709625,19.avi
1912,11,2.2,743,826,450.90643,0,49.66698068876547,0.2949047088623047,9,0,732.89166,815.9868,755.0788,836.3097,450.90643,60.94847,-64.99832,8.224164636853722,49.65956826564377,19.avi
1914,11,2.2,1019,459,4438.6777,0,110.65764106565278,0.835215151309967,5,0,985.4206,427.3751,1053.7677,492.31827,4438.6777,12.6332855,-122.307175,21.48724215026879,50.836744027819066,19.avi
1912,12,2.4,765,822,407.0657,0,74.92416941676727,0.2381398379802703,11,0,754.4816,813.359,775.8505,832.40845,407.0657,95.533615,-27.55125,12.499196590592542,314.9145347623996,19.avi
1914,12,2.4,1025,444,2030.9102,0,57.51966000803216,0.6837601661682129,7,0,1002.62366,423.19046,1049.2191,466.77652,2030.9102,27.208017,-85.49973,9.08315521689078,288.4806047610651,19.avi
1917,12,2.4,1050,491,797.0302,0,0.0,0.7790762782096863,1,0,1037.3531,476.08026,1062.7098,507.513,797.0302,0.0,0.0,0.0,0.0,19.avi
1918,12,2.4,1030,488,494.45932,0,0.0,0.732661783695221,1,0,1019.8899,476.5696,1040.4084,500.6677,494.45932,0.0,0.0,0.0,0.0,19.avi
1919,12,2.4,1043,462,430.23492,0,0.0,0.5551658868789673,1,0,1033.1687,451.9878,1053.9573,472.68353,430.23492,0.0,0.0,0.0,0.0,19.avi
1912,13,2.6,776,824,557.32074,0,59.86489363874532,0.6718412637710571,13,0,763.8903,812.98755,788.5877,835.55347,557.32074,64.63523,-1.0250187,10.599552549600329,218.6946911014801,19.avi
1917,13,2.6,1012,472,7476.538,0,213.74023219135725,0.8155829310417175,3,0,962.32684,435.3585,1062.0417,510.33762,7476.538,-151.08662,-75.64307,42.875414166521495,152.50155501714926,19.avi
1912,14,2.8,801,825,453.05563,0,70.43440893739827,0.4607552587985992,15,0,790.6126,814.8995,812.52386,835.57635,453.05563,112.333145,3.4841495,11.870764474234177,355.4847981787122,19.avi
1916,14,2.8,999,545,1297.2039,0,36.53000935291728,0.1821090877056121,7,0,980.75793,528.51526,1018.16516,563.1931,1297.2039,2.1158273,-1.3472948,7.438438254166717,39.96845732934395,19.avi
1917,14,2.8,986,503,5497.0728,0,241.14816979901283,0.7886723875999451,5,0,945.23096,470.35522,1027.4747,537.194,5497.0728,-131.00317,135.24918,45.45979315853664,275.0896779895676,19.avi
1912,15,3.0,827,827,293.32825,0,19.32932901159487,0.5437314510345459,17,0,818.5032,818.7884,835.9053,835.64435,293.32825,124.522354,8.413265,3.150691738744202,340.2388863325957,19.avi
1918,15,3.0,1036,488,953.251,0,31.12677425858049,0.7134220600128174,5,0,1022.731,470.67685,1049.9811,505.65842,953.251,5.2327495,-0.3802344,5.883446551598778,6.035886510980959,19.avi
1919,15,3.0,1023,458,1043.9141,0,99.5320948052335,0.4818920493125915,5,0,1006.9697,443.50003,1040.9716,474.2017,1043.9141,-16.517305,-2.9378662,21.015100745239437,168.09369981404484,19.avi
1920,15,3.0,996,484,1915.5128,0,0.0,0.826383650302887,1,0,973.0947,464.2608,1020.405,504.74908,1915.5128,0.0,0.0,0.0,0.0,19.avi
1912,16,3.2,850,832,421.34805,0,20.31478895073554,0.6404757499694824,19,0,840.25696,822.00415,860.98267,842.33386,421.34805,118.79611,20.989414,3.750004687405677,235.78358841130984,19.avi
1919,16,3.2,1036,455,5169.876,0,89.34907329190331,0.8919152021408081,7,0,998.89124,421.0343,1073.4276,490.39478,5169.876,46.297775,-13.272022,15.676179588765637,12.014999711137024,19.avi
1919,17,3.4,1046,442,6029.258,0,57.6140682095392,0.8744077682495117,9,0,1008.11127,404.01755,1085.6105,481.81528,6029.258,51.897507,-52.66721,11.075372262618671,86.99267241197657,19.avi
1921,17,3.4,875,809,383.6999,0,0.0,0.5463820695877075,1,0,866.2287,798.77856,884.9473,819.27686,383.6999,0.0,0.0,0.0,0.0,19.avi
1919,18,3.6,1077,439,6425.9424,0,122.92016554169064,0.8814455270767212,11,0,1038.3878,398.66937,1117.2765,480.12506,6425.9424,131.01343,-25.71768,20.83815405539506,341.4855267891067,19.avi
1921,18,3.6,887,803,368.28757,0,65.11076683285161,0.515277624130249,3,0,877.90344,793.2559,896.32666,813.2464,368.28757,46.016167,-23.060192,12.906073826518034,27.842614825459407,19.avi
1919,19,3.8,1077,425,5534.8203,0,158.59340540498786,0.8445858955383301,13,0,1041.3856,387.36298,1113.0975,464.54443,5534.8203,27.97593,-57.636604,28.574651348534765,161.10452412901566,19.avi
1921,19,3.8,897,799,812.8218,0,8.948920289711088,0.7435019612312317,5,0,883.22943,785.6438,911.7331,814.1603,812.8218,51.341587,-17.277138,0.7713407793284957,332.10272896905235,19.avi
1919,20,4.0,1042,432,5320.7466,0,247.6595489610526,0.8805829882621765,15,0,1006.82355,395.0236,1078.6567,469.0945,5320.7466,-126.23702,10.178993,44.45756732385188,203.2840290280368,19.avi
1921,20,4.0,903,808,785.3011,0,72.65433036796043,0.4696172773838043,7,0,890.0662,794.7637,917.8095,823.0697,785.3011,36.724426,30.543217,12.491582207213169,247.65257349060693,19.avi
1919,21,4.2,1006,467,6372.222,0,200.00957900303496,0.820462167263031,17,0,968.39,426.26846,1045.1079,509.3289,6372.222,-167.55717,139.8024,34.85443997582949,250.74729411641985,19.avi
1920,21,4.2,1017,467,1296.7004,0,133.36804237515474,0.47830331325531,8,0,997.74304,450.74026,1036.6771,484.04526,1296.7004,5.0474195,-4.2214856,26.76734022969327,40.84133101452375,19.avi
1921,21,4.2,906,794,611.4353,0,119.68640577899876,0.660250723361969,9,0,893.78314,782.1306,918.55914,806.8092,611.4353,17.10393,-48.356907,21.678842343361254,104.10404520326377,19.avi
1919,22,4.4,953,490,7343.7393,0,117.81864965267532,0.8172393441200256,19,0,909.43604,448.46222,996.6885,532.6288,7343.7393,-245.1503,119.7509,21.04106109573152,164.1148284311506,19.avi
1921,22,4.4,900,791,582.12756,0,63.623354706125646,0.5009638071060181,11,0,888.2737,779.2675,912.50854,803.2878,582.12756,-18.287642,-23.43448,11.42205002023767,212.88393811079484,19.avi
1916,23,4.6,992,529,248.1643,0,131.85310803848373,0.3993981778621673,17,0,984.88165,521.1221,1000.1535,537.3718,248.1643,-1.3931661,-1.9524534,26.922525461401204,169.88443455733466,19.avi
1919,23,4.6,917,536,4389.411,0,146.2190922813548,0.7618007659912109,21,0,885.24005,502.6366,950.12714,570.28357,4389.411,-192.6478,204.2251,25.11174042231144,301.0912672527945,19.avi
1921,23,4.6,902,784,440.87387,0,33.81781448054163,0.4155467748641968,13,0,891.84534,773.376,912.46643,794.75574,440.87387,2.5666904,-33.14534,5.869173450981162,26.19439528706124,19.avi
1922,23,4.6,979,488,847.89905,0,0.0,0.7093459963798523,1,0,965.99023,473.75916,993.84595,504.19812,847.89905,0.0,0.0,0.0,0.0,19.avi
1923,23,4.6,958,530,2506.2622,0,0.0,0.7978543639183044,1,0,937.3302,500.17096,978.96326,560.3698,2506.2622,0.0,0.0,0.0,0.0,19.avi
1921,24,4.8,908,769,407.82092,0,54.914701948575576,0.8029839396476746,15,0,898.75476,759.6206,918.69885,780.06885,407.82092,25.863783,-62.343872,9.979776426553396,57.71336245549065,19.avi
1923,24,4.8,955,558,6324.412,0,144.33650540516308,0.8888071179389954,3,0,919.0646,515.88617,992.80896,601.6475,6324.412,-8.822113,113.75844,27.90758691177232,263.52582856825524,19.avi
1921,25,5.0,922,754,432.09067,0,48.376585300631525,0.6295973062515259,17,0,911.8607,744.0747,932.1926,765.32654,432.09067,57.12033,-72.63305,8.775803815842716,22.62458550406353,19.avi
1923,25,5.0,974,570,5091.5405,0,117.83917631765212,0.849967896938324,5,0,939.6555,533.9489,1008.5857,607.81415,5091.5405,82.52341,65.05005,22.930597025364417,30.15377429214567,19.avi
1921,26,5.2,943,723,373.79596,0,108.49976055290789,0.4664463102817535,19,0,934.08325,714.0008,953.0353,733.72406,373.79596,95.997345,-135.36661,19.650316534006,60.92465338340776,19.avi
1923,26,5.2,997,577,4866.7754,0,53.41166099707197,0.8795357346534729,7,0,964.0822,541.6104,1031.6635,613.6242,4866.7754,110.31624,40.98959,9.387761444665212,47.231085733177,19.avi
1923,27,5.4,1002,575,6279.77,0,112.16408050110776,0.9194631576538086,9,0,964.0263,535.2734,1041.6732,616.14935,6279.77,44.73201,2.2067413,20.94447220047272,148.9104507889992,19.avi
1924,27,5.4,962,672,415.70767,0,0.0,0.6163303852081299,1,0,952.35767,662.4292,972.9824,682.58496,415.70767,0.0,0.0,0.0,0.0,19.avi
1916,28,5.6,1006,541,1108.0331,0,128.76998743690726,0.6304601430892944,23,0,989.8032,525.0394,1022.60425,558.8198,1108.0331,5.540965,5.2434225,24.9413366003117,315.0836778615197,19.avi
1923,28,5.6,1001,578,3324.3835,0,60.8200239868034,0.6983254551887512,11,0,973.0502,548.91693,1029.4886,607.81976,3324.3835,4.240307,10.729387,10.953044099957925,189.7096504015064,19.avi
1925,28,5.6,960,566,1541.0386,0,0.0,0.7172344326972961,1,0,943.34814,543.70264,977.5569,588.75073,1541.0386,0.0,0.0,0.0,0.0,19.avi
1925,29,5.8,964,554,1725.9895,0,62.19141393414302,0.7510084509849548,3,0,943.83264,533.0465,984.18066,575.8241,1725.9895,14.188141,-47.071373,12.730925649828777,73.8202904501785,19.avi
1926,29,5.8,944,591,1714.4542,0,0.0,0.6760168075561523,1,0,922.2606,572.7719,967.2344,610.8931,1714.4542,0.0,0.0,0.0,0.0,19.avi
1925,30,6.0,941,570,563.1162,0,186.9259078162383,0.1509415507316589,5,0,930.77,556.8418,951.8479,583.55774,563.1162,-102.74132,68.22512,35.942668155179604,224.0245313089473,19.avi
1926,30,6.0,926,591,997.25903,0,90.2992081291428,0.7723641991615295,3,0,910.9303,575.94574,942.8053,607.23224,997.25903,-71.37615,-0.9722201,18.765973288891555,177.45733861113013,19.avi
1927,30,6.0,901,554,4372.296,0,0.0,0.8442543745040894,1,0,863.24567,525.52747,939.4383,582.91223,4372.296,0.0,0.0,0.0,0.0,19.avi
1927,31,6.2,885,554,2394.773,0,81.76868128456664,0.80860435962677,3,0,859.79706,530.6401,910.50275,577.86896,2394.773,-64.63913,0.13847502,16.343458725232885,179.229246457444,19.avi
1928,31,6.2,906,523,2913.0884,0,0.0,0.8136134743690491,1,0,878.181,497.682,934.54016,549.37,2913.0884,0.0,0.0,0.0,0.0,19.avi
1927,32,6.4,896,520,976.9806,0,218.41398483152452,0.4154305458068847,5,0,881.1453,504.15652,911.77826,536.0497,976.9806,46.357674,-156.37212,41.72124350182522,55.25504684574378,19.avi
1928,32,6.4,921,504,1112.8789,0,124.59896871596553,0.5029807686805725,3,0,905.482,487.1638,938.0462,521.3387,1112.8789,61.49111,-76.94507,24.40444369995108,53.13967452067925,19.avi
1928,33,6.6,904,512,4523.617,0,196.3667768685058,0.8820498585700989,5,0,871.8906,477.8809,937.4098,546.9236,4523.617,-73.19073,30.84748,37.93545394312194,217.5840317670433,19.avi
1928,34,6.8,903,549,4725.42,0,185.70301625245975,0.8928005695343018,7,0,871.33936,512.1659,935.23706,586.1189,4725.42,-22.279247,148.08029,33.08423167411638,293.1145790651903,19.avi
1929,34,6.8,943,529,2657.6414,0,0.0,0.8439722061157227,1,0,922.7718,496.94836,963.9023,561.56323,2657.6414,0.0,0.0,0.0,0.0,19.avi
1928,35,7.0,916,549,3569.5786,0,193.89330356695973,0.8611953854560852,9,0,888.058,517.66766,944.59216,580.8078,3569.5786,44.864956,34.767952,34.35538390427262,60.01931014985246,19.avi
1929,35,7.0,947,571,1273.0577,0,214.55034453031132,0.8117693066596985,3,0,931.6621,551.76855,963.9081,591.24817,1273.0577,17.756647,168.67294,41.90460209256393,275.01473704759826,19.avi
1930,35,7.0,914,998,807.49396,0,0.0,0.5636858940124512,1,0,899.5405,984.76306,929.39453,1011.81116,807.49396,0.0,0.0,0.0,0.0,19.avi
1928,36,7.2,908,559,4059.5835,0,95.11931132367872,0.7939102649688721,11,0,878.80994,525.51135,938.74695,593.2422,4059.5835,-18.678875,47.02102,17.524569754388548,189.2225417992448,19.avi
1928,37,7.4,893,555,5997.6636,0,100.15605656135388,0.8935551047325134,13,0,855.7152,515.57684,930.3179,595.9716,5997.6636,-64.93199,-3.0034714,18.30137115655482,131.14902155825155,19.avi
1931,37,7.4,892,937,1169.8314,0,0.0,0.7919895648956299,1,0,874.7628,920.72,909.84937,954.0613,1169.8314,0.0,0.0,0.0,0.0,19.avi
1928,38,7.6,919,566,6376.7456,0,234.9182356729565,0.8771952986717224,15,0,880.4289,526.3479,959.4781,607.016,6376.7456,88.61098,41.257248,40.44578726882951,344.4738155478347,19.avi
1931,38,7.6,908,915,797.5949,0,137.9207638933149,0.5197804570198059,3,0,892.238,902.3959,923.77277,927.68835,797.5949,62.67177,-89.215546,27.342985533858982,54.972837782239424,19.avi
1932,38,7.6,916,586,1025.0388,0,0.0,0.6212024092674255,1,0,899.9862,571.0898,932.84534,602.2847,1025.0388,0.0,0.0,0.0,0.0,19.avi
1928,39,7.8,955,550,7330.7188,0,173.73598534320573,0.737481951713562,17,0,913.1017,507.1407,998.4319,593.0507,7330.7188,158.18863,-54.267532,30.36128704826543,55.20748621817381,19.avi
1931,39,7.8,911,876,819.1207,0,118.37663666903887,0.4305311143398285,5,0,897.46954,861.87244,925.8725,890.7118,819.1207,22.060894,-184.95084,23.24657065285837,114.22818430452452,19.avi
1931,40,8.0,906,840,652.30505,0,51.71797999319503,0.6557065844535828,7,0,893.7699,827.54114,919.8893,852.51514,652.30505,-13.424992,-182.16594,10.107325342058294,183.96026669334952,19.avi
1933,40,8.0,902,531,2437.7463,0,0.0,0.6323782205581665,1,0,880.149,504.34875,924.82587,558.9127,2437.7463,0.0,0.0,0.0,0.0,19.avi
1934,40,8.0,931,527,449.23264,0,0.0,0.6974339485168457,1,0,921.29333,516.8296,942.67505,537.8397,449.23264,0.0,0.0,0.0,0.0,19.avi
1931,41,8.2,904,796,696.79376,0,38.47703188038641,0.7931835651397705,9,0,890.59314,783.9719,917.7825,809.59937,696.79376,-13.259147,-208.3029,7.596346945094975,91.09065950945391,19.avi
1933,41,8.2,932,527,6860.2314,0,152.69569879343643,0.7242657542228699,3,0,889.0936,487.80316,975.75635,566.9633,6860.2314,119.51118,-16.956194,29.87366243634192,8.917416777183519,19.avi
1934,41,8.2,920,539,876.18896,0,87.17568278235544,0.5766459703445435,3,0,904.43536,526.07196,935.98346,553.84503,876.18896,-47.00503,50.394535,16.7242671457541,224.2275739306071,19.avi
1931,42,8.4,912,751,1005.48926,0,64.65037281476017,0.8376879692077637,11,0,896.2485,735.50543,928.2978,766.8786,1005.48926,28.042091,-223.4316,11.247776539278496,21.51498638001715,19.avi
1933,42,8.4,967,498,6906.3115,0,146.88772622131384,0.891329824924469,5,0,925.4614,457.10068,1009.61,539.17346,6906.3115,170.83643,-135.34918,28.097913625141107,67.67605357657294,19.avi
1931,43,8.6,907,715,620.7566,0,76.29999579585012,0.5590358972549438,13,0,895.393,703.1847,920.4118,727.99634,620.7566,-10.338207,-188.49094,13.804392321150395,217.97625539077436,19.avi
1933,43,8.6,1002,474,7160.1255,0,20.456677511619336,0.8699190616607666,7,0,958.73083,433.57605,1045.7953,515.8155,7160.1255,172.98407,-121.4346,2.9477392717282207,275.78260149222893,19.avi
1931,44,8.8,921,660,543.4427,0,132.83081204484873,0.7764425277709961,15,0,909.4798,648.43933,932.82416,671.71875,543.4427,48.570976,-256.9999,23.45462808940426,49.71598613617459,19.avi
1933,44,8.8,1035,480,4282.583,0,168.52740724374917,0.8733163475990295,9,0,1002.99756,447.68695,1068.8191,512.75055,4282.583,169.33174,-7.012039,29.649546458387004,266.4035765348948,19.avi
1931,45,9.0,932,597,642.2137,0,61.17799290227714,0.7937525510787964,17,0,919.83746,585.28357,945.128,610.677,642.2137,54.78837,-298.14706,11.733987348003666,84.45488140662201,19.avi
1933,45,9.0,1045,468,2799.0227,0,149.3245771042389,0.8352338671684265,11,0,1020.0614,440.76382,1071.1649,495.53543,2799.0227,76.3928,-48.042324,27.03288761653742,156.4144439008095,19.avi
1935,45,9.0,1003,442,2280.6792,0,0.0,0.8596396446228027,1,0,979.1583,419.08856,1028.1936,465.59955,2280.6792,0.0,0.0,0.0,0.0,19.avi
1936,45,9.0,966,452,559.6734,0,0.0,0.5943859219551086,1,0,955.41986,439.92624,978.1663,464.5311,559.6734,0.0,0.0,0.0,0.0,19.avi
1933,46,9.2,1040,441,1399.5529,0,153.0552570614936,0.1668462604284286,13,0,1022.2334,421.6121,1058.1616,460.5662,1399.5529,-3.198143,-115.163574,27.27923566786175,139.9824131069464,19.avi
1935,46,9.2,1016,441,6129.328,0,65.04021750819275,0.7276062965393066,3,0,975.5282,404.1231,1057.5271,478.87207,6129.328,51.30403,-3.3791282,12.39711010208513,6.224059851739412,19.avi
1931,47,9.4,986,419,774.484,0,105.76381880067864,0.7808150053024292,20,0,972.28174,405.729,1000.109,433.5608,774.484,91.90306,-297.16248,20.64443138889225,0.2555327223443555,19.avi
1933,47,9.4,1052,423,573.2037,0,77.81577105823861,0.7680373191833496,15,0,1040.625,411.2539,1063.5415,436.26666,573.2037,44.97369,-93.22689,13.388268324065873,338.3308373142232,19.avi
1935,47,9.4,1025,450,3351.8643,0,49.61262201211064,0.7924181222915649,5,0,995.48926,422.49048,1055.8152,478.05298,3351.8643,46.100864,39.893387,9.350846604182507,258.9736169104692,19.avi
1936,47,9.4,984,455,827.4135,0,88.31181346573896,0.8002761006355286,4,0,971.0861,439.9527,996.9974,471.88538,827.4135,28.276524,6.049791,17.428654663864815,350.8505575449086,19.avi
1937,47,9.4,1016,409,1234.3733,0,0.0,0.6829304099082947,1,0,999.5864,391.7658,1033.6052,428.05084,1234.3733,0.0,0.0,0.0,0.0,19.avi
1935,48,9.6,1047,479,3272.102,0,140.18400547712494,0.8675958514213562,7,0,1018.0675,452.29968,1077.3988,507.44934,3272.102,95.41942,122.81767,24.03380601989722,300.3050928947388,19.avi
1937,48,9.6,1017,414,4084.3313,0,26.22866709757253,0.8668286800384521,3,0,985.40094,383.33307,1049.9026,446.65442,4084.3313,4.215527,20.301065,4.111588498385833,275.641364501788,19.avi
1938,48,9.6,1064,429,957.6014,0,0.0,0.8114640712738037,1,0,1049.112,413.8231,1079.2327,445.61533,957.6014,0.0,0.0,0.0,0.0,19.avi
1937,49,9.8,1001,440,6004.702,0,139.94073475394094,0.7983235120773315,5,0,960.844,403.5951,1042.9574,476.722,6004.702,-71.771416,116.941574,27.291159388994064,230.1301810629201,19.avi
1937,50,10.0,998,428,6162.6816,0,205.6636266869042,0.904546320438385,7,0,958.7665,389.65176,1038.4338,467.007,6162.6816,-29.382217,-18.110626,37.05207394048831,73.61244903774639,19.avi
1937,51,10.2,1027,423,5991.2607,0,196.60979418790228,0.8832849860191345,9,0,988.96387,384.94983,1066.0503,462.67126,5991.2607,104.13066,-21.552532,34.31879730564204,2.8514494668767725,19.avi
1937,52,10.4,1069,424,6789.502,0,120.2338814461922,0.9157178997993468,11,0,1029.1914,381.66763,1108.9387,466.8054,6789.502,183.87703,-3.3333206,21.15098579678356,347.7161722373984,19.avi
1937,53,10.6,1081,438,7309.431,0,160.5331115746558,0.9158625602722168,13,0,1040.2725,393.72754,1122.6272,482.48297,7309.431,90.069595,52.57056,28.72763917036179,210.1528652942743,19.avi
1937,54,10.8,1109,413,6395.377,0,207.7214387582926,0.8710914254188538,15,0,1069.6532,373.5494,1149.962,453.18417,6395.377,129.85165,-83.008804,36.8738193605954,75.01189051945062,19.avi
1937,55,11.0,1110,428,2769.6348,0,230.16316941948224,0.6475418210029602,17,0,1083.7516,402.328,1136.7308,454.60565,2769.6348,31.638435,38.914925,40.49848426268058,230.4674474187347,19.avi
1938,55,11.0,1078,432,912.0454,0,75.10882594069413,0.7517019510269165,9,0,1064.8711,416.18796,1093.0435,448.56174,912.0454,2.749874,0.49392503,14.014476460111448,350.6337121349999,19.avi
1939,55,11.0,1098,457,396.7758,0,0.0,0.8111518621444702,1,0,1088.7114,447.25278,1109.0024,466.80704,396.7758,0.0,0.0,0.0,0.0,19.avi
1940,55,11.0,1116,455,475.29785,0,0.0,0.7093309760093689,1,0,1104.8214,445.03156,1127.5548,465.93903,475.29785,0.0,0.0,0.0,0.0,19.avi
1941,55,11.0,1151,438,739.79694,0,0.0,0.5312528014183044,1,0,1137.2971,425.94385,1166.3547,451.4035,739.79694,0.0,0.0,0.0,0.0,19.avi
1938,56,11.2,1091,419,981.6992,0,98.18065432126136,0.730732798576355,11,0,1075.8733,402.89178,1106.272,435.18604,981.6992,52.87763,-57.735703,17.70940946567548,49.53634079944607,19.avi
1942,57,11.4,1023,433,1398.898,0,0.0,0.7609134912490845,1,0,1003.0176,416.70068,1043.9843,450.8479,1398.898,0.0,0.0,0.0,0.0,19.avi
1943,57,11.4,1029,395,3290.344,0,0.0,0.7043494582176208,1,0,997.5845,370.22003,1061.447,421.7423,3290.344,0.0,0.0,0.0,0.0,19.avi
1943,58,11.6,1058,392,3172.8013,0,149.09557296839708,0.7820342183113098,3,0,1035.3031,358.51898,1082.3085,426.01776,3172.8013,116.926476,-14.821531,28.7611262773391,7.956540510960565,19.avi
1942,59,11.8,1042,431,7355.611,0,97.74951243648648,0.8735220432281494,4,0,995.4595,392.4147,1090.2529,470.0109,7355.611,31.730051,-4.19917,18.705956868986608,8.529036977276348,19.avi
1943,59,11.8,1048,384,1430.3875,0,179.37575159041063,0.7626005411148071,5,0,1029.2722,365.73746,1066.8899,403.76187,1430.3875,-39.26722,-35.67683,34.60000655129059,171.18195891725895,19.avi
1942,60,12.0,1060,451,6572.9346,0,132.52400308703542,0.8694825768470764,6,0,1015.7508,414.58652,1105.5021,487.82144,6572.9346,78.77227,81.57818,23.282309471435727,297.6309054197393,19.avi
1939,61,12.2,1092,475,1398.2927,0,100.40446127453752,0.1865067332983017,8,0,1073.2195,457.49298,1111.0835,494.4223,1398.2927,-1.6541867,4.6693764,19.233870452798836,249.11440864280968,19.avi
1942,61,12.2,1080,455,6911.582,0,71.07107655052366,0.9038180112838744,8,0,1036.7559,415.86765,1123.9431,495.1406,6911.582,94.1269,35.090595,13.032234420323782,73.87661074827463,19.avi
1942,62,12.4,1077,477,7565.964,0,148.12623540241705,0.9107022881507874,10,0,1031.8148,435.67502,1123.0289,518.62244,7565.964,10.5497055,91.28683,26.482686788507856,213.14005410922735,19.avi
1942,63,12.6,1067,498,7662.881,0,69.5578328929599,0.8546900153160095,12,0,1021.7512,456.8722,1113.5552,540.34216,7662.881,-35.134125,103.5979,12.797500256952954,191.69434272574705,19.avi
1939,64,12.8,1061,469,1317.5256,0,154.34330451287832,0.2988370358943939,12,0,1043.9984,450.8583,1079.944,487.51157,1317.5256,-28.321093,-7.0356884,31.756270577783702,156.70032891967617,19.avi
1942,64,12.8,1043,493,5620.365,0,176.29487134063987,0.7087998986244202,14,0,1005.4657,456.43805,1082.2338,529.65027,5620.365,-99.65726,2.5144272,31.68260440638616,123.80315312824666,19.avi
1942,65,13.0,1006,462,5975.7686,0,201.4918648470124,0.8775848746299744,16,0,967.37225,424.37488,1046.1057,500.27362,5975.7686,-165.72824,-117.56702,36.2805928230115,119.59595012962586,19.avi
1944,66,13.2,1013,402,6809.6187,0,0.0,0.8783761262893677,1,0,975.1876,358.41162,1052.3656,446.6443,6809.6187,0.0,0.0,0.0,0.0,19.avi
1944,67,13.4,1009,406,2631.872,0,29.21941466550843,0.7979132533073425,3,0,989.1943,373.40482,1029.3612,438.9282,2631.872,-17.959776,14.525161,5.905177262439184,216.01283117678955,19.avi
1945,67,13.4,1049,396,3246.9158,0,0.0,0.8834275007247925,1,0,1021.8059,366.3933,1076.5715,425.6808,3246.9158,0.0,0.0,0.0,0.0,19.avi
1945,68,13.6,1009,380,7258.9824,0,212.41983571889665,0.9063913822174072,3,0,965.42676,340.1183,1054.4767,421.63416,7258.9824,-156.6348,-60.52227,43.2703153583178,158.24584971125398,19.avi
1945,69,13.8,1010,367,4807.5625,0,166.92476683543336,0.7715972661972046,5,0,976.50226,332.45367,1044.7573,402.88885,4807.5625,-10.07962,-65.56163,31.425229910941944,3.2320582291387154,19.avi
1945,70,14.0,1000,339,1542.984,0,97.18989521200297,0.7556524276733398,7,0,978.81476,321.20612,1021.34515,357.48572,1542.984,-42.805607,-123.90057,17.784246229371213,118.97023352329892,19.avi
1946,70,14.0,994,302,3376.1746,0,0.0,0.8406875133514404,1,0,962.84033,275.75305,1026.9421,328.422,3376.1746,0.0,0.0,0.0,0.0,19.avi
1947,70,14.0,1031,332,687.9878,0,0.0,0.8131361603736877,1,0,1018.7505,319.2506,1044.0774,346.41492,687.9878,0.0,0.0,0.0,0.0,19.avi
1946,71,14.2,1012,307,8801.698,0,92.45633252550115,0.8535014390945435,3,0,962.9093,262.75775,1062.0688,351.52075,8801.698,70.25074,20.16657,17.800063038597834,343.97952821278204,19.avi
1947,71,14.2,1046,330,1209.414,0,75.67446022804101,0.4773938357830047,3,0,1029.3618,312.4629,1063.0444,348.36908,1209.414,59.03861,-9.647777,14.858589563259349,10.990616063566108,19.avi
1946,72,14.4,1039,279,4905.504,0,177.31009154715483,0.7891239523887634,5,0,1000.43475,248.3443,1078.5902,311.1103,4905.504,129.65715,-123.82537,34.501400346009646,68.82803141933027,19.avi
1947,72,14.4,1056,320,1322.8013,0,42.71264041361129,0.6134935021400452,5,0,1040.1958,300.08337,1072.6792,340.80585,1322.8013,51.83385,-46.47223,8.721404359963195,103.3304301666244,19.avi
1948,72,14.4,1031,315,381.9523,0,0.0,0.5589839220046997,1,0,1022.6587,305.0963,1041.2681,325.62097,381.9523,0.0,0.0,0.0,0.0,19.avi
1946,73,14.6,1039,286,7352.377,0,225.48104702013137,0.9285483360290528,7,0,994.87573,244.82492,1084.1189,327.21085,7352.377,30.157211,-4.732895,40.77524878501022,229.5693680667539,19.avi
1946,74,14.8,1057,317,2766.6528,0,195.0639628462741,0.5172837376594543,9,0,1031.5082,290.93265,1083.7794,343.86142,2766.6528,76.65932,119.34651,33.92684504060547,289.7621002915373,19.avi
1947,74,14.8,1082,317,977.7273,0,128.965973757762,0.5276288390159607,8,0,1068.9354,300.22415,1097.0585,334.99014,977.7273,43.86206,-2.5022812,25.058307232783427,257.232328809634,19.avi
1948,74,14.8,1066,292,7508.9365,0,208.44535239542287,0.2639124095439911,4,0,1023.4594,248.8165,1109.7997,335.7856,7508.9365,56.829643,-37.799328,41.28096121182381,34.46101896594644,19.avi
1948,75,15.0,1098,285,3569.8643,0,112.34064391342746,0.1558146625757217,6,0,1067.4825,256.0088,1128.7804,314.2467,3569.8643,139.745,-36.207478,20.006190842767182,359.25874528577623,19.avi
1949,75,15.0,1125,327,1495.2827,0,0.0,0.6875272393226624,1,0,1108.6421,305.89487,1143.2847,349.058,1495.2827,0.0,0.0,0.0,0.0,19.avi
1946,76,15.2,1109,369,1134.2861,0,103.5478175060689,0.8368864059448242,12,0,1092.7526,352.09882,1125.607,386.6233,1134.2861,86.52673,84.36125,20.710716178834616,74.9992326615801,19.avi
1948,76,15.2,1108,278,3783.7158,0,98.55501861807726,0.8760985732078552,8,0,1076.3439,248.96965,1140.7345,307.7315,3783.7158,71.878555,-34.411026,18.08080208254505,180.3604269545229,19.avi
1949,76,15.2,1144,364,1673.3689,0,211.25195328653945,0.7970870733261108,3,0,1127.2476,341.08963,1162.5779,388.45322,1673.3689,75.64596,148.88213,40.73438478933582,296.2817835467373,19.avi
1950,77,15.4,1057,345,558.48627,0,0.0,0.5474703311920166,1,0,1046.6901,333.11652,1069.1366,357.99725,558.48627,0.0,0.0,0.0,0.0,19.avi
1950,78,15.6,1030,319,7063.553,0,189.69632750565185,0.7635242938995361,3,0,991.81775,274.24854,1069.6212,365.03558,7063.553,-108.55814,-103.45242,38.528199082036565,136.4265141490439,19.avi
1950,79,15.8,1016,310,7794.9146,0,70.41010123580074,0.900092363357544,5,0,972.4944,265.94424,1060.7272,354.28915,7794.9146,-73.743454,-52.32583,13.075078157440974,302.3281431692724,19.avi
1951,80,16.0,1081,345,1166.7507,0,0.0,0.7448030114173889,1,0,1065.294,327.2037,1097.3655,363.58334,1166.7507,0.0,0.0,0.0,0.0,19.avi
1952,80,16.0,1067,308,3845.1084,0,0.0,0.794029951095581,1,0,1035.0244,279.58218,1100.4946,338.31284,3845.1084,0.0,0.0,0.0,0.0,19.avi
1951,81,16.2,1056,336,908.00867,0,134.2662407665535,0.7324066162109375,3,0,1040.8364,322.02277,1071.4727,351.66125,908.00867,-100.49957,-34.137833,27.015414155261556,159.65270011335133,19.avi
1952,81,16.2,1097,314,1871.5956,0,151.61272536054716,0.7690669298171997,3,0,1076.7003,291.5646,1117.913,336.97763,1871.5956,117.952736,21.251936,29.67378036905952,350.1966082971353,19.avi
1953,81,16.2,1014,335,915.8331,0,0.0,0.7427106499671936,1,0,998.7306,320.25336,1029.5,350.01776,915.8331,0.0,0.0,0.0,0.0,19.avi
1951,82,16.4,1042,323,818.63007,0,47.53963083423719,0.7120819091796875,5,0,1028.3,309.8385,1057.374,337.99524,818.63007,-69.44249,-62.059418,9.195055001949052,49.71597164461576,19.avi
1954,82,16.4,1022,291,2493.4082,0,0.0,0.5709313750267029,1,0,999.9365,263.7433,1045.5985,318.34906,2493.4082,0.0,0.0,0.0,0.0,19.avi
1955,82,16.4,1041,283,9632.029,0,0.0,0.7895461320877075,1,0,991.97375,235.63437,1091.9777,331.9509,9632.029,0.0,0.0,0.0,0.0,19.avi
1956,83,16.6,988,334,8728.624,0,0.0,0.8966829776763916,1,0,942.8352,286.11774,1033.6992,382.18024,8728.624,0.0,0.0,0.0,0.0,19.avi
1957,84,16.8,999,398,652.85333,0,0.0,0.5334293842315674,1,0,985.8402,386.48657,1012.5343,410.94342,652.85333,0.0,0.0,0.0,0.0,19.avi
1958,84,16.8,970,387,6755.3374,0,0.0,0.7501509785652161,1,0,920.85364,353.67188,1020.2407,421.64185,6755.3374,0.0,0.0,0.0,0.0,19.avi
1958,85,17.0,962,421,2301.6934,0,173.87133774699072,0.1621307581663131,3,0,941.56604,393.71027,983.5165,448.57733,2301.6934,-31.959745,133.68039,34.42120350267365,255.62238293032755,19.avi
1959,85,17.0,986,436,8291.056,0,0.0,0.8008772730827332,1,0,940.9219,390.65942,1031.7656,481.92664,8291.056,0.0,0.0,0.0,0.0,19.avi
1959,86,17.2,988,467,6936.501,0,157.25893740172535,0.8259204626083374,3,0,953.02094,418.23492,1023.60455,516.5085,6936.501,7.8602667,124.06662,30.75160457338448,273.0873860105847,19.avi
1959,87,17.4,1005,489,7195.9395,0,82.68502257716908,0.7931435108184814,5,0,963.60706,446.72638,1047.4734,532.5289,7195.9395,79.54833,112.356,15.447039322450063,11.899180904146933,19.avi
1959,88,17.6,1028,525,5173.7295,0,82.82565337763494,0.6847280263900757,7,0,991.7134,489.8844,1064.6475,560.8214,5173.7295,105.358826,163.18283,14.468741822961348,296.91753603233644,19.avi
1960,88,17.6,975,513,1527.6177,0,0.0,0.8091830611228943,1,0,956.51746,493.6065,994.3429,533.9925,1527.6177,0.0,0.0,0.0,0.0,19.avi
1959,89,17.8,1049,534,5821.279,0,131.46841769937214,0.7531704306602478,9,0,1009.4065,498.14355,1088.9768,571.3025,5821.279,105.12623,73.87656,23.99082756846409,90.60231790804556,19.avi
1959,90,18.0,1032,551,7861.3223,0,213.87733673901755,0.906472384929657,11,0,986.7155,508.96762,1078.2163,594.88293,7861.3223,-40.08555,83.21185,38.2464095077692,182.2501513595468,19.avi
1959,91,18.2,1037,570,7842.92,0,74.63256375673691,0.8230535387992859,13,0,993.1908,525.8385,1081.9469,614.20325,7842.92,10.374474,88.80093,12.632609401272235,353.489683110123,19.avi
1961,91,18.2,1019,562,1317.6843,0,0.0,0.7084311246871948,1,0,1002.59143,542.7648,1035.4747,582.8363,1317.6843,0.0,0.0,0.0,0.0,19.avi
1959,92,18.4,1037,552,6612.7593,0,197.3877657541634,0.8781638145446777,15,0,997.5957,511.60107,1077.5972,594.25903,6612.7593,2.5003476,-45.234215,35.878606722593275,94.22580329085456,19.avi
1959,93,18.6,1047,558,6839.918,0,99.01714687345016,0.9013906121253968,17,0,1007.2871,516.1359,1087.7219,601.17267,6839.918,38.682896,11.574642,16.689943269236394,302.2396350342618,19.avi
1959,94,18.8,1080,546,6717.5547,0,164.94693186190256,0.8578768372535706,19,0,1039.6884,504.63843,1120.8815,587.374,6717.5547,135.00046,-45.9724,28.932365530722635,31.157158887828984,19.avi
1961,95,19.0,1024,546,1415.0641,0,85.87520147396106,0.8543317317962646,6,0,1005.49286,527.45905,1042.8267,565.3621,1415.0641,2.6215115,-8.380873,17.51937016484299,73.5301874337037,19.avi
1962,95,19.0,1057,572,1942.0569,0,0.0,0.7091187238693237,1,0,1035.0692,550.8992,1080.7731,593.39136,1942.0569,0.0,0.0,0.0,0.0,19.avi
1961,96,19.2,1039,520,5492.5894,0,161.62668474328677,0.8937143683433533,8,0,1002.9636,483.5734,1076.9539,557.8074,5492.5894,65.587364,-107.4961,28.5786254614391,59.9383897845014,19.avi
1961,97,19.4,1048,510,5344.7163,0,68.75275283231038,0.8329840898513794,10,0,1009.61017,476.4613,1087.8235,544.79645,5344.7163,48.652367,-63.06337,11.941461277848356,244.8437664364405,19.avi
1961,98,19.6,1054,530,6601.896,0,182.82623505608063,0.8607166409492493,12,0,1011.0739,492.3215,1098.3228,567.9889,6601.896,34.2518,60.39238,32.29150545826179,262.0839237204507,19.avi
1961,99,19.8,1070,546,7110.123,0,55.75078344810501,0.8692584037780762,14,0,1025.9698,506.59412,1114.7897,586.64526,7110.123,68.21327,77.259575,9.252532508599275,335.9799858552424,19.avi
1963,99,19.8,1124,556,541.8402,0,0.0,0.612246036529541,1,0,1113.3962,544.2881,1136.2922,567.95337,541.8402,0.0,0.0,0.0,0.0,19.avi
1964,99,19.8,1118,522,1570.6284,0,0.0,0.7900806665420532,1,0,1099.6985,501.9889,1137.3999,543.64856,1570.6284,0.0,0.0,0.0,0.0,19.avi
1961,100,20.0,1066,527,7049.633,0,220.98721624766017,0.5838159918785095,16,0,1023.7321,485.74933,1108.5073,568.90607,7049.633,-0.6411667,-56.366615,39.43127972382276,117.19755715442892,19.avi
1961,101,20.2,1085,531,7596.2334,0,138.13908156222382,0.8646388053894043,18,0,1041.3346,487.90973,1128.6893,574.8682,7596.2334,72.51039,2.6095352,24.180397577674945,321.8233435017635,19.avi
1962,101,20.2,1069,566,347.71606,0,62.30192402014557,0.1564181298017501,8,0,1058.7339,558.529,1079.6558,575.1486,347.71606,2.781149,-1.3090726,12.669070501465423,29.016425935975175,19.avi
1960,102,20.4,1012,541,1811.1597,0,233.79285767967636,0.6386598944664001,16,0,992.95355,519.1012,1032.5087,564.8895,1811.1597,1.90334,1.4387403,45.57652104102794,323.3582653536708,19.avi
1965,102,20.4,1042,543,550.0723,0,0.0,0.5921312570571899,1,0,1031.4768,531.2659,1054.3308,555.3349,550.0723,0.0,0.0,0.0,0.0,19.avi
1966,102,20.4,1052,509,2420.8877,0,0.0,0.7726985812187195,1,0,1027.3688,484.61212,1076.9562,533.43274,2420.8877,0.0,0.0,0.0,0.0,19.avi
1960,103,20.6,993,552,7695.8193,0,116.32446701704548,0.71601802110672,18,0,953.00055,505.14932,1034.6136,599.4457,7695.8193,-86.575226,47.33761,22.33604179016402,205.78740421376756,19.avi
1960,104,20.8,984,557,5396.872,0,52.21082026517556,0.7607881426811218,20,0,949.96075,518.3051,1019.3663,596.06366,5396.872,-55.05102,29.666132,8.892381352141703,32.40181967109493,19.avi
1965,104,20.8,1021,566,831.7632,0,156.89666076667146,0.5557489395141602,4,0,1008.79205,550.6558,1034.9718,582.42706,831.7632,-34.462112,38.100002,31.544381247861818,226.0221148408063,19.avi
1967,104,20.8,1020,603,1608.6443,0,0.0,0.803453266620636,1,0,1002.52527,581.666,1038.7684,626.0508,1608.6443,0.0,0.0,0.0,0.0,19.avi
1968,104,20.8,974,610,2328.554,0,0.0,0.8501083254814148,1,0,950.9562,585.8468,998.4182,634.9082,2328.554,0.0,0.0,0.0,0.0,19.avi
1967,105,21.0,1006,590,6470.2695,0,96.49876678329208,0.8767372369766235,3,0,963.83575,553.05176,1049.6367,628.4619,6470.2695,-55.53138,-52.301582,20.163963879636366,136.5843911776508,19.avi
1967,106,21.2,1009,593,6697.5347,0,100.3918900836838,0.8291788697242737,5,0,967.2143,554.07153,1051.5886,633.4503,6697.5347,7.529686,9.3536,18.442761679856517,316.4643053783757,19.avi
1967,107,21.4,1020,599,9046.564,0,56.059368404140784,0.9179823398590088,7,0,971.31134,553.33685,1068.9319,646.0076,9046.564,42.86455,24.848507,9.696497900230774,339.6729926531539,19.avi
1967,108,21.6,1048,602,4203.0645,0,114.74735870962704,0.6565861105918884,9,0,1016.83887,569.94946,1080.9812,635.47656,4203.0645,120.4601,17.444359,19.48548037201026,7.792534776263835,19.avi
1967,109,21.8,1053,574,5241.551,0,213.20193917157692,0.8572271466255188,11,0,1017.07086,537.8086,1089.1638,610.51404,5241.551,43.97222,-105.80201,37.90838498886536,121.8463063044942,19.avi
1967,110,22.0,1030,575,3704.7996,0,221.6478696980104,0.6610497832298279,13,0,1000.0805,544.92633,1060.0112,606.7443,3704.7996,-78.58541,-17.979729,38.75976095648882,214.581319264371,19.avi
1968,110,22.0,996,590,4183.469,0,145.99214108133572,0.4267115592956543,8,0,967.60815,554.3844,1025.0677,627.1915,4183.469,5.3411303,-4.832636,29.486916932943764,43.71481132086876,19.avi
1968,111,22.2,1005,628,4721.8145,0,218.22997841367769,0.853342592716217,10,0,974.1259,590.4667,1036.9141,665.66907,4721.8145,40.01765,158.62445,38.92647702948976,281.24944787543177,19.avi
1968,112,22.4,1004,635,3302.4282,0,144.55213785050356,0.8534950613975525,12,0,978.3657,604.23474,1031.1288,666.8246,3302.4282,5.9784546,64.51832,26.558998605086103,111.01309277455005,19.avi
1969,112,22.4,962,647,2939.012,0,0.0,0.7754492163658142,1,0,938.71375,616.3557,986.0587,678.43225,2939.012,0.0,0.0,0.0,0.0,19.avi
1968,113,22.6,989,658,1386.8672,0,109.50541502158752,0.6521346569061279,14,0,972.23364,638.49005,1006.67773,678.75433,1386.8672,-57.331085,103.64254,19.4572818516337,209.4507047405842,19.avi
1969,113,22.6,960,655,5365.427,0,41.0842038589193,0.8300672173500061,3,0,925.481,616.33057,994.54315,694.0205,5365.427,-9.477578,31.064001,7.971549829016257,252.58183223055647,19.avi
1970,113,22.6,973,663,651.00824,0,0.0,0.7500021457672119,1,0,960.86676,650.21655,985.99994,676.1189,651.00824,0.0,0.0,0.0,0.0,19.avi
1969,114,22.8,935,673,4562.666,0,134.98956995599562,0.8566856980323792,5,0,906.3374,634.8393,964.6301,713.111,4562.666,-113.116005,88.700455,25.869019443563666,206.6707279148593,19.avi
1968,115,23.0,937,717,1275.9321,0,90.72827268662827,0.7945747971534729,17,0,920.75995,698.6483,954.10333,736.9148,1275.9321,-88.72193,98.252945,18.454175092828525,168.09234954390195,19.avi
1969,115,23.0,903,695,2595.0366,0,53.01661202777861,0.8431594967842102,7,0,880.35974,667.703,927.6201,722.6124,2595.0366,-147.13309,101.90154,10.393247258066967,198.4238829730045,19.avi
1970,115,23.0,953,684,1383.7327,0,147.17801735991074,0.2104993909597396,4,0,936.78925,663.0421,969.28107,705.62915,1383.7327,-33.439674,34.701534,29.18056672187477,225.5538762980165,19.avi
1970,116,23.2,954,719,5432.0635,0,164.5643355362028,0.8932945728302002,6,0,919.33624,681.1408,989.9914,758.02216,5432.0635,0.80602646,151.25726,28.76088333224776,285.4312917736443,19.avi
1970,117,23.4,972,719,6734.04,0,196.14212519660103,0.8330976963043213,8,0,930.83044,679.3468,1014.214,760.1067,6734.04,69.27602,34.777367,35.293778667962684,60.880723204591504,19.avi
1971,118,23.6,989,619,2449.4072,0,0.0,0.8126262426376343,1,0,963.30066,596.25244,1014.8756,643.7446,2449.4072,0.0,0.0,0.0,0.0,19.avi
1972,118,23.6,997,658,960.8982,0,0.0,0.7431660294532776,1,0,982.72156,642.3335,1012.54846,674.5493,960.8982,0.0,0.0,0.0,0.0,19.avi
1971,119,23.8,994,585,6923.22,0,176.6510825700086,0.8803274631500244,3,0,952.052,545.0173,1037.5819,625.9622,6923.22,22.869608,-137.75974,35.341531986657415,82.01101018144192,19.avi
1971,120,24.0,988,596,6144.8506,0,211.4895692170009,0.6448297500610352,5,0,950.64966,556.0312,1025.7567,637.84576,6144.8506,-28.3602,40.829193,39.73012175435192,253.33914126856772,19.avi
1973,121,24.2,1045,601,9640.751,0,0.0,0.8845391869544983,1,0,993.3428,554.88855,1096.9551,647.93494,9640.751,0.0,0.0,0.0,0.0,19.avi
1974,122,24.4,1076,484,2214.781,0,0.0,0.5353729724884033,1,0,1052.1145,461.47717,1101.1731,506.6228,2214.781,0.0,0.0,0.0,0.0,19.avi
1975,122,24.4,1052,545,1446.0579,0,0.0,0.6961193680763245,1,0,1034.6301,525.0299,1069.8152,566.12854,1446.0579,0.0,0.0,0.0,0.0,19.avi
1974,123,24.6,1119,499,5441.426,0,231.07608925981495,0.7491173148155212,3,0,1084.3735,461.28152,1154.7251,538.6278,5441.426,171.2796,63.491764,44.91715310104514,340.55904529771817,19.avi
1976,123,24.6,1145,475,2273.8894,0,0.0,0.8045058250427246,1,0,1121.6976,451.44104,1169.3431,499.1662,2273.8894,0.0,0.0,0.0,0.0,19.avi
1977,123,24.6,1135,518,1423.6929,0,0.0,0.7466229796409607,1,0,1116.6187,499.31647,1153.7979,537.6092,1423.6929,0.0,0.0,0.0,0.0,19.avi
1976,124,24.8,1154,467,6523.4014,0,60.812800381008095,0.8749449253082275,3,0,1114.0322,427.05176,1195.0359,507.58398,6523.4014,35.982758,-31.87929,11.868190799290028,44.399198386605576,19.avi
1976,125,25.0,1148,458,3021.0796,0,68.34851545333106,0.5379960536956787,5,0,1122.614,429.35254,1175.2739,486.72205,3021.0796,-22.568966,-45.18037,14.04224291054386,167.90625175132982,19.avi
1978,126,25.2,1095,422,6318.4756,0,0.0,0.8631619215011597,1,0,1054.6868,384.06348,1136.9763,460.84692,6318.4756,0.0,0.0,0.0,0.0,19.avi
1976,127,25.4,1136,407,3665.377,0,119.22771202621225,0.628391683101654,8,0,1107.9321,375.1814,1164.7861,439.65143,3665.377,-20.88976,-86.45867,23.936533466738695,88.56985360220017,19.avi
1978,127,25.4,1099,440,3559.639,0,90.9473811207182,0.8333688974380493,3,0,1069.5369,410.14685,1128.8638,470.14728,3559.639,13.447999,70.62624,17.828603987565604,280.2368456380031,19.avi
1976,128,25.6,1129,384,5968.381,0,33.99513770413476,0.8975009918212891,10,0,1093.2075,343.8512,1166.0962,425.73462,5968.381,-30.586105,-106.898705,6.901539183630258,117.44737717735812,19.avi
1976,129,25.8,1139,355,6954.367,0,100.31416121423182,0.8917251229286194,12,0,1099.1996,311.77298,1179.3392,398.55118,6954.367,30.464054,-138.91264,17.605625530465925,28.54629612031289,19.avi
1976,130,26.0,1169,299,5060.7217,0,207.71978890636265,0.7900654077529907,14,0,1133.7013,264.12506,1205.0873,335.0174,5060.7217,122.862366,-245.82982,36.93433504627795,50.20849756469454,19.avi
1976,131,26.2,1227,244,4864.889,0,190.81630598417777,0.8587093353271484,16,0,1193.2639,209.0163,1261.2307,280.59372,4864.889,250.84488,-267.3659,33.64847457216231,10.973680620272717,19.avi
1976,132,26.4,1240,202,5289.717,0,221.18642243146616,0.8408517837524414,18,0,1204.262,166.00864,1275.8599,239.88943,5289.717,107.176544,-222.68622,38.90741073360339,195.9139934032345,19.avi
1979,132,26.4,1202,251,1286.6572,0,0.0,0.8416370153427124,1,0,1183.7953,234.92459,1221.8441,268.74054,1286.6572,0.0,0.0,0.0,0.0,19.avi
1980,132,26.4,1245,262,1167.1193,0,0.0,0.7785072326660156,1,0,1229.1118,244.82443,1262.1377,280.16397,1167.1193,0.0,0.0,0.0,0.0,19.avi
1981,132,26.4,1219,282,1236.4974,0,0.0,0.7595576643943787,1,0,1202.0375,265.3169,1237.274,300.4082,1236.4974,0.0,0.0,0.0,0.0,19.avi
1976,133,26.6,1241,158,3123.3218,0,111.0480745703354,0.3759576082229614,20,0,1215.1669,129.7398,1268.5614,188.23508,3123.3218,31.672203,-220.47226,20.500352023423613,178.84902682561517,19.avi
1982,133,26.6,1203,169,2523.7861,0,0.0,0.5328168869018555,1,0,1180.5697,142.85416,1227.16,197.0239,2523.7861,0.0,0.0,0.0,0.0,19.avi
1982,134,26.8,1224,162,950.86536,0,108.63715143087738,0.6235553026199341,3,0,1206.4147,149.25742,1241.8209,176.11331,950.86536,80.85011,-28.956718,21.643744268414533,21.518685761597453,19.avi
1982,135,27.0,1207,127,8434.292,0,226.7789860706798,0.8858529925346375,5,0,1158.8477,84.841484,1257.0955,170.6885,8434.292,-67.130264,-162.34216,44.74072408806766,138.07470244291483,19.avi
1983,137,27.4,1268,37,798.53534,0,0.0,0.6189320683479309,1,0,1257.7268,19.271248,1279.4482,56.0338,798.53534,0.0,0.0,0.0,0.0,19.avi
1984,137,27.4,1248,70,1601.59,0,0.0,0.7213478684425354,1,0,1225.8235,52.20893,1270.2361,88.270546,1601.59,0.0,0.0,0.0,0.0,19.avi
1984,138,27.6,1216,68,830.22595,0,160.98470809348618,0.2319243252277374,3,0,1199.7584,56.31024,1232.5956,81.59337,830.22595,-127.15674,-5.141458,32.10799846680335,176.00000409224936,19.avi
1985,138,27.6,1177,64,1041.4113,0,0.0,0.8080050349235535,1,0,1160.6812,49.1565,1194.6858,79.78207,1041.4113,0.0,0.0,0.0,0.0,19.avi
1986,138,27.6,1199,29,4253.495,0,0.0,0.8007614612579346,1,0,1163.9929,0.0,1235.8108,59.22614,4253.495,0.0,0.0,0.0,0.0,19.avi
1986,139,27.8,1196,34,5571.885,0,30.663723459160497,0.8270673751831055,3,0,1155.8884,0.44541168,1237.2473,68.93063,5571.885,-13.309525,20.259293,5.871084653612625,228.34923438425588,19.avi
